[    1391ms] ReferenceError: dete is not defined
    at https://phbidlautdemo.prahu-hub.com/user/login:1465:5
[    2626ms] TypeError: Failed to execute 'observe' on 'IntersectionObserver': parameter 1 is not of type 'Element'.
    at https://phbidlautdemo.prahu-hub.com/user/login:1932:14
[    2649ms] [VERBOSE] [DOM] Input elements should have autocomplete attributes (suggested: "current-password"): (More info: https://goo.gl/9p2vKq) %o @ https://phbidlautdemo.prahu-hub.com/user/login:0
[    2656ms] [LOG] 0 @ https://phbidlautdemo.prahu-hub.com/user/login:1426
[    2656ms] [LOG] undefined scr @ https://phbidlautdemo.prahu-hub.com/user/login:1430
[    7478ms] [LOG] ddd @ https://phbidlautdemo.prahu-hub.com/user/login:1525
[    7652ms] [LOG] {pesan: ADMIN, status: 1, user_aktif: 1, ParentID: 0, redirect: } @ https://phbidlautdemo.prahu-hub.com/user/login:1558
[    7653ms] [LOG] {pesan: ADMIN, status: 1, user_aktif: 1, ParentID: 0, redirect: } a @ https://phbidlautdemo.prahu-hub.com/user/login:1560
[    9605ms] Cannot use import statement outside a module
[    9656ms] ReferenceError: Chart is not defined
    at https://phbidlautdemo.prahu-hub.com/_resources/themes/prahutheme/js/scripts-init/charts/chartjs.js:8:13
[    9921ms] Unexpected token '<'
[    9925ms] Unexpected token '<'
[   10053ms] Uncaught TypeError: expect element to be DOM Element, but got null
    at n.init (https://cdnjs.cloudflare.com/ajax/libs/smooth-scrollbar/8.5.2/smooth-scrollbar.js:24:264)
    at <anonymous> (https://phbidlautdemo.prahu-hub.com/lelang/listlelang?tab=semua-lelang:6190:14)
[   10151ms] [LOG] Pengajuan Lelangnamanya @ https://phbidlautdemo.prahu-hub.com/lelang/listlelang?tab=semua-lelang:2040
[   10174ms] [LOG] undefined @ https://phbidlautdemo.prahu-hub.com/lelang/listlelang?tab=semua-lelang:6543
[   10174ms] [LOG] undefined @ https://phbidlautdemo.prahu-hub.com/lelang/listlelang?tab=semua-lelang:6543
[   10175ms] [LOG] Masukkan Nomor Lelang @ https://phbidlautdemo.prahu-hub.com/lelang/listlelang?tab=semua-lelang:6543
[   10175ms] [LOG] DD/MM/YYYY @ https://phbidlautdemo.prahu-hub.com/lelang/listlelang?tab=semua-lelang:6543
[   10175ms] [LOG] DD/MM/YYYY @ https://phbidlautdemo.prahu-hub.com/lelang/listlelang?tab=semua-lelang:6543
[   10175ms] [LOG] DD/MM/YYYY @ https://phbidlautdemo.prahu-hub.com/lelang/listlelang?tab=semua-lelang:6543
[   10176ms] [LOG] DD/MM/YYYY @ https://phbidlautdemo.prahu-hub.com/lelang/listlelang?tab=semua-lelang:6543
[   10176ms] [LOG] undefined @ https://phbidlautdemo.prahu-hub.com/lelang/listlelang?tab=semua-lelang:6543
[   10176ms] [LOG] undefined @ https://phbidlautdemo.prahu-hub.com/lelang/listlelang?tab=semua-lelang:6543
[   10177ms] [LOG] Masukkan Nama Bank @ https://phbidlautdemo.prahu-hub.com/lelang/listlelang?tab=semua-lelang:6543
[   10177ms] [LOG] undefined @ https://phbidlautdemo.prahu-hub.com/lelang/listlelang?tab=semua-lelang:6543
[   10179ms] [LOG] WebSocket connection @ https://phbidlautdemo.prahu-hub.com/lelang/listlelang?tab=semua-lelang:6586
[   10180ms] [LOG] WebSocket connection attempting... @ https://phbidlautdemo.prahu-hub.com/lelang/listlelang?tab=semua-lelang:6664
[   10353ms] [LOG] WebSocket connected @ https://phbidlautdemo.prahu-hub.com/lelang/listlelang?tab=semua-lelang:6595
[   10357ms] [LOG] update_dashboard_order_laut @ https://phbidlautdemo.prahu-hub.com/lelang/listlelang?tab=semua-lelang:6636
[   10386ms] [LOG] Connected @ https://phbidlautdemo.prahu-hub.com/lelang/listlelang?tab=semua-lelang:6636
[   12173ms] TypeError: $(...).DataTable is not a function
    at https://phbidlautdemo.prahu-hub.com/_resources/themes/prahutheme/js/scripts-init/tables.js:7:23
[   12861ms] [LOG] [Object, Object, Object, Object, Object, Object, Object, Object, Object, Object, Object, Object, Object, Object, Object, Object, Object, Object, Object, Object] @ https://phbidlautdemo.prahu-hub.com/_resources/themes/prahutheme/javascript/custom/listLelang.js?m=1787972929:14
[   12867ms] [LOG] 1092 @ https://phbidlautdemo.prahu-hub.com/_resources/themes/prahutheme/javascript/custom/listLelang.js?m=1787972929:818
[   12867ms] [LOG] 1092 countView1 1 pageNow 20 limitView1 @ https://phbidlautdemo.prahu-hub.com/_resources/themes/prahutheme/javascript/custom/listLelang.js?m=1787972929:820
[   12867ms] [LOG] 20 @ https://phbidlautdemo.prahu-hub.com/_resources/themes/prahutheme/javascript/custom/listLelang.js?m=1787972929:826
[   12868ms] [LOG] 1092 jumlah data @ https://phbidlautdemo.prahu-hub.com/_resources/themes/prahutheme/javascript/custom/listLelang.js?m=1787972929:779
[   12868ms] [LOG] 55 @ https://phbidlautdemo.prahu-hub.com/_resources/themes/prahutheme/javascript/custom/listLelang.js?m=1787972929:781
[   12869ms] [LOG] 55 1 pageCount & pageNow @ https://phbidlautdemo.prahu-hub.com/_resources/themes/prahutheme/javascript/custom/listLelang.js?m=1787972929:704
[   12875ms] [LOG] 200 xhrglobal @ https://phbidlautdemo.prahu-hub.com/lelang/listlelang?tab=semua-lelang:6517
[   12936ms] ReferenceError: renderTooltipHarga is not defined
    at https://phbidlautdemo.prahu-hub.com/_resources/themes/prahutheme/javascript/custom/listLelang.js?m=1787972929:1049:9
[   12937ms] [LOG] 200 xhrglobal @ https://phbidlautdemo.prahu-hub.com/lelang/listlelang?tab=semua-lelang:6517
[   12955ms] [LOG] 200 xhrglobal @ https://phbidlautdemo.prahu-hub.com/lelang/listlelang?tab=semua-lelang:6517
[   16115ms] Cannot use import statement outside a module
[   16155ms] ReferenceError: Chart is not defined
    at https://phbidlautdemo.prahu-hub.com/_resources/themes/prahutheme/js/scripts-init/charts/chartjs.js:8:13
[   16156ms] Unexpected token '<'
[   16157ms] Unexpected token '<'
[   16245ms] TypeError: $(...).datetimepicker is not a function
    at https://phbidlautdemo.prahu-hub.com/adminprahu/masteriklan:5210:15
[   16289ms] Uncaught TypeError: expect element to be DOM Element, but got null
    at n.init (https://cdnjs.cloudflare.com/ajax/libs/smooth-scrollbar/8.5.2/smooth-scrollbar.js:24:264)
    at <anonymous> (https://phbidlautdemo.prahu-hub.com/adminprahu/masteriklan:5944:14)
[   16327ms] [LOG] Masternamanya @ https://phbidlautdemo.prahu-hub.com/adminprahu/masteriklan:2040
[   16348ms] [LOG] DD/MM/YYYY @ https://phbidlautdemo.prahu-hub.com/adminprahu/masteriklan:6297
[   16349ms] [LOG] DD/MM/YYYY @ https://phbidlautdemo.prahu-hub.com/adminprahu/masteriklan:6297
[   16349ms] [LOG] undefined @ https://phbidlautdemo.prahu-hub.com/adminprahu/masteriklan:6297
[   16350ms] [LOG] undefined @ https://phbidlautdemo.prahu-hub.com/adminprahu/masteriklan:6297
[   16350ms] [LOG] DD/MM/YYYY HH:MM @ https://phbidlautdemo.prahu-hub.com/adminprahu/masteriklan:6297
[   16350ms] [LOG] DD/MM/YYYY HH:MM @ https://phbidlautdemo.prahu-hub.com/adminprahu/masteriklan:6297
[   16351ms] [LOG] WebSocket connection @ https://phbidlautdemo.prahu-hub.com/adminprahu/masteriklan:6340
[   16352ms] [LOG] WebSocket connection attempting... @ https://phbidlautdemo.prahu-hub.com/adminprahu/masteriklan:6418
[   16481ms] [LOG] WebSocket connected @ https://phbidlautdemo.prahu-hub.com/adminprahu/masteriklan:6349
[   16484ms] [LOG] update_dashboard_order_laut @ https://phbidlautdemo.prahu-hub.com/adminprahu/masteriklan:6390
[   16491ms] [LOG] [Object, Object, Object, Object, Object, Object, Object, Object, Object, Object] @ https://phbidlautdemo.prahu-hub.com/_resources/themes/prahutheme/javascript/custom/master_iklan.js?m=1787972929:108
[   16496ms] [LOG] 10 @ https://phbidlautdemo.prahu-hub.com/_resources/themes/prahutheme/javascript/custom/master_iklan.js?m=1787972929:875
[   16496ms] [LOG] 10 countView1 1 pageNow 20 limitView1 @ https://phbidlautdemo.prahu-hub.com/_resources/themes/prahutheme/javascript/custom/master_iklan.js?m=1787972929:877
[   16497ms] [LOG] 10 @ https://phbidlautdemo.prahu-hub.com/_resources/themes/prahutheme/javascript/custom/master_iklan.js?m=1787972929:888
[   16497ms] [LOG] 10 jumlah data @ https://phbidlautdemo.prahu-hub.com/_resources/themes/prahutheme/javascript/custom/master_iklan.js?m=1787972929:841
[   16497ms] [LOG] 1 @ https://phbidlautdemo.prahu-hub.com/_resources/themes/prahutheme/javascript/custom/master_iklan.js?m=1787972929:843
[   16498ms] [LOG] 1 1 pageCount & pageNow @ https://phbidlautdemo.prahu-hub.com/_resources/themes/prahutheme/javascript/custom/master_iklan.js?m=1787972929:769
[   16500ms] [LOG] 200 xhrglobal @ https://phbidlautdemo.prahu-hub.com/adminprahu/masteriklan:6271
[   16501ms] [LOG] ce.fn.init stepItem @ https://phbidlautdemo.prahu-hub.com/_resources/themes/prahutheme/javascript/custom/master_iklan.js?m=1787972929:738
[   16523ms] [LOG] Connected @ https://phbidlautdemo.prahu-hub.com/adminprahu/masteriklan:6390
[   16616ms] [LOG] 200 xhrglobal @ https://phbidlautdemo.prahu-hub.com/adminprahu/masteriklan:6271
[   16671ms] [LOG] 200 xhrglobal @ https://phbidlautdemo.prahu-hub.com/adminprahu/masteriklan:6271
[   18353ms] TypeError: $(...).DataTable is not a function
    at https://phbidlautdemo.prahu-hub.com/_resources/themes/prahutheme/js/scripts-init/tables.js:7:23
[   19574ms] Cannot use import statement outside a module
[   19606ms] ReferenceError: Chart is not defined
    at https://phbidlautdemo.prahu-hub.com/_resources/themes/prahutheme/js/scripts-init/charts/chartjs.js:8:13
[   19607ms] Unexpected token '<'
[   19619ms] Unexpected token '<'
[   19711ms] Uncaught TypeError: expect element to be DOM Element, but got null
    at n.init (https://cdnjs.cloudflare.com/ajax/libs/smooth-scrollbar/8.5.2/smooth-scrollbar.js:24:264)
    at <anonymous> (https://phbidlautdemo.prahu-hub.com/adminprahu/masterpetugasapk:7707:14)
[   19773ms] [LOG] Masternamanya @ https://phbidlautdemo.prahu-hub.com/adminprahu/masterpetugasapk:2040
[   19789ms] [LOG] undefined @ https://phbidlautdemo.prahu-hub.com/adminprahu/masterpetugasapk:8060
[   19789ms] [LOG] Masukkan Nama Petugas @ https://phbidlautdemo.prahu-hub.com/adminprahu/masterpetugasapk:8060
[   19790ms] [LOG] 08xxxxxxxxxx @ https://phbidlautdemo.prahu-hub.com/adminprahu/masterpetugasapk:8060
[   19790ms] [LOG] undefined @ https://phbidlautdemo.prahu-hub.com/adminprahu/masterpetugasapk:8060
[   19790ms] [LOG] Masukkan Nama Petugas @ https://phbidlautdemo.prahu-hub.com/adminprahu/masterpetugasapk:8060
[   19790ms] [LOG] 08xxxxxxxxxx @ https://phbidlautdemo.prahu-hub.com/adminprahu/masterpetugasapk:8060
[   19790ms] [LOG] undefined @ https://phbidlautdemo.prahu-hub.com/adminprahu/masterpetugasapk:8060
[   19790ms] [LOG] Masukkan Nama Bank @ https://phbidlautdemo.prahu-hub.com/adminprahu/masterpetugasapk:8060
[   19790ms] [LOG] undefined @ https://phbidlautdemo.prahu-hub.com/adminprahu/masterpetugasapk:8060
[   19792ms] [LOG] WebSocket connection @ https://phbidlautdemo.prahu-hub.com/adminprahu/masterpetugasapk:8103
[   19792ms] [LOG] WebSocket connection attempting... @ https://phbidlautdemo.prahu-hub.com/adminprahu/masterpetugasapk:8181
[   19907ms] [LOG] WebSocket connected @ https://phbidlautdemo.prahu-hub.com/adminprahu/masterpetugasapk:8112
[   19911ms] [LOG] update_dashboard_order_laut @ https://phbidlautdemo.prahu-hub.com/adminprahu/masterpetugasapk:8153
[   19940ms] [LOG] Connected @ https://phbidlautdemo.prahu-hub.com/adminprahu/masterpetugasapk:8153
[   20084ms] [LOG] 87 @ https://phbidlautdemo.prahu-hub.com/_resources/themes/prahutheme/javascript/custom/masterpetugasapk.js?m=1787972929:505
[   20085ms] [LOG] 87 countView1 1 pageNow 20 limitView1 @ https://phbidlautdemo.prahu-hub.com/_resources/themes/prahutheme/javascript/custom/masterpetugasapk.js?m=1787972929:507
[   20085ms] [LOG] 20 @ https://phbidlautdemo.prahu-hub.com/_resources/themes/prahutheme/javascript/custom/masterpetugasapk.js?m=1787972929:513
[   20087ms] [LOG] 87 jumlah data @ https://phbidlautdemo.prahu-hub.com/_resources/themes/prahutheme/javascript/custom/masterpetugasapk.js?m=1787972929:468
[   20087ms] [LOG] 5 @ https://phbidlautdemo.prahu-hub.com/_resources/themes/prahutheme/javascript/custom/masterpetugasapk.js?m=1787972929:470
[   20088ms] [LOG] 5 1 pageCount & pageNow @ https://phbidlautdemo.prahu-hub.com/_resources/themes/prahutheme/javascript/custom/masterpetugasapk.js?m=1787972929:393
[   20093ms] [LOG] 200 xhrglobal @ https://phbidlautdemo.prahu-hub.com/adminprahu/masterpetugasapk:8034
[   20173ms] ReferenceError: renderTooltipHarga is not defined
    at https://phbidlautdemo.prahu-hub.com/_resources/themes/prahutheme/javascript/custom/masterpetugasapk.js?m=1787972929:597:9
[   20188ms] [LOG] 200 xhrglobal @ https://phbidlautdemo.prahu-hub.com/adminprahu/masterpetugasapk:8034
[   20249ms] [LOG] 200 xhrglobal @ https://phbidlautdemo.prahu-hub.com/adminprahu/masterpetugasapk:8034
[   21789ms] TypeError: $(...).DataTable is not a function
    at https://phbidlautdemo.prahu-hub.com/_resources/themes/prahutheme/js/scripts-init/tables.js:7:23
[   46066ms] Cannot use import statement outside a module
[   46100ms] ReferenceError: Chart is not defined
    at https://phbidlautdemo.prahu-hub.com/_resources/themes/prahutheme/js/scripts-init/charts/chartjs.js:8:13
[   46160ms] Unexpected token '<'
[   46256ms] Unexpected token '<'
[   46299ms] TypeError: $(...).datetimepicker is not a function
    at https://phbidlautdemo.prahu-hub.com/adminprahu/masteriklan:5210:15
[   46327ms] Uncaught TypeError: expect element to be DOM Element, but got null
    at n.init (https://cdnjs.cloudflare.com/ajax/libs/smooth-scrollbar/8.5.2/smooth-scrollbar.js:24:264)
    at <anonymous> (https://phbidlautdemo.prahu-hub.com/adminprahu/masteriklan:5944:14)
[   46360ms] [LOG] Masternamanya @ https://phbidlautdemo.prahu-hub.com/adminprahu/masteriklan:2040
[   46372ms] [LOG] DD/MM/YYYY @ https://phbidlautdemo.prahu-hub.com/adminprahu/masteriklan:6297
[   46373ms] [LOG] DD/MM/YYYY @ https://phbidlautdemo.prahu-hub.com/adminprahu/masteriklan:6297
[   46374ms] [LOG] undefined @ https://phbidlautdemo.prahu-hub.com/adminprahu/masteriklan:6297
[   46374ms] [LOG] undefined @ https://phbidlautdemo.prahu-hub.com/adminprahu/masteriklan:6297
[   46374ms] [LOG] DD/MM/YYYY HH:MM @ https://phbidlautdemo.prahu-hub.com/adminprahu/masteriklan:6297
[   46374ms] [LOG] DD/MM/YYYY HH:MM @ https://phbidlautdemo.prahu-hub.com/adminprahu/masteriklan:6297
[   46375ms] [LOG] WebSocket connection @ https://phbidlautdemo.prahu-hub.com/adminprahu/masteriklan:6340
[   46376ms] [LOG] WebSocket connection attempting... @ https://phbidlautdemo.prahu-hub.com/adminprahu/masteriklan:6418
[   46495ms] [LOG] WebSocket connected @ https://phbidlautdemo.prahu-hub.com/adminprahu/masteriklan:6349
[   46505ms] [LOG] update_dashboard_order_laut @ https://phbidlautdemo.prahu-hub.com/adminprahu/masteriklan:6390
[   46516ms] [LOG] [Object, Object, Object, Object, Object, Object, Object, Object, Object, Object] @ https://phbidlautdemo.prahu-hub.com/_resources/themes/prahutheme/javascript/custom/master_iklan.js?m=1787972929:108
[   46520ms] [LOG] 10 @ https://phbidlautdemo.prahu-hub.com/_resources/themes/prahutheme/javascript/custom/master_iklan.js?m=1787972929:875
[   46520ms] [LOG] 10 countView1 1 pageNow 20 limitView1 @ https://phbidlautdemo.prahu-hub.com/_resources/themes/prahutheme/javascript/custom/master_iklan.js?m=1787972929:877
[   46520ms] [LOG] 10 @ https://phbidlautdemo.prahu-hub.com/_resources/themes/prahutheme/javascript/custom/master_iklan.js?m=1787972929:888
[   46521ms] [LOG] 10 jumlah data @ https://phbidlautdemo.prahu-hub.com/_resources/themes/prahutheme/javascript/custom/master_iklan.js?m=1787972929:841
[   46521ms] [LOG] 1 @ https://phbidlautdemo.prahu-hub.com/_resources/themes/prahutheme/javascript/custom/master_iklan.js?m=1787972929:843
[   46521ms] [LOG] 1 1 pageCount & pageNow @ https://phbidlautdemo.prahu-hub.com/_resources/themes/prahutheme/javascript/custom/master_iklan.js?m=1787972929:769
[   46523ms] [LOG] 200 xhrglobal @ https://phbidlautdemo.prahu-hub.com/adminprahu/masteriklan:6271
[   46523ms] [LOG] ce.fn.init stepItem @ https://phbidlautdemo.prahu-hub.com/_resources/themes/prahutheme/javascript/custom/master_iklan.js?m=1787972929:738
[   46541ms] [LOG] Connected @ https://phbidlautdemo.prahu-hub.com/adminprahu/masteriklan:6390
[   46636ms] [LOG] 200 xhrglobal @ https://phbidlautdemo.prahu-hub.com/adminprahu/masteriklan:6271
[   46703ms] [LOG] 200 xhrglobal @ https://phbidlautdemo.prahu-hub.com/adminprahu/masteriklan:6271
[   48399ms] TypeError: $(...).DataTable is not a function
    at https://phbidlautdemo.prahu-hub.com/_resources/themes/prahutheme/js/scripts-init/tables.js:7:23
[   49665ms] Cannot use import statement outside a module
[   49691ms] ReferenceError: Chart is not defined
    at https://phbidlautdemo.prahu-hub.com/_resources/themes/prahutheme/js/scripts-init/charts/chartjs.js:8:13
[   49897ms] Unexpected token '<'
[   49897ms] Unexpected token '<'
[   49967ms] Uncaught TypeError: expect element to be DOM Element, but got null
    at n.init (https://cdnjs.cloudflare.com/ajax/libs/smooth-scrollbar/8.5.2/smooth-scrollbar.js:24:264)
    at <anonymous> (https://phbidlautdemo.prahu-hub.com/adminprahu/tambahiklan:6307:14)
[   49993ms] [LOG] Masternamanya @ https://phbidlautdemo.prahu-hub.com/adminprahu/tambahiklan:2039
[   50021ms] [LOG] DD/MM/YYYY hh:mm @ https://phbidlautdemo.prahu-hub.com/adminprahu/tambahiklan:6660
[   50021ms] [LOG] DD/MM/YYYY hh:mm @ https://phbidlautdemo.prahu-hub.com/adminprahu/tambahiklan:6660
[   50022ms] [LOG] WebSocket connection @ https://phbidlautdemo.prahu-hub.com/adminprahu/tambahiklan:6703
[   50023ms] [LOG] WebSocket connection attempting... @ https://phbidlautdemo.prahu-hub.com/adminprahu/tambahiklan:6781
[   50169ms] [LOG] WebSocket connected @ https://phbidlautdemo.prahu-hub.com/adminprahu/tambahiklan:6712
[   50173ms] [LOG] update_dashboard_order_laut @ https://phbidlautdemo.prahu-hub.com/adminprahu/tambahiklan:6753
[   50213ms] [LOG] Connected @ https://phbidlautdemo.prahu-hub.com/adminprahu/tambahiklan:6753
[   50299ms] [LOG] 200 xhrglobal @ https://phbidlautdemo.prahu-hub.com/adminprahu/tambahiklan:6634
[   50361ms] [LOG] 200 xhrglobal @ https://phbidlautdemo.prahu-hub.com/adminprahu/tambahiklan:6634
[   52006ms] TypeError: $(...).DataTable is not a function
    at https://phbidlautdemo.prahu-hub.com/_resources/themes/prahutheme/js/scripts-init/tables.js:7:23
[   96221ms] Cannot use import statement outside a module
[   96261ms] ReferenceError: Chart is not defined
    at https://phbidlautdemo.prahu-hub.com/_resources/themes/prahutheme/js/scripts-init/charts/chartjs.js:8:13
[   96413ms] Unexpected token '<'
[   96416ms] Unexpected token '<'
[   96464ms] TypeError: $(...).datetimepicker is not a function
    at https://phbidlautdemo.prahu-hub.com/adminprahu/masteriklan:5210:15
[   96491ms] Uncaught TypeError: expect element to be DOM Element, but got null
    at n.init (https://cdnjs.cloudflare.com/ajax/libs/smooth-scrollbar/8.5.2/smooth-scrollbar.js:24:264)
    at <anonymous> (https://phbidlautdemo.prahu-hub.com/adminprahu/masteriklan:5944:14)
[   96521ms] [LOG] Masternamanya @ https://phbidlautdemo.prahu-hub.com/adminprahu/masteriklan:2040
[   96534ms] [LOG] DD/MM/YYYY @ https://phbidlautdemo.prahu-hub.com/adminprahu/masteriklan:6297
[   96535ms] [LOG] DD/MM/YYYY @ https://phbidlautdemo.prahu-hub.com/adminprahu/masteriklan:6297
[   96536ms] [LOG] undefined @ https://phbidlautdemo.prahu-hub.com/adminprahu/masteriklan:6297
[   96536ms] [LOG] undefined @ https://phbidlautdemo.prahu-hub.com/adminprahu/masteriklan:6297
[   96536ms] [LOG] DD/MM/YYYY HH:MM @ https://phbidlautdemo.prahu-hub.com/adminprahu/masteriklan:6297
[   96536ms] [LOG] DD/MM/YYYY HH:MM @ https://phbidlautdemo.prahu-hub.com/adminprahu/masteriklan:6297
[   96537ms] [LOG] WebSocket connection @ https://phbidlautdemo.prahu-hub.com/adminprahu/masteriklan:6340
[   96537ms] [LOG] WebSocket connection attempting... @ https://phbidlautdemo.prahu-hub.com/adminprahu/masteriklan:6418
[   96669ms] [LOG] WebSocket connected @ https://phbidlautdemo.prahu-hub.com/adminprahu/masteriklan:6349
[   96676ms] [LOG] [Object, Object, Object, Object, Object, Object, Object, Object, Object, Object] @ https://phbidlautdemo.prahu-hub.com/_resources/themes/prahutheme/javascript/custom/master_iklan.js?m=1787972929:108
[   96681ms] [LOG] 10 @ https://phbidlautdemo.prahu-hub.com/_resources/themes/prahutheme/javascript/custom/master_iklan.js?m=1787972929:875
[   96682ms] [LOG] 10 countView1 1 pageNow 20 limitView1 @ https://phbidlautdemo.prahu-hub.com/_resources/themes/prahutheme/javascript/custom/master_iklan.js?m=1787972929:877
[   96682ms] [LOG] 10 @ https://phbidlautdemo.prahu-hub.com/_resources/themes/prahutheme/javascript/custom/master_iklan.js?m=1787972929:888
[   96682ms] [LOG] 10 jumlah data @ https://phbidlautdemo.prahu-hub.com/_resources/themes/prahutheme/javascript/custom/master_iklan.js?m=1787972929:841
[   96683ms] [LOG] 1 @ https://phbidlautdemo.prahu-hub.com/_resources/themes/prahutheme/javascript/custom/master_iklan.js?m=1787972929:843
[   96683ms] [LOG] 1 1 pageCount & pageNow @ https://phbidlautdemo.prahu-hub.com/_resources/themes/prahutheme/javascript/custom/master_iklan.js?m=1787972929:769
[   96686ms] [LOG] 200 xhrglobal @ https://phbidlautdemo.prahu-hub.com/adminprahu/masteriklan:6271
[   96686ms] [LOG] ce.fn.init stepItem @ https://phbidlautdemo.prahu-hub.com/_resources/themes/prahutheme/javascript/custom/master_iklan.js?m=1787972929:738
[   96688ms] [LOG] update_dashboard_order_laut @ https://phbidlautdemo.prahu-hub.com/adminprahu/masteriklan:6390
[   96710ms] [LOG] Connected @ https://phbidlautdemo.prahu-hub.com/adminprahu/masteriklan:6390
[   96810ms] [LOG] 200 xhrglobal @ https://phbidlautdemo.prahu-hub.com/adminprahu/masteriklan:6271
[   96868ms] [LOG] 200 xhrglobal @ https://phbidlautdemo.prahu-hub.com/adminprahu/masteriklan:6271
[   98537ms] TypeError: $(...).DataTable is not a function
    at https://phbidlautdemo.prahu-hub.com/_resources/themes/prahutheme/js/scripts-init/tables.js:7:23
[  100078ms] Cannot use import statement outside a module
[  100129ms] ReferenceError: Chart is not defined
    at https://phbidlautdemo.prahu-hub.com/_resources/themes/prahutheme/js/scripts-init/charts/chartjs.js:8:13
[  100165ms] Unexpected token '<'
[  100280ms] Unexpected token '<'
[  100345ms] Uncaught TypeError: expect element to be DOM Element, but got null
    at n.init (https://cdnjs.cloudflare.com/ajax/libs/smooth-scrollbar/8.5.2/smooth-scrollbar.js:24:264)
    at <anonymous> (https://phbidlautdemo.prahu-hub.com/adminprahu/tambahiklan:6307:14)
[  100366ms] [LOG] Masternamanya @ https://phbidlautdemo.prahu-hub.com/adminprahu/tambahiklan:2039
[  100387ms] [LOG] DD/MM/YYYY hh:mm @ https://phbidlautdemo.prahu-hub.com/adminprahu/tambahiklan:6660
[  100387ms] [LOG] DD/MM/YYYY hh:mm @ https://phbidlautdemo.prahu-hub.com/adminprahu/tambahiklan:6660
[  100388ms] [LOG] WebSocket connection @ https://phbidlautdemo.prahu-hub.com/adminprahu/tambahiklan:6703
[  100388ms] [LOG] WebSocket connection attempting... @ https://phbidlautdemo.prahu-hub.com/adminprahu/tambahiklan:6781
[  100502ms] [LOG] WebSocket connected @ https://phbidlautdemo.prahu-hub.com/adminprahu/tambahiklan:6712
[  100507ms] [LOG] update_dashboard_order_laut @ https://phbidlautdemo.prahu-hub.com/adminprahu/tambahiklan:6753
[  100533ms] [LOG] Connected @ https://phbidlautdemo.prahu-hub.com/adminprahu/tambahiklan:6753
[  100628ms] [LOG] 200 xhrglobal @ https://phbidlautdemo.prahu-hub.com/adminprahu/tambahiklan:6634
[  100686ms] [LOG] 200 xhrglobal @ https://phbidlautdemo.prahu-hub.com/adminprahu/tambahiklan:6634
[  102376ms] TypeError: $(...).DataTable is not a function
    at https://phbidlautdemo.prahu-hub.com/_resources/themes/prahutheme/js/scripts-init/tables.js:7:23
[  121406ms] Cannot use import statement outside a module
[  121464ms] ReferenceError: Chart is not defined
    at https://phbidlautdemo.prahu-hub.com/_resources/themes/prahutheme/js/scripts-init/charts/chartjs.js:8:13
[  121489ms] Unexpected token '<'
[  121610ms] Unexpected token '<'
[  121659ms] TypeError: $(...).datetimepicker is not a function
    at https://phbidlautdemo.prahu-hub.com/adminprahu/masteriklan:5210:15
[  121695ms] Uncaught TypeError: expect element to be DOM Element, but got null
    at n.init (https://cdnjs.cloudflare.com/ajax/libs/smooth-scrollbar/8.5.2/smooth-scrollbar.js:24:264)
    at <anonymous> (https://phbidlautdemo.prahu-hub.com/adminprahu/masteriklan:5944:14)
[  121731ms] [LOG] Masternamanya @ https://phbidlautdemo.prahu-hub.com/adminprahu/masteriklan:2040
[  121741ms] [LOG] DD/MM/YYYY @ https://phbidlautdemo.prahu-hub.com/adminprahu/masteriklan:6297
[  121742ms] [LOG] DD/MM/YYYY @ https://phbidlautdemo.prahu-hub.com/adminprahu/masteriklan:6297
[  121743ms] [LOG] undefined @ https://phbidlautdemo.prahu-hub.com/adminprahu/masteriklan:6297
[  121744ms] [LOG] undefined @ https://phbidlautdemo.prahu-hub.com/adminprahu/masteriklan:6297
[  121744ms] [LOG] DD/MM/YYYY HH:MM @ https://phbidlautdemo.prahu-hub.com/adminprahu/masteriklan:6297
[  121744ms] [LOG] DD/MM/YYYY HH:MM @ https://phbidlautdemo.prahu-hub.com/adminprahu/masteriklan:6297
[  121745ms] [LOG] WebSocket connection @ https://phbidlautdemo.prahu-hub.com/adminprahu/masteriklan:6340
[  121746ms] [LOG] WebSocket connection attempting... @ https://phbidlautdemo.prahu-hub.com/adminprahu/masteriklan:6418
[  121866ms] [LOG] WebSocket connected @ https://phbidlautdemo.prahu-hub.com/adminprahu/masteriklan:6349
[  121871ms] [LOG] update_dashboard_order_laut @ https://phbidlautdemo.prahu-hub.com/adminprahu/masteriklan:6390
[  121899ms] [LOG] [Object, Object, Object, Object, Object, Object, Object, Object, Object, Object] @ https://phbidlautdemo.prahu-hub.com/_resources/themes/prahutheme/javascript/custom/master_iklan.js?m=1787972929:108
[  121904ms] [LOG] 10 @ https://phbidlautdemo.prahu-hub.com/_resources/themes/prahutheme/javascript/custom/master_iklan.js?m=1787972929:875
[  121904ms] [LOG] 10 countView1 1 pageNow 20 limitView1 @ https://phbidlautdemo.prahu-hub.com/_resources/themes/prahutheme/javascript/custom/master_iklan.js?m=1787972929:877
[  121904ms] [LOG] 10 @ https://phbidlautdemo.prahu-hub.com/_resources/themes/prahutheme/javascript/custom/master_iklan.js?m=1787972929:888
[  121905ms] [LOG] 10 jumlah data @ https://phbidlautdemo.prahu-hub.com/_resources/themes/prahutheme/javascript/custom/master_iklan.js?m=1787972929:841
[  121905ms] [LOG] 1 @ https://phbidlautdemo.prahu-hub.com/_resources/themes/prahutheme/javascript/custom/master_iklan.js?m=1787972929:843
[  121905ms] [LOG] 1 1 pageCount & pageNow @ https://phbidlautdemo.prahu-hub.com/_resources/themes/prahutheme/javascript/custom/master_iklan.js?m=1787972929:769
[  121907ms] [LOG] 200 xhrglobal @ https://phbidlautdemo.prahu-hub.com/adminprahu/masteriklan:6271
[  121908ms] [LOG] ce.fn.init stepItem @ https://phbidlautdemo.prahu-hub.com/_resources/themes/prahutheme/javascript/custom/master_iklan.js?m=1787972929:738
[  121927ms] [LOG] Connected @ https://phbidlautdemo.prahu-hub.com/adminprahu/masteriklan:6390
[  122033ms] [LOG] 200 xhrglobal @ https://phbidlautdemo.prahu-hub.com/adminprahu/masteriklan:6271
[  122103ms] [LOG] 200 xhrglobal @ https://phbidlautdemo.prahu-hub.com/adminprahu/masteriklan:6271
[  123745ms] TypeError: $(...).DataTable is not a function
    at https://phbidlautdemo.prahu-hub.com/_resources/themes/prahutheme/js/scripts-init/tables.js:7:23
[  124054ms] [LOG] 200 xhrglobal @ https://phbidlautdemo.prahu-hub.com/adminprahu/masteriklan:6271
[  124066ms] [LOG] isMobile down @ https://phbidlautdemo.prahu-hub.com/_resources/themes/prahutheme/javascript/custom/master_iklan.js?m=1787972929:480
[  126443ms] Cannot use import statement outside a module
[  126468ms] ReferenceError: Chart is not defined
    at https://phbidlautdemo.prahu-hub.com/_resources/themes/prahutheme/js/scripts-init/charts/chartjs.js:8:13
[  126519ms] Unexpected token '<'
[  126632ms] Unexpected token '<'
[  126700ms] Uncaught TypeError: expect element to be DOM Element, but got null
    at n.init (https://cdnjs.cloudflare.com/ajax/libs/smooth-scrollbar/8.5.2/smooth-scrollbar.js:24:264)
    at <anonymous> (https://phbidlautdemo.prahu-hub.com/adminprahu/masterpetugasapk:7707:14)
[  126753ms] [LOG] Masternamanya @ https://phbidlautdemo.prahu-hub.com/adminprahu/masterpetugasapk:2040
[  126770ms] [LOG] undefined @ https://phbidlautdemo.prahu-hub.com/adminprahu/masterpetugasapk:8060
[  126770ms] [LOG] Masukkan Nama Petugas @ https://phbidlautdemo.prahu-hub.com/adminprahu/masterpetugasapk:8060
[  126770ms] [LOG] 08xxxxxxxxxx @ https://phbidlautdemo.prahu-hub.com/adminprahu/masterpetugasapk:8060
[  126770ms] [LOG] undefined @ https://phbidlautdemo.prahu-hub.com/adminprahu/masterpetugasapk:8060
[  126771ms] [LOG] Masukkan Nama Petugas @ https://phbidlautdemo.prahu-hub.com/adminprahu/masterpetugasapk:8060
[  126771ms] [LOG] 08xxxxxxxxxx @ https://phbidlautdemo.prahu-hub.com/adminprahu/masterpetugasapk:8060
[  126771ms] [LOG] undefined @ https://phbidlautdemo.prahu-hub.com/adminprahu/masterpetugasapk:8060
[  126771ms] [LOG] Masukkan Nama Bank @ https://phbidlautdemo.prahu-hub.com/adminprahu/masterpetugasapk:8060
[  126771ms] [LOG] undefined @ https://phbidlautdemo.prahu-hub.com/adminprahu/masterpetugasapk:8060
[  126772ms] [LOG] WebSocket connection @ https://phbidlautdemo.prahu-hub.com/adminprahu/masterpetugasapk:8103
[  126773ms] [LOG] WebSocket connection attempting... @ https://phbidlautdemo.prahu-hub.com/adminprahu/masterpetugasapk:8181
[  126902ms] [LOG] WebSocket connected @ https://phbidlautdemo.prahu-hub.com/adminprahu/masterpetugasapk:8112
[  126905ms] [LOG] update_dashboard_order_laut @ https://phbidlautdemo.prahu-hub.com/adminprahu/masterpetugasapk:8153
[  126951ms] [LOG] Connected @ https://phbidlautdemo.prahu-hub.com/adminprahu/masterpetugasapk:8153
[  127042ms] [LOG] 87 @ https://phbidlautdemo.prahu-hub.com/_resources/themes/prahutheme/javascript/custom/masterpetugasapk.js?m=1787972929:505
[  127043ms] [LOG] 87 countView1 1 pageNow 20 limitView1 @ https://phbidlautdemo.prahu-hub.com/_resources/themes/prahutheme/javascript/custom/masterpetugasapk.js?m=1787972929:507
[  127043ms] [LOG] 20 @ https://phbidlautdemo.prahu-hub.com/_resources/themes/prahutheme/javascript/custom/masterpetugasapk.js?m=1787972929:513
[  127043ms] [LOG] 87 jumlah data @ https://phbidlautdemo.prahu-hub.com/_resources/themes/prahutheme/javascript/custom/masterpetugasapk.js?m=1787972929:468
[  127043ms] [LOG] 5 @ https://phbidlautdemo.prahu-hub.com/_resources/themes/prahutheme/javascript/custom/masterpetugasapk.js?m=1787972929:470
[  127043ms] [LOG] 5 1 pageCount & pageNow @ https://phbidlautdemo.prahu-hub.com/_resources/themes/prahutheme/javascript/custom/masterpetugasapk.js?m=1787972929:393
[  127047ms] [LOG] 200 xhrglobal @ https://phbidlautdemo.prahu-hub.com/adminprahu/masterpetugasapk:8034
[  127096ms] ReferenceError: renderTooltipHarga is not defined
    at https://phbidlautdemo.prahu-hub.com/_resources/themes/prahutheme/javascript/custom/masterpetugasapk.js?m=1787972929:597:9
[  127147ms] [LOG] 200 xhrglobal @ https://phbidlautdemo.prahu-hub.com/adminprahu/masterpetugasapk:8034
[  127202ms] [LOG] 200 xhrglobal @ https://phbidlautdemo.prahu-hub.com/adminprahu/masterpetugasapk:8034
[  128771ms] TypeError: $(...).DataTable is not a function
    at https://phbidlautdemo.prahu-hub.com/_resources/themes/prahutheme/js/scripts-init/tables.js:7:23
[  129994ms] Cannot use import statement outside a module
[  130042ms] ReferenceError: Chart is not defined
    at https://phbidlautdemo.prahu-hub.com/_resources/themes/prahutheme/js/scripts-init/charts/chartjs.js:8:13
[  130189ms] Unexpected token '<'
[  130189ms] Unexpected token '<'
[  130262ms] Uncaught TypeError: expect element to be DOM Element, but got null
    at n.init (https://cdnjs.cloudflare.com/ajax/libs/smooth-scrollbar/8.5.2/smooth-scrollbar.js:24:264)
    at <anonymous> (https://phbidlautdemo.prahu-hub.com/adminprahu/tambahpetugasapk:6404:14)
[  130308ms] [LOG] Masternamanya @ https://phbidlautdemo.prahu-hub.com/adminprahu/tambahpetugasapk:2039
[  130329ms] [LOG] Masukkan Nama Petugas @ https://phbidlautdemo.prahu-hub.com/adminprahu/tambahpetugasapk:6757
[  130330ms] [LOG] undefined @ https://phbidlautdemo.prahu-hub.com/adminprahu/tambahpetugasapk:6757
[  130330ms] [LOG] 08xxxxxxx @ https://phbidlautdemo.prahu-hub.com/adminprahu/tambahpetugasapk:6757
[  130331ms] [LOG] WebSocket connection @ https://phbidlautdemo.prahu-hub.com/adminprahu/tambahpetugasapk:6800
[  130331ms] [LOG] WebSocket connection attempting... @ https://phbidlautdemo.prahu-hub.com/adminprahu/tambahpetugasapk:6878
[  130502ms] [LOG] WebSocket connected @ https://phbidlautdemo.prahu-hub.com/adminprahu/tambahpetugasapk:6809
[  130509ms] [LOG] update_dashboard_order_laut @ https://phbidlautdemo.prahu-hub.com/adminprahu/tambahpetugasapk:6850
[  130541ms] [LOG] Connected @ https://phbidlautdemo.prahu-hub.com/adminprahu/tambahpetugasapk:6850
[  130645ms] [LOG] 200 xhrglobal @ https://phbidlautdemo.prahu-hub.com/adminprahu/tambahpetugasapk:6731
[  130702ms] [LOG] 200 xhrglobal @ https://phbidlautdemo.prahu-hub.com/adminprahu/tambahpetugasapk:6731
[  132700ms] Cannot use import statement outside a module
[  132728ms] ReferenceError: Chart is not defined
    at https://phbidlautdemo.prahu-hub.com/_resources/themes/prahutheme/js/scripts-init/charts/chartjs.js:8:13
[  132742ms] Unexpected token '<'
[  132896ms] Unexpected token '<'
[  132968ms] Uncaught TypeError: expect element to be DOM Element, but got null
    at n.init (https://cdnjs.cloudflare.com/ajax/libs/smooth-scrollbar/8.5.2/smooth-scrollbar.js:24:264)
    at <anonymous> (https://phbidlautdemo.prahu-hub.com/adminprahu/masterpetugasapk:7707:14)
[  133030ms] [LOG] Masternamanya @ https://phbidlautdemo.prahu-hub.com/adminprahu/masterpetugasapk:2040
[  133047ms] [LOG] undefined @ https://phbidlautdemo.prahu-hub.com/adminprahu/masterpetugasapk:8060
[  133047ms] [LOG] Masukkan Nama Petugas @ https://phbidlautdemo.prahu-hub.com/adminprahu/masterpetugasapk:8060
[  133047ms] [LOG] 08xxxxxxxxxx @ https://phbidlautdemo.prahu-hub.com/adminprahu/masterpetugasapk:8060
[  133047ms] [LOG] undefined @ https://phbidlautdemo.prahu-hub.com/adminprahu/masterpetugasapk:8060
[  133047ms] [LOG] Masukkan Nama Petugas @ https://phbidlautdemo.prahu-hub.com/adminprahu/masterpetugasapk:8060
[  133048ms] [LOG] 08xxxxxxxxxx @ https://phbidlautdemo.prahu-hub.com/adminprahu/masterpetugasapk:8060
[  133048ms] [LOG] undefined @ https://phbidlautdemo.prahu-hub.com/adminprahu/masterpetugasapk:8060
[  133048ms] [LOG] Masukkan Nama Bank @ https://phbidlautdemo.prahu-hub.com/adminprahu/masterpetugasapk:8060
[  133048ms] [LOG] undefined @ https://phbidlautdemo.prahu-hub.com/adminprahu/masterpetugasapk:8060
[  133049ms] [LOG] WebSocket connection @ https://phbidlautdemo.prahu-hub.com/adminprahu/masterpetugasapk:8103
[  133049ms] [LOG] WebSocket connection attempting... @ https://phbidlautdemo.prahu-hub.com/adminprahu/masterpetugasapk:8181
[  133170ms] [LOG] WebSocket connected @ https://phbidlautdemo.prahu-hub.com/adminprahu/masterpetugasapk:8112
[  133175ms] [LOG] update_dashboard_order_laut @ https://phbidlautdemo.prahu-hub.com/adminprahu/masterpetugasapk:8153
[  133203ms] [LOG] Connected @ https://phbidlautdemo.prahu-hub.com/adminprahu/masterpetugasapk:8153
[  133322ms] [LOG] 87 @ https://phbidlautdemo.prahu-hub.com/_resources/themes/prahutheme/javascript/custom/masterpetugasapk.js?m=1787972929:505
[  133322ms] [LOG] 87 countView1 1 pageNow 20 limitView1 @ https://phbidlautdemo.prahu-hub.com/_resources/themes/prahutheme/javascript/custom/masterpetugasapk.js?m=1787972929:507
[  133323ms] [LOG] 20 @ https://phbidlautdemo.prahu-hub.com/_resources/themes/prahutheme/javascript/custom/masterpetugasapk.js?m=1787972929:513
[  133323ms] [LOG] 87 jumlah data @ https://phbidlautdemo.prahu-hub.com/_resources/themes/prahutheme/javascript/custom/masterpetugasapk.js?m=1787972929:468
[  133324ms] [LOG] 5 @ https://phbidlautdemo.prahu-hub.com/_resources/themes/prahutheme/javascript/custom/masterpetugasapk.js?m=1787972929:470
[  133324ms] [LOG] 5 1 pageCount & pageNow @ https://phbidlautdemo.prahu-hub.com/_resources/themes/prahutheme/javascript/custom/masterpetugasapk.js?m=1787972929:393
[  133329ms] [LOG] 200 xhrglobal @ https://phbidlautdemo.prahu-hub.com/adminprahu/masterpetugasapk:8034
[  133396ms] ReferenceError: renderTooltipHarga is not defined
    at https://phbidlautdemo.prahu-hub.com/_resources/themes/prahutheme/javascript/custom/masterpetugasapk.js?m=1787972929:597:9
[  133438ms] [LOG] 200 xhrglobal @ https://phbidlautdemo.prahu-hub.com/adminprahu/masterpetugasapk:8034
[  133490ms] [LOG] 200 xhrglobal @ https://phbidlautdemo.prahu-hub.com/adminprahu/masterpetugasapk:8034
[  135092ms] TypeError: $(...).DataTable is not a function
    at https://phbidlautdemo.prahu-hub.com/_resources/themes/prahutheme/js/scripts-init/tables.js:7:23
[  136324ms] Cannot use import statement outside a module
[  136370ms] ReferenceError: Chart is not defined
    at https://phbidlautdemo.prahu-hub.com/_resources/themes/prahutheme/js/scripts-init/charts/chartjs.js:8:13
[  136372ms] Unexpected token '<'
[  136501ms] Unexpected token '<'
[  136586ms] Uncaught TypeError: expect element to be DOM Element, but got null
    at n.init (https://cdnjs.cloudflare.com/ajax/libs/smooth-scrollbar/8.5.2/smooth-scrollbar.js:24:264)
    at <anonymous> (https://phbidlautdemo.prahu-hub.com/adminprahu/editpetugasapk/MnJHWkFwRTlkNGN3Um04YjVWMWJsdz09:6600:14)
[  136644ms] [LOG] Masternamanya @ https://phbidlautdemo.prahu-hub.com/adminprahu/editpetugasapk/MnJHWkFwRTlkNGN3Um04YjVWMWJsdz09:2039
[  136659ms] [LOG] undefined @ https://phbidlautdemo.prahu-hub.com/adminprahu/editpetugasapk/MnJHWkFwRTlkNGN3Um04YjVWMWJsdz09:6953
[  136660ms] [LOG] undefined @ https://phbidlautdemo.prahu-hub.com/adminprahu/editpetugasapk/MnJHWkFwRTlkNGN3Um04YjVWMWJsdz09:6953
[  136660ms] [LOG] Masukkan Nama Petugas @ https://phbidlautdemo.prahu-hub.com/adminprahu/editpetugasapk/MnJHWkFwRTlkNGN3Um04YjVWMWJsdz09:6953
[  136660ms] [LOG] undefined @ https://phbidlautdemo.prahu-hub.com/adminprahu/editpetugasapk/MnJHWkFwRTlkNGN3Um04YjVWMWJsdz09:6953
[  136660ms] [LOG] 08xxxxxxx @ https://phbidlautdemo.prahu-hub.com/adminprahu/editpetugasapk/MnJHWkFwRTlkNGN3Um04YjVWMWJsdz09:6953
[  136661ms] [LOG] WebSocket connection @ https://phbidlautdemo.prahu-hub.com/adminprahu/editpetugasapk/MnJHWkFwRTlkNGN3Um04YjVWMWJsdz09:6996
[  136662ms] [LOG] WebSocket connection attempting... @ https://phbidlautdemo.prahu-hub.com/adminprahu/editpetugasapk/MnJHWkFwRTlkNGN3Um04YjVWMWJsdz09:7074
[  136788ms] [LOG] WebSocket connected @ https://phbidlautdemo.prahu-hub.com/adminprahu/editpetugasapk/MnJHWkFwRTlkNGN3Um04YjVWMWJsdz09:7005
[  136792ms] [LOG] update_dashboard_order_laut @ https://phbidlautdemo.prahu-hub.com/adminprahu/editpetugasapk/MnJHWkFwRTlkNGN3Um04YjVWMWJsdz09:7046
[  136832ms] [LOG] Connected @ https://phbidlautdemo.prahu-hub.com/adminprahu/editpetugasapk/MnJHWkFwRTlkNGN3Um04YjVWMWJsdz09:7046
[  136974ms] [LOG] 200 xhrglobal @ https://phbidlautdemo.prahu-hub.com/adminprahu/editpetugasapk/MnJHWkFwRTlkNGN3Um04YjVWMWJsdz09:6927
[  137030ms] [LOG] 200 xhrglobal @ https://phbidlautdemo.prahu-hub.com/adminprahu/editpetugasapk/MnJHWkFwRTlkNGN3Um04YjVWMWJsdz09:6927
[  138657ms] TypeError: $(...).DataTable is not a function
    at https://phbidlautdemo.prahu-hub.com/_resources/themes/prahutheme/js/scripts-init/tables.js:7:23
[  163382ms] Cannot use import statement outside a module
[  163400ms] ReferenceError: Chart is not defined
    at https://phbidlautdemo.prahu-hub.com/_resources/themes/prahutheme/js/scripts-init/charts/chartjs.js:8:13
[  163573ms] Unexpected token '<'
[  163574ms] Unexpected token '<'
[  163640ms] Uncaught TypeError: expect element to be DOM Element, but got null
    at n.init (https://cdnjs.cloudflare.com/ajax/libs/smooth-scrollbar/8.5.2/smooth-scrollbar.js:24:264)
    at <anonymous> (https://phbidlautdemo.prahu-hub.com/home/hakaksesbidowner:5570:14)
[  163674ms] [LOG] Pengaturan Akunnamanya @ https://phbidlautdemo.prahu-hub.com/home/hakaksesbidowner:2040
[  163686ms] [LOG] Masukkan Nama Hak Akses @ https://phbidlautdemo.prahu-hub.com/home/hakaksesbidowner:5923
[  163686ms] [LOG] undefined @ https://phbidlautdemo.prahu-hub.com/home/hakaksesbidowner:5923
[  163686ms] [LOG] undefined @ https://phbidlautdemo.prahu-hub.com/home/hakaksesbidowner:5923
[  163686ms] [LOG] Masukkan Nama Kemasan @ https://phbidlautdemo.prahu-hub.com/home/hakaksesbidowner:5923
[  163686ms] [LOG] undefined @ https://phbidlautdemo.prahu-hub.com/home/hakaksesbidowner:5923
[  163687ms] [LOG] WebSocket connection @ https://phbidlautdemo.prahu-hub.com/home/hakaksesbidowner:5966
[  163688ms] [LOG] WebSocket connection attempting... @ https://phbidlautdemo.prahu-hub.com/home/hakaksesbidowner:6044
[  163822ms] [LOG] WebSocket connected @ https://phbidlautdemo.prahu-hub.com/home/hakaksesbidowner:5975
[  163831ms] [LOG] update_dashboard_order_laut @ https://phbidlautdemo.prahu-hub.com/home/hakaksesbidowner:6016
[  163855ms] [LOG] Connected @ https://phbidlautdemo.prahu-hub.com/home/hakaksesbidowner:6016
[  163948ms] [LOG] [Object, Object, Object, Object, Object, Object, Object, Object, Object, Object, Object, Object, Object, Object, Object, Object, Object, Object, Object, Object] @ https://phbidlautdemo.prahu-hub.com/_resources/themes/prahutheme/javascript/custom/hakaksesbidowner.js?m=1787972929:124
[  163963ms] [LOG] 23 @ https://phbidlautdemo.prahu-hub.com/_resources/themes/prahutheme/javascript/custom/hakaksesbidowner.js?m=1787972929:775
[  163963ms] [LOG] 23 countView1 1 pageNow 20 limitView1 @ https://phbidlautdemo.prahu-hub.com/_resources/themes/prahutheme/javascript/custom/hakaksesbidowner.js?m=1787972929:777
[  163963ms] [LOG] 20 @ https://phbidlautdemo.prahu-hub.com/_resources/themes/prahutheme/javascript/custom/hakaksesbidowner.js?m=1787972929:783
[  163965ms] [LOG] 23 jumlah data @ https://phbidlautdemo.prahu-hub.com/_resources/themes/prahutheme/javascript/custom/hakaksesbidowner.js?m=1787972929:740
[  163965ms] [LOG] 2 @ https://phbidlautdemo.prahu-hub.com/_resources/themes/prahutheme/javascript/custom/hakaksesbidowner.js?m=1787972929:742
[  163967ms] [LOG] 2 1 pageCount & pageNow @ https://phbidlautdemo.prahu-hub.com/_resources/themes/prahutheme/javascript/custom/hakaksesbidowner.js?m=1787972929:666
[  163969ms] [LOG] 200 xhrglobal @ https://phbidlautdemo.prahu-hub.com/home/hakaksesbidowner:5897
[  163970ms] [LOG] ce.fn.init stepItem @ https://phbidlautdemo.prahu-hub.com/_resources/themes/prahutheme/javascript/custom/hakaksesbidowner.js?m=1787972929:640
[  164065ms] [LOG] 200 xhrglobal @ https://phbidlautdemo.prahu-hub.com/home/hakaksesbidowner:5897
[  164124ms] [LOG] 200 xhrglobal @ https://phbidlautdemo.prahu-hub.com/home/hakaksesbidowner:5897
[  165686ms] TypeError: $(...).DataTable is not a function
    at https://phbidlautdemo.prahu-hub.com/_resources/themes/prahutheme/js/scripts-init/tables.js:7:23
[  166752ms] Cannot use import statement outside a module
[  166779ms] ReferenceError: Chart is not defined
    at https://phbidlautdemo.prahu-hub.com/_resources/themes/prahutheme/js/scripts-init/charts/chartjs.js:8:13
[  166781ms] Unexpected token '<'
[  166837ms] Unexpected token '<'
[  166915ms] Uncaught TypeError: expect element to be DOM Element, but got null
    at n.init (https://cdnjs.cloudflare.com/ajax/libs/smooth-scrollbar/8.5.2/smooth-scrollbar.js:24:264)
    at <anonymous> (https://phbidlautdemo.prahu-hub.com/home/hakaksesbidder:5501:14)
[  166956ms] [LOG] Pengaturan Akunnamanya @ https://phbidlautdemo.prahu-hub.com/home/hakaksesbidder:2040
[  166967ms] [LOG] Masukkan Nama Hak Akses @ https://phbidlautdemo.prahu-hub.com/home/hakaksesbidder:5854
[  166968ms] [LOG] undefined @ https://phbidlautdemo.prahu-hub.com/home/hakaksesbidder:5854
[  166968ms] [LOG] undefined @ https://phbidlautdemo.prahu-hub.com/home/hakaksesbidder:5854
[  166968ms] [LOG] Masukkan Nama Kemasan @ https://phbidlautdemo.prahu-hub.com/home/hakaksesbidder:5854
[  166968ms] [LOG] undefined @ https://phbidlautdemo.prahu-hub.com/home/hakaksesbidder:5854
[  166969ms] [LOG] WebSocket connection @ https://phbidlautdemo.prahu-hub.com/home/hakaksesbidder:5897
[  166970ms] [LOG] WebSocket connection attempting... @ https://phbidlautdemo.prahu-hub.com/home/hakaksesbidder:5975
[  167087ms] [LOG] WebSocket connected @ https://phbidlautdemo.prahu-hub.com/home/hakaksesbidder:5906
[  167090ms] [LOG] update_dashboard_order_laut @ https://phbidlautdemo.prahu-hub.com/home/hakaksesbidder:5947
[  167118ms] [LOG] Connected @ https://phbidlautdemo.prahu-hub.com/home/hakaksesbidder:5947
[  167266ms] [LOG] [Object, Object, Object, Object, Object, Object, Object, Object, Object, Object, Object, Object, Object, Object, Object, Object, Object, Object, Object, Object] @ https://phbidlautdemo.prahu-hub.com/_resources/themes/prahutheme/javascript/custom/hakaksesbidder.js?m=1787972929:118
[  167278ms] [LOG] 33 @ https://phbidlautdemo.prahu-hub.com/_resources/themes/prahutheme/javascript/custom/hakaksesbidder.js?m=1787972929:787
[  167278ms] [LOG] 33 countView1 1 pageNow 20 limitView1 @ https://phbidlautdemo.prahu-hub.com/_resources/themes/prahutheme/javascript/custom/hakaksesbidder.js?m=1787972929:789
[  167278ms] [LOG] 20 @ https://phbidlautdemo.prahu-hub.com/_resources/themes/prahutheme/javascript/custom/hakaksesbidder.js?m=1787972929:795
[  167280ms] [LOG] 33 jumlah data @ https://phbidlautdemo.prahu-hub.com/_resources/themes/prahutheme/javascript/custom/hakaksesbidder.js?m=1787972929:752
[  167280ms] [LOG] 2 @ https://phbidlautdemo.prahu-hub.com/_resources/themes/prahutheme/javascript/custom/hakaksesbidder.js?m=1787972929:754
[  167281ms] [LOG] 2 1 pageCount & pageNow @ https://phbidlautdemo.prahu-hub.com/_resources/themes/prahutheme/javascript/custom/hakaksesbidder.js?m=1787972929:678
[  167283ms] [LOG] 200 xhrglobal @ https://phbidlautdemo.prahu-hub.com/home/hakaksesbidder:5828
[  167283ms] [LOG] ce.fn.init stepItem @ https://phbidlautdemo.prahu-hub.com/_resources/themes/prahutheme/javascript/custom/hakaksesbidder.js?m=1787972929:652
[  167401ms] [LOG] 200 xhrglobal @ https://phbidlautdemo.prahu-hub.com/home/hakaksesbidder:5828
[  167459ms] [LOG] 200 xhrglobal @ https://phbidlautdemo.prahu-hub.com/home/hakaksesbidder:5828
[  168978ms] TypeError: $(...).DataTable is not a function
    at https://phbidlautdemo.prahu-hub.com/_resources/themes/prahutheme/js/scripts-init/tables.js:7:23
[  170022ms] Cannot use import statement outside a module
[  170072ms] ReferenceError: Chart is not defined
    at https://phbidlautdemo.prahu-hub.com/_resources/themes/prahutheme/js/scripts-init/charts/chartjs.js:8:13
[  170086ms] Unexpected token '<'
[  170205ms] Unexpected token '<'
[  170297ms] Uncaught TypeError: expect element to be DOM Element, but got null
    at n.init (https://cdnjs.cloudflare.com/ajax/libs/smooth-scrollbar/8.5.2/smooth-scrollbar.js:24:264)
    at <anonymous> (https://phbidlautdemo.prahu-hub.com/home/subuserbidowner:5514:14)
[  170346ms] [LOG] Pengaturan Akunnamanya @ https://phbidlautdemo.prahu-hub.com/home/subuserbidowner:2040
[  170359ms] [LOG] Masukkan Nama Sub User @ https://phbidlautdemo.prahu-hub.com/home/subuserbidowner:5867
[  170360ms] [LOG] Masukkan Email @ https://phbidlautdemo.prahu-hub.com/home/subuserbidowner:5867
[  170360ms] [LOG] undefined @ https://phbidlautdemo.prahu-hub.com/home/subuserbidowner:5867
[  170360ms] [LOG] undefined @ https://phbidlautdemo.prahu-hub.com/home/subuserbidowner:5867
[  170360ms] [LOG] Masukkan Nama Bank @ https://phbidlautdemo.prahu-hub.com/home/subuserbidowner:5867
[  170360ms] [LOG] undefined @ https://phbidlautdemo.prahu-hub.com/home/subuserbidowner:5867
[  170362ms] [LOG] WebSocket connection @ https://phbidlautdemo.prahu-hub.com/home/subuserbidowner:5910
[  170362ms] [LOG] WebSocket connection attempting... @ https://phbidlautdemo.prahu-hub.com/home/subuserbidowner:5988
[  170483ms] [LOG] WebSocket connected @ https://phbidlautdemo.prahu-hub.com/home/subuserbidowner:5919
[  170486ms] [LOG] update_dashboard_order_laut @ https://phbidlautdemo.prahu-hub.com/home/subuserbidowner:5960
[  170517ms] [LOG] Connected @ https://phbidlautdemo.prahu-hub.com/home/subuserbidowner:5960
[  170548ms] [LOG] [Object, Object, Object, Object, Object, Object, Object, Object, Object, Object, Object, Object, Object] @ https://phbidlautdemo.prahu-hub.com/_resources/themes/prahutheme/javascript/custom/subuserbidowner.js?m=1787972929:15
[  170552ms] [LOG] 13 @ https://phbidlautdemo.prahu-hub.com/_resources/themes/prahutheme/javascript/custom/subuserbidowner.js?m=1787972929:520
[  170552ms] [LOG] 13 countView1 1 pageNow 20 limitView1 @ https://phbidlautdemo.prahu-hub.com/_resources/themes/prahutheme/javascript/custom/subuserbidowner.js?m=1787972929:522
[  170552ms] [LOG] 13 @ https://phbidlautdemo.prahu-hub.com/_resources/themes/prahutheme/javascript/custom/subuserbidowner.js?m=1787972929:528
[  170553ms] [LOG] 13 jumlah data @ https://phbidlautdemo.prahu-hub.com/_resources/themes/prahutheme/javascript/custom/subuserbidowner.js?m=1787972929:483
[  170553ms] [LOG] 1 @ https://phbidlautdemo.prahu-hub.com/_resources/themes/prahutheme/javascript/custom/subuserbidowner.js?m=1787972929:485
[  170554ms] [LOG] 1 1 pageCount & pageNow @ https://phbidlautdemo.prahu-hub.com/_resources/themes/prahutheme/javascript/custom/subuserbidowner.js?m=1787972929:408
[  170556ms] [LOG] 200 xhrglobal @ https://phbidlautdemo.prahu-hub.com/home/subuserbidowner:5841
[  170668ms] [LOG] 200 xhrglobal @ https://phbidlautdemo.prahu-hub.com/home/subuserbidowner:5841
[  170719ms] [LOG] 200 xhrglobal @ https://phbidlautdemo.prahu-hub.com/home/subuserbidowner:5841
[  172369ms] TypeError: $(...).DataTable is not a function
    at https://phbidlautdemo.prahu-hub.com/_resources/themes/prahutheme/js/scripts-init/tables.js:7:23
[  173450ms] Cannot use import statement outside a module
[  173490ms] ReferenceError: Chart is not defined
    at https://phbidlautdemo.prahu-hub.com/_resources/themes/prahutheme/js/scripts-init/charts/chartjs.js:8:13
[  173492ms] Unexpected token '<'
[  173516ms] Unexpected token '<'
[  173582ms] Uncaught TypeError: expect element to be DOM Element, but got null
    at n.init (https://cdnjs.cloudflare.com/ajax/libs/smooth-scrollbar/8.5.2/smooth-scrollbar.js:24:264)
    at <anonymous> (https://phbidlautdemo.prahu-hub.com/home/subuserbidder:5442:14)
[  173619ms] [LOG] Pengaturan Akunnamanya @ https://phbidlautdemo.prahu-hub.com/home/subuserbidder:2040
[  173630ms] [LOG] Masukkan Nama Sub User @ https://phbidlautdemo.prahu-hub.com/home/subuserbidder:5795
[  173630ms] [LOG] Masukkan Email @ https://phbidlautdemo.prahu-hub.com/home/subuserbidder:5795
[  173630ms] [LOG] undefined @ https://phbidlautdemo.prahu-hub.com/home/subuserbidder:5795
[  173630ms] [LOG] undefined @ https://phbidlautdemo.prahu-hub.com/home/subuserbidder:5795
[  173631ms] [LOG] Masukkan Nama Bank @ https://phbidlautdemo.prahu-hub.com/home/subuserbidder:5795
[  173631ms] [LOG] undefined @ https://phbidlautdemo.prahu-hub.com/home/subuserbidder:5795
[  173632ms] [LOG] WebSocket connection @ https://phbidlautdemo.prahu-hub.com/home/subuserbidder:5838
[  173633ms] [LOG] WebSocket connection attempting... @ https://phbidlautdemo.prahu-hub.com/home/subuserbidder:5916
[  173750ms] [LOG] WebSocket connected @ https://phbidlautdemo.prahu-hub.com/home/subuserbidder:5847
[  173753ms] [LOG] update_dashboard_order_laut @ https://phbidlautdemo.prahu-hub.com/home/subuserbidder:5888
[  173783ms] [LOG] Connected @ https://phbidlautdemo.prahu-hub.com/home/subuserbidder:5888
[  173794ms] [LOG] [Object, Object, Object, Object, Object, Object, Object, Object, Object] @ https://phbidlautdemo.prahu-hub.com/_resources/themes/prahutheme/javascript/custom/subuserbidder.js?m=1787972929:15
[  173797ms] [LOG] 9 @ https://phbidlautdemo.prahu-hub.com/_resources/themes/prahutheme/javascript/custom/subuserbidder.js?m=1787972929:528
[  173797ms] [LOG] 9 countView1 1 pageNow 20 limitView1 @ https://phbidlautdemo.prahu-hub.com/_resources/themes/prahutheme/javascript/custom/subuserbidder.js?m=1787972929:530
[  173797ms] [LOG] 9 @ https://phbidlautdemo.prahu-hub.com/_resources/themes/prahutheme/javascript/custom/subuserbidder.js?m=1787972929:536
[  173798ms] [LOG] 9 jumlah data @ https://phbidlautdemo.prahu-hub.com/_resources/themes/prahutheme/javascript/custom/subuserbidder.js?m=1787972929:491
[  173798ms] [LOG] 1 @ https://phbidlautdemo.prahu-hub.com/_resources/themes/prahutheme/javascript/custom/subuserbidder.js?m=1787972929:493
[  173799ms] [LOG] 1 1 pageCount & pageNow @ https://phbidlautdemo.prahu-hub.com/_resources/themes/prahutheme/javascript/custom/subuserbidder.js?m=1787972929:416
[  173802ms] [LOG] 200 xhrglobal @ https://phbidlautdemo.prahu-hub.com/home/subuserbidder:5769
[  173965ms] [LOG] 200 xhrglobal @ https://phbidlautdemo.prahu-hub.com/home/subuserbidder:5769
[  173972ms] [LOG] 200 xhrglobal @ https://phbidlautdemo.prahu-hub.com/home/subuserbidder:5769
[  175644ms] TypeError: $(...).DataTable is not a function
    at https://phbidlautdemo.prahu-hub.com/_resources/themes/prahutheme/js/scripts-init/tables.js:7:23
[  176620ms] Cannot use import statement outside a module
[  176668ms] ReferenceError: Chart is not defined
    at https://phbidlautdemo.prahu-hub.com/_resources/themes/prahutheme/js/scripts-init/charts/chartjs.js:8:13
[  176671ms] Unexpected token '<'
[  176764ms] Unexpected token '<'
[  176877ms] Uncaught TypeError: expect element to be DOM Element, but got null
    at n.init (https://cdnjs.cloudflare.com/ajax/libs/smooth-scrollbar/8.5.2/smooth-scrollbar.js:24:264)
    at <anonymous> (https://phbidlautdemo.prahu-hub.com/home/tambahhakaksesbidder:7466:14)
[  176912ms] [LOG] Pengaturan Akunnamanya @ https://phbidlautdemo.prahu-hub.com/home/tambahhakaksesbidder:2039
[  176926ms] [LOG] undefined @ https://phbidlautdemo.prahu-hub.com/home/tambahhakaksesbidder:7819
[  176926ms] [LOG] Masukkan Nama Hak Akses @ https://phbidlautdemo.prahu-hub.com/home/tambahhakaksesbidder:7819
[  176926ms] [LOG] undefined @ https://phbidlautdemo.prahu-hub.com/home/tambahhakaksesbidder:7819
[  176926ms] [LOG] undefined @ https://phbidlautdemo.prahu-hub.com/home/tambahhakaksesbidder:7819
[  176926ms] [LOG] undefined @ https://phbidlautdemo.prahu-hub.com/home/tambahhakaksesbidder:7819
[  176927ms] [LOG] undefined @ https://phbidlautdemo.prahu-hub.com/home/tambahhakaksesbidder:7819
[  176927ms] [LOG] undefined @ https://phbidlautdemo.prahu-hub.com/home/tambahhakaksesbidder:7819
[  176927ms] [LOG] undefined @ https://phbidlautdemo.prahu-hub.com/home/tambahhakaksesbidder:7819
[  176927ms] [LOG] undefined @ https://phbidlautdemo.prahu-hub.com/home/tambahhakaksesbidder:7819
[  176927ms] [LOG] undefined @ https://phbidlautdemo.prahu-hub.com/home/tambahhakaksesbidder:7819
[  176928ms] [LOG] undefined @ https://phbidlautdemo.prahu-hub.com/home/tambahhakaksesbidder:7819
[  176928ms] [LOG] undefined @ https://phbidlautdemo.prahu-hub.com/home/tambahhakaksesbidder:7819
[  176928ms] [LOG] undefined @ https://phbidlautdemo.prahu-hub.com/home/tambahhakaksesbidder:7819
[  176928ms] [LOG] undefined @ https://phbidlautdemo.prahu-hub.com/home/tambahhakaksesbidder:7819
[  176928ms] [LOG] undefined @ https://phbidlautdemo.prahu-hub.com/home/tambahhakaksesbidder:7819
[  176929ms] [LOG] undefined @ https://phbidlautdemo.prahu-hub.com/home/tambahhakaksesbidder:7819
[  176929ms] [LOG] undefined @ https://phbidlautdemo.prahu-hub.com/home/tambahhakaksesbidder:7819
[  176929ms] [LOG] undefined @ https://phbidlautdemo.prahu-hub.com/home/tambahhakaksesbidder:7819
[  176929ms] [LOG] undefined @ https://phbidlautdemo.prahu-hub.com/home/tambahhakaksesbidder:7819
[  176930ms] [LOG] undefined @ https://phbidlautdemo.prahu-hub.com/home/tambahhakaksesbidder:7819
[  176930ms] [LOG] undefined @ https://phbidlautdemo.prahu-hub.com/home/tambahhakaksesbidder:7819
[  176930ms] [LOG] undefined @ https://phbidlautdemo.prahu-hub.com/home/tambahhakaksesbidder:7819
[  176930ms] [LOG] undefined @ https://phbidlautdemo.prahu-hub.com/home/tambahhakaksesbidder:7819
[  176930ms] [LOG] undefined @ https://phbidlautdemo.prahu-hub.com/home/tambahhakaksesbidder:7819
[  176930ms] [LOG] undefined @ https://phbidlautdemo.prahu-hub.com/home/tambahhakaksesbidder:7819
[  176930ms] [LOG] undefined @ https://phbidlautdemo.prahu-hub.com/home/tambahhakaksesbidder:7819
[  176931ms] [LOG] undefined @ https://phbidlautdemo.prahu-hub.com/home/tambahhakaksesbidder:7819
[  176931ms] [LOG] undefined @ https://phbidlautdemo.prahu-hub.com/home/tambahhakaksesbidder:7819
[  176931ms] [LOG] undefined @ https://phbidlautdemo.prahu-hub.com/home/tambahhakaksesbidder:7819
[  176931ms] [LOG] undefined @ https://phbidlautdemo.prahu-hub.com/home/tambahhakaksesbidder:7819
[  176931ms] [LOG] undefined @ https://phbidlautdemo.prahu-hub.com/home/tambahhakaksesbidder:7819
[  176931ms] [LOG] undefined @ https://phbidlautdemo.prahu-hub.com/home/tambahhakaksesbidder:7819
[  176932ms] [LOG] undefined @ https://phbidlautdemo.prahu-hub.com/home/tambahhakaksesbidder:7819
[  176932ms] [LOG] undefined @ https://phbidlautdemo.prahu-hub.com/home/tambahhakaksesbidder:7819
[  176932ms] [LOG] undefined @ https://phbidlautdemo.prahu-hub.com/home/tambahhakaksesbidder:7819
[  176932ms] [LOG] undefined @ https://phbidlautdemo.prahu-hub.com/home/tambahhakaksesbidder:7819
[  176932ms] [LOG] undefined @ https://phbidlautdemo.prahu-hub.com/home/tambahhakaksesbidder:7819
[  176933ms] [LOG] undefined @ https://phbidlautdemo.prahu-hub.com/home/tambahhakaksesbidder:7819
[  176933ms] [LOG] undefined @ https://phbidlautdemo.prahu-hub.com/home/tambahhakaksesbidder:7819
[  176933ms] [LOG] undefined @ https://phbidlautdemo.prahu-hub.com/home/tambahhakaksesbidder:7819
[  176933ms] [LOG] undefined @ https://phbidlautdemo.prahu-hub.com/home/tambahhakaksesbidder:7819
[  176933ms] [LOG] undefined @ https://phbidlautdemo.prahu-hub.com/home/tambahhakaksesbidder:7819
[  176933ms] [LOG] undefined @ https://phbidlautdemo.prahu-hub.com/home/tambahhakaksesbidder:7819
[  176934ms] [LOG] undefined @ https://phbidlautdemo.prahu-hub.com/home/tambahhakaksesbidder:7819
[  176934ms] [LOG] undefined @ https://phbidlautdemo.prahu-hub.com/home/tambahhakaksesbidder:7819
[  176934ms] [LOG] undefined @ https://phbidlautdemo.prahu-hub.com/home/tambahhakaksesbidder:7819
[  176934ms] [LOG] undefined @ https://phbidlautdemo.prahu-hub.com/home/tambahhakaksesbidder:7819
[  176934ms] [LOG] undefined @ https://phbidlautdemo.prahu-hub.com/home/tambahhakaksesbidder:7819
[  176934ms] [LOG] undefined @ https://phbidlautdemo.prahu-hub.com/home/tambahhakaksesbidder:7819
[  176934ms] [LOG] undefined @ https://phbidlautdemo.prahu-hub.com/home/tambahhakaksesbidder:7819
[  176934ms] [LOG] undefined @ https://phbidlautdemo.prahu-hub.com/home/tambahhakaksesbidder:7819
[  176934ms] [LOG] undefined @ https://phbidlautdemo.prahu-hub.com/home/tambahhakaksesbidder:7819
[  176935ms] [LOG] undefined @ https://phbidlautdemo.prahu-hub.com/home/tambahhakaksesbidder:7819
[  176935ms] [LOG] undefined @ https://phbidlautdemo.prahu-hub.com/home/tambahhakaksesbidder:7819
[  176935ms] [LOG] undefined @ https://phbidlautdemo.prahu-hub.com/home/tambahhakaksesbidder:7819
[  176935ms] [LOG] undefined @ https://phbidlautdemo.prahu-hub.com/home/tambahhakaksesbidder:7819
[  176935ms] [LOG] undefined @ https://phbidlautdemo.prahu-hub.com/home/tambahhakaksesbidder:7819
[  176935ms] [LOG] undefined @ https://phbidlautdemo.prahu-hub.com/home/tambahhakaksesbidder:7819
[  176936ms] [LOG] undefined @ https://phbidlautdemo.prahu-hub.com/home/tambahhakaksesbidder:7819
[  176936ms] [LOG] undefined @ https://phbidlautdemo.prahu-hub.com/home/tambahhakaksesbidder:7819
[  176936ms] [LOG] undefined @ https://phbidlautdemo.prahu-hub.com/home/tambahhakaksesbidder:7819
[  176936ms] [LOG] undefined @ https://phbidlautdemo.prahu-hub.com/home/tambahhakaksesbidder:7819
[  176936ms] [LOG] undefined @ https://phbidlautdemo.prahu-hub.com/home/tambahhakaksesbidder:7819
[  176936ms] [LOG] undefined @ https://phbidlautdemo.prahu-hub.com/home/tambahhakaksesbidder:7819
[  176937ms] [LOG] undefined @ https://phbidlautdemo.prahu-hub.com/home/tambahhakaksesbidder:7819
[  176937ms] [LOG] undefined @ https://phbidlautdemo.prahu-hub.com/home/tambahhakaksesbidder:7819
[  176937ms] [LOG] undefined @ https://phbidlautdemo.prahu-hub.com/home/tambahhakaksesbidder:7819
[  176937ms] [LOG] undefined @ https://phbidlautdemo.prahu-hub.com/home/tambahhakaksesbidder:7819
[  176937ms] [LOG] undefined @ https://phbidlautdemo.prahu-hub.com/home/tambahhakaksesbidder:7819
[  176937ms] [LOG] undefined @ https://phbidlautdemo.prahu-hub.com/home/tambahhakaksesbidder:7819
[  176938ms] [LOG] undefined @ https://phbidlautdemo.prahu-hub.com/home/tambahhakaksesbidder:7819
[  176938ms] [LOG] undefined @ https://phbidlautdemo.prahu-hub.com/home/tambahhakaksesbidder:7819
[  176938ms] [LOG] undefined @ https://phbidlautdemo.prahu-hub.com/home/tambahhakaksesbidder:7819
[  176938ms] [LOG] undefined @ https://phbidlautdemo.prahu-hub.com/home/tambahhakaksesbidder:7819
[  176938ms] [LOG] undefined @ https://phbidlautdemo.prahu-hub.com/home/tambahhakaksesbidder:7819
[  176939ms] [LOG] undefined @ https://phbidlautdemo.prahu-hub.com/home/tambahhakaksesbidder:7819
[  176939ms] [LOG] undefined @ https://phbidlautdemo.prahu-hub.com/home/tambahhakaksesbidder:7819
[  176939ms] [LOG] undefined @ https://phbidlautdemo.prahu-hub.com/home/tambahhakaksesbidder:7819
[  176939ms] [LOG] undefined @ https://phbidlautdemo.prahu-hub.com/home/tambahhakaksesbidder:7819
[  176939ms] [LOG] undefined @ https://phbidlautdemo.prahu-hub.com/home/tambahhakaksesbidder:7819
[  176940ms] [LOG] undefined @ https://phbidlautdemo.prahu-hub.com/home/tambahhakaksesbidder:7819
[  176940ms] [LOG] undefined @ https://phbidlautdemo.prahu-hub.com/home/tambahhakaksesbidder:7819
[  176941ms] [LOG] WebSocket connection @ https://phbidlautdemo.prahu-hub.com/home/tambahhakaksesbidder:7862
[  176942ms] [LOG] WebSocket connection attempting... @ https://phbidlautdemo.prahu-hub.com/home/tambahhakaksesbidder:7940
[  177083ms] [LOG] WebSocket connected @ https://phbidlautdemo.prahu-hub.com/home/tambahhakaksesbidder:7871
[  177086ms] [LOG] update_dashboard_order_laut @ https://phbidlautdemo.prahu-hub.com/home/tambahhakaksesbidder:7912
[  177127ms] [LOG] Connected @ https://phbidlautdemo.prahu-hub.com/home/tambahhakaksesbidder:7912
[  177262ms] [LOG] 200 xhrglobal @ https://phbidlautdemo.prahu-hub.com/home/tambahhakaksesbidder:7793
[  177309ms] [LOG] 200 xhrglobal @ https://phbidlautdemo.prahu-hub.com/home/tambahhakaksesbidder:7793
[  178938ms] TypeError: $(...).DataTable is not a function
    at https://phbidlautdemo.prahu-hub.com/_resources/themes/prahutheme/js/scripts-init/tables.js:7:23
[  179876ms] Cannot use import statement outside a module
[  179910ms] ReferenceError: Chart is not defined
    at https://phbidlautdemo.prahu-hub.com/_resources/themes/prahutheme/js/scripts-init/charts/chartjs.js:8:13
[  179967ms] Unexpected token '<'
[  180061ms] Unexpected token '<'
[  180121ms] Uncaught TypeError: expect element to be DOM Element, but got null
    at n.init (https://cdnjs.cloudflare.com/ajax/libs/smooth-scrollbar/8.5.2/smooth-scrollbar.js:24:264)
    at <anonymous> (https://phbidlautdemo.prahu-hub.com/home/subuser_create/?admin=bidder:6142:14)
[  180147ms] [VERBOSE] [DOM] Input elements should have autocomplete attributes (suggested: "new-password"): (More info: https://goo.gl/9p2vKq) %o @ https://phbidlautdemo.prahu-hub.com/home/subuser_create/?admin=bidder:0
[  180158ms] [LOG] Pengaturan Akunnamanya @ https://phbidlautdemo.prahu-hub.com/home/subuser_create/?admin=bidder:2039
[  180176ms] [LOG] undefined @ https://phbidlautdemo.prahu-hub.com/home/subuser_create/?admin=bidder:6495
[  180176ms] [LOG] undefined @ https://phbidlautdemo.prahu-hub.com/home/subuser_create/?admin=bidder:6495
[  180177ms] [LOG] undefined @ https://phbidlautdemo.prahu-hub.com/home/subuser_create/?admin=bidder:6495
[  180177ms] [LOG] Masukkan Email @ https://phbidlautdemo.prahu-hub.com/home/subuser_create/?admin=bidder:6495
[  180177ms] [LOG] undefined @ https://phbidlautdemo.prahu-hub.com/home/subuser_create/?admin=bidder:6495
[  180177ms] [LOG] undefined @ https://phbidlautdemo.prahu-hub.com/home/subuser_create/?admin=bidder:6495
[  180177ms] [LOG] Masukkan Kata Sandi @ https://phbidlautdemo.prahu-hub.com/home/subuser_create/?admin=bidder:6495
[  180177ms] [LOG] Masukkan Konfirmasi Kata Sandi @ https://phbidlautdemo.prahu-hub.com/home/subuser_create/?admin=bidder:6495
[  180178ms] [LOG] Masukkan Nama Sub user @ https://phbidlautdemo.prahu-hub.com/home/subuser_create/?admin=bidder:6495
[  180178ms] [LOG] Masukkan Bagian Staff @ https://phbidlautdemo.prahu-hub.com/home/subuser_create/?admin=bidder:6495
[  180178ms] [LOG] 08xxxxxxxxx @ https://phbidlautdemo.prahu-hub.com/home/subuser_create/?admin=bidder:6495
[  180178ms] [LOG] Pilih Hak Akses User @ https://phbidlautdemo.prahu-hub.com/home/subuser_create/?admin=bidder:6495
[  180179ms] [LOG] WebSocket connection @ https://phbidlautdemo.prahu-hub.com/home/subuser_create/?admin=bidder:6538
[  180179ms] [LOG] WebSocket connection attempting... @ https://phbidlautdemo.prahu-hub.com/home/subuser_create/?admin=bidder:6616
[  180295ms] [LOG] WebSocket connected @ https://phbidlautdemo.prahu-hub.com/home/subuser_create/?admin=bidder:6547
[  180298ms] [LOG] update_dashboard_order_laut @ https://phbidlautdemo.prahu-hub.com/home/subuser_create/?admin=bidder:6588
[  180328ms] [LOG] Connected @ https://phbidlautdemo.prahu-hub.com/home/subuser_create/?admin=bidder:6588
[  180426ms] [LOG] 200 xhrglobal @ https://phbidlautdemo.prahu-hub.com/home/subuser_create/?admin=bidder:6469
[  180494ms] [LOG] 200 xhrglobal @ https://phbidlautdemo.prahu-hub.com/home/subuser_create/?admin=bidder:6469
[  182182ms] TypeError: $(...).DataTable is not a function
    at https://phbidlautdemo.prahu-hub.com/_resources/themes/prahutheme/js/scripts-init/tables.js:7:23
[  183397ms] Cannot use import statement outside a module
[  183446ms] ReferenceError: Chart is not defined
    at https://phbidlautdemo.prahu-hub.com/_resources/themes/prahutheme/js/scripts-init/charts/chartjs.js:8:13
[  183448ms] Unexpected token '<'
[  183530ms] Unexpected token '<'
[  183691ms] Uncaught TypeError: expect element to be DOM Element, but got null
    at n.init (https://cdnjs.cloudflare.com/ajax/libs/smooth-scrollbar/8.5.2/smooth-scrollbar.js:24:264)
    at <anonymous> (https://phbidlautdemo.prahu-hub.com/home/tambahhakaksesbidowner:7868:14)
[  183731ms] [LOG] Pengaturan Akunnamanya @ https://phbidlautdemo.prahu-hub.com/home/tambahhakaksesbidowner:2039
[  183746ms] [LOG] undefined @ https://phbidlautdemo.prahu-hub.com/home/tambahhakaksesbidowner:8221
[  183746ms] [LOG] Masukkan Nama Hak Akses @ https://phbidlautdemo.prahu-hub.com/home/tambahhakaksesbidowner:8221
[  183746ms] [LOG] undefined @ https://phbidlautdemo.prahu-hub.com/home/tambahhakaksesbidowner:8221
[  183746ms] [LOG] undefined @ https://phbidlautdemo.prahu-hub.com/home/tambahhakaksesbidowner:8221
[  183747ms] [LOG] undefined @ https://phbidlautdemo.prahu-hub.com/home/tambahhakaksesbidowner:8221
[  183747ms] [LOG] undefined @ https://phbidlautdemo.prahu-hub.com/home/tambahhakaksesbidowner:8221
[  183747ms] [LOG] undefined @ https://phbidlautdemo.prahu-hub.com/home/tambahhakaksesbidowner:8221
[  183747ms] [LOG] undefined @ https://phbidlautdemo.prahu-hub.com/home/tambahhakaksesbidowner:8221
[  183747ms] [LOG] undefined @ https://phbidlautdemo.prahu-hub.com/home/tambahhakaksesbidowner:8221
[  183747ms] [LOG] undefined @ https://phbidlautdemo.prahu-hub.com/home/tambahhakaksesbidowner:8221
[  183747ms] [LOG] undefined @ https://phbidlautdemo.prahu-hub.com/home/tambahhakaksesbidowner:8221
[  183748ms] [LOG] undefined @ https://phbidlautdemo.prahu-hub.com/home/tambahhakaksesbidowner:8221
[  183748ms] [LOG] undefined @ https://phbidlautdemo.prahu-hub.com/home/tambahhakaksesbidowner:8221
[  183748ms] [LOG] undefined @ https://phbidlautdemo.prahu-hub.com/home/tambahhakaksesbidowner:8221
[  183748ms] [LOG] undefined @ https://phbidlautdemo.prahu-hub.com/home/tambahhakaksesbidowner:8221
[  183748ms] [LOG] undefined @ https://phbidlautdemo.prahu-hub.com/home/tambahhakaksesbidowner:8221
[  183748ms] [LOG] undefined @ https://phbidlautdemo.prahu-hub.com/home/tambahhakaksesbidowner:8221
[  183749ms] [LOG] undefined @ https://phbidlautdemo.prahu-hub.com/home/tambahhakaksesbidowner:8221
[  183749ms] [LOG] undefined @ https://phbidlautdemo.prahu-hub.com/home/tambahhakaksesbidowner:8221
[  183749ms] [LOG] undefined @ https://phbidlautdemo.prahu-hub.com/home/tambahhakaksesbidowner:8221
[  183749ms] [LOG] undefined @ https://phbidlautdemo.prahu-hub.com/home/tambahhakaksesbidowner:8221
[  183749ms] [LOG] undefined @ https://phbidlautdemo.prahu-hub.com/home/tambahhakaksesbidowner:8221
[  183749ms] [LOG] undefined @ https://phbidlautdemo.prahu-hub.com/home/tambahhakaksesbidowner:8221
[  183749ms] [LOG] undefined @ https://phbidlautdemo.prahu-hub.com/home/tambahhakaksesbidowner:8221
[  183750ms] [LOG] undefined @ https://phbidlautdemo.prahu-hub.com/home/tambahhakaksesbidowner:8221
[  183750ms] [LOG] undefined @ https://phbidlautdemo.prahu-hub.com/home/tambahhakaksesbidowner:8221
[  183750ms] [LOG] undefined @ https://phbidlautdemo.prahu-hub.com/home/tambahhakaksesbidowner:8221
[  183750ms] [LOG] undefined @ https://phbidlautdemo.prahu-hub.com/home/tambahhakaksesbidowner:8221
[  183750ms] [LOG] undefined @ https://phbidlautdemo.prahu-hub.com/home/tambahhakaksesbidowner:8221
[  183750ms] [LOG] undefined @ https://phbidlautdemo.prahu-hub.com/home/tambahhakaksesbidowner:8221
[  183751ms] [LOG] undefined @ https://phbidlautdemo.prahu-hub.com/home/tambahhakaksesbidowner:8221
[  183751ms] [LOG] undefined @ https://phbidlautdemo.prahu-hub.com/home/tambahhakaksesbidowner:8221
[  183751ms] [LOG] undefined @ https://phbidlautdemo.prahu-hub.com/home/tambahhakaksesbidowner:8221
[  183751ms] [LOG] undefined @ https://phbidlautdemo.prahu-hub.com/home/tambahhakaksesbidowner:8221
[  183751ms] [LOG] undefined @ https://phbidlautdemo.prahu-hub.com/home/tambahhakaksesbidowner:8221
[  183751ms] [LOG] undefined @ https://phbidlautdemo.prahu-hub.com/home/tambahhakaksesbidowner:8221
[  183751ms] [LOG] undefined @ https://phbidlautdemo.prahu-hub.com/home/tambahhakaksesbidowner:8221
[  183752ms] [LOG] undefined @ https://phbidlautdemo.prahu-hub.com/home/tambahhakaksesbidowner:8221
[  183752ms] [LOG] undefined @ https://phbidlautdemo.prahu-hub.com/home/tambahhakaksesbidowner:8221
[  183752ms] [LOG] undefined @ https://phbidlautdemo.prahu-hub.com/home/tambahhakaksesbidowner:8221
[  183752ms] [LOG] undefined @ https://phbidlautdemo.prahu-hub.com/home/tambahhakaksesbidowner:8221
[  183752ms] [LOG] undefined @ https://phbidlautdemo.prahu-hub.com/home/tambahhakaksesbidowner:8221
[  183752ms] [LOG] undefined @ https://phbidlautdemo.prahu-hub.com/home/tambahhakaksesbidowner:8221
[  183753ms] [LOG] undefined @ https://phbidlautdemo.prahu-hub.com/home/tambahhakaksesbidowner:8221
[  183753ms] [LOG] undefined @ https://phbidlautdemo.prahu-hub.com/home/tambahhakaksesbidowner:8221
[  183753ms] [LOG] undefined @ https://phbidlautdemo.prahu-hub.com/home/tambahhakaksesbidowner:8221
[  183753ms] [LOG] undefined @ https://phbidlautdemo.prahu-hub.com/home/tambahhakaksesbidowner:8221
[  183753ms] [LOG] undefined @ https://phbidlautdemo.prahu-hub.com/home/tambahhakaksesbidowner:8221
[  183754ms] [LOG] undefined @ https://phbidlautdemo.prahu-hub.com/home/tambahhakaksesbidowner:8221
[  183754ms] [LOG] undefined @ https://phbidlautdemo.prahu-hub.com/home/tambahhakaksesbidowner:8221
[  183754ms] [LOG] undefined @ https://phbidlautdemo.prahu-hub.com/home/tambahhakaksesbidowner:8221
[  183754ms] [LOG] undefined @ https://phbidlautdemo.prahu-hub.com/home/tambahhakaksesbidowner:8221
[  183754ms] [LOG] undefined @ https://phbidlautdemo.prahu-hub.com/home/tambahhakaksesbidowner:8221
[  183755ms] [LOG] undefined @ https://phbidlautdemo.prahu-hub.com/home/tambahhakaksesbidowner:8221
[  183755ms] [LOG] undefined @ https://phbidlautdemo.prahu-hub.com/home/tambahhakaksesbidowner:8221
[  183755ms] [LOG] undefined @ https://phbidlautdemo.prahu-hub.com/home/tambahhakaksesbidowner:8221
[  183755ms] [LOG] undefined @ https://phbidlautdemo.prahu-hub.com/home/tambahhakaksesbidowner:8221
[  183755ms] [LOG] undefined @ https://phbidlautdemo.prahu-hub.com/home/tambahhakaksesbidowner:8221
[  183756ms] [LOG] undefined @ https://phbidlautdemo.prahu-hub.com/home/tambahhakaksesbidowner:8221
[  183756ms] [LOG] undefined @ https://phbidlautdemo.prahu-hub.com/home/tambahhakaksesbidowner:8221
[  183756ms] [LOG] undefined @ https://phbidlautdemo.prahu-hub.com/home/tambahhakaksesbidowner:8221
[  183756ms] [LOG] undefined @ https://phbidlautdemo.prahu-hub.com/home/tambahhakaksesbidowner:8221
[  183756ms] [LOG] undefined @ https://phbidlautdemo.prahu-hub.com/home/tambahhakaksesbidowner:8221
[  183756ms] [LOG] undefined @ https://phbidlautdemo.prahu-hub.com/home/tambahhakaksesbidowner:8221
[  183756ms] [LOG] undefined @ https://phbidlautdemo.prahu-hub.com/home/tambahhakaksesbidowner:8221
[  183757ms] [LOG] undefined @ https://phbidlautdemo.prahu-hub.com/home/tambahhakaksesbidowner:8221
[  183757ms] [LOG] undefined @ https://phbidlautdemo.prahu-hub.com/home/tambahhakaksesbidowner:8221
[  183757ms] [LOG] undefined @ https://phbidlautdemo.prahu-hub.com/home/tambahhakaksesbidowner:8221
[  183757ms] [LOG] undefined @ https://phbidlautdemo.prahu-hub.com/home/tambahhakaksesbidowner:8221
[  183757ms] [LOG] undefined @ https://phbidlautdemo.prahu-hub.com/home/tambahhakaksesbidowner:8221
[  183757ms] [LOG] undefined @ https://phbidlautdemo.prahu-hub.com/home/tambahhakaksesbidowner:8221
[  183757ms] [LOG] undefined @ https://phbidlautdemo.prahu-hub.com/home/tambahhakaksesbidowner:8221
[  183758ms] [LOG] undefined @ https://phbidlautdemo.prahu-hub.com/home/tambahhakaksesbidowner:8221
[  183758ms] [LOG] undefined @ https://phbidlautdemo.prahu-hub.com/home/tambahhakaksesbidowner:8221
[  183758ms] [LOG] undefined @ https://phbidlautdemo.prahu-hub.com/home/tambahhakaksesbidowner:8221
[  183758ms] [LOG] undefined @ https://phbidlautdemo.prahu-hub.com/home/tambahhakaksesbidowner:8221
[  183758ms] [LOG] undefined @ https://phbidlautdemo.prahu-hub.com/home/tambahhakaksesbidowner:8221
[  183758ms] [LOG] undefined @ https://phbidlautdemo.prahu-hub.com/home/tambahhakaksesbidowner:8221
[  183758ms] [LOG] undefined @ https://phbidlautdemo.prahu-hub.com/home/tambahhakaksesbidowner:8221
[  183759ms] [LOG] undefined @ https://phbidlautdemo.prahu-hub.com/home/tambahhakaksesbidowner:8221
[  183759ms] [LOG] undefined @ https://phbidlautdemo.prahu-hub.com/home/tambahhakaksesbidowner:8221
[  183759ms] [LOG] undefined @ https://phbidlautdemo.prahu-hub.com/home/tambahhakaksesbidowner:8221
[  183759ms] [LOG] undefined @ https://phbidlautdemo.prahu-hub.com/home/tambahhakaksesbidowner:8221
[  183759ms] [LOG] undefined @ https://phbidlautdemo.prahu-hub.com/home/tambahhakaksesbidowner:8221
[  183759ms] [LOG] undefined @ https://phbidlautdemo.prahu-hub.com/home/tambahhakaksesbidowner:8221
[  183760ms] [LOG] undefined @ https://phbidlautdemo.prahu-hub.com/home/tambahhakaksesbidowner:8221
[  183760ms] [LOG] undefined @ https://phbidlautdemo.prahu-hub.com/home/tambahhakaksesbidowner:8221
[  183760ms] [LOG] undefined @ https://phbidlautdemo.prahu-hub.com/home/tambahhakaksesbidowner:8221
[  183760ms] [LOG] undefined @ https://phbidlautdemo.prahu-hub.com/home/tambahhakaksesbidowner:8221
[  183760ms] [LOG] undefined @ https://phbidlautdemo.prahu-hub.com/home/tambahhakaksesbidowner:8221
[  183761ms] [LOG] undefined @ https://phbidlautdemo.prahu-hub.com/home/tambahhakaksesbidowner:8221
[  183761ms] [LOG] undefined @ https://phbidlautdemo.prahu-hub.com/home/tambahhakaksesbidowner:8221
[  183761ms] [LOG] undefined @ https://phbidlautdemo.prahu-hub.com/home/tambahhakaksesbidowner:8221
[  183761ms] [LOG] undefined @ https://phbidlautdemo.prahu-hub.com/home/tambahhakaksesbidowner:8221
[  183761ms] [LOG] undefined @ https://phbidlautdemo.prahu-hub.com/home/tambahhakaksesbidowner:8221
[  183762ms] [LOG] undefined @ https://phbidlautdemo.prahu-hub.com/home/tambahhakaksesbidowner:8221
[  183762ms] [LOG] undefined @ https://phbidlautdemo.prahu-hub.com/home/tambahhakaksesbidowner:8221
[  183762ms] [LOG] undefined @ https://phbidlautdemo.prahu-hub.com/home/tambahhakaksesbidowner:8221
[  183762ms] [LOG] undefined @ https://phbidlautdemo.prahu-hub.com/home/tambahhakaksesbidowner:8221
[  183762ms] [LOG] undefined @ https://phbidlautdemo.prahu-hub.com/home/tambahhakaksesbidowner:8221
[  183762ms] [LOG] undefined @ https://phbidlautdemo.prahu-hub.com/home/tambahhakaksesbidowner:8221
[  183763ms] [LOG] undefined @ https://phbidlautdemo.prahu-hub.com/home/tambahhakaksesbidowner:8221
[  183763ms] [LOG] undefined @ https://phbidlautdemo.prahu-hub.com/home/tambahhakaksesbidowner:8221
[  183763ms] [LOG] undefined @ https://phbidlautdemo.prahu-hub.com/home/tambahhakaksesbidowner:8221
[  183763ms] [LOG] undefined @ https://phbidlautdemo.prahu-hub.com/home/tambahhakaksesbidowner:8221
[  183763ms] [LOG] undefined @ https://phbidlautdemo.prahu-hub.com/home/tambahhakaksesbidowner:8221
[  183764ms] [LOG] undefined @ https://phbidlautdemo.prahu-hub.com/home/tambahhakaksesbidowner:8221
[  183764ms] [LOG] undefined @ https://phbidlautdemo.prahu-hub.com/home/tambahhakaksesbidowner:8221
[  183764ms] [LOG] undefined @ https://phbidlautdemo.prahu-hub.com/home/tambahhakaksesbidowner:8221
[  183764ms] [LOG] undefined @ https://phbidlautdemo.prahu-hub.com/home/tambahhakaksesbidowner:8221
[  183764ms] [LOG] undefined @ https://phbidlautdemo.prahu-hub.com/home/tambahhakaksesbidowner:8221
[  183765ms] [LOG] undefined @ https://phbidlautdemo.prahu-hub.com/home/tambahhakaksesbidowner:8221
[  183765ms] [LOG] undefined @ https://phbidlautdemo.prahu-hub.com/home/tambahhakaksesbidowner:8221
[  183765ms] [LOG] undefined @ https://phbidlautdemo.prahu-hub.com/home/tambahhakaksesbidowner:8221
[  183765ms] [LOG] undefined @ https://phbidlautdemo.prahu-hub.com/home/tambahhakaksesbidowner:8221
[  183765ms] [LOG] undefined @ https://phbidlautdemo.prahu-hub.com/home/tambahhakaksesbidowner:8221
[  183766ms] [LOG] undefined @ https://phbidlautdemo.prahu-hub.com/home/tambahhakaksesbidowner:8221
[  183766ms] [LOG] undefined @ https://phbidlautdemo.prahu-hub.com/home/tambahhakaksesbidowner:8221
[  183766ms] [LOG] undefined @ https://phbidlautdemo.prahu-hub.com/home/tambahhakaksesbidowner:8221
[  183766ms] [LOG] undefined @ https://phbidlautdemo.prahu-hub.com/home/tambahhakaksesbidowner:8221
[  183766ms] [LOG] undefined @ https://phbidlautdemo.prahu-hub.com/home/tambahhakaksesbidowner:8221
[  183768ms] [LOG] WebSocket connection @ https://phbidlautdemo.prahu-hub.com/home/tambahhakaksesbidowner:8264
[  183768ms] [LOG] WebSocket connection attempting... @ https://phbidlautdemo.prahu-hub.com/home/tambahhakaksesbidowner:8342
[  183902ms] [LOG] WebSocket connected @ https://phbidlautdemo.prahu-hub.com/home/tambahhakaksesbidowner:8273
[  183905ms] [LOG] update_dashboard_order_laut @ https://phbidlautdemo.prahu-hub.com/home/tambahhakaksesbidowner:8314
[  183933ms] [LOG] Connected @ https://phbidlautdemo.prahu-hub.com/home/tambahhakaksesbidowner:8314
[  184044ms] [LOG] 200 xhrglobal @ https://phbidlautdemo.prahu-hub.com/home/tambahhakaksesbidowner:8195
[  184103ms] [LOG] 200 xhrglobal @ https://phbidlautdemo.prahu-hub.com/home/tambahhakaksesbidowner:8195
[  185744ms] TypeError: $(...).DataTable is not a function
    at https://phbidlautdemo.prahu-hub.com/_resources/themes/prahutheme/js/scripts-init/tables.js:7:23
[  213818ms] Cannot use import statement outside a module
[  213857ms] ReferenceError: Chart is not defined
    at https://phbidlautdemo.prahu-hub.com/_resources/themes/prahutheme/js/scripts-init/charts/chartjs.js:8:13
[  213917ms] Unexpected token '<'
[  214033ms] Unexpected token '<'
[  214096ms] Uncaught TypeError: expect element to be DOM Element, but got null
    at n.init (https://cdnjs.cloudflare.com/ajax/libs/smooth-scrollbar/8.5.2/smooth-scrollbar.js:24:264)
    at <anonymous> (https://phbidlautdemo.prahu-hub.com/home/hakaksesbidowner:5570:14)
[  214126ms] [LOG] Pengaturan Akunnamanya @ https://phbidlautdemo.prahu-hub.com/home/hakaksesbidowner:2040
[  214136ms] [LOG] Masukkan Nama Hak Akses @ https://phbidlautdemo.prahu-hub.com/home/hakaksesbidowner:5923
[  214137ms] [LOG] undefined @ https://phbidlautdemo.prahu-hub.com/home/hakaksesbidowner:5923
[  214137ms] [LOG] undefined @ https://phbidlautdemo.prahu-hub.com/home/hakaksesbidowner:5923
[  214137ms] [LOG] Masukkan Nama Kemasan @ https://phbidlautdemo.prahu-hub.com/home/hakaksesbidowner:5923
[  214137ms] [LOG] undefined @ https://phbidlautdemo.prahu-hub.com/home/hakaksesbidowner:5923
[  214138ms] [LOG] WebSocket connection @ https://phbidlautdemo.prahu-hub.com/home/hakaksesbidowner:5966
[  214138ms] [LOG] WebSocket connection attempting... @ https://phbidlautdemo.prahu-hub.com/home/hakaksesbidowner:6044
[  214270ms] [LOG] WebSocket connected @ https://phbidlautdemo.prahu-hub.com/home/hakaksesbidowner:5975
[  214274ms] [LOG] update_dashboard_order_laut @ https://phbidlautdemo.prahu-hub.com/home/hakaksesbidowner:6016
[  214300ms] [LOG] Connected @ https://phbidlautdemo.prahu-hub.com/home/hakaksesbidowner:6016
[  214418ms] [LOG] [Object, Object, Object, Object, Object, Object, Object, Object, Object, Object, Object, Object, Object, Object, Object, Object, Object, Object, Object, Object] @ https://phbidlautdemo.prahu-hub.com/_resources/themes/prahutheme/javascript/custom/hakaksesbidowner.js?m=1787972929:124
[  214432ms] [LOG] 23 @ https://phbidlautdemo.prahu-hub.com/_resources/themes/prahutheme/javascript/custom/hakaksesbidowner.js?m=1787972929:775
[  214433ms] [LOG] 23 countView1 1 pageNow 20 limitView1 @ https://phbidlautdemo.prahu-hub.com/_resources/themes/prahutheme/javascript/custom/hakaksesbidowner.js?m=1787972929:777
[  214433ms] [LOG] 20 @ https://phbidlautdemo.prahu-hub.com/_resources/themes/prahutheme/javascript/custom/hakaksesbidowner.js?m=1787972929:783
[  214434ms] [LOG] 23 jumlah data @ https://phbidlautdemo.prahu-hub.com/_resources/themes/prahutheme/javascript/custom/hakaksesbidowner.js?m=1787972929:740
[  214434ms] [LOG] 2 @ https://phbidlautdemo.prahu-hub.com/_resources/themes/prahutheme/javascript/custom/hakaksesbidowner.js?m=1787972929:742
[  214435ms] [LOG] 2 1 pageCount & pageNow @ https://phbidlautdemo.prahu-hub.com/_resources/themes/prahutheme/javascript/custom/hakaksesbidowner.js?m=1787972929:666
[  214438ms] [LOG] 200 xhrglobal @ https://phbidlautdemo.prahu-hub.com/home/hakaksesbidowner:5897
[  214438ms] [LOG] ce.fn.init stepItem @ https://phbidlautdemo.prahu-hub.com/_resources/themes/prahutheme/javascript/custom/hakaksesbidowner.js?m=1787972929:640
[  214535ms] [LOG] 200 xhrglobal @ https://phbidlautdemo.prahu-hub.com/home/hakaksesbidowner:5897
[  214596ms] [LOG] 200 xhrglobal @ https://phbidlautdemo.prahu-hub.com/home/hakaksesbidowner:5897
[  216160ms] TypeError: $(...).DataTable is not a function
    at https://phbidlautdemo.prahu-hub.com/_resources/themes/prahutheme/js/scripts-init/tables.js:7:23
[  217175ms] Cannot use import statement outside a module
[  217208ms] ReferenceError: Chart is not defined
    at https://phbidlautdemo.prahu-hub.com/_resources/themes/prahutheme/js/scripts-init/charts/chartjs.js:8:13
[  217371ms] Unexpected token '<'
[  217379ms] Unexpected token '<'
[  217439ms] Uncaught TypeError: expect element to be DOM Element, but got null
    at n.init (https://cdnjs.cloudflare.com/ajax/libs/smooth-scrollbar/8.5.2/smooth-scrollbar.js:24:264)
    at <anonymous> (https://phbidlautdemo.prahu-hub.com/home/hakaksesbidder:5501:14)
[  217477ms] [LOG] Pengaturan Akunnamanya @ https://phbidlautdemo.prahu-hub.com/home/hakaksesbidder:2040
[  217486ms] [LOG] Masukkan Nama Hak Akses @ https://phbidlautdemo.prahu-hub.com/home/hakaksesbidder:5854
[  217487ms] [LOG] undefined @ https://phbidlautdemo.prahu-hub.com/home/hakaksesbidder:5854
[  217487ms] [LOG] undefined @ https://phbidlautdemo.prahu-hub.com/home/hakaksesbidder:5854
[  217487ms] [LOG] Masukkan Nama Kemasan @ https://phbidlautdemo.prahu-hub.com/home/hakaksesbidder:5854
[  217487ms] [LOG] undefined @ https://phbidlautdemo.prahu-hub.com/home/hakaksesbidder:5854
[  217488ms] [LOG] WebSocket connection @ https://phbidlautdemo.prahu-hub.com/home/hakaksesbidder:5897
[  217489ms] [LOG] WebSocket connection attempting... @ https://phbidlautdemo.prahu-hub.com/home/hakaksesbidder:5975
[  217666ms] [LOG] WebSocket connected @ https://phbidlautdemo.prahu-hub.com/home/hakaksesbidder:5906
[  217670ms] [LOG] update_dashboard_order_laut @ https://phbidlautdemo.prahu-hub.com/home/hakaksesbidder:5947
[  217713ms] [LOG] Connected @ https://phbidlautdemo.prahu-hub.com/home/hakaksesbidder:5947
[  217733ms] [LOG] [Object, Object, Object, Object, Object, Object, Object, Object, Object, Object, Object, Object, Object, Object, Object, Object, Object, Object, Object, Object] @ https://phbidlautdemo.prahu-hub.com/_resources/themes/prahutheme/javascript/custom/hakaksesbidder.js?m=1787972929:118
[  217746ms] [LOG] 33 @ https://phbidlautdemo.prahu-hub.com/_resources/themes/prahutheme/javascript/custom/hakaksesbidder.js?m=1787972929:787
[  217746ms] [LOG] 33 countView1 1 pageNow 20 limitView1 @ https://phbidlautdemo.prahu-hub.com/_resources/themes/prahutheme/javascript/custom/hakaksesbidder.js?m=1787972929:789
[  217747ms] [LOG] 20 @ https://phbidlautdemo.prahu-hub.com/_resources/themes/prahutheme/javascript/custom/hakaksesbidder.js?m=1787972929:795
[  217747ms] [LOG] 33 jumlah data @ https://phbidlautdemo.prahu-hub.com/_resources/themes/prahutheme/javascript/custom/hakaksesbidder.js?m=1787972929:752
[  217747ms] [LOG] 2 @ https://phbidlautdemo.prahu-hub.com/_resources/themes/prahutheme/javascript/custom/hakaksesbidder.js?m=1787972929:754
[  217747ms] [LOG] 2 1 pageCount & pageNow @ https://phbidlautdemo.prahu-hub.com/_resources/themes/prahutheme/javascript/custom/hakaksesbidder.js?m=1787972929:678
[  217748ms] [LOG] 200 xhrglobal @ https://phbidlautdemo.prahu-hub.com/home/hakaksesbidder:5828
[  217749ms] [LOG] ce.fn.init stepItem @ https://phbidlautdemo.prahu-hub.com/_resources/themes/prahutheme/javascript/custom/hakaksesbidder.js?m=1787972929:652
[  217833ms] [LOG] 200 xhrglobal @ https://phbidlautdemo.prahu-hub.com/home/hakaksesbidder:5828
[  217899ms] [LOG] 200 xhrglobal @ https://phbidlautdemo.prahu-hub.com/home/hakaksesbidder:5828
[  219491ms] TypeError: $(...).DataTable is not a function
    at https://phbidlautdemo.prahu-hub.com/_resources/themes/prahutheme/js/scripts-init/tables.js:7:23
[  220810ms] Cannot use import statement outside a module
[  220855ms] ReferenceError: Chart is not defined
    at https://phbidlautdemo.prahu-hub.com/_resources/themes/prahutheme/js/scripts-init/charts/chartjs.js:8:13
[  220885ms] Unexpected token '<'
[  221025ms] Unexpected token '<'
[  221143ms] Uncaught TypeError: expect element to be DOM Element, but got null
    at n.init (https://cdnjs.cloudflare.com/ajax/libs/smooth-scrollbar/8.5.2/smooth-scrollbar.js:24:264)
    at <anonymous> (https://phbidlautdemo.prahu-hub.com/home/tambahhakaksesbidder:7466:14)
[  221178ms] [LOG] Pengaturan Akunnamanya @ https://phbidlautdemo.prahu-hub.com/home/tambahhakaksesbidder:2039
[  221189ms] [LOG] undefined @ https://phbidlautdemo.prahu-hub.com/home/tambahhakaksesbidder:7819
[  221189ms] [LOG] Masukkan Nama Hak Akses @ https://phbidlautdemo.prahu-hub.com/home/tambahhakaksesbidder:7819
[  221189ms] [LOG] undefined @ https://phbidlautdemo.prahu-hub.com/home/tambahhakaksesbidder:7819
[  221189ms] [LOG] undefined @ https://phbidlautdemo.prahu-hub.com/home/tambahhakaksesbidder:7819
[  221190ms] [LOG] undefined @ https://phbidlautdemo.prahu-hub.com/home/tambahhakaksesbidder:7819
[  221190ms] [LOG] undefined @ https://phbidlautdemo.prahu-hub.com/home/tambahhakaksesbidder:7819
[  221190ms] [LOG] undefined @ https://phbidlautdemo.prahu-hub.com/home/tambahhakaksesbidder:7819
[  221190ms] [LOG] undefined @ https://phbidlautdemo.prahu-hub.com/home/tambahhakaksesbidder:7819
[  221190ms] [LOG] undefined @ https://phbidlautdemo.prahu-hub.com/home/tambahhakaksesbidder:7819
[  221190ms] [LOG] undefined @ https://phbidlautdemo.prahu-hub.com/home/tambahhakaksesbidder:7819
[  221191ms] [LOG] undefined @ https://phbidlautdemo.prahu-hub.com/home/tambahhakaksesbidder:7819
[  221191ms] [LOG] undefined @ https://phbidlautdemo.prahu-hub.com/home/tambahhakaksesbidder:7819
[  221191ms] [LOG] undefined @ https://phbidlautdemo.prahu-hub.com/home/tambahhakaksesbidder:7819
[  221191ms] [LOG] undefined @ https://phbidlautdemo.prahu-hub.com/home/tambahhakaksesbidder:7819
[  221191ms] [LOG] undefined @ https://phbidlautdemo.prahu-hub.com/home/tambahhakaksesbidder:7819
[  221192ms] [LOG] undefined @ https://phbidlautdemo.prahu-hub.com/home/tambahhakaksesbidder:7819
[  221192ms] [LOG] undefined @ https://phbidlautdemo.prahu-hub.com/home/tambahhakaksesbidder:7819
[  221192ms] [LOG] undefined @ https://phbidlautdemo.prahu-hub.com/home/tambahhakaksesbidder:7819
[  221192ms] [LOG] undefined @ https://phbidlautdemo.prahu-hub.com/home/tambahhakaksesbidder:7819
[  221192ms] [LOG] undefined @ https://phbidlautdemo.prahu-hub.com/home/tambahhakaksesbidder:7819
[  221192ms] [LOG] undefined @ https://phbidlautdemo.prahu-hub.com/home/tambahhakaksesbidder:7819
[  221193ms] [LOG] undefined @ https://phbidlautdemo.prahu-hub.com/home/tambahhakaksesbidder:7819
[  221193ms] [LOG] undefined @ https://phbidlautdemo.prahu-hub.com/home/tambahhakaksesbidder:7819
[  221193ms] [LOG] undefined @ https://phbidlautdemo.prahu-hub.com/home/tambahhakaksesbidder:7819
[  221193ms] [LOG] undefined @ https://phbidlautdemo.prahu-hub.com/home/tambahhakaksesbidder:7819
[  221193ms] [LOG] undefined @ https://phbidlautdemo.prahu-hub.com/home/tambahhakaksesbidder:7819
[  221193ms] [LOG] undefined @ https://phbidlautdemo.prahu-hub.com/home/tambahhakaksesbidder:7819
[  221194ms] [LOG] undefined @ https://phbidlautdemo.prahu-hub.com/home/tambahhakaksesbidder:7819
[  221194ms] [LOG] undefined @ https://phbidlautdemo.prahu-hub.com/home/tambahhakaksesbidder:7819
[  221194ms] [LOG] undefined @ https://phbidlautdemo.prahu-hub.com/home/tambahhakaksesbidder:7819
[  221194ms] [LOG] undefined @ https://phbidlautdemo.prahu-hub.com/home/tambahhakaksesbidder:7819
[  221194ms] [LOG] undefined @ https://phbidlautdemo.prahu-hub.com/home/tambahhakaksesbidder:7819
[  221194ms] [LOG] undefined @ https://phbidlautdemo.prahu-hub.com/home/tambahhakaksesbidder:7819
[  221195ms] [LOG] undefined @ https://phbidlautdemo.prahu-hub.com/home/tambahhakaksesbidder:7819
[  221195ms] [LOG] undefined @ https://phbidlautdemo.prahu-hub.com/home/tambahhakaksesbidder:7819
[  221195ms] [LOG] undefined @ https://phbidlautdemo.prahu-hub.com/home/tambahhakaksesbidder:7819
[  221195ms] [LOG] undefined @ https://phbidlautdemo.prahu-hub.com/home/tambahhakaksesbidder:7819
[  221195ms] [LOG] undefined @ https://phbidlautdemo.prahu-hub.com/home/tambahhakaksesbidder:7819
[  221196ms] [LOG] undefined @ https://phbidlautdemo.prahu-hub.com/home/tambahhakaksesbidder:7819
[  221196ms] [LOG] undefined @ https://phbidlautdemo.prahu-hub.com/home/tambahhakaksesbidder:7819
[  221196ms] [LOG] undefined @ https://phbidlautdemo.prahu-hub.com/home/tambahhakaksesbidder:7819
[  221196ms] [LOG] undefined @ https://phbidlautdemo.prahu-hub.com/home/tambahhakaksesbidder:7819
[  221196ms] [LOG] undefined @ https://phbidlautdemo.prahu-hub.com/home/tambahhakaksesbidder:7819
[  221196ms] [LOG] undefined @ https://phbidlautdemo.prahu-hub.com/home/tambahhakaksesbidder:7819
[  221197ms] [LOG] undefined @ https://phbidlautdemo.prahu-hub.com/home/tambahhakaksesbidder:7819
[  221197ms] [LOG] undefined @ https://phbidlautdemo.prahu-hub.com/home/tambahhakaksesbidder:7819
[  221197ms] [LOG] undefined @ https://phbidlautdemo.prahu-hub.com/home/tambahhakaksesbidder:7819
[  221197ms] [LOG] undefined @ https://phbidlautdemo.prahu-hub.com/home/tambahhakaksesbidder:7819
[  221197ms] [LOG] undefined @ https://phbidlautdemo.prahu-hub.com/home/tambahhakaksesbidder:7819
[  221197ms] [LOG] undefined @ https://phbidlautdemo.prahu-hub.com/home/tambahhakaksesbidder:7819
[  221198ms] [LOG] undefined @ https://phbidlautdemo.prahu-hub.com/home/tambahhakaksesbidder:7819
[  221198ms] [LOG] undefined @ https://phbidlautdemo.prahu-hub.com/home/tambahhakaksesbidder:7819
[  221198ms] [LOG] undefined @ https://phbidlautdemo.prahu-hub.com/home/tambahhakaksesbidder:7819
[  221198ms] [LOG] undefined @ https://phbidlautdemo.prahu-hub.com/home/tambahhakaksesbidder:7819
[  221198ms] [LOG] undefined @ https://phbidlautdemo.prahu-hub.com/home/tambahhakaksesbidder:7819
[  221199ms] [LOG] undefined @ https://phbidlautdemo.prahu-hub.com/home/tambahhakaksesbidder:7819
[  221199ms] [LOG] undefined @ https://phbidlautdemo.prahu-hub.com/home/tambahhakaksesbidder:7819
[  221199ms] [LOG] undefined @ https://phbidlautdemo.prahu-hub.com/home/tambahhakaksesbidder:7819
[  221199ms] [LOG] undefined @ https://phbidlautdemo.prahu-hub.com/home/tambahhakaksesbidder:7819
[  221199ms] [LOG] undefined @ https://phbidlautdemo.prahu-hub.com/home/tambahhakaksesbidder:7819
[  221199ms] [LOG] undefined @ https://phbidlautdemo.prahu-hub.com/home/tambahhakaksesbidder:7819
[  221200ms] [LOG] undefined @ https://phbidlautdemo.prahu-hub.com/home/tambahhakaksesbidder:7819
[  221200ms] [LOG] undefined @ https://phbidlautdemo.prahu-hub.com/home/tambahhakaksesbidder:7819
[  221200ms] [LOG] undefined @ https://phbidlautdemo.prahu-hub.com/home/tambahhakaksesbidder:7819
[  221200ms] [LOG] undefined @ https://phbidlautdemo.prahu-hub.com/home/tambahhakaksesbidder:7819
[  221200ms] [LOG] undefined @ https://phbidlautdemo.prahu-hub.com/home/tambahhakaksesbidder:7819
[  221200ms] [LOG] undefined @ https://phbidlautdemo.prahu-hub.com/home/tambahhakaksesbidder:7819
[  221201ms] [LOG] undefined @ https://phbidlautdemo.prahu-hub.com/home/tambahhakaksesbidder:7819
[  221201ms] [LOG] undefined @ https://phbidlautdemo.prahu-hub.com/home/tambahhakaksesbidder:7819
[  221201ms] [LOG] undefined @ https://phbidlautdemo.prahu-hub.com/home/tambahhakaksesbidder:7819
[  221201ms] [LOG] undefined @ https://phbidlautdemo.prahu-hub.com/home/tambahhakaksesbidder:7819
[  221201ms] [LOG] undefined @ https://phbidlautdemo.prahu-hub.com/home/tambahhakaksesbidder:7819
[  221201ms] [LOG] undefined @ https://phbidlautdemo.prahu-hub.com/home/tambahhakaksesbidder:7819
[  221202ms] [LOG] undefined @ https://phbidlautdemo.prahu-hub.com/home/tambahhakaksesbidder:7819
[  221202ms] [LOG] undefined @ https://phbidlautdemo.prahu-hub.com/home/tambahhakaksesbidder:7819
[  221202ms] [LOG] undefined @ https://phbidlautdemo.prahu-hub.com/home/tambahhakaksesbidder:7819
[  221202ms] [LOG] undefined @ https://phbidlautdemo.prahu-hub.com/home/tambahhakaksesbidder:7819
[  221202ms] [LOG] undefined @ https://phbidlautdemo.prahu-hub.com/home/tambahhakaksesbidder:7819
[  221202ms] [LOG] undefined @ https://phbidlautdemo.prahu-hub.com/home/tambahhakaksesbidder:7819
[  221203ms] [LOG] undefined @ https://phbidlautdemo.prahu-hub.com/home/tambahhakaksesbidder:7819
[  221203ms] [LOG] undefined @ https://phbidlautdemo.prahu-hub.com/home/tambahhakaksesbidder:7819
[  221203ms] [LOG] undefined @ https://phbidlautdemo.prahu-hub.com/home/tambahhakaksesbidder:7819
[  221204ms] [LOG] WebSocket connection @ https://phbidlautdemo.prahu-hub.com/home/tambahhakaksesbidder:7862
[  221205ms] [LOG] WebSocket connection attempting... @ https://phbidlautdemo.prahu-hub.com/home/tambahhakaksesbidder:7940
[  221389ms] [LOG] WebSocket connected @ https://phbidlautdemo.prahu-hub.com/home/tambahhakaksesbidder:7871
[  221398ms] [LOG] update_dashboard_order_laut @ https://phbidlautdemo.prahu-hub.com/home/tambahhakaksesbidder:7912
[  221461ms] [LOG] Connected @ https://phbidlautdemo.prahu-hub.com/home/tambahhakaksesbidder:7912
[  221562ms] [LOG] 200 xhrglobal @ https://phbidlautdemo.prahu-hub.com/home/tambahhakaksesbidder:7793
[  221608ms] [LOG] 200 xhrglobal @ https://phbidlautdemo.prahu-hub.com/home/tambahhakaksesbidder:7793
[  223604ms] Cannot use import statement outside a module
[  223658ms] ReferenceError: Chart is not defined
    at https://phbidlautdemo.prahu-hub.com/_resources/themes/prahutheme/js/scripts-init/charts/chartjs.js:8:13
[  223663ms] Unexpected token '<'
[  223743ms] Unexpected token '<'
[  223906ms] Uncaught TypeError: expect element to be DOM Element, but got null
    at n.init (https://cdnjs.cloudflare.com/ajax/libs/smooth-scrollbar/8.5.2/smooth-scrollbar.js:24:264)
    at <anonymous> (https://phbidlautdemo.prahu-hub.com/home/tambahhakaksesbidowner:7868:14)
[  223940ms] [LOG] Pengaturan Akunnamanya @ https://phbidlautdemo.prahu-hub.com/home/tambahhakaksesbidowner:2039
[  223951ms] [LOG] undefined @ https://phbidlautdemo.prahu-hub.com/home/tambahhakaksesbidowner:8221
[  223951ms] [LOG] Masukkan Nama Hak Akses @ https://phbidlautdemo.prahu-hub.com/home/tambahhakaksesbidowner:8221
[  223952ms] [LOG] undefined @ https://phbidlautdemo.prahu-hub.com/home/tambahhakaksesbidowner:8221
[  223952ms] [LOG] undefined @ https://phbidlautdemo.prahu-hub.com/home/tambahhakaksesbidowner:8221
[  223952ms] [LOG] undefined @ https://phbidlautdemo.prahu-hub.com/home/tambahhakaksesbidowner:8221
[  223952ms] [LOG] undefined @ https://phbidlautdemo.prahu-hub.com/home/tambahhakaksesbidowner:8221
[  223952ms] [LOG] undefined @ https://phbidlautdemo.prahu-hub.com/home/tambahhakaksesbidowner:8221
[  223952ms] [LOG] undefined @ https://phbidlautdemo.prahu-hub.com/home/tambahhakaksesbidowner:8221
[  223953ms] [LOG] undefined @ https://phbidlautdemo.prahu-hub.com/home/tambahhakaksesbidowner:8221
[  223953ms] [LOG] undefined @ https://phbidlautdemo.prahu-hub.com/home/tambahhakaksesbidowner:8221
[  223953ms] [LOG] undefined @ https://phbidlautdemo.prahu-hub.com/home/tambahhakaksesbidowner:8221
[  223953ms] [LOG] undefined @ https://phbidlautdemo.prahu-hub.com/home/tambahhakaksesbidowner:8221
[  223953ms] [LOG] undefined @ https://phbidlautdemo.prahu-hub.com/home/tambahhakaksesbidowner:8221
[  223953ms] [LOG] undefined @ https://phbidlautdemo.prahu-hub.com/home/tambahhakaksesbidowner:8221
[  223954ms] [LOG] undefined @ https://phbidlautdemo.prahu-hub.com/home/tambahhakaksesbidowner:8221
[  223954ms] [LOG] undefined @ https://phbidlautdemo.prahu-hub.com/home/tambahhakaksesbidowner:8221
[  223954ms] [LOG] undefined @ https://phbidlautdemo.prahu-hub.com/home/tambahhakaksesbidowner:8221
[  223954ms] [LOG] undefined @ https://phbidlautdemo.prahu-hub.com/home/tambahhakaksesbidowner:8221
[  223954ms] [LOG] undefined @ https://phbidlautdemo.prahu-hub.com/home/tambahhakaksesbidowner:8221
[  223954ms] [LOG] undefined @ https://phbidlautdemo.prahu-hub.com/home/tambahhakaksesbidowner:8221
[  223955ms] [LOG] undefined @ https://phbidlautdemo.prahu-hub.com/home/tambahhakaksesbidowner:8221
[  223955ms] [LOG] undefined @ https://phbidlautdemo.prahu-hub.com/home/tambahhakaksesbidowner:8221
[  223955ms] [LOG] undefined @ https://phbidlautdemo.prahu-hub.com/home/tambahhakaksesbidowner:8221
[  223955ms] [LOG] undefined @ https://phbidlautdemo.prahu-hub.com/home/tambahhakaksesbidowner:8221
[  223955ms] [LOG] undefined @ https://phbidlautdemo.prahu-hub.com/home/tambahhakaksesbidowner:8221
[  223955ms] [LOG] undefined @ https://phbidlautdemo.prahu-hub.com/home/tambahhakaksesbidowner:8221
[  223955ms] [LOG] undefined @ https://phbidlautdemo.prahu-hub.com/home/tambahhakaksesbidowner:8221
[  223956ms] [LOG] undefined @ https://phbidlautdemo.prahu-hub.com/home/tambahhakaksesbidowner:8221
[  223956ms] [LOG] undefined @ https://phbidlautdemo.prahu-hub.com/home/tambahhakaksesbidowner:8221
[  223956ms] [LOG] undefined @ https://phbidlautdemo.prahu-hub.com/home/tambahhakaksesbidowner:8221
[  223956ms] [LOG] undefined @ https://phbidlautdemo.prahu-hub.com/home/tambahhakaksesbidowner:8221
[  223956ms] [LOG] undefined @ https://phbidlautdemo.prahu-hub.com/home/tambahhakaksesbidowner:8221
[  223956ms] [LOG] undefined @ https://phbidlautdemo.prahu-hub.com/home/tambahhakaksesbidowner:8221
[  223957ms] [LOG] undefined @ https://phbidlautdemo.prahu-hub.com/home/tambahhakaksesbidowner:8221
[  223957ms] [LOG] undefined @ https://phbidlautdemo.prahu-hub.com/home/tambahhakaksesbidowner:8221
[  223957ms] [LOG] undefined @ https://phbidlautdemo.prahu-hub.com/home/tambahhakaksesbidowner:8221
[  223957ms] [LOG] undefined @ https://phbidlautdemo.prahu-hub.com/home/tambahhakaksesbidowner:8221
[  223957ms] [LOG] undefined @ https://phbidlautdemo.prahu-hub.com/home/tambahhakaksesbidowner:8221
[  223957ms] [LOG] undefined @ https://phbidlautdemo.prahu-hub.com/home/tambahhakaksesbidowner:8221
[  223958ms] [LOG] undefined @ https://phbidlautdemo.prahu-hub.com/home/tambahhakaksesbidowner:8221
[  223958ms] [LOG] undefined @ https://phbidlautdemo.prahu-hub.com/home/tambahhakaksesbidowner:8221
[  223958ms] [LOG] undefined @ https://phbidlautdemo.prahu-hub.com/home/tambahhakaksesbidowner:8221
[  223958ms] [LOG] undefined @ https://phbidlautdemo.prahu-hub.com/home/tambahhakaksesbidowner:8221
[  223958ms] [LOG] undefined @ https://phbidlautdemo.prahu-hub.com/home/tambahhakaksesbidowner:8221
[  223959ms] [LOG] undefined @ https://phbidlautdemo.prahu-hub.com/home/tambahhakaksesbidowner:8221
[  223959ms] [LOG] undefined @ https://phbidlautdemo.prahu-hub.com/home/tambahhakaksesbidowner:8221
[  223959ms] [LOG] undefined @ https://phbidlautdemo.prahu-hub.com/home/tambahhakaksesbidowner:8221
[  223959ms] [LOG] undefined @ https://phbidlautdemo.prahu-hub.com/home/tambahhakaksesbidowner:8221
[  223959ms] [LOG] undefined @ https://phbidlautdemo.prahu-hub.com/home/tambahhakaksesbidowner:8221
[  223959ms] [LOG] undefined @ https://phbidlautdemo.prahu-hub.com/home/tambahhakaksesbidowner:8221
[  223960ms] [LOG] undefined @ https://phbidlautdemo.prahu-hub.com/home/tambahhakaksesbidowner:8221
[  223960ms] [LOG] undefined @ https://phbidlautdemo.prahu-hub.com/home/tambahhakaksesbidowner:8221
[  223960ms] [LOG] undefined @ https://phbidlautdemo.prahu-hub.com/home/tambahhakaksesbidowner:8221
[  223960ms] [LOG] undefined @ https://phbidlautdemo.prahu-hub.com/home/tambahhakaksesbidowner:8221
[  223960ms] [LOG] undefined @ https://phbidlautdemo.prahu-hub.com/home/tambahhakaksesbidowner:8221
[  223960ms] [LOG] undefined @ https://phbidlautdemo.prahu-hub.com/home/tambahhakaksesbidowner:8221
[  223961ms] [LOG] undefined @ https://phbidlautdemo.prahu-hub.com/home/tambahhakaksesbidowner:8221
[  223961ms] [LOG] undefined @ https://phbidlautdemo.prahu-hub.com/home/tambahhakaksesbidowner:8221
[  223961ms] [LOG] undefined @ https://phbidlautdemo.prahu-hub.com/home/tambahhakaksesbidowner:8221
[  223961ms] [LOG] undefined @ https://phbidlautdemo.prahu-hub.com/home/tambahhakaksesbidowner:8221
[  223961ms] [LOG] undefined @ https://phbidlautdemo.prahu-hub.com/home/tambahhakaksesbidowner:8221
[  223961ms] [LOG] undefined @ https://phbidlautdemo.prahu-hub.com/home/tambahhakaksesbidowner:8221
[  223962ms] [LOG] undefined @ https://phbidlautdemo.prahu-hub.com/home/tambahhakaksesbidowner:8221
[  223962ms] [LOG] undefined @ https://phbidlautdemo.prahu-hub.com/home/tambahhakaksesbidowner:8221
[  223962ms] [LOG] undefined @ https://phbidlautdemo.prahu-hub.com/home/tambahhakaksesbidowner:8221
[  223962ms] [LOG] undefined @ https://phbidlautdemo.prahu-hub.com/home/tambahhakaksesbidowner:8221
[  223962ms] [LOG] undefined @ https://phbidlautdemo.prahu-hub.com/home/tambahhakaksesbidowner:8221
[  223962ms] [LOG] undefined @ https://phbidlautdemo.prahu-hub.com/home/tambahhakaksesbidowner:8221
[  223963ms] [LOG] undefined @ https://phbidlautdemo.prahu-hub.com/home/tambahhakaksesbidowner:8221
[  223963ms] [LOG] undefined @ https://phbidlautdemo.prahu-hub.com/home/tambahhakaksesbidowner:8221
[  223963ms] [LOG] undefined @ https://phbidlautdemo.prahu-hub.com/home/tambahhakaksesbidowner:8221
[  223963ms] [LOG] undefined @ https://phbidlautdemo.prahu-hub.com/home/tambahhakaksesbidowner:8221
[  223963ms] [LOG] undefined @ https://phbidlautdemo.prahu-hub.com/home/tambahhakaksesbidowner:8221
[  223963ms] [LOG] undefined @ https://phbidlautdemo.prahu-hub.com/home/tambahhakaksesbidowner:8221
[  223964ms] [LOG] undefined @ https://phbidlautdemo.prahu-hub.com/home/tambahhakaksesbidowner:8221
[  223964ms] [LOG] undefined @ https://phbidlautdemo.prahu-hub.com/home/tambahhakaksesbidowner:8221
[  223964ms] [LOG] undefined @ https://phbidlautdemo.prahu-hub.com/home/tambahhakaksesbidowner:8221
[  223964ms] [LOG] undefined @ https://phbidlautdemo.prahu-hub.com/home/tambahhakaksesbidowner:8221
[  223964ms] [LOG] undefined @ https://phbidlautdemo.prahu-hub.com/home/tambahhakaksesbidowner:8221
[  223964ms] [LOG] undefined @ https://phbidlautdemo.prahu-hub.com/home/tambahhakaksesbidowner:8221
[  223965ms] [LOG] undefined @ https://phbidlautdemo.prahu-hub.com/home/tambahhakaksesbidowner:8221
[  223965ms] [LOG] undefined @ https://phbidlautdemo.prahu-hub.com/home/tambahhakaksesbidowner:8221
[  223965ms] [LOG] undefined @ https://phbidlautdemo.prahu-hub.com/home/tambahhakaksesbidowner:8221
[  223965ms] [LOG] undefined @ https://phbidlautdemo.prahu-hub.com/home/tambahhakaksesbidowner:8221
[  223965ms] [LOG] undefined @ https://phbidlautdemo.prahu-hub.com/home/tambahhakaksesbidowner:8221
[  223965ms] [LOG] undefined @ https://phbidlautdemo.prahu-hub.com/home/tambahhakaksesbidowner:8221
[  223966ms] [LOG] undefined @ https://phbidlautdemo.prahu-hub.com/home/tambahhakaksesbidowner:8221
[  223966ms] [LOG] undefined @ https://phbidlautdemo.prahu-hub.com/home/tambahhakaksesbidowner:8221
[  223966ms] [LOG] undefined @ https://phbidlautdemo.prahu-hub.com/home/tambahhakaksesbidowner:8221
[  223966ms] [LOG] undefined @ https://phbidlautdemo.prahu-hub.com/home/tambahhakaksesbidowner:8221
[  223966ms] [LOG] undefined @ https://phbidlautdemo.prahu-hub.com/home/tambahhakaksesbidowner:8221
[  223966ms] [LOG] undefined @ https://phbidlautdemo.prahu-hub.com/home/tambahhakaksesbidowner:8221
[  223966ms] [LOG] undefined @ https://phbidlautdemo.prahu-hub.com/home/tambahhakaksesbidowner:8221
[  223967ms] [LOG] undefined @ https://phbidlautdemo.prahu-hub.com/home/tambahhakaksesbidowner:8221
[  223967ms] [LOG] undefined @ https://phbidlautdemo.prahu-hub.com/home/tambahhakaksesbidowner:8221
[  223967ms] [LOG] undefined @ https://phbidlautdemo.prahu-hub.com/home/tambahhakaksesbidowner:8221
[  223967ms] [LOG] undefined @ https://phbidlautdemo.prahu-hub.com/home/tambahhakaksesbidowner:8221
[  223967ms] [LOG] undefined @ https://phbidlautdemo.prahu-hub.com/home/tambahhakaksesbidowner:8221
[  223967ms] [LOG] undefined @ https://phbidlautdemo.prahu-hub.com/home/tambahhakaksesbidowner:8221
[  223968ms] [LOG] undefined @ https://phbidlautdemo.prahu-hub.com/home/tambahhakaksesbidowner:8221
[  223968ms] [LOG] undefined @ https://phbidlautdemo.prahu-hub.com/home/tambahhakaksesbidowner:8221
[  223968ms] [LOG] undefined @ https://phbidlautdemo.prahu-hub.com/home/tambahhakaksesbidowner:8221
[  223968ms] [LOG] undefined @ https://phbidlautdemo.prahu-hub.com/home/tambahhakaksesbidowner:8221
[  223968ms] [LOG] undefined @ https://phbidlautdemo.prahu-hub.com/home/tambahhakaksesbidowner:8221
[  223968ms] [LOG] undefined @ https://phbidlautdemo.prahu-hub.com/home/tambahhakaksesbidowner:8221
[  223969ms] [LOG] undefined @ https://phbidlautdemo.prahu-hub.com/home/tambahhakaksesbidowner:8221
[  223969ms] [LOG] undefined @ https://phbidlautdemo.prahu-hub.com/home/tambahhakaksesbidowner:8221
[  223969ms] [LOG] undefined @ https://phbidlautdemo.prahu-hub.com/home/tambahhakaksesbidowner:8221
[  223969ms] [LOG] undefined @ https://phbidlautdemo.prahu-hub.com/home/tambahhakaksesbidowner:8221
[  223969ms] [LOG] undefined @ https://phbidlautdemo.prahu-hub.com/home/tambahhakaksesbidowner:8221
[  223969ms] [LOG] undefined @ https://phbidlautdemo.prahu-hub.com/home/tambahhakaksesbidowner:8221
[  223969ms] [LOG] undefined @ https://phbidlautdemo.prahu-hub.com/home/tambahhakaksesbidowner:8221
[  223970ms] [LOG] undefined @ https://phbidlautdemo.prahu-hub.com/home/tambahhakaksesbidowner:8221
[  223970ms] [LOG] undefined @ https://phbidlautdemo.prahu-hub.com/home/tambahhakaksesbidowner:8221
[  223970ms] [LOG] undefined @ https://phbidlautdemo.prahu-hub.com/home/tambahhakaksesbidowner:8221
[  223970ms] [LOG] undefined @ https://phbidlautdemo.prahu-hub.com/home/tambahhakaksesbidowner:8221
[  223970ms] [LOG] undefined @ https://phbidlautdemo.prahu-hub.com/home/tambahhakaksesbidowner:8221
[  223970ms] [LOG] undefined @ https://phbidlautdemo.prahu-hub.com/home/tambahhakaksesbidowner:8221
[  223971ms] [LOG] undefined @ https://phbidlautdemo.prahu-hub.com/home/tambahhakaksesbidowner:8221
[  223971ms] [LOG] undefined @ https://phbidlautdemo.prahu-hub.com/home/tambahhakaksesbidowner:8221
[  223971ms] [LOG] undefined @ https://phbidlautdemo.prahu-hub.com/home/tambahhakaksesbidowner:8221
[  223972ms] [LOG] WebSocket connection @ https://phbidlautdemo.prahu-hub.com/home/tambahhakaksesbidowner:8264
[  223972ms] [LOG] WebSocket connection attempting... @ https://phbidlautdemo.prahu-hub.com/home/tambahhakaksesbidowner:8342
[  224093ms] [LOG] WebSocket connected @ https://phbidlautdemo.prahu-hub.com/home/tambahhakaksesbidowner:8273
[  224096ms] [LOG] update_dashboard_order_laut @ https://phbidlautdemo.prahu-hub.com/home/tambahhakaksesbidowner:8314
[  224125ms] [LOG] Connected @ https://phbidlautdemo.prahu-hub.com/home/tambahhakaksesbidowner:8314
[  224220ms] [LOG] 200 xhrglobal @ https://phbidlautdemo.prahu-hub.com/home/tambahhakaksesbidowner:8195
[  224270ms] [LOG] 200 xhrglobal @ https://phbidlautdemo.prahu-hub.com/home/tambahhakaksesbidowner:8195
[  226427ms] Cannot use import statement outside a module
[  226487ms] ReferenceError: Chart is not defined
    at https://phbidlautdemo.prahu-hub.com/_resources/themes/prahutheme/js/scripts-init/charts/chartjs.js:8:13
[  226685ms] Unexpected token '<'
[  226688ms] Unexpected token '<'
[  226787ms] Uncaught TypeError: expect element to be DOM Element, but got null
    at n.init (https://cdnjs.cloudflare.com/ajax/libs/smooth-scrollbar/8.5.2/smooth-scrollbar.js:24:264)
    at <anonymous> (https://phbidlautdemo.prahu-hub.com/home/subuser_create/?admin=bidder:6142:14)
[  226819ms] [VERBOSE] [DOM] Input elements should have autocomplete attributes (suggested: "new-password"): (More info: https://goo.gl/9p2vKq) %o @ https://phbidlautdemo.prahu-hub.com/home/subuser_create/?admin=bidder:0
[  226832ms] [LOG] Pengaturan Akunnamanya @ https://phbidlautdemo.prahu-hub.com/home/subuser_create/?admin=bidder:2039
[  226856ms] [LOG] undefined @ https://phbidlautdemo.prahu-hub.com/home/subuser_create/?admin=bidder:6495
[  226856ms] [LOG] undefined @ https://phbidlautdemo.prahu-hub.com/home/subuser_create/?admin=bidder:6495
[  226856ms] [LOG] undefined @ https://phbidlautdemo.prahu-hub.com/home/subuser_create/?admin=bidder:6495
[  226857ms] [LOG] Masukkan Email @ https://phbidlautdemo.prahu-hub.com/home/subuser_create/?admin=bidder:6495
[  226857ms] [LOG] undefined @ https://phbidlautdemo.prahu-hub.com/home/subuser_create/?admin=bidder:6495
[  226857ms] [LOG] undefined @ https://phbidlautdemo.prahu-hub.com/home/subuser_create/?admin=bidder:6495
[  226857ms] [LOG] Masukkan Kata Sandi @ https://phbidlautdemo.prahu-hub.com/home/subuser_create/?admin=bidder:6495
[  226857ms] [LOG] Masukkan Konfirmasi Kata Sandi @ https://phbidlautdemo.prahu-hub.com/home/subuser_create/?admin=bidder:6495
[  226857ms] [LOG] Masukkan Nama Sub user @ https://phbidlautdemo.prahu-hub.com/home/subuser_create/?admin=bidder:6495
[  226857ms] [LOG] Masukkan Bagian Staff @ https://phbidlautdemo.prahu-hub.com/home/subuser_create/?admin=bidder:6495
[  226857ms] [LOG] 08xxxxxxxxx @ https://phbidlautdemo.prahu-hub.com/home/subuser_create/?admin=bidder:6495
[  226858ms] [LOG] Pilih Hak Akses User @ https://phbidlautdemo.prahu-hub.com/home/subuser_create/?admin=bidder:6495
[  226858ms] [LOG] WebSocket connection @ https://phbidlautdemo.prahu-hub.com/home/subuser_create/?admin=bidder:6538
[  226859ms] [LOG] WebSocket connection attempting... @ https://phbidlautdemo.prahu-hub.com/home/subuser_create/?admin=bidder:6616
[  227036ms] [LOG] WebSocket connected @ https://phbidlautdemo.prahu-hub.com/home/subuser_create/?admin=bidder:6547
[  227040ms] [LOG] update_dashboard_order_laut @ https://phbidlautdemo.prahu-hub.com/home/subuser_create/?admin=bidder:6588
[  227082ms] [LOG] Connected @ https://phbidlautdemo.prahu-hub.com/home/subuser_create/?admin=bidder:6588
[  227153ms] [LOG] 200 xhrglobal @ https://phbidlautdemo.prahu-hub.com/home/subuser_create/?admin=bidder:6469
[  227214ms] [LOG] 200 xhrglobal @ https://phbidlautdemo.prahu-hub.com/home/subuser_create/?admin=bidder:6469
[  228562ms] [LOG] [Object, Object, Object] @ https://phbidlautdemo.prahu-hub.com/home/subuser_create/?admin=bidder:5485
[  228564ms] [LOG] 200 xhrglobal @ https://phbidlautdemo.prahu-hub.com/home/subuser_create/?admin=bidder:6469
[  228844ms] TypeError: $(...).DataTable is not a function
    at https://phbidlautdemo.prahu-hub.com/_resources/themes/prahutheme/js/scripts-init/tables.js:7:23
[  258451ms] Cannot use import statement outside a module
[  258481ms] ReferenceError: Chart is not defined
    at https://phbidlautdemo.prahu-hub.com/_resources/themes/prahutheme/js/scripts-init/charts/chartjs.js:8:13
[  258608ms] Unexpected token '<'
[  258609ms] Unexpected token '<'
[  258782ms] Uncaught TypeError: expect element to be DOM Element, but got null
    at n.init (https://cdnjs.cloudflare.com/ajax/libs/smooth-scrollbar/8.5.2/smooth-scrollbar.js:24:264)
    at <anonymous> (https://phbidlautdemo.prahu-hub.com/home/tambahhakaksesbidowner:7868:14)
[  258827ms] [LOG] Pengaturan Akunnamanya @ https://phbidlautdemo.prahu-hub.com/home/tambahhakaksesbidowner:2039
[  258843ms] [LOG] undefined @ https://phbidlautdemo.prahu-hub.com/home/tambahhakaksesbidowner:8221
[  258844ms] [LOG] Masukkan Nama Hak Akses @ https://phbidlautdemo.prahu-hub.com/home/tambahhakaksesbidowner:8221
[  258844ms] [LOG] undefined @ https://phbidlautdemo.prahu-hub.com/home/tambahhakaksesbidowner:8221
[  258844ms] [LOG] undefined @ https://phbidlautdemo.prahu-hub.com/home/tambahhakaksesbidowner:8221
[  258844ms] [LOG] undefined @ https://phbidlautdemo.prahu-hub.com/home/tambahhakaksesbidowner:8221
[  258845ms] [LOG] undefined @ https://phbidlautdemo.prahu-hub.com/home/tambahhakaksesbidowner:8221
[  258845ms] [LOG] undefined @ https://phbidlautdemo.prahu-hub.com/home/tambahhakaksesbidowner:8221
[  258845ms] [LOG] undefined @ https://phbidlautdemo.prahu-hub.com/home/tambahhakaksesbidowner:8221
[  258845ms] [LOG] undefined @ https://phbidlautdemo.prahu-hub.com/home/tambahhakaksesbidowner:8221
[  258845ms] [LOG] undefined @ https://phbidlautdemo.prahu-hub.com/home/tambahhakaksesbidowner:8221
[  258845ms] [LOG] undefined @ https://phbidlautdemo.prahu-hub.com/home/tambahhakaksesbidowner:8221
[  258846ms] [LOG] undefined @ https://phbidlautdemo.prahu-hub.com/home/tambahhakaksesbidowner:8221
[  258846ms] [LOG] undefined @ https://phbidlautdemo.prahu-hub.com/home/tambahhakaksesbidowner:8221
[  258846ms] [LOG] undefined @ https://phbidlautdemo.prahu-hub.com/home/tambahhakaksesbidowner:8221
[  258846ms] [LOG] undefined @ https://phbidlautdemo.prahu-hub.com/home/tambahhakaksesbidowner:8221
[  258846ms] [LOG] undefined @ https://phbidlautdemo.prahu-hub.com/home/tambahhakaksesbidowner:8221
[  258846ms] [LOG] undefined @ https://phbidlautdemo.prahu-hub.com/home/tambahhakaksesbidowner:8221
[  258847ms] [LOG] undefined @ https://phbidlautdemo.prahu-hub.com/home/tambahhakaksesbidowner:8221
[  258847ms] [LOG] undefined @ https://phbidlautdemo.prahu-hub.com/home/tambahhakaksesbidowner:8221
[  258847ms] [LOG] undefined @ https://phbidlautdemo.prahu-hub.com/home/tambahhakaksesbidowner:8221
[  258847ms] [LOG] undefined @ https://phbidlautdemo.prahu-hub.com/home/tambahhakaksesbidowner:8221
[  258847ms] [LOG] undefined @ https://phbidlautdemo.prahu-hub.com/home/tambahhakaksesbidowner:8221
[  258847ms] [LOG] undefined @ https://phbidlautdemo.prahu-hub.com/home/tambahhakaksesbidowner:8221
[  258848ms] [LOG] undefined @ https://phbidlautdemo.prahu-hub.com/home/tambahhakaksesbidowner:8221
[  258848ms] [LOG] undefined @ https://phbidlautdemo.prahu-hub.com/home/tambahhakaksesbidowner:8221
[  258848ms] [LOG] undefined @ https://phbidlautdemo.prahu-hub.com/home/tambahhakaksesbidowner:8221
[  258848ms] [LOG] undefined @ https://phbidlautdemo.prahu-hub.com/home/tambahhakaksesbidowner:8221
[  258848ms] [LOG] undefined @ https://phbidlautdemo.prahu-hub.com/home/tambahhakaksesbidowner:8221
[  258848ms] [LOG] undefined @ https://phbidlautdemo.prahu-hub.com/home/tambahhakaksesbidowner:8221
[  258849ms] [LOG] undefined @ https://phbidlautdemo.prahu-hub.com/home/tambahhakaksesbidowner:8221
[  258849ms] [LOG] undefined @ https://phbidlautdemo.prahu-hub.com/home/tambahhakaksesbidowner:8221
[  258849ms] [LOG] undefined @ https://phbidlautdemo.prahu-hub.com/home/tambahhakaksesbidowner:8221
[  258849ms] [LOG] undefined @ https://phbidlautdemo.prahu-hub.com/home/tambahhakaksesbidowner:8221
[  258849ms] [LOG] undefined @ https://phbidlautdemo.prahu-hub.com/home/tambahhakaksesbidowner:8221
[  258849ms] [LOG] undefined @ https://phbidlautdemo.prahu-hub.com/home/tambahhakaksesbidowner:8221
[  258850ms] [LOG] undefined @ https://phbidlautdemo.prahu-hub.com/home/tambahhakaksesbidowner:8221
[  258850ms] [LOG] undefined @ https://phbidlautdemo.prahu-hub.com/home/tambahhakaksesbidowner:8221
[  258850ms] [LOG] undefined @ https://phbidlautdemo.prahu-hub.com/home/tambahhakaksesbidowner:8221
[  258850ms] [LOG] undefined @ https://phbidlautdemo.prahu-hub.com/home/tambahhakaksesbidowner:8221
[  258850ms] [LOG] undefined @ https://phbidlautdemo.prahu-hub.com/home/tambahhakaksesbidowner:8221
[  258850ms] [LOG] undefined @ https://phbidlautdemo.prahu-hub.com/home/tambahhakaksesbidowner:8221
[  258851ms] [LOG] undefined @ https://phbidlautdemo.prahu-hub.com/home/tambahhakaksesbidowner:8221
[  258851ms] [LOG] undefined @ https://phbidlautdemo.prahu-hub.com/home/tambahhakaksesbidowner:8221
[  258851ms] [LOG] undefined @ https://phbidlautdemo.prahu-hub.com/home/tambahhakaksesbidowner:8221
[  258851ms] [LOG] undefined @ https://phbidlautdemo.prahu-hub.com/home/tambahhakaksesbidowner:8221
[  258852ms] [LOG] undefined @ https://phbidlautdemo.prahu-hub.com/home/tambahhakaksesbidowner:8221
[  258852ms] [LOG] undefined @ https://phbidlautdemo.prahu-hub.com/home/tambahhakaksesbidowner:8221
[  258852ms] [LOG] undefined @ https://phbidlautdemo.prahu-hub.com/home/tambahhakaksesbidowner:8221
[  258852ms] [LOG] undefined @ https://phbidlautdemo.prahu-hub.com/home/tambahhakaksesbidowner:8221
[  258852ms] [LOG] undefined @ https://phbidlautdemo.prahu-hub.com/home/tambahhakaksesbidowner:8221
[  258853ms] [LOG] undefined @ https://phbidlautdemo.prahu-hub.com/home/tambahhakaksesbidowner:8221
[  258853ms] [LOG] undefined @ https://phbidlautdemo.prahu-hub.com/home/tambahhakaksesbidowner:8221
[  258853ms] [LOG] undefined @ https://phbidlautdemo.prahu-hub.com/home/tambahhakaksesbidowner:8221
[  258853ms] [LOG] undefined @ https://phbidlautdemo.prahu-hub.com/home/tambahhakaksesbidowner:8221
[  258853ms] [LOG] undefined @ https://phbidlautdemo.prahu-hub.com/home/tambahhakaksesbidowner:8221
[  258853ms] [LOG] undefined @ https://phbidlautdemo.prahu-hub.com/home/tambahhakaksesbidowner:8221
[  258854ms] [LOG] undefined @ https://phbidlautdemo.prahu-hub.com/home/tambahhakaksesbidowner:8221
[  258854ms] [LOG] undefined @ https://phbidlautdemo.prahu-hub.com/home/tambahhakaksesbidowner:8221
[  258854ms] [LOG] undefined @ https://phbidlautdemo.prahu-hub.com/home/tambahhakaksesbidowner:8221
[  258854ms] [LOG] undefined @ https://phbidlautdemo.prahu-hub.com/home/tambahhakaksesbidowner:8221
[  258854ms] [LOG] undefined @ https://phbidlautdemo.prahu-hub.com/home/tambahhakaksesbidowner:8221
[  258855ms] [LOG] undefined @ https://phbidlautdemo.prahu-hub.com/home/tambahhakaksesbidowner:8221
[  258855ms] [LOG] undefined @ https://phbidlautdemo.prahu-hub.com/home/tambahhakaksesbidowner:8221
[  258855ms] [LOG] undefined @ https://phbidlautdemo.prahu-hub.com/home/tambahhakaksesbidowner:8221
[  258856ms] [LOG] undefined @ https://phbidlautdemo.prahu-hub.com/home/tambahhakaksesbidowner:8221
[  258856ms] [LOG] undefined @ https://phbidlautdemo.prahu-hub.com/home/tambahhakaksesbidowner:8221
[  258856ms] [LOG] undefined @ https://phbidlautdemo.prahu-hub.com/home/tambahhakaksesbidowner:8221
[  258857ms] [LOG] undefined @ https://phbidlautdemo.prahu-hub.com/home/tambahhakaksesbidowner:8221
[  258857ms] [LOG] undefined @ https://phbidlautdemo.prahu-hub.com/home/tambahhakaksesbidowner:8221
[  258857ms] [LOG] undefined @ https://phbidlautdemo.prahu-hub.com/home/tambahhakaksesbidowner:8221
[  258857ms] [LOG] undefined @ https://phbidlautdemo.prahu-hub.com/home/tambahhakaksesbidowner:8221
[  258858ms] [LOG] undefined @ https://phbidlautdemo.prahu-hub.com/home/tambahhakaksesbidowner:8221
[  258858ms] [LOG] undefined @ https://phbidlautdemo.prahu-hub.com/home/tambahhakaksesbidowner:8221
[  258858ms] [LOG] undefined @ https://phbidlautdemo.prahu-hub.com/home/tambahhakaksesbidowner:8221
[  258859ms] [LOG] undefined @ https://phbidlautdemo.prahu-hub.com/home/tambahhakaksesbidowner:8221
[  258859ms] [LOG] undefined @ https://phbidlautdemo.prahu-hub.com/home/tambahhakaksesbidowner:8221
[  258859ms] [LOG] undefined @ https://phbidlautdemo.prahu-hub.com/home/tambahhakaksesbidowner:8221
[  258860ms] [LOG] undefined @ https://phbidlautdemo.prahu-hub.com/home/tambahhakaksesbidowner:8221
[  258860ms] [LOG] undefined @ https://phbidlautdemo.prahu-hub.com/home/tambahhakaksesbidowner:8221
[  258860ms] [LOG] undefined @ https://phbidlautdemo.prahu-hub.com/home/tambahhakaksesbidowner:8221
[  258860ms] [LOG] undefined @ https://phbidlautdemo.prahu-hub.com/home/tambahhakaksesbidowner:8221
[  258861ms] [LOG] undefined @ https://phbidlautdemo.prahu-hub.com/home/tambahhakaksesbidowner:8221
[  258861ms] [LOG] undefined @ https://phbidlautdemo.prahu-hub.com/home/tambahhakaksesbidowner:8221
[  258861ms] [LOG] undefined @ https://phbidlautdemo.prahu-hub.com/home/tambahhakaksesbidowner:8221
[  258862ms] [LOG] undefined @ https://phbidlautdemo.prahu-hub.com/home/tambahhakaksesbidowner:8221
[  258862ms] [LOG] undefined @ https://phbidlautdemo.prahu-hub.com/home/tambahhakaksesbidowner:8221
[  258863ms] [LOG] undefined @ https://phbidlautdemo.prahu-hub.com/home/tambahhakaksesbidowner:8221
[  258863ms] [LOG] undefined @ https://phbidlautdemo.prahu-hub.com/home/tambahhakaksesbidowner:8221
[  258863ms] [LOG] undefined @ https://phbidlautdemo.prahu-hub.com/home/tambahhakaksesbidowner:8221
[  258863ms] [LOG] undefined @ https://phbidlautdemo.prahu-hub.com/home/tambahhakaksesbidowner:8221
[  258864ms] [LOG] undefined @ https://phbidlautdemo.prahu-hub.com/home/tambahhakaksesbidowner:8221
[  258864ms] [LOG] undefined @ https://phbidlautdemo.prahu-hub.com/home/tambahhakaksesbidowner:8221
[  258864ms] [LOG] undefined @ https://phbidlautdemo.prahu-hub.com/home/tambahhakaksesbidowner:8221
[  258864ms] [LOG] undefined @ https://phbidlautdemo.prahu-hub.com/home/tambahhakaksesbidowner:8221
[  258864ms] [LOG] undefined @ https://phbidlautdemo.prahu-hub.com/home/tambahhakaksesbidowner:8221
[  258865ms] [LOG] undefined @ https://phbidlautdemo.prahu-hub.com/home/tambahhakaksesbidowner:8221
[  258865ms] [LOG] undefined @ https://phbidlautdemo.prahu-hub.com/home/tambahhakaksesbidowner:8221
[  258865ms] [LOG] undefined @ https://phbidlautdemo.prahu-hub.com/home/tambahhakaksesbidowner:8221
[  258866ms] [LOG] undefined @ https://phbidlautdemo.prahu-hub.com/home/tambahhakaksesbidowner:8221
[  258866ms] [LOG] undefined @ https://phbidlautdemo.prahu-hub.com/home/tambahhakaksesbidowner:8221
[  258866ms] [LOG] undefined @ https://phbidlautdemo.prahu-hub.com/home/tambahhakaksesbidowner:8221
[  258866ms] [LOG] undefined @ https://phbidlautdemo.prahu-hub.com/home/tambahhakaksesbidowner:8221
[  258867ms] [LOG] undefined @ https://phbidlautdemo.prahu-hub.com/home/tambahhakaksesbidowner:8221
[  258868ms] [LOG] undefined @ https://phbidlautdemo.prahu-hub.com/home/tambahhakaksesbidowner:8221
[  258868ms] [LOG] undefined @ https://phbidlautdemo.prahu-hub.com/home/tambahhakaksesbidowner:8221
[  258868ms] [LOG] undefined @ https://phbidlautdemo.prahu-hub.com/home/tambahhakaksesbidowner:8221
[  258868ms] [LOG] undefined @ https://phbidlautdemo.prahu-hub.com/home/tambahhakaksesbidowner:8221
[  258869ms] [LOG] undefined @ https://phbidlautdemo.prahu-hub.com/home/tambahhakaksesbidowner:8221
[  258869ms] [LOG] undefined @ https://phbidlautdemo.prahu-hub.com/home/tambahhakaksesbidowner:8221
[  258870ms] [LOG] undefined @ https://phbidlautdemo.prahu-hub.com/home/tambahhakaksesbidowner:8221
[  258870ms] [LOG] undefined @ https://phbidlautdemo.prahu-hub.com/home/tambahhakaksesbidowner:8221
[  258870ms] [LOG] undefined @ https://phbidlautdemo.prahu-hub.com/home/tambahhakaksesbidowner:8221
[  258870ms] [LOG] undefined @ https://phbidlautdemo.prahu-hub.com/home/tambahhakaksesbidowner:8221
[  258871ms] [LOG] undefined @ https://phbidlautdemo.prahu-hub.com/home/tambahhakaksesbidowner:8221
[  258871ms] [LOG] undefined @ https://phbidlautdemo.prahu-hub.com/home/tambahhakaksesbidowner:8221
[  258871ms] [LOG] undefined @ https://phbidlautdemo.prahu-hub.com/home/tambahhakaksesbidowner:8221
[  258872ms] [LOG] undefined @ https://phbidlautdemo.prahu-hub.com/home/tambahhakaksesbidowner:8221
[  258872ms] [LOG] undefined @ https://phbidlautdemo.prahu-hub.com/home/tambahhakaksesbidowner:8221
[  258872ms] [LOG] undefined @ https://phbidlautdemo.prahu-hub.com/home/tambahhakaksesbidowner:8221
[  258872ms] [LOG] undefined @ https://phbidlautdemo.prahu-hub.com/home/tambahhakaksesbidowner:8221
[  258872ms] [LOG] undefined @ https://phbidlautdemo.prahu-hub.com/home/tambahhakaksesbidowner:8221
[  258873ms] [LOG] WebSocket connection @ https://phbidlautdemo.prahu-hub.com/home/tambahhakaksesbidowner:8264
[  258874ms] [LOG] WebSocket connection attempting... @ https://phbidlautdemo.prahu-hub.com/home/tambahhakaksesbidowner:8342
[  259015ms] [LOG] WebSocket connected @ https://phbidlautdemo.prahu-hub.com/home/tambahhakaksesbidowner:8273
[  259019ms] [LOG] update_dashboard_order_laut @ https://phbidlautdemo.prahu-hub.com/home/tambahhakaksesbidowner:8314
[  259048ms] [LOG] Connected @ https://phbidlautdemo.prahu-hub.com/home/tambahhakaksesbidowner:8314
[  259177ms] [LOG] 200 xhrglobal @ https://phbidlautdemo.prahu-hub.com/home/tambahhakaksesbidowner:8195
[  259228ms] [LOG] 200 xhrglobal @ https://phbidlautdemo.prahu-hub.com/home/tambahhakaksesbidowner:8195
[  261259ms] Cannot use import statement outside a module
[  261328ms] ReferenceError: Chart is not defined
    at https://phbidlautdemo.prahu-hub.com/_resources/themes/prahutheme/js/scripts-init/charts/chartjs.js:8:13
[  261470ms] Unexpected token '<'
[  261471ms] Unexpected token '<'
[  261580ms] Uncaught TypeError: expect element to be DOM Element, but got null
    at n.init (https://cdnjs.cloudflare.com/ajax/libs/smooth-scrollbar/8.5.2/smooth-scrollbar.js:24:264)
    at <anonymous> (https://phbidlautdemo.prahu-hub.com/home/tambahhakaksesbidder:7466:14)
[  261618ms] [LOG] Pengaturan Akunnamanya @ https://phbidlautdemo.prahu-hub.com/home/tambahhakaksesbidder:2039
[  261628ms] [LOG] undefined @ https://phbidlautdemo.prahu-hub.com/home/tambahhakaksesbidder:7819
[  261628ms] [LOG] Masukkan Nama Hak Akses @ https://phbidlautdemo.prahu-hub.com/home/tambahhakaksesbidder:7819
[  261628ms] [LOG] undefined @ https://phbidlautdemo.prahu-hub.com/home/tambahhakaksesbidder:7819
[  261629ms] [LOG] undefined @ https://phbidlautdemo.prahu-hub.com/home/tambahhakaksesbidder:7819
[  261629ms] [LOG] undefined @ https://phbidlautdemo.prahu-hub.com/home/tambahhakaksesbidder:7819
[  261629ms] [LOG] undefined @ https://phbidlautdemo.prahu-hub.com/home/tambahhakaksesbidder:7819
[  261629ms] [LOG] undefined @ https://phbidlautdemo.prahu-hub.com/home/tambahhakaksesbidder:7819
[  261629ms] [LOG] undefined @ https://phbidlautdemo.prahu-hub.com/home/tambahhakaksesbidder:7819
[  261629ms] [LOG] undefined @ https://phbidlautdemo.prahu-hub.com/home/tambahhakaksesbidder:7819
[  261629ms] [LOG] undefined @ https://phbidlautdemo.prahu-hub.com/home/tambahhakaksesbidder:7819
[  261630ms] [LOG] undefined @ https://phbidlautdemo.prahu-hub.com/home/tambahhakaksesbidder:7819
[  261630ms] [LOG] undefined @ https://phbidlautdemo.prahu-hub.com/home/tambahhakaksesbidder:7819
[  261630ms] [LOG] undefined @ https://phbidlautdemo.prahu-hub.com/home/tambahhakaksesbidder:7819
[  261630ms] [LOG] undefined @ https://phbidlautdemo.prahu-hub.com/home/tambahhakaksesbidder:7819
[  261630ms] [LOG] undefined @ https://phbidlautdemo.prahu-hub.com/home/tambahhakaksesbidder:7819
[  261630ms] [LOG] undefined @ https://phbidlautdemo.prahu-hub.com/home/tambahhakaksesbidder:7819
[  261630ms] [LOG] undefined @ https://phbidlautdemo.prahu-hub.com/home/tambahhakaksesbidder:7819
[  261631ms] [LOG] undefined @ https://phbidlautdemo.prahu-hub.com/home/tambahhakaksesbidder:7819
[  261631ms] [LOG] undefined @ https://phbidlautdemo.prahu-hub.com/home/tambahhakaksesbidder:7819
[  261631ms] [LOG] undefined @ https://phbidlautdemo.prahu-hub.com/home/tambahhakaksesbidder:7819
[  261631ms] [LOG] undefined @ https://phbidlautdemo.prahu-hub.com/home/tambahhakaksesbidder:7819
[  261631ms] [LOG] undefined @ https://phbidlautdemo.prahu-hub.com/home/tambahhakaksesbidder:7819
[  261631ms] [LOG] undefined @ https://phbidlautdemo.prahu-hub.com/home/tambahhakaksesbidder:7819
[  261632ms] [LOG] undefined @ https://phbidlautdemo.prahu-hub.com/home/tambahhakaksesbidder:7819
[  261632ms] [LOG] undefined @ https://phbidlautdemo.prahu-hub.com/home/tambahhakaksesbidder:7819
[  261632ms] [LOG] undefined @ https://phbidlautdemo.prahu-hub.com/home/tambahhakaksesbidder:7819
[  261632ms] [LOG] undefined @ https://phbidlautdemo.prahu-hub.com/home/tambahhakaksesbidder:7819
[  261632ms] [LOG] undefined @ https://phbidlautdemo.prahu-hub.com/home/tambahhakaksesbidder:7819
[  261632ms] [LOG] undefined @ https://phbidlautdemo.prahu-hub.com/home/tambahhakaksesbidder:7819
[  261633ms] [LOG] undefined @ https://phbidlautdemo.prahu-hub.com/home/tambahhakaksesbidder:7819
[  261633ms] [LOG] undefined @ https://phbidlautdemo.prahu-hub.com/home/tambahhakaksesbidder:7819
[  261633ms] [LOG] undefined @ https://phbidlautdemo.prahu-hub.com/home/tambahhakaksesbidder:7819
[  261633ms] [LOG] undefined @ https://phbidlautdemo.prahu-hub.com/home/tambahhakaksesbidder:7819
[  261633ms] [LOG] undefined @ https://phbidlautdemo.prahu-hub.com/home/tambahhakaksesbidder:7819
[  261633ms] [LOG] undefined @ https://phbidlautdemo.prahu-hub.com/home/tambahhakaksesbidder:7819
[  261634ms] [LOG] undefined @ https://phbidlautdemo.prahu-hub.com/home/tambahhakaksesbidder:7819
[  261634ms] [LOG] undefined @ https://phbidlautdemo.prahu-hub.com/home/tambahhakaksesbidder:7819
[  261634ms] [LOG] undefined @ https://phbidlautdemo.prahu-hub.com/home/tambahhakaksesbidder:7819
[  261634ms] [LOG] undefined @ https://phbidlautdemo.prahu-hub.com/home/tambahhakaksesbidder:7819
[  261634ms] [LOG] undefined @ https://phbidlautdemo.prahu-hub.com/home/tambahhakaksesbidder:7819
[  261635ms] [LOG] undefined @ https://phbidlautdemo.prahu-hub.com/home/tambahhakaksesbidder:7819
[  261635ms] [LOG] undefined @ https://phbidlautdemo.prahu-hub.com/home/tambahhakaksesbidder:7819
[  261635ms] [LOG] undefined @ https://phbidlautdemo.prahu-hub.com/home/tambahhakaksesbidder:7819
[  261635ms] [LOG] undefined @ https://phbidlautdemo.prahu-hub.com/home/tambahhakaksesbidder:7819
[  261635ms] [LOG] undefined @ https://phbidlautdemo.prahu-hub.com/home/tambahhakaksesbidder:7819
[  261635ms] [LOG] undefined @ https://phbidlautdemo.prahu-hub.com/home/tambahhakaksesbidder:7819
[  261636ms] [LOG] undefined @ https://phbidlautdemo.prahu-hub.com/home/tambahhakaksesbidder:7819
[  261636ms] [LOG] undefined @ https://phbidlautdemo.prahu-hub.com/home/tambahhakaksesbidder:7819
[  261636ms] [LOG] undefined @ https://phbidlautdemo.prahu-hub.com/home/tambahhakaksesbidder:7819
[  261636ms] [LOG] undefined @ https://phbidlautdemo.prahu-hub.com/home/tambahhakaksesbidder:7819
[  261636ms] [LOG] undefined @ https://phbidlautdemo.prahu-hub.com/home/tambahhakaksesbidder:7819
[  261636ms] [LOG] undefined @ https://phbidlautdemo.prahu-hub.com/home/tambahhakaksesbidder:7819
[  261636ms] [LOG] undefined @ https://phbidlautdemo.prahu-hub.com/home/tambahhakaksesbidder:7819
[  261637ms] [LOG] undefined @ https://phbidlautdemo.prahu-hub.com/home/tambahhakaksesbidder:7819
[  261637ms] [LOG] undefined @ https://phbidlautdemo.prahu-hub.com/home/tambahhakaksesbidder:7819
[  261637ms] [LOG] undefined @ https://phbidlautdemo.prahu-hub.com/home/tambahhakaksesbidder:7819
[  261637ms] [LOG] undefined @ https://phbidlautdemo.prahu-hub.com/home/tambahhakaksesbidder:7819
[  261637ms] [LOG] undefined @ https://phbidlautdemo.prahu-hub.com/home/tambahhakaksesbidder:7819
[  261637ms] [LOG] undefined @ https://phbidlautdemo.prahu-hub.com/home/tambahhakaksesbidder:7819
[  261638ms] [LOG] undefined @ https://phbidlautdemo.prahu-hub.com/home/tambahhakaksesbidder:7819
[  261638ms] [LOG] undefined @ https://phbidlautdemo.prahu-hub.com/home/tambahhakaksesbidder:7819
[  261638ms] [LOG] undefined @ https://phbidlautdemo.prahu-hub.com/home/tambahhakaksesbidder:7819
[  261638ms] [LOG] undefined @ https://phbidlautdemo.prahu-hub.com/home/tambahhakaksesbidder:7819
[  261638ms] [LOG] undefined @ https://phbidlautdemo.prahu-hub.com/home/tambahhakaksesbidder:7819
[  261638ms] [LOG] undefined @ https://phbidlautdemo.prahu-hub.com/home/tambahhakaksesbidder:7819
[  261639ms] [LOG] undefined @ https://phbidlautdemo.prahu-hub.com/home/tambahhakaksesbidder:7819
[  261639ms] [LOG] undefined @ https://phbidlautdemo.prahu-hub.com/home/tambahhakaksesbidder:7819
[  261639ms] [LOG] undefined @ https://phbidlautdemo.prahu-hub.com/home/tambahhakaksesbidder:7819
[  261639ms] [LOG] undefined @ https://phbidlautdemo.prahu-hub.com/home/tambahhakaksesbidder:7819
[  261639ms] [LOG] undefined @ https://phbidlautdemo.prahu-hub.com/home/tambahhakaksesbidder:7819
[  261639ms] [LOG] undefined @ https://phbidlautdemo.prahu-hub.com/home/tambahhakaksesbidder:7819
[  261640ms] [LOG] undefined @ https://phbidlautdemo.prahu-hub.com/home/tambahhakaksesbidder:7819
[  261640ms] [LOG] undefined @ https://phbidlautdemo.prahu-hub.com/home/tambahhakaksesbidder:7819
[  261640ms] [LOG] undefined @ https://phbidlautdemo.prahu-hub.com/home/tambahhakaksesbidder:7819
[  261640ms] [LOG] undefined @ https://phbidlautdemo.prahu-hub.com/home/tambahhakaksesbidder:7819
[  261640ms] [LOG] undefined @ https://phbidlautdemo.prahu-hub.com/home/tambahhakaksesbidder:7819
[  261641ms] [LOG] undefined @ https://phbidlautdemo.prahu-hub.com/home/tambahhakaksesbidder:7819
[  261641ms] [LOG] undefined @ https://phbidlautdemo.prahu-hub.com/home/tambahhakaksesbidder:7819
[  261641ms] [LOG] undefined @ https://phbidlautdemo.prahu-hub.com/home/tambahhakaksesbidder:7819
[  261641ms] [LOG] undefined @ https://phbidlautdemo.prahu-hub.com/home/tambahhakaksesbidder:7819
[  261641ms] [LOG] undefined @ https://phbidlautdemo.prahu-hub.com/home/tambahhakaksesbidder:7819
[  261641ms] [LOG] undefined @ https://phbidlautdemo.prahu-hub.com/home/tambahhakaksesbidder:7819
[  261642ms] [LOG] WebSocket connection @ https://phbidlautdemo.prahu-hub.com/home/tambahhakaksesbidder:7862
[  261643ms] [LOG] WebSocket connection attempting... @ https://phbidlautdemo.prahu-hub.com/home/tambahhakaksesbidder:7940
[  261763ms] [LOG] WebSocket connected @ https://phbidlautdemo.prahu-hub.com/home/tambahhakaksesbidder:7871
[  261766ms] [LOG] update_dashboard_order_laut @ https://phbidlautdemo.prahu-hub.com/home/tambahhakaksesbidder:7912
[  261797ms] [LOG] Connected @ https://phbidlautdemo.prahu-hub.com/home/tambahhakaksesbidder:7912
[  261947ms] [LOG] 200 xhrglobal @ https://phbidlautdemo.prahu-hub.com/home/tambahhakaksesbidder:7793
[  262001ms] [LOG] 200 xhrglobal @ https://phbidlautdemo.prahu-hub.com/home/tambahhakaksesbidder:7793
[  263628ms] TypeError: $(...).DataTable is not a function
    at https://phbidlautdemo.prahu-hub.com/_resources/themes/prahutheme/js/scripts-init/tables.js:7:23
[  264680ms] Cannot use import statement outside a module
[  264727ms] ReferenceError: Chart is not defined
    at https://phbidlautdemo.prahu-hub.com/_resources/themes/prahutheme/js/scripts-init/charts/chartjs.js:8:13
[  265457ms] Unexpected token '<'
[  266047ms] Unexpected token '<'
[  266121ms] Uncaught TypeError: expect element to be DOM Element, but got null
    at n.init (https://cdnjs.cloudflare.com/ajax/libs/smooth-scrollbar/8.5.2/smooth-scrollbar.js:24:264)
    at <anonymous> (https://phbidlautdemo.prahu-hub.com/home/bidder:5273:14)
[  266159ms] [LOG] Validasi Akunnamanya @ https://phbidlautdemo.prahu-hub.com/home/bidder:2040
[  266169ms] [LOG] undefined @ https://phbidlautdemo.prahu-hub.com/home/bidder:5626
[  266169ms] [LOG] 1xxx @ https://phbidlautdemo.prahu-hub.com/home/bidder:5626
[  266170ms] [LOG] Masukkan Nama Perusahaan @ https://phbidlautdemo.prahu-hub.com/home/bidder:5626
[  266170ms] [LOG] Masukkan Alias @ https://phbidlautdemo.prahu-hub.com/home/bidder:5626
[  266170ms] [LOG] Masukkan Email @ https://phbidlautdemo.prahu-hub.com/home/bidder:5626
[  266170ms] [LOG] 08xxxxxxxxxxx @ https://phbidlautdemo.prahu-hub.com/home/bidder:5626
[  266171ms] [LOG] WebSocket connection @ https://phbidlautdemo.prahu-hub.com/home/bidder:5669
[  266172ms] [LOG] WebSocket connection attempting... @ https://phbidlautdemo.prahu-hub.com/home/bidder:5747
[  266291ms] [LOG] WebSocket connected @ https://phbidlautdemo.prahu-hub.com/home/bidder:5678
[  266296ms] [LOG] update_dashboard_order_laut @ https://phbidlautdemo.prahu-hub.com/home/bidder:5719
[  266325ms] [LOG] Connected @ https://phbidlautdemo.prahu-hub.com/home/bidder:5719
[  266684ms] [LOG] [Object, Object, Object, Object, Object, Object, Object, Object, Object, Object, Object, Object, Object, Object, Object, Object, Object, Object, Object, Object] @ https://phbidlautdemo.prahu-hub.com/_resources/themes/prahutheme/javascript/custom/bidder.js?m=1787972929:178
[  266693ms] [LOG] [Object, Object, Object, Object, Object, Object, Object, Object, Object, Object, Object, Object, Object, Object, Object, Object, Object, Object, Object, Object] @ https://phbidlautdemo.prahu-hub.com/_resources/themes/prahutheme/javascript/custom/bidder.js?m=1787972929:48
[  266704ms] [LOG] 79 @ https://phbidlautdemo.prahu-hub.com/_resources/themes/prahutheme/javascript/custom/bidder.js?m=1787972929:717
[  266705ms] [LOG] 79 countView1 1 pageNow 20 limitView1 @ https://phbidlautdemo.prahu-hub.com/_resources/themes/prahutheme/javascript/custom/bidder.js?m=1787972929:719
[  266705ms] [LOG] 20 @ https://phbidlautdemo.prahu-hub.com/_resources/themes/prahutheme/javascript/custom/bidder.js?m=1787972929:725
[  266706ms] [LOG] 79 jumlah data @ https://phbidlautdemo.prahu-hub.com/_resources/themes/prahutheme/javascript/custom/bidder.js?m=1787972929:682
[  266707ms] [LOG] 4 @ https://phbidlautdemo.prahu-hub.com/_resources/themes/prahutheme/javascript/custom/bidder.js?m=1787972929:684
[  266708ms] [LOG] 4 1 pageCount & pageNow @ https://phbidlautdemo.prahu-hub.com/_resources/themes/prahutheme/javascript/custom/bidder.js?m=1787972929:608
[  266711ms] [LOG] 200 xhrglobal @ https://phbidlautdemo.prahu-hub.com/home/bidder:5600
[  266713ms] [LOG] ce.fn.init stepItem @ https://phbidlautdemo.prahu-hub.com/_resources/themes/prahutheme/javascript/custom/bidder.js?m=1787972929:582
[  266830ms] [LOG] 200 xhrglobal @ https://phbidlautdemo.prahu-hub.com/home/bidder:5600
[  266889ms] [LOG] 200 xhrglobal @ https://phbidlautdemo.prahu-hub.com/home/bidder:5600
[  268170ms] TypeError: $(...).DataTable is not a function
    at https://phbidlautdemo.prahu-hub.com/_resources/themes/prahutheme/js/scripts-init/tables.js:7:23
[  309082ms] Cannot use import statement outside a module
[  309118ms] ReferenceError: Chart is not defined
    at https://phbidlautdemo.prahu-hub.com/_resources/themes/prahutheme/js/scripts-init/charts/chartjs.js:8:13
[  309318ms] Unexpected token '<'
[  309319ms] Unexpected token '<'
[  309407ms] Uncaught TypeError: expect element to be DOM Element, but got null
    at n.init (https://cdnjs.cloudflare.com/ajax/libs/smooth-scrollbar/8.5.2/smooth-scrollbar.js:24:264)
    at <anonymous> (https://phbidlautdemo.prahu-hub.com/home/bidder:5273:14)
[  309446ms] [LOG] Validasi Akunnamanya @ https://phbidlautdemo.prahu-hub.com/home/bidder:2040
[  309456ms] [LOG] undefined @ https://phbidlautdemo.prahu-hub.com/home/bidder:5626
[  309456ms] [LOG] 1xxx @ https://phbidlautdemo.prahu-hub.com/home/bidder:5626
[  309456ms] [LOG] Masukkan Nama Perusahaan @ https://phbidlautdemo.prahu-hub.com/home/bidder:5626
[  309456ms] [LOG] Masukkan Alias @ https://phbidlautdemo.prahu-hub.com/home/bidder:5626
[  309457ms] [LOG] Masukkan Email @ https://phbidlautdemo.prahu-hub.com/home/bidder:5626
[  309457ms] [LOG] 08xxxxxxxxxxx @ https://phbidlautdemo.prahu-hub.com/home/bidder:5626
[  309458ms] [LOG] WebSocket connection @ https://phbidlautdemo.prahu-hub.com/home/bidder:5669
[  309458ms] [LOG] WebSocket connection attempting... @ https://phbidlautdemo.prahu-hub.com/home/bidder:5747
[  309585ms] [LOG] WebSocket connected @ https://phbidlautdemo.prahu-hub.com/home/bidder:5678
[  309588ms] [LOG] update_dashboard_order_laut @ https://phbidlautdemo.prahu-hub.com/home/bidder:5719
[  309628ms] [LOG] Connected @ https://phbidlautdemo.prahu-hub.com/home/bidder:5719
[  309729ms] [LOG] [Object, Object, Object, Object, Object, Object, Object, Object, Object, Object, Object, Object, Object, Object, Object, Object, Object, Object, Object, Object] @ https://phbidlautdemo.prahu-hub.com/_resources/themes/prahutheme/javascript/custom/bidder.js?m=1787972929:178
[  309739ms] [LOG] [Object, Object, Object, Object, Object, Object, Object, Object, Object, Object, Object, Object, Object, Object, Object, Object, Object, Object, Object, Object] @ https://phbidlautdemo.prahu-hub.com/_resources/themes/prahutheme/javascript/custom/bidder.js?m=1787972929:48
[  309751ms] [LOG] 79 @ https://phbidlautdemo.prahu-hub.com/_resources/themes/prahutheme/javascript/custom/bidder.js?m=1787972929:717
[  309752ms] [LOG] 79 countView1 1 pageNow 20 limitView1 @ https://phbidlautdemo.prahu-hub.com/_resources/themes/prahutheme/javascript/custom/bidder.js?m=1787972929:719
[  309752ms] [LOG] 20 @ https://phbidlautdemo.prahu-hub.com/_resources/themes/prahutheme/javascript/custom/bidder.js?m=1787972929:725
[  309753ms] [LOG] 79 jumlah data @ https://phbidlautdemo.prahu-hub.com/_resources/themes/prahutheme/javascript/custom/bidder.js?m=1787972929:682
[  309753ms] [LOG] 4 @ https://phbidlautdemo.prahu-hub.com/_resources/themes/prahutheme/javascript/custom/bidder.js?m=1787972929:684
[  309754ms] [LOG] 4 1 pageCount & pageNow @ https://phbidlautdemo.prahu-hub.com/_resources/themes/prahutheme/javascript/custom/bidder.js?m=1787972929:608
[  309756ms] [LOG] 200 xhrglobal @ https://phbidlautdemo.prahu-hub.com/home/bidder:5600
[  309757ms] [LOG] ce.fn.init stepItem @ https://phbidlautdemo.prahu-hub.com/_resources/themes/prahutheme/javascript/custom/bidder.js?m=1787972929:582
[  309850ms] [LOG] 200 xhrglobal @ https://phbidlautdemo.prahu-hub.com/home/bidder:5600
[  309899ms] [LOG] 200 xhrglobal @ https://phbidlautdemo.prahu-hub.com/home/bidder:5600
[  311460ms] TypeError: $(...).DataTable is not a function
    at https://phbidlautdemo.prahu-hub.com/_resources/themes/prahutheme/js/scripts-init/tables.js:7:23
[  311562ms] [LOG] 79 jumlah data @ https://phbidlautdemo.prahu-hub.com/_resources/themes/prahutheme/javascript/custom/bidder.js?m=1787972929:682
[  311562ms] [LOG] 1 @ https://phbidlautdemo.prahu-hub.com/_resources/themes/prahutheme/javascript/custom/bidder.js?m=1787972929:684
[  311563ms] [LOG] 1 1 pageCount & pageNow @ https://phbidlautdemo.prahu-hub.com/_resources/themes/prahutheme/javascript/custom/bidder.js?m=1787972929:608
[  311564ms] [LOG] 79 @ https://phbidlautdemo.prahu-hub.com/_resources/themes/prahutheme/javascript/custom/bidder.js?m=1787972929:717
[  311564ms] [LOG] 79 countView1 1 pageNow 100 limitView1 @ https://phbidlautdemo.prahu-hub.com/_resources/themes/prahutheme/javascript/custom/bidder.js?m=1787972929:719
[  311564ms] [LOG] 79 @ https://phbidlautdemo.prahu-hub.com/_resources/themes/prahutheme/javascript/custom/bidder.js?m=1787972929:725
[  312727ms] [LOG] [Object, Object, Object, Object, Object, Object, Object, Object, Object, Object, Object, Object, Object, Object, Object, Object, Object, Object, Object, Object, Object, Object, Object, Object, Object, Object, Object, Object, Object, Object, Object, Object, Object, Object, Object, Object, Object, Object, Object, Object, Object, Object, Object, Object, Object, Object, Object, Object, Object, Object, Object, Object, Object, Object, Object, Object, Object, Object, Object, Object, Object, Object, Object, Object, Object, Object, Object, Object, Object, Object, Object, Object, Object, Object, Object, Object, Object, Object, Object] @ https://phbidlautdemo.prahu-hub.com/_resources/themes/prahutheme/javascript/custom/bidder.js?m=1787972929:178
[  312746ms] [LOG] [Object, Object, Object, Object, Object, Object, Object, Object, Object, Object, Object, Object, Object, Object, Object, Object, Object, Object, Object, Object, Object, Object, Object, Object, Object, Object, Object, Object, Object, Object, Object, Object, Object, Object, Object, Object, Object, Object, Object, Object, Object, Object, Object, Object, Object, Object, Object, Object, Object, Object, Object, Object, Object, Object, Object, Object, Object, Object, Object, Object, Object, Object, Object, Object, Object, Object, Object, Object, Object, Object, Object, Object, Object, Object, Object, Object, Object, Object, Object] @ https://phbidlautdemo.prahu-hub.com/_resources/themes/prahutheme/javascript/custom/bidder.js?m=1787972929:48
[  312773ms] [LOG] 79 @ https://phbidlautdemo.prahu-hub.com/_resources/themes/prahutheme/javascript/custom/bidder.js?m=1787972929:717
[  312774ms] [LOG] 79 countView1 1 pageNow 100 limitView1 @ https://phbidlautdemo.prahu-hub.com/_resources/themes/prahutheme/javascript/custom/bidder.js?m=1787972929:719
[  312774ms] [LOG] 79 @ https://phbidlautdemo.prahu-hub.com/_resources/themes/prahutheme/javascript/custom/bidder.js?m=1787972929:725
[  312775ms] [LOG] 79 jumlah data @ https://phbidlautdemo.prahu-hub.com/_resources/themes/prahutheme/javascript/custom/bidder.js?m=1787972929:682
[  312775ms] [LOG] 1 @ https://phbidlautdemo.prahu-hub.com/_resources/themes/prahutheme/javascript/custom/bidder.js?m=1787972929:684
[  312775ms] [LOG] 1 1 pageCount & pageNow @ https://phbidlautdemo.prahu-hub.com/_resources/themes/prahutheme/javascript/custom/bidder.js?m=1787972929:608
[  312777ms] [LOG] 200 xhrglobal @ https://phbidlautdemo.prahu-hub.com/home/bidder:5600
[  316034ms] Cannot use import statement outside a module
[  316115ms] ReferenceError: Chart is not defined
    at https://phbidlautdemo.prahu-hub.com/_resources/themes/prahutheme/js/scripts-init/charts/chartjs.js:8:13
[  316116ms] Unexpected token '<'
[  316121ms] Unexpected token '<'
[  316224ms] Uncaught TypeError: expect element to be DOM Element, but got null
    at n.init (https://cdnjs.cloudflare.com/ajax/libs/smooth-scrollbar/8.5.2/smooth-scrollbar.js:24:264)
    at <anonymous> (https://phbidlautdemo.prahu-hub.com/adminprahu/tambahbidderkhusus:6431:14)
[  316253ms] [LOG] Validasi Akunnamanya @ https://phbidlautdemo.prahu-hub.com/adminprahu/tambahbidderkhusus:2039
[  316262ms] [LOG] Alias Transporter @ https://phbidlautdemo.prahu-hub.com/adminprahu/tambahbidderkhusus:6784
[  316264ms] [LOG] WebSocket connection @ https://phbidlautdemo.prahu-hub.com/adminprahu/tambahbidderkhusus:6827
[  316264ms] [LOG] WebSocket connection attempting... @ https://phbidlautdemo.prahu-hub.com/adminprahu/tambahbidderkhusus:6905
[  316412ms] [LOG] WebSocket connected @ https://phbidlautdemo.prahu-hub.com/adminprahu/tambahbidderkhusus:6836
[  316415ms] [LOG] update_dashboard_order_laut @ https://phbidlautdemo.prahu-hub.com/adminprahu/tambahbidderkhusus:6877
[  316451ms] [LOG] Connected @ https://phbidlautdemo.prahu-hub.com/adminprahu/tambahbidderkhusus:6877
[  316580ms] [LOG] 200 xhrglobal @ https://phbidlautdemo.prahu-hub.com/adminprahu/tambahbidderkhusus:6758
[  316652ms] [LOG] 200 xhrglobal @ https://phbidlautdemo.prahu-hub.com/adminprahu/tambahbidderkhusus:6758
[  318788ms] Cannot use import statement outside a module
[  318819ms] ReferenceError: Chart is not defined
    at https://phbidlautdemo.prahu-hub.com/_resources/themes/prahutheme/js/scripts-init/charts/chartjs.js:8:13
[  318925ms] Unexpected token '<'
[  319053ms] Unexpected token '<'
[  319131ms] Uncaught TypeError: expect element to be DOM Element, but got null
    at n.init (https://cdnjs.cloudflare.com/ajax/libs/smooth-scrollbar/8.5.2/smooth-scrollbar.js:24:264)
    at <anonymous> (https://phbidlautdemo.prahu-hub.com/adminprahu/listBidderKhusus:5730:14)
[  319164ms] [LOG] Validasi Akunnamanya @ https://phbidlautdemo.prahu-hub.com/adminprahu/listBidderKhusus:2040
[  319174ms] [LOG] 1xx @ https://phbidlautdemo.prahu-hub.com/adminprahu/listBidderKhusus:6083
[  319174ms] [LOG] DD/MM/YYYY @ https://phbidlautdemo.prahu-hub.com/adminprahu/listBidderKhusus:6083
[  319177ms] [LOG] undefined @ https://phbidlautdemo.prahu-hub.com/adminprahu/listBidderKhusus:6083
[  319178ms] [LOG] Masukkan Alias @ https://phbidlautdemo.prahu-hub.com/adminprahu/listBidderKhusus:6083
[  319178ms] [LOG] Masukkan Transporter @ https://phbidlautdemo.prahu-hub.com/adminprahu/listBidderKhusus:6083
[  319178ms] [LOG] undefined @ https://phbidlautdemo.prahu-hub.com/adminprahu/listBidderKhusus:6083
[  319178ms] [LOG] Masukkan Nama kemasan  @ https://phbidlautdemo.prahu-hub.com/adminprahu/listBidderKhusus:6083
[  319178ms] [LOG] undefined @ https://phbidlautdemo.prahu-hub.com/adminprahu/listBidderKhusus:6083
[  319180ms] [LOG] WebSocket connection @ https://phbidlautdemo.prahu-hub.com/adminprahu/listBidderKhusus:6126
[  319180ms] [LOG] WebSocket connection attempting... @ https://phbidlautdemo.prahu-hub.com/adminprahu/listBidderKhusus:6204
[  319360ms] [LOG] WebSocket connected @ https://phbidlautdemo.prahu-hub.com/adminprahu/listBidderKhusus:6135
[  319364ms] [LOG] update_dashboard_order_laut @ https://phbidlautdemo.prahu-hub.com/adminprahu/listBidderKhusus:6176
[  319382ms] [LOG] [Object, Object, Object, Object, Object, Object, Object, Object, Object, Object, Object, Object, Object, Object, Object, Object, Object, Object, Object, Object] @ https://phbidlautdemo.prahu-hub.com/_resources/themes/prahutheme/javascript/custom/bidderKhusus.js?m=1787972929:159
[  319390ms] [LOG] [Object, Object, Object, Object, Object, Object, Object, Object, Object, Object, Object, Object, Object, Object, Object, Object, Object, Object, Object, Object] @ https://phbidlautdemo.prahu-hub.com/_resources/themes/prahutheme/javascript/custom/bidderKhusus.js?m=1787972929:13
[  319391ms] [LOG] {ID: 41, hitung: 20, tgl_setting: 2026-08-05 08:53:57, alias: WLG, nama: Cahyo Sugianto} @ https://phbidlautdemo.prahu-hub.com/_resources/themes/prahutheme/javascript/custom/bidderKhusus.js?m=1787972929:20
[  319392ms] [LOG] {ID: 39, hitung: 19, tgl_setting: 2026-02-25 09:45:33, alias: LOD, nama: Uinyuniyika} @ https://phbidlautdemo.prahu-hub.com/_resources/themes/prahutheme/javascript/custom/bidderKhusus.js?m=1787972929:20
[  319392ms] [LOG] {ID: 38, hitung: 18, tgl_setting: 2025-09-15 09:50:02, alias: ANGGITA, nama: Nur Anggita Wahyuni} @ https://phbidlautdemo.prahu-hub.com/_resources/themes/prahutheme/javascript/custom/bidderKhusus.js?m=1787972929:20
[  319393ms] [LOG] {ID: 37, hitung: 17, tgl_setting: 2025-09-11 20:39:22, alias: PRS, nama: Demo - Prasetyo Bidder} @ https://phbidlautdemo.prahu-hub.com/_resources/themes/prahutheme/javascript/custom/bidderKhusus.js?m=1787972929:20
[  319393ms] [LOG] {ID: 25, hitung: 16, tgl_setting: 2025-07-21 11:25:29, alias: OOMPA, nama: bidder} @ https://phbidlautdemo.prahu-hub.com/_resources/themes/prahutheme/javascript/custom/bidderKhusus.js?m=1787972929:20
[  319393ms] [LOG] {ID: 24, hitung: 15, tgl_setting: 2025-07-21 11:25:29, alias: 6THRT, nama: Indah} @ https://phbidlautdemo.prahu-hub.com/_resources/themes/prahutheme/javascript/custom/bidderKhusus.js?m=1787972929:20
[  319394ms] [LOG] {ID: 20, hitung: 14, tgl_setting: 2025-01-11 11:16:40, alias: SIDIQ, nama: Sidiq Satria Tama} @ https://phbidlautdemo.prahu-hub.com/_resources/themes/prahutheme/javascript/custom/bidderKhusus.js?m=1787972929:20
[  319394ms] [LOG] {ID: 19, hitung: 13, tgl_setting: 2025-01-10 16:12:48, alias: SYAV, nama: Syavira} @ https://phbidlautdemo.prahu-hub.com/_resources/themes/prahutheme/javascript/custom/bidderKhusus.js?m=1787972929:20
[  319394ms] [LOG] {ID: 18, hitung: 12, tgl_setting: 2024-10-28 09:48:44, alias: ZARA, nama: WINDYA ZAHRAH KAMALI} @ https://phbidlautdemo.prahu-hub.com/_resources/themes/prahutheme/javascript/custom/bidderKhusus.js?m=1787972929:20
[  319395ms] [LOG] {ID: 17, hitung: 11, tgl_setting: 2024-07-30 05:21:50, alias: ALMD, nama: Dhanar Ahmad} @ https://phbidlautdemo.prahu-hub.com/_resources/themes/prahutheme/javascript/custom/bidderKhusus.js?m=1787972929:20
[  319395ms] [LOG] {ID: 11, hitung: 10, tgl_setting: 2024-07-11 13:47:25, alias: SNJ, nama: Putra Sinegar} @ https://phbidlautdemo.prahu-hub.com/_resources/themes/prahutheme/javascript/custom/bidderKhusus.js?m=1787972929:20
[  319395ms] [LOG] {ID: 9, hitung: 9, tgl_setting: 2024-07-11 09:07:04, alias: (IK)VUCD, nama: Vina As Cantika Andika} @ https://phbidlautdemo.prahu-hub.com/_resources/themes/prahutheme/javascript/custom/bidderKhusus.js?m=1787972929:20
[  319396ms] [LOG] {ID: 8, hitung: 8, tgl_setting: 2024-07-11 09:07:03, alias: (IK)MSJS, nama: Yahya Al Lukman Jaya Husein} @ https://phbidlautdemo.prahu-hub.com/_resources/themes/prahutheme/javascript/custom/bidderKhusus.js?m=1787972929:20
[  319396ms] [LOG] {ID: 7, hitung: 7, tgl_setting: 2024-07-11 09:07:03, alias: (IK)MJW, nama: Kusuma Jaya Wijaya Abadi Sentosa Mujur Selalu} @ https://phbidlautdemo.prahu-hub.com/_resources/themes/prahutheme/javascript/custom/bidderKhusus.js?m=1787972929:20
[  319396ms] [LOG] {ID: 6, hitung: 6, tgl_setting: 2024-07-11 09:07:03, alias: (IK)MU, nama: Mercury Us Handika} @ https://phbidlautdemo.prahu-hub.com/_resources/themes/prahutheme/javascript/custom/bidderKhusus.js?m=1787972929:20
[  319396ms] [LOG] {ID: 5, hitung: 5, tgl_setting: 2024-07-11 09:07:03, alias: (IK)JMTT, nama: Derinka} @ https://phbidlautdemo.prahu-hub.com/_resources/themes/prahutheme/javascript/custom/bidderKhusus.js?m=1787972929:20
[  319397ms] [LOG] {ID: 4, hitung: 4, tgl_setting: 2024-07-10 16:32:34, alias: BDR FT, nama: Rahmawati} @ https://phbidlautdemo.prahu-hub.com/_resources/themes/prahutheme/javascript/custom/bidderKhusus.js?m=1787972929:20
[  319397ms] [LOG] {ID: 3, hitung: 3, tgl_setting: 2024-07-10 16:32:34, alias: QC, nama: Ilham Ramadhan} @ https://phbidlautdemo.prahu-hub.com/_resources/themes/prahutheme/javascript/custom/bidderKhusus.js?m=1787972929:20
[  319397ms] [LOG] {ID: 2, hitung: 2, tgl_setting: 2024-07-10 16:32:34, alias: BDN, nama: PT. Bidder Nusantara} @ https://phbidlautdemo.prahu-hub.com/_resources/themes/prahutheme/javascript/custom/bidderKhusus.js?m=1787972929:20
[  319398ms] [LOG] {ID: 1, hitung: 1, tgl_setting: 2024-07-10 16:32:34, alias: (IK)LST, nama: Frinka Frenklin} @ https://phbidlautdemo.prahu-hub.com/_resources/themes/prahutheme/javascript/custom/bidderKhusus.js?m=1787972929:20
[  319405ms] [LOG] 20 @ https://phbidlautdemo.prahu-hub.com/_resources/themes/prahutheme/javascript/custom/bidderKhusus.js?m=1787972929:637
[  319405ms] [LOG] 20 countView1 1 pageNow 20 limitView1 @ https://phbidlautdemo.prahu-hub.com/_resources/themes/prahutheme/javascript/custom/bidderKhusus.js?m=1787972929:639
[  319406ms] [LOG] 20 @ https://phbidlautdemo.prahu-hub.com/_resources/themes/prahutheme/javascript/custom/bidderKhusus.js?m=1787972929:645
[  319406ms] [LOG] 20 jumlah data @ https://phbidlautdemo.prahu-hub.com/_resources/themes/prahutheme/javascript/custom/bidderKhusus.js?m=1787972929:607
[  319407ms] [LOG] 1 @ https://phbidlautdemo.prahu-hub.com/_resources/themes/prahutheme/javascript/custom/bidderKhusus.js?m=1787972929:609
[  319410ms] [LOG] 200 xhrglobal @ https://phbidlautdemo.prahu-hub.com/adminprahu/listBidderKhusus:6057
[  319410ms] [LOG] ce.fn.init stepItem @ https://phbidlautdemo.prahu-hub.com/_resources/themes/prahutheme/javascript/custom/bidderKhusus.js?m=1787972929:514
[  319448ms] [LOG] Connected @ https://phbidlautdemo.prahu-hub.com/adminprahu/listBidderKhusus:6176
[  319499ms] [LOG] 200 xhrglobal @ https://phbidlautdemo.prahu-hub.com/adminprahu/listBidderKhusus:6057
[  319561ms] [LOG] 200 xhrglobal @ https://phbidlautdemo.prahu-hub.com/adminprahu/listBidderKhusus:6057
[  321180ms] TypeError: $(...).DataTable is not a function
    at https://phbidlautdemo.prahu-hub.com/_resources/themes/prahutheme/js/scripts-init/tables.js:7:23
[  322320ms] Cannot use import statement outside a module
[  322348ms] ReferenceError: Chart is not defined
    at https://phbidlautdemo.prahu-hub.com/_resources/themes/prahutheme/js/scripts-init/charts/chartjs.js:8:13
[  322403ms] Unexpected token '<'
[  322516ms] Unexpected token '<'
[  322574ms] Uncaught TypeError: expect element to be DOM Element, but got null
    at n.init (https://cdnjs.cloudflare.com/ajax/libs/smooth-scrollbar/8.5.2/smooth-scrollbar.js:24:264)
    at <anonymous> (https://phbidlautdemo.prahu-hub.com/adminprahu/settingBidderKhusus?id=278:5714:14)
[  322609ms] [LOG] Validasi Akunnamanya @ https://phbidlautdemo.prahu-hub.com/adminprahu/settingBidderKhusus?id=278:2040
[  322619ms] [LOG] undefined @ https://phbidlautdemo.prahu-hub.com/adminprahu/settingBidderKhusus?id=278:6067
[  322619ms] [LOG] undefined @ https://phbidlautdemo.prahu-hub.com/adminprahu/settingBidderKhusus?id=278:6067
[  322619ms] [LOG] 1xx @ https://phbidlautdemo.prahu-hub.com/adminprahu/settingBidderKhusus?id=278:6067
[  322619ms] [LOG] DD/MM/YYYY @ https://phbidlautdemo.prahu-hub.com/adminprahu/settingBidderKhusus?id=278:6067
[  322620ms] [LOG] undefined @ https://phbidlautdemo.prahu-hub.com/adminprahu/settingBidderKhusus?id=278:6067
[  322620ms] [LOG] Masukkan Shipper @ https://phbidlautdemo.prahu-hub.com/adminprahu/settingBidderKhusus?id=278:6067
[  322621ms] [LOG] undefined @ https://phbidlautdemo.prahu-hub.com/adminprahu/settingBidderKhusus?id=278:6067
[  322621ms] [LOG] Masukkan Nama kemasan  @ https://phbidlautdemo.prahu-hub.com/adminprahu/settingBidderKhusus?id=278:6067
[  322621ms] [LOG] undefined @ https://phbidlautdemo.prahu-hub.com/adminprahu/settingBidderKhusus?id=278:6067
[  322622ms] [LOG] WebSocket connection @ https://phbidlautdemo.prahu-hub.com/adminprahu/settingBidderKhusus?id=278:6110
[  322623ms] [LOG] WebSocket connection attempting... @ https://phbidlautdemo.prahu-hub.com/adminprahu/settingBidderKhusus?id=278:6188
[  322715ms] [LOG] [Object] @ https://phbidlautdemo.prahu-hub.com/_resources/themes/prahutheme/javascript/custom/settingBidderKhusus.js?m=1787972929:130
[  322718ms] [LOG] [Object] @ https://phbidlautdemo.prahu-hub.com/_resources/themes/prahutheme/javascript/custom/settingBidderKhusus.js?m=1787972929:13
[  322719ms] [LOG] {ID: 65, hitung: 1, BidOwnerID: 277, tgl_buat: 2026-08-05 08:54:10, nama_perusahaan: PT. Haier Sales Indonesia} @ https://phbidlautdemo.prahu-hub.com/_resources/themes/prahutheme/javascript/custom/settingBidderKhusus.js?m=1787972929:19
[  322721ms] [LOG] 1 @ https://phbidlautdemo.prahu-hub.com/_resources/themes/prahutheme/javascript/custom/settingBidderKhusus.js?m=1787972929:521
[  322721ms] [LOG] 1 countView1 1 pageNow 20 limitView1 @ https://phbidlautdemo.prahu-hub.com/_resources/themes/prahutheme/javascript/custom/settingBidderKhusus.js?m=1787972929:523
[  322722ms] [LOG] 1 @ https://phbidlautdemo.prahu-hub.com/_resources/themes/prahutheme/javascript/custom/settingBidderKhusus.js?m=1787972929:529
[  322723ms] [LOG] 1 jumlah data @ https://phbidlautdemo.prahu-hub.com/_resources/themes/prahutheme/javascript/custom/settingBidderKhusus.js?m=1787972929:491
[  322723ms] [LOG] 1 @ https://phbidlautdemo.prahu-hub.com/_resources/themes/prahutheme/javascript/custom/settingBidderKhusus.js?m=1787972929:493
[  322726ms] [LOG] 200 xhrglobal @ https://phbidlautdemo.prahu-hub.com/adminprahu/settingBidderKhusus?id=278:6041
[  322727ms] [LOG] ce.fn.init stepItem @ https://phbidlautdemo.prahu-hub.com/_resources/themes/prahutheme/javascript/custom/settingBidderKhusus.js?m=1787972929:398
[  322742ms] [LOG] WebSocket connected @ https://phbidlautdemo.prahu-hub.com/adminprahu/settingBidderKhusus?id=278:6119
[  322746ms] [LOG] update_dashboard_order_laut @ https://phbidlautdemo.prahu-hub.com/adminprahu/settingBidderKhusus?id=278:6160
[  322773ms] [LOG] Connected @ https://phbidlautdemo.prahu-hub.com/adminprahu/settingBidderKhusus?id=278:6160
[  322867ms] [LOG] 200 xhrglobal @ https://phbidlautdemo.prahu-hub.com/adminprahu/settingBidderKhusus?id=278:6041
[  322914ms] [LOG] 200 xhrglobal @ https://phbidlautdemo.prahu-hub.com/adminprahu/settingBidderKhusus?id=278:6041
[  324625ms] TypeError: $(...).DataTable is not a function
    at https://phbidlautdemo.prahu-hub.com/_resources/themes/prahutheme/js/scripts-init/tables.js:7:23
[  326440ms] Cannot use import statement outside a module
[  326479ms] ReferenceError: Chart is not defined
    at https://phbidlautdemo.prahu-hub.com/_resources/themes/prahutheme/js/scripts-init/charts/chartjs.js:8:13
[  326505ms] Unexpected token '<'
[  326628ms] Unexpected token '<'
[  326680ms] Uncaught TypeError: expect element to be DOM Element, but got null
    at n.init (https://cdnjs.cloudflare.com/ajax/libs/smooth-scrollbar/8.5.2/smooth-scrollbar.js:24:264)
    at <anonymous> (https://phbidlautdemo.prahu-hub.com/adminprahu/tambahbidownertobidderkhusus?BidderID=278:6550:14)
[  326710ms] [LOG] Validasi Akunnamanya @ https://phbidlautdemo.prahu-hub.com/adminprahu/tambahbidownertobidderkhusus?BidderID=278:2039
[  326721ms] [LOG] WebSocket connection @ https://phbidlautdemo.prahu-hub.com/adminprahu/tambahbidownertobidderkhusus?BidderID=278:6946
[  326721ms] [LOG] WebSocket connection attempting... @ https://phbidlautdemo.prahu-hub.com/adminprahu/tambahbidownertobidderkhusus?BidderID=278:7024
[  326845ms] [LOG] WebSocket connected @ https://phbidlautdemo.prahu-hub.com/adminprahu/tambahbidownertobidderkhusus?BidderID=278:6955
[  326848ms] [LOG] update_dashboard_order_laut @ https://phbidlautdemo.prahu-hub.com/adminprahu/tambahbidownertobidderkhusus?BidderID=278:6996
[  326881ms] [LOG] Connected @ https://phbidlautdemo.prahu-hub.com/adminprahu/tambahbidownertobidderkhusus?BidderID=278:6996
[  326968ms] [LOG] 200 xhrglobal @ https://phbidlautdemo.prahu-hub.com/adminprahu/tambahbidownertobidderkhusus?BidderID=278:6877
[  327025ms] [LOG] 200 xhrglobal @ https://phbidlautdemo.prahu-hub.com/adminprahu/tambahbidownertobidderkhusus?BidderID=278:6877
[  328368ms] Cannot use import statement outside a module
[  328422ms] ReferenceError: Chart is not defined
    at https://phbidlautdemo.prahu-hub.com/_resources/themes/prahutheme/js/scripts-init/charts/chartjs.js:8:13
[  328428ms] Unexpected token '<'
[  328598ms] Unexpected token '<'
[  328667ms] Uncaught TypeError: expect element to be DOM Element, but got null
    at n.init (https://cdnjs.cloudflare.com/ajax/libs/smooth-scrollbar/8.5.2/smooth-scrollbar.js:24:264)
    at <anonymous> (https://phbidlautdemo.prahu-hub.com/home/relasi_satu_pintu:5774:14)
[  328710ms] [LOG] Validasi Akunnamanya @ https://phbidlautdemo.prahu-hub.com/home/relasi_satu_pintu:2040
[  328729ms] [LOG] undefined @ https://phbidlautdemo.prahu-hub.com/home/relasi_satu_pintu:6127
[  328730ms] [LOG] 1xx @ https://phbidlautdemo.prahu-hub.com/home/relasi_satu_pintu:6127
[  328730ms] [LOG] undefined @ https://phbidlautdemo.prahu-hub.com/home/relasi_satu_pintu:6127
[  328730ms] [LOG] DD/MM/YYYY @ https://phbidlautdemo.prahu-hub.com/home/relasi_satu_pintu:6127
[  328730ms] [LOG] Masukkan Email @ https://phbidlautdemo.prahu-hub.com/home/relasi_satu_pintu:6127
[  328730ms] [LOG] undefined @ https://phbidlautdemo.prahu-hub.com/home/relasi_satu_pintu:6127
[  328730ms] [LOG] 1xx @ https://phbidlautdemo.prahu-hub.com/home/relasi_satu_pintu:6127
[  328730ms] [LOG] undefined @ https://phbidlautdemo.prahu-hub.com/home/relasi_satu_pintu:6127
[  328731ms] [LOG] DD/MM/YYYY @ https://phbidlautdemo.prahu-hub.com/home/relasi_satu_pintu:6127
[  328731ms] [LOG] Masukkan Email @ https://phbidlautdemo.prahu-hub.com/home/relasi_satu_pintu:6127
[  328732ms] [LOG] undefined @ https://phbidlautdemo.prahu-hub.com/home/relasi_satu_pintu:6127
[  328732ms] [LOG] Masukkan Nama Bank @ https://phbidlautdemo.prahu-hub.com/home/relasi_satu_pintu:6127
[  328732ms] [LOG] undefined @ https://phbidlautdemo.prahu-hub.com/home/relasi_satu_pintu:6127
[  328734ms] [LOG] WebSocket connection @ https://phbidlautdemo.prahu-hub.com/home/relasi_satu_pintu:6170
[  328734ms] [LOG] WebSocket connection attempting... @ https://phbidlautdemo.prahu-hub.com/home/relasi_satu_pintu:6248
[  328862ms] [LOG] WebSocket connected @ https://phbidlautdemo.prahu-hub.com/home/relasi_satu_pintu:6179
[  328868ms] [LOG] update_dashboard_order_laut @ https://phbidlautdemo.prahu-hub.com/home/relasi_satu_pintu:6220
[  328891ms] [LOG] 30 @ https://phbidlautdemo.prahu-hub.com/_resources/themes/prahutheme/javascript/custom/relasisatupintu.js?m=1787972929:487
[  328892ms] [LOG] 30 countView1 1 pageNow 20 limitView1 @ https://phbidlautdemo.prahu-hub.com/_resources/themes/prahutheme/javascript/custom/relasisatupintu.js?m=1787972929:489
[  328892ms] [LOG] 20 @ https://phbidlautdemo.prahu-hub.com/_resources/themes/prahutheme/javascript/custom/relasisatupintu.js?m=1787972929:495
[  328892ms] [LOG] 30 jumlah data @ https://phbidlautdemo.prahu-hub.com/_resources/themes/prahutheme/javascript/custom/relasisatupintu.js?m=1787972929:450
[  328893ms] [LOG] 2 @ https://phbidlautdemo.prahu-hub.com/_resources/themes/prahutheme/javascript/custom/relasisatupintu.js?m=1787972929:452
[  328893ms] [LOG] 2 1 pageCount & pageNow @ https://phbidlautdemo.prahu-hub.com/_resources/themes/prahutheme/javascript/custom/relasisatupintu.js?m=1787972929:375
[  328896ms] [LOG] 200 xhrglobal @ https://phbidlautdemo.prahu-hub.com/home/relasi_satu_pintu:6101
[  328926ms] ReferenceError: renderTooltipHarga is not defined
    at https://phbidlautdemo.prahu-hub.com/_resources/themes/prahutheme/javascript/custom/relasisatupintu.js?m=1787972929:579:9
[  328926ms] [LOG] Connected @ https://phbidlautdemo.prahu-hub.com/home/relasi_satu_pintu:6220
[  329011ms] [LOG] 200 xhrglobal @ https://phbidlautdemo.prahu-hub.com/home/relasi_satu_pintu:6101
[  329083ms] [LOG] 200 xhrglobal @ https://phbidlautdemo.prahu-hub.com/home/relasi_satu_pintu:6101
[  330724ms] TypeError: $(...).DataTable is not a function
    at https://phbidlautdemo.prahu-hub.com/_resources/themes/prahutheme/js/scripts-init/tables.js:7:23
[  332063ms] Unexpected token '<'
[  332069ms] Cannot use import statement outside a module
[  332109ms] ReferenceError: Chart is not defined
    at https://phbidlautdemo.prahu-hub.com/_resources/themes/prahutheme/js/scripts-init/charts/chartjs.js:8:13
[  332110ms] Unexpected token '<'
[  332221ms] Unexpected token '<'
[  332332ms] Uncaught TypeError: expect element to be DOM Element, but got null
    at n.init (https://cdnjs.cloudflare.com/ajax/libs/smooth-scrollbar/8.5.2/smooth-scrollbar.js:24:264)
    at <anonymous> (https://phbidlautdemo.prahu-hub.com/adminprahu/SettingRelasi/aUNvRG8yUW9PWk1PMSt4WXFhUEFPUT09:5793:14)
[  332398ms] [LOG] Validasi Akunnamanya @ https://phbidlautdemo.prahu-hub.com/adminprahu/SettingRelasi/aUNvRG8yUW9PWk1PMSt4WXFhUEFPUT09:2040
[  332423ms] [LOG] undefined @ https://phbidlautdemo.prahu-hub.com/adminprahu/SettingRelasi/aUNvRG8yUW9PWk1PMSt4WXFhUEFPUT09:6146
[  332423ms] [LOG] undefined @ https://phbidlautdemo.prahu-hub.com/adminprahu/SettingRelasi/aUNvRG8yUW9PWk1PMSt4WXFhUEFPUT09:6146
[  332424ms] [LOG] 1xx @ https://phbidlautdemo.prahu-hub.com/adminprahu/SettingRelasi/aUNvRG8yUW9PWk1PMSt4WXFhUEFPUT09:6146
[  332424ms] [LOG] DD/MM/YYYY @ https://phbidlautdemo.prahu-hub.com/adminprahu/SettingRelasi/aUNvRG8yUW9PWk1PMSt4WXFhUEFPUT09:6146
[  332424ms] [LOG] Masukkan Relasi Transporter @ https://phbidlautdemo.prahu-hub.com/adminprahu/SettingRelasi/aUNvRG8yUW9PWk1PMSt4WXFhUEFPUT09:6146
[  332424ms] [LOG] Masukkan Atas Nama @ https://phbidlautdemo.prahu-hub.com/adminprahu/SettingRelasi/aUNvRG8yUW9PWk1PMSt4WXFhUEFPUT09:6146
[  332425ms] [LOG] Masukkan Nomor VA @ https://phbidlautdemo.prahu-hub.com/adminprahu/SettingRelasi/aUNvRG8yUW9PWk1PMSt4WXFhUEFPUT09:6146
[  332425ms] [LOG] undefined @ https://phbidlautdemo.prahu-hub.com/adminprahu/SettingRelasi/aUNvRG8yUW9PWk1PMSt4WXFhUEFPUT09:6146
[  332425ms] [LOG] undefined @ https://phbidlautdemo.prahu-hub.com/adminprahu/SettingRelasi/aUNvRG8yUW9PWk1PMSt4WXFhUEFPUT09:6146
[  332426ms] [LOG] Masukkan Nomor VA @ https://phbidlautdemo.prahu-hub.com/adminprahu/SettingRelasi/aUNvRG8yUW9PWk1PMSt4WXFhUEFPUT09:6146
[  332426ms] [LOG] Masukkan Atas Nama @ https://phbidlautdemo.prahu-hub.com/adminprahu/SettingRelasi/aUNvRG8yUW9PWk1PMSt4WXFhUEFPUT09:6146
[  332436ms] [LOG] WebSocket connection @ https://phbidlautdemo.prahu-hub.com/adminprahu/SettingRelasi/aUNvRG8yUW9PWk1PMSt4WXFhUEFPUT09:6189
[  332437ms] [LOG] WebSocket connection attempting... @ https://phbidlautdemo.prahu-hub.com/adminprahu/SettingRelasi/aUNvRG8yUW9PWk1PMSt4WXFhUEFPUT09:6267
[  332508ms] [LOG] 200 xhrglobal @ https://phbidlautdemo.prahu-hub.com/adminprahu/SettingRelasi/aUNvRG8yUW9PWk1PMSt4WXFhUEFPUT09:6120
[  332514ms] ReferenceError: renderTooltipHarga is not defined
    at https://phbidlautdemo.prahu-hub.com/_resources/themes/prahutheme/javascript/custom/SettingRelasi.js?m=1787972929:639:9
[  332556ms] [LOG] WebSocket connected @ https://phbidlautdemo.prahu-hub.com/adminprahu/SettingRelasi/aUNvRG8yUW9PWk1PMSt4WXFhUEFPUT09:6198
[  332559ms] [LOG] update_dashboard_order_laut @ https://phbidlautdemo.prahu-hub.com/adminprahu/SettingRelasi/aUNvRG8yUW9PWk1PMSt4WXFhUEFPUT09:6239
[  332588ms] [LOG] Connected @ https://phbidlautdemo.prahu-hub.com/adminprahu/SettingRelasi/aUNvRG8yUW9PWk1PMSt4WXFhUEFPUT09:6239
[  332742ms] [LOG] 200 xhrglobal @ https://phbidlautdemo.prahu-hub.com/adminprahu/SettingRelasi/aUNvRG8yUW9PWk1PMSt4WXFhUEFPUT09:6120
[  332798ms] [LOG] 200 xhrglobal @ https://phbidlautdemo.prahu-hub.com/adminprahu/SettingRelasi/aUNvRG8yUW9PWk1PMSt4WXFhUEFPUT09:6120
[  334243ms] [LOG] 200 xhrglobal @ https://phbidlautdemo.prahu-hub.com/adminprahu/SettingRelasi/aUNvRG8yUW9PWk1PMSt4WXFhUEFPUT09:6120
[  334381ms] [LOG] 200 xhrglobal @ https://phbidlautdemo.prahu-hub.com/adminprahu/SettingRelasi/aUNvRG8yUW9PWk1PMSt4WXFhUEFPUT09:6120
[  334414ms] TypeError: $(...).DataTable is not a function
    at https://phbidlautdemo.prahu-hub.com/_resources/themes/prahutheme/js/scripts-init/tables.js:7:23
[  335451ms] Cannot use import statement outside a module
[  335491ms] ReferenceError: Chart is not defined
    at https://phbidlautdemo.prahu-hub.com/_resources/themes/prahutheme/js/scripts-init/charts/chartjs.js:8:13
[  335646ms] Unexpected token '<'
[  335648ms] Unexpected token '<'
[  335750ms] Uncaught TypeError: expect element to be DOM Element, but got null
    at n.init (https://cdnjs.cloudflare.com/ajax/libs/smooth-scrollbar/8.5.2/smooth-scrollbar.js:24:264)
    at <anonymous> (https://phbidlautdemo.prahu-hub.com/adminprahu/TambahRelasi/aUNvRG8yUW9PWk1PMSt4WXFhUEFPUT09:6290:14)
[  335773ms] [LOG] Validasi Akunnamanya @ https://phbidlautdemo.prahu-hub.com/adminprahu/TambahRelasi/aUNvRG8yUW9PWk1PMSt4WXFhUEFPUT09:2039
[  335801ms] [LOG] undefined @ https://phbidlautdemo.prahu-hub.com/adminprahu/TambahRelasi/aUNvRG8yUW9PWk1PMSt4WXFhUEFPUT09:6643
[  335801ms] [LOG] undefined @ https://phbidlautdemo.prahu-hub.com/adminprahu/TambahRelasi/aUNvRG8yUW9PWk1PMSt4WXFhUEFPUT09:6643
[  335801ms] [LOG] Masukkan Nomor VA @ https://phbidlautdemo.prahu-hub.com/adminprahu/TambahRelasi/aUNvRG8yUW9PWk1PMSt4WXFhUEFPUT09:6643
[  335802ms] [LOG] Masukkan Atas Nama @ https://phbidlautdemo.prahu-hub.com/adminprahu/TambahRelasi/aUNvRG8yUW9PWk1PMSt4WXFhUEFPUT09:6643
[  335803ms] [LOG] WebSocket connection @ https://phbidlautdemo.prahu-hub.com/adminprahu/TambahRelasi/aUNvRG8yUW9PWk1PMSt4WXFhUEFPUT09:6686
[  335803ms] [LOG] WebSocket connection attempting... @ https://phbidlautdemo.prahu-hub.com/adminprahu/TambahRelasi/aUNvRG8yUW9PWk1PMSt4WXFhUEFPUT09:6764
[  335985ms] [LOG] WebSocket connected @ https://phbidlautdemo.prahu-hub.com/adminprahu/TambahRelasi/aUNvRG8yUW9PWk1PMSt4WXFhUEFPUT09:6695
[  335994ms] [LOG] update_dashboard_order_laut @ https://phbidlautdemo.prahu-hub.com/adminprahu/TambahRelasi/aUNvRG8yUW9PWk1PMSt4WXFhUEFPUT09:6736
[  336022ms] [LOG] Connected @ https://phbidlautdemo.prahu-hub.com/adminprahu/TambahRelasi/aUNvRG8yUW9PWk1PMSt4WXFhUEFPUT09:6736
[  336181ms] [LOG] 200 xhrglobal @ https://phbidlautdemo.prahu-hub.com/adminprahu/TambahRelasi/aUNvRG8yUW9PWk1PMSt4WXFhUEFPUT09:6617
[  336232ms] [LOG] 200 xhrglobal @ https://phbidlautdemo.prahu-hub.com/adminprahu/TambahRelasi/aUNvRG8yUW9PWk1PMSt4WXFhUEFPUT09:6617
[  337787ms] TypeError: $(...).DataTable is not a function
    at https://phbidlautdemo.prahu-hub.com/_resources/themes/prahutheme/js/scripts-init/tables.js:7:23
[  370838ms] Cannot use import statement outside a module
[  370868ms] ReferenceError: Chart is not defined
    at https://phbidlautdemo.prahu-hub.com/_resources/themes/prahutheme/js/scripts-init/charts/chartjs.js:8:13
[  370914ms] Unexpected token '<'
[  371034ms] Unexpected token '<'
[  371114ms] Uncaught TypeError: expect element to be DOM Element, but got null
    at n.init (https://cdnjs.cloudflare.com/ajax/libs/smooth-scrollbar/8.5.2/smooth-scrollbar.js:24:264)
    at <anonymous> (https://phbidlautdemo.prahu-hub.com/home/bidder:5273:14)
[  371149ms] [LOG] Validasi Akunnamanya @ https://phbidlautdemo.prahu-hub.com/home/bidder:2040
[  371160ms] [LOG] undefined @ https://phbidlautdemo.prahu-hub.com/home/bidder:5626
[  371160ms] [LOG] 1xxx @ https://phbidlautdemo.prahu-hub.com/home/bidder:5626
[  371160ms] [LOG] Masukkan Nama Perusahaan @ https://phbidlautdemo.prahu-hub.com/home/bidder:5626
[  371160ms] [LOG] Masukkan Alias @ https://phbidlautdemo.prahu-hub.com/home/bidder:5626
[  371160ms] [LOG] Masukkan Email @ https://phbidlautdemo.prahu-hub.com/home/bidder:5626
[  371160ms] [LOG] 08xxxxxxxxxxx @ https://phbidlautdemo.prahu-hub.com/home/bidder:5626
[  371161ms] [LOG] WebSocket connection @ https://phbidlautdemo.prahu-hub.com/home/bidder:5669
[  371162ms] [LOG] WebSocket connection attempting... @ https://phbidlautdemo.prahu-hub.com/home/bidder:5747
[  371269ms] [LOG] WebSocket connected @ https://phbidlautdemo.prahu-hub.com/home/bidder:5678
[  371271ms] [LOG] update_dashboard_order_laut @ https://phbidlautdemo.prahu-hub.com/home/bidder:5719
[  371299ms] [LOG] Connected @ https://phbidlautdemo.prahu-hub.com/home/bidder:5719
[  371460ms] [LOG] [Object, Object, Object, Object, Object, Object, Object, Object, Object, Object, Object, Object, Object, Object, Object, Object, Object, Object, Object, Object] @ https://phbidlautdemo.prahu-hub.com/_resources/themes/prahutheme/javascript/custom/bidder.js?m=1787972929:178
[  371471ms] [LOG] [Object, Object, Object, Object, Object, Object, Object, Object, Object, Object, Object, Object, Object, Object, Object, Object, Object, Object, Object, Object] @ https://phbidlautdemo.prahu-hub.com/_resources/themes/prahutheme/javascript/custom/bidder.js?m=1787972929:48
[  371482ms] [LOG] 79 @ https://phbidlautdemo.prahu-hub.com/_resources/themes/prahutheme/javascript/custom/bidder.js?m=1787972929:717
[  371482ms] [LOG] 79 countView1 1 pageNow 20 limitView1 @ https://phbidlautdemo.prahu-hub.com/_resources/themes/prahutheme/javascript/custom/bidder.js?m=1787972929:719
[  371483ms] [LOG] 20 @ https://phbidlautdemo.prahu-hub.com/_resources/themes/prahutheme/javascript/custom/bidder.js?m=1787972929:725
[  371483ms] [LOG] 79 jumlah data @ https://phbidlautdemo.prahu-hub.com/_resources/themes/prahutheme/javascript/custom/bidder.js?m=1787972929:682
[  371483ms] [LOG] 4 @ https://phbidlautdemo.prahu-hub.com/_resources/themes/prahutheme/javascript/custom/bidder.js?m=1787972929:684
[  371484ms] [LOG] 4 1 pageCount & pageNow @ https://phbidlautdemo.prahu-hub.com/_resources/themes/prahutheme/javascript/custom/bidder.js?m=1787972929:608
[  371486ms] [LOG] 200 xhrglobal @ https://phbidlautdemo.prahu-hub.com/home/bidder:5600
[  371487ms] [LOG] ce.fn.init stepItem @ https://phbidlautdemo.prahu-hub.com/_resources/themes/prahutheme/javascript/custom/bidder.js?m=1787972929:582
[  371572ms] [LOG] 200 xhrglobal @ https://phbidlautdemo.prahu-hub.com/home/bidder:5600
[  371636ms] [LOG] 200 xhrglobal @ https://phbidlautdemo.prahu-hub.com/home/bidder:5600
[  373189ms] TypeError: $(...).DataTable is not a function
    at https://phbidlautdemo.prahu-hub.com/_resources/themes/prahutheme/js/scripts-init/tables.js:7:23
[  373231ms] [LOG] 79 jumlah data @ https://phbidlautdemo.prahu-hub.com/_resources/themes/prahutheme/javascript/custom/bidder.js?m=1787972929:682
[  373231ms] [LOG] 1 @ https://phbidlautdemo.prahu-hub.com/_resources/themes/prahutheme/javascript/custom/bidder.js?m=1787972929:684
[  373232ms] [LOG] 1 1 pageCount & pageNow @ https://phbidlautdemo.prahu-hub.com/_resources/themes/prahutheme/javascript/custom/bidder.js?m=1787972929:608
[  373232ms] [LOG] 79 @ https://phbidlautdemo.prahu-hub.com/_resources/themes/prahutheme/javascript/custom/bidder.js?m=1787972929:717
[  373233ms] [LOG] 79 countView1 1 pageNow 100 limitView1 @ https://phbidlautdemo.prahu-hub.com/_resources/themes/prahutheme/javascript/custom/bidder.js?m=1787972929:719
[  373233ms] [LOG] 79 @ https://phbidlautdemo.prahu-hub.com/_resources/themes/prahutheme/javascript/custom/bidder.js?m=1787972929:725
[  374112ms] [LOG] [Object, Object, Object, Object, Object, Object, Object, Object, Object, Object, Object, Object, Object, Object, Object, Object, Object, Object, Object, Object, Object, Object, Object, Object, Object, Object, Object, Object, Object, Object, Object, Object, Object, Object, Object, Object, Object, Object, Object, Object, Object, Object, Object, Object, Object, Object, Object, Object, Object, Object, Object, Object, Object, Object, Object, Object, Object, Object, Object, Object, Object, Object, Object, Object, Object, Object, Object, Object, Object, Object, Object, Object, Object, Object, Object, Object, Object, Object, Object] @ https://phbidlautdemo.prahu-hub.com/_resources/themes/prahutheme/javascript/custom/bidder.js?m=1787972929:178
[  374140ms] [LOG] [Object, Object, Object, Object, Object, Object, Object, Object, Object, Object, Object, Object, Object, Object, Object, Object, Object, Object, Object, Object, Object, Object, Object, Object, Object, Object, Object, Object, Object, Object, Object, Object, Object, Object, Object, Object, Object, Object, Object, Object, Object, Object, Object, Object, Object, Object, Object, Object, Object, Object, Object, Object, Object, Object, Object, Object, Object, Object, Object, Object, Object, Object, Object, Object, Object, Object, Object, Object, Object, Object, Object, Object, Object, Object, Object, Object, Object, Object, Object] @ https://phbidlautdemo.prahu-hub.com/_resources/themes/prahutheme/javascript/custom/bidder.js?m=1787972929:48
[  374171ms] [LOG] 79 @ https://phbidlautdemo.prahu-hub.com/_resources/themes/prahutheme/javascript/custom/bidder.js?m=1787972929:717
[  374171ms] [LOG] 79 countView1 1 pageNow 100 limitView1 @ https://phbidlautdemo.prahu-hub.com/_resources/themes/prahutheme/javascript/custom/bidder.js?m=1787972929:719
[  374171ms] [LOG] 79 @ https://phbidlautdemo.prahu-hub.com/_resources/themes/prahutheme/javascript/custom/bidder.js?m=1787972929:725
[  374172ms] [LOG] 79 jumlah data @ https://phbidlautdemo.prahu-hub.com/_resources/themes/prahutheme/javascript/custom/bidder.js?m=1787972929:682
[  374172ms] [LOG] 1 @ https://phbidlautdemo.prahu-hub.com/_resources/themes/prahutheme/javascript/custom/bidder.js?m=1787972929:684
[  374172ms] [LOG] 1 1 pageCount & pageNow @ https://phbidlautdemo.prahu-hub.com/_resources/themes/prahutheme/javascript/custom/bidder.js?m=1787972929:608
[  374174ms] [LOG] 200 xhrglobal @ https://phbidlautdemo.prahu-hub.com/home/bidder:5600
[  377184ms] Cannot use import statement outside a module
[  377221ms] ReferenceError: Chart is not defined
    at https://phbidlautdemo.prahu-hub.com/_resources/themes/prahutheme/js/scripts-init/charts/chartjs.js:8:13
[  377276ms] Unexpected token '<'
[  377399ms] Unexpected token '<'
[  377465ms] Uncaught TypeError: expect element to be DOM Element, but got null
    at n.init (https://cdnjs.cloudflare.com/ajax/libs/smooth-scrollbar/8.5.2/smooth-scrollbar.js:24:264)
    at <anonymous> (https://phbidlautdemo.prahu-hub.com/home/profilbidders:5263:14)
[  377504ms] [LOG] Validasi Akunnamanya @ https://phbidlautdemo.prahu-hub.com/home/profilbidders:2040
[  377514ms] [LOG] undefined @ https://phbidlautdemo.prahu-hub.com/home/profilbidders:5616
[  377514ms] [LOG] Masukkan Nama Perusahaan @ https://phbidlautdemo.prahu-hub.com/home/profilbidders:5616
[  377514ms] [LOG] DD/MM/YYYYY @ https://phbidlautdemo.prahu-hub.com/home/profilbidders:5616
[  377514ms] [LOG] Masukkan Jumlah @ https://phbidlautdemo.prahu-hub.com/home/profilbidders:5616
[  377515ms] [LOG] Masukkan Jumlah @ https://phbidlautdemo.prahu-hub.com/home/profilbidders:5616
[  377516ms] [LOG] WebSocket connection @ https://phbidlautdemo.prahu-hub.com/home/profilbidders:5659
[  377517ms] [LOG] WebSocket connection attempting... @ https://phbidlautdemo.prahu-hub.com/home/profilbidders:5737
[  377629ms] [LOG] WebSocket connected @ https://phbidlautdemo.prahu-hub.com/home/profilbidders:5668
[  377632ms] [LOG] update_dashboard_order_laut @ https://phbidlautdemo.prahu-hub.com/home/profilbidders:5709
[  377661ms] [LOG] Connected @ https://phbidlautdemo.prahu-hub.com/home/profilbidders:5709
[  377749ms] [LOG] DEBUG DEBUG DEBUG: undefined @ https://phbidlautdemo.prahu-hub.com/_resources/themes/prahutheme/javascript/custom/profilbidders.js?m=1787972929:667
[  377752ms] [LOG] [Object, Object, Object, Object, Object, Object, Object, Object, Object, Object, Object, Object, Object, Object, Object, Object, Object, Object, Object, Object] @ https://phbidlautdemo.prahu-hub.com/_resources/themes/prahutheme/javascript/custom/profilbidders.js?m=1787972929:119
[  377764ms] [LOG] 60 @ https://phbidlautdemo.prahu-hub.com/_resources/themes/prahutheme/javascript/custom/profilbidders.js?m=1787972929:628
[  377764ms] [LOG] 60 countView1 1 pageNow 20 limitView1 @ https://phbidlautdemo.prahu-hub.com/_resources/themes/prahutheme/javascript/custom/profilbidders.js?m=1787972929:630
[  377765ms] [LOG] 20 @ https://phbidlautdemo.prahu-hub.com/_resources/themes/prahutheme/javascript/custom/profilbidders.js?m=1787972929:641
[  377766ms] [LOG] 60 jumlah data @ https://phbidlautdemo.prahu-hub.com/_resources/themes/prahutheme/javascript/custom/profilbidders.js?m=1787972929:587
[  377766ms] [LOG] 3 @ https://phbidlautdemo.prahu-hub.com/_resources/themes/prahutheme/javascript/custom/profilbidders.js?m=1787972929:589
[  377767ms] [LOG] 3 1 pageCount & pageNow @ https://phbidlautdemo.prahu-hub.com/_resources/themes/prahutheme/javascript/custom/profilbidders.js?m=1787972929:515
[  377772ms] [LOG] 200 xhrglobal @ https://phbidlautdemo.prahu-hub.com/home/profilbidders:5590
[  377773ms] [LOG] ce.fn.init stepItem @ https://phbidlautdemo.prahu-hub.com/_resources/themes/prahutheme/javascript/custom/profilbidders.js?m=1787972929:484
[  377874ms] [LOG] 200 xhrglobal @ https://phbidlautdemo.prahu-hub.com/home/profilbidders:5590
[  377925ms] [LOG] 200 xhrglobal @ https://phbidlautdemo.prahu-hub.com/home/profilbidders:5590
[  379527ms] TypeError: $(...).DataTable is not a function
    at https://phbidlautdemo.prahu-hub.com/_resources/themes/prahutheme/js/scripts-init/tables.js:7:23
[  380491ms] Cannot use import statement outside a module
[  380521ms] ReferenceError: Chart is not defined
    at https://phbidlautdemo.prahu-hub.com/_resources/themes/prahutheme/js/scripts-init/charts/chartjs.js:8:13
[  380557ms] Unexpected token '<'
[  380674ms] Unexpected token '<'
[  380751ms] Uncaught TypeError: expect element to be DOM Element, but got null
    at n.init (https://cdnjs.cloudflare.com/ajax/libs/smooth-scrollbar/8.5.2/smooth-scrollbar.js:24:264)
    at <anonymous> (https://phbidlautdemo.prahu-hub.com/adminprahu/preregister:5418:14)
[  380792ms] [LOG] Validasi Akunnamanya @ https://phbidlautdemo.prahu-hub.com/adminprahu/preregister:2040
[  380803ms] [LOG] undefined @ https://phbidlautdemo.prahu-hub.com/adminprahu/preregister:5771
[  380803ms] [LOG] 1xxx @ https://phbidlautdemo.prahu-hub.com/adminprahu/preregister:5771
[  380803ms] [LOG] undefined @ https://phbidlautdemo.prahu-hub.com/adminprahu/preregister:5771
[  380804ms] [LOG] Masukkan Nama @ https://phbidlautdemo.prahu-hub.com/adminprahu/preregister:5771
[  380804ms] [LOG] Masukkan Nama Perusahaan @ https://phbidlautdemo.prahu-hub.com/adminprahu/preregister:5771
[  380804ms] [LOG] Masukkan Email @ https://phbidlautdemo.prahu-hub.com/adminprahu/preregister:5771
[  380804ms] [LOG] 08xxx @ https://phbidlautdemo.prahu-hub.com/adminprahu/preregister:5771
[  380804ms] [LOG] DD/MM/YYYY @ https://phbidlautdemo.prahu-hub.com/adminprahu/preregister:5771
[  380806ms] [LOG] WebSocket connection @ https://phbidlautdemo.prahu-hub.com/adminprahu/preregister:5814
[  380807ms] [LOG] WebSocket connection attempting... @ https://phbidlautdemo.prahu-hub.com/adminprahu/preregister:5892
[  380930ms] [LOG] WebSocket connected @ https://phbidlautdemo.prahu-hub.com/adminprahu/preregister:5823
[  380933ms] [LOG] update_dashboard_order_laut @ https://phbidlautdemo.prahu-hub.com/adminprahu/preregister:5864
[  380967ms] [LOG] Connected @ https://phbidlautdemo.prahu-hub.com/adminprahu/preregister:5864
[  381003ms] [LOG] [Object, Object, Object, Object, Object, Object, Object, Object, Object, Object, Object, Object, Object, Object, Object, Object, Object, Object, Object, Object] @ https://phbidlautdemo.prahu-hub.com/_resources/themes/prahutheme/javascript/custom/preregister.js?m=1787972929:163
[  381010ms] [LOG] 33 @ https://phbidlautdemo.prahu-hub.com/_resources/themes/prahutheme/javascript/custom/preregister.js?m=1787972929:770
[  381010ms] [LOG] 33 countView1 1 pageNow 20 limitView1 @ https://phbidlautdemo.prahu-hub.com/_resources/themes/prahutheme/javascript/custom/preregister.js?m=1787972929:772
[  381011ms] [LOG] 20 @ https://phbidlautdemo.prahu-hub.com/_resources/themes/prahutheme/javascript/custom/preregister.js?m=1787972929:778
[  381011ms] [LOG] 33 jumlah data @ https://phbidlautdemo.prahu-hub.com/_resources/themes/prahutheme/javascript/custom/preregister.js?m=1787972929:734
[  381012ms] [LOG] 2 @ https://phbidlautdemo.prahu-hub.com/_resources/themes/prahutheme/javascript/custom/preregister.js?m=1787972929:736
[  381013ms] [LOG] 2 1 pageCount & pageNow @ https://phbidlautdemo.prahu-hub.com/_resources/themes/prahutheme/javascript/custom/preregister.js?m=1787972929:660
[  381017ms] [LOG] 200 xhrglobal @ https://phbidlautdemo.prahu-hub.com/adminprahu/preregister:5745
[  381018ms] [LOG] ce.fn.init stepItem @ https://phbidlautdemo.prahu-hub.com/_resources/themes/prahutheme/javascript/custom/preregister.js?m=1787972929:634
[  381107ms] [LOG] 200 xhrglobal @ https://phbidlautdemo.prahu-hub.com/adminprahu/preregister:5745
[  381172ms] [LOG] 200 xhrglobal @ https://phbidlautdemo.prahu-hub.com/adminprahu/preregister:5745
[  382810ms] TypeError: $(...).DataTable is not a function
    at https://phbidlautdemo.prahu-hub.com/_resources/themes/prahutheme/js/scripts-init/tables.js:7:23
[  382985ms] [LOG] 33 jumlah data @ https://phbidlautdemo.prahu-hub.com/_resources/themes/prahutheme/javascript/custom/preregister.js?m=1787972929:734
[  382986ms] [LOG] 1 @ https://phbidlautdemo.prahu-hub.com/_resources/themes/prahutheme/javascript/custom/preregister.js?m=1787972929:736
[  382986ms] [LOG] 1 1 pageCount & pageNow @ https://phbidlautdemo.prahu-hub.com/_resources/themes/prahutheme/javascript/custom/preregister.js?m=1787972929:660
[  382992ms] [LOG] 33 @ https://phbidlautdemo.prahu-hub.com/_resources/themes/prahutheme/javascript/custom/preregister.js?m=1787972929:770
[  382993ms] [LOG] 33 countView1 1 pageNow 100 limitView1 @ https://phbidlautdemo.prahu-hub.com/_resources/themes/prahutheme/javascript/custom/preregister.js?m=1787972929:772
[  382993ms] [LOG] 33 @ https://phbidlautdemo.prahu-hub.com/_resources/themes/prahutheme/javascript/custom/preregister.js?m=1787972929:778
[  383613ms] [LOG] [Object, Object, Object, Object, Object, Object, Object, Object, Object, Object, Object, Object, Object, Object, Object, Object, Object, Object, Object, Object, Object, Object, Object, Object, Object, Object, Object, Object, Object, Object, Object, Object, Object] @ https://phbidlautdemo.prahu-hub.com/_resources/themes/prahutheme/javascript/custom/preregister.js?m=1787972929:163
[  383621ms] [LOG] 33 @ https://phbidlautdemo.prahu-hub.com/_resources/themes/prahutheme/javascript/custom/preregister.js?m=1787972929:770
[  383622ms] [LOG] 33 countView1 1 pageNow 100 limitView1 @ https://phbidlautdemo.prahu-hub.com/_resources/themes/prahutheme/javascript/custom/preregister.js?m=1787972929:772
[  383622ms] [LOG] 33 @ https://phbidlautdemo.prahu-hub.com/_resources/themes/prahutheme/javascript/custom/preregister.js?m=1787972929:778
[  383622ms] [LOG] 33 jumlah data @ https://phbidlautdemo.prahu-hub.com/_resources/themes/prahutheme/javascript/custom/preregister.js?m=1787972929:734
[  383623ms] [LOG] 1 @ https://phbidlautdemo.prahu-hub.com/_resources/themes/prahutheme/javascript/custom/preregister.js?m=1787972929:736
[  383623ms] [LOG] 1 1 pageCount & pageNow @ https://phbidlautdemo.prahu-hub.com/_resources/themes/prahutheme/javascript/custom/preregister.js?m=1787972929:660
[  383625ms] [LOG] 200 xhrglobal @ https://phbidlautdemo.prahu-hub.com/adminprahu/preregister:5745
[  421810ms] Cannot use import statement outside a module
[  421851ms] ReferenceError: Chart is not defined
    at https://phbidlautdemo.prahu-hub.com/_resources/themes/prahutheme/js/scripts-init/charts/chartjs.js:8:13
[  421922ms] Unexpected token '<'
[  422036ms] Unexpected token '<'
[  422105ms] Uncaught TypeError: expect element to be DOM Element, but got null
    at n.init (https://cdnjs.cloudflare.com/ajax/libs/smooth-scrollbar/8.5.2/smooth-scrollbar.js:24:264)
    at <anonymous> (https://phbidlautdemo.prahu-hub.com/home/bidder:5273:14)
[  422143ms] [LOG] Validasi Akunnamanya @ https://phbidlautdemo.prahu-hub.com/home/bidder:2040
[  422157ms] [LOG] undefined @ https://phbidlautdemo.prahu-hub.com/home/bidder:5626
[  422158ms] [LOG] 1xxx @ https://phbidlautdemo.prahu-hub.com/home/bidder:5626
[  422158ms] [LOG] Masukkan Nama Perusahaan @ https://phbidlautdemo.prahu-hub.com/home/bidder:5626
[  422158ms] [LOG] Masukkan Alias @ https://phbidlautdemo.prahu-hub.com/home/bidder:5626
[  422159ms] [LOG] Masukkan Email @ https://phbidlautdemo.prahu-hub.com/home/bidder:5626
[  422159ms] [LOG] 08xxxxxxxxxxx @ https://phbidlautdemo.prahu-hub.com/home/bidder:5626
[  422161ms] [LOG] WebSocket connection @ https://phbidlautdemo.prahu-hub.com/home/bidder:5669
[  422163ms] [LOG] WebSocket connection attempting... @ https://phbidlautdemo.prahu-hub.com/home/bidder:5747
[  422290ms] [LOG] WebSocket connected @ https://phbidlautdemo.prahu-hub.com/home/bidder:5678
[  422292ms] [LOG] update_dashboard_order_laut @ https://phbidlautdemo.prahu-hub.com/home/bidder:5719
[  422323ms] [LOG] Connected @ https://phbidlautdemo.prahu-hub.com/home/bidder:5719
[  422445ms] [LOG] [Object, Object, Object, Object, Object, Object, Object, Object, Object, Object, Object, Object, Object, Object, Object, Object, Object, Object, Object, Object] @ https://phbidlautdemo.prahu-hub.com/_resources/themes/prahutheme/javascript/custom/bidder.js?m=1787972929:178
[  422449ms] [LOG] [Object, Object, Object, Object, Object, Object, Object, Object, Object, Object, Object, Object, Object, Object, Object, Object, Object, Object, Object, Object] @ https://phbidlautdemo.prahu-hub.com/_resources/themes/prahutheme/javascript/custom/bidder.js?m=1787972929:48
[  422455ms] [LOG] 79 @ https://phbidlautdemo.prahu-hub.com/_resources/themes/prahutheme/javascript/custom/bidder.js?m=1787972929:717
[  422455ms] [LOG] 79 countView1 1 pageNow 20 limitView1 @ https://phbidlautdemo.prahu-hub.com/_resources/themes/prahutheme/javascript/custom/bidder.js?m=1787972929:719
[  422456ms] [LOG] 20 @ https://phbidlautdemo.prahu-hub.com/_resources/themes/prahutheme/javascript/custom/bidder.js?m=1787972929:725
[  422456ms] [LOG] 79 jumlah data @ https://phbidlautdemo.prahu-hub.com/_resources/themes/prahutheme/javascript/custom/bidder.js?m=1787972929:682
[  422456ms] [LOG] 4 @ https://phbidlautdemo.prahu-hub.com/_resources/themes/prahutheme/javascript/custom/bidder.js?m=1787972929:684
[  422456ms] [LOG] 4 1 pageCount & pageNow @ https://phbidlautdemo.prahu-hub.com/_resources/themes/prahutheme/javascript/custom/bidder.js?m=1787972929:608
[  422457ms] [LOG] 200 xhrglobal @ https://phbidlautdemo.prahu-hub.com/home/bidder:5600
[  422458ms] [LOG] ce.fn.init stepItem @ https://phbidlautdemo.prahu-hub.com/_resources/themes/prahutheme/javascript/custom/bidder.js?m=1787972929:582
[  422587ms] [LOG] 200 xhrglobal @ https://phbidlautdemo.prahu-hub.com/home/bidder:5600
[  422644ms] [LOG] 200 xhrglobal @ https://phbidlautdemo.prahu-hub.com/home/bidder:5600
[  424162ms] TypeError: $(...).DataTable is not a function
    at https://phbidlautdemo.prahu-hub.com/_resources/themes/prahutheme/js/scripts-init/tables.js:7:23
[  424232ms] [LOG] 79 jumlah data @ https://phbidlautdemo.prahu-hub.com/_resources/themes/prahutheme/javascript/custom/bidder.js?m=1787972929:682
[  424233ms] [LOG] 1 @ https://phbidlautdemo.prahu-hub.com/_resources/themes/prahutheme/javascript/custom/bidder.js?m=1787972929:684
[  424233ms] [LOG] 1 1 pageCount & pageNow @ https://phbidlautdemo.prahu-hub.com/_resources/themes/prahutheme/javascript/custom/bidder.js?m=1787972929:608
[  424233ms] [LOG] 79 @ https://phbidlautdemo.prahu-hub.com/_resources/themes/prahutheme/javascript/custom/bidder.js?m=1787972929:717
[  424234ms] [LOG] 79 countView1 1 pageNow 100 limitView1 @ https://phbidlautdemo.prahu-hub.com/_resources/themes/prahutheme/javascript/custom/bidder.js?m=1787972929:719
[  424234ms] [LOG] 79 @ https://phbidlautdemo.prahu-hub.com/_resources/themes/prahutheme/javascript/custom/bidder.js?m=1787972929:725
[  425123ms] [LOG] [Object, Object, Object, Object, Object, Object, Object, Object, Object, Object, Object, Object, Object, Object, Object, Object, Object, Object, Object, Object, Object, Object, Object, Object, Object, Object, Object, Object, Object, Object, Object, Object, Object, Object, Object, Object, Object, Object, Object, Object, Object, Object, Object, Object, Object, Object, Object, Object, Object, Object, Object, Object, Object, Object, Object, Object, Object, Object, Object, Object, Object, Object, Object, Object, Object, Object, Object, Object, Object, Object, Object, Object, Object, Object, Object, Object, Object, Object, Object] @ https://phbidlautdemo.prahu-hub.com/_resources/themes/prahutheme/javascript/custom/bidder.js?m=1787972929:178
[  425154ms] [LOG] [Object, Object, Object, Object, Object, Object, Object, Object, Object, Object, Object, Object, Object, Object, Object, Object, Object, Object, Object, Object, Object, Object, Object, Object, Object, Object, Object, Object, Object, Object, Object, Object, Object, Object, Object, Object, Object, Object, Object, Object, Object, Object, Object, Object, Object, Object, Object, Object, Object, Object, Object, Object, Object, Object, Object, Object, Object, Object, Object, Object, Object, Object, Object, Object, Object, Object, Object, Object, Object, Object, Object, Object, Object, Object, Object, Object, Object, Object, Object] @ https://phbidlautdemo.prahu-hub.com/_resources/themes/prahutheme/javascript/custom/bidder.js?m=1787972929:48
[  425180ms] [LOG] 79 @ https://phbidlautdemo.prahu-hub.com/_resources/themes/prahutheme/javascript/custom/bidder.js?m=1787972929:717
[  425180ms] [LOG] 79 countView1 1 pageNow 100 limitView1 @ https://phbidlautdemo.prahu-hub.com/_resources/themes/prahutheme/javascript/custom/bidder.js?m=1787972929:719
[  425180ms] [LOG] 79 @ https://phbidlautdemo.prahu-hub.com/_resources/themes/prahutheme/javascript/custom/bidder.js?m=1787972929:725
[  425181ms] [LOG] 79 jumlah data @ https://phbidlautdemo.prahu-hub.com/_resources/themes/prahutheme/javascript/custom/bidder.js?m=1787972929:682
[  425181ms] [LOG] 1 @ https://phbidlautdemo.prahu-hub.com/_resources/themes/prahutheme/javascript/custom/bidder.js?m=1787972929:684
[  425181ms] [LOG] 1 1 pageCount & pageNow @ https://phbidlautdemo.prahu-hub.com/_resources/themes/prahutheme/javascript/custom/bidder.js?m=1787972929:608
[  425183ms] [LOG] 200 xhrglobal @ https://phbidlautdemo.prahu-hub.com/home/bidder:5600
[  428926ms] Unexpected token '<'
[  429158ms] Unexpected token '<'
[  429166ms] Cannot use import statement outside a module
[  429216ms] ReferenceError: Chart is not defined
    at https://phbidlautdemo.prahu-hub.com/_resources/themes/prahutheme/js/scripts-init/charts/chartjs.js:8:13
[  429217ms] Unexpected token '<'
[  429219ms] Unexpected token '<'
[  429277ms] Uncaught TypeError: expect element to be DOM Element, but got null
    at n.init (https://cdnjs.cloudflare.com/ajax/libs/smooth-scrollbar/8.5.2/smooth-scrollbar.js:24:264)
    at <anonymous> (https://phbidlautdemo.prahu-hub.com/home/validasibidder/QzlFenBSVmxJLzZpa1VIZlRLSmdjQT09:6566:14)
[  429339ms] [LOG] Validasi Akunnamanya @ https://phbidlautdemo.prahu-hub.com/home/validasibidder/QzlFenBSVmxJLzZpa1VIZlRLSmdjQT09:2039
[  429351ms] [LOG] undefined @ https://phbidlautdemo.prahu-hub.com/home/validasibidder/QzlFenBSVmxJLzZpa1VIZlRLSmdjQT09:6919
[  429351ms] [LOG] Masukkan Nama @ https://phbidlautdemo.prahu-hub.com/home/validasibidder/QzlFenBSVmxJLzZpa1VIZlRLSmdjQT09:6919
[  429351ms] [LOG] Masukkan Nama Perusahaan @ https://phbidlautdemo.prahu-hub.com/home/validasibidder/QzlFenBSVmxJLzZpa1VIZlRLSmdjQT09:6919
[  429352ms] [LOG] Masukkan Alias @ https://phbidlautdemo.prahu-hub.com/home/validasibidder/QzlFenBSVmxJLzZpa1VIZlRLSmdjQT09:6919
[  429352ms] [LOG] 08xxxxxxxxxx @ https://phbidlautdemo.prahu-hub.com/home/validasibidder/QzlFenBSVmxJLzZpa1VIZlRLSmdjQT09:6919
[  429352ms] [LOG] 03xxxxxxxxxx @ https://phbidlautdemo.prahu-hub.com/home/validasibidder/QzlFenBSVmxJLzZpa1VIZlRLSmdjQT09:6919
[  429353ms] [LOG] Masukkan Email @ https://phbidlautdemo.prahu-hub.com/home/validasibidder/QzlFenBSVmxJLzZpa1VIZlRLSmdjQT09:6919
[  429354ms] [LOG] Masukkan Email @ https://phbidlautdemo.prahu-hub.com/home/validasibidder/QzlFenBSVmxJLzZpa1VIZlRLSmdjQT09:6919
[  429354ms] [LOG] undefined @ https://phbidlautdemo.prahu-hub.com/home/validasibidder/QzlFenBSVmxJLzZpa1VIZlRLSmdjQT09:6919
[  429354ms] [LOG] Masukkan NPWP @ https://phbidlautdemo.prahu-hub.com/home/validasibidder/QzlFenBSVmxJLzZpa1VIZlRLSmdjQT09:6919
[  429354ms] [LOG] Masukkan Gambar  @ https://phbidlautdemo.prahu-hub.com/home/validasibidder/QzlFenBSVmxJLzZpa1VIZlRLSmdjQT09:6919
[  429354ms] [LOG] Masukkan No. NPWP @ https://phbidlautdemo.prahu-hub.com/home/validasibidder/QzlFenBSVmxJLzZpa1VIZlRLSmdjQT09:6919
[  429355ms] [LOG] undefined @ https://phbidlautdemo.prahu-hub.com/home/validasibidder/QzlFenBSVmxJLzZpa1VIZlRLSmdjQT09:6919
[  429355ms] [LOG] Masukkan SIUP @ https://phbidlautdemo.prahu-hub.com/home/validasibidder/QzlFenBSVmxJLzZpa1VIZlRLSmdjQT09:6919
[  429355ms] [LOG] Masukkan Gambar  @ https://phbidlautdemo.prahu-hub.com/home/validasibidder/QzlFenBSVmxJLzZpa1VIZlRLSmdjQT09:6919
[  429355ms] [LOG] Masukkan No. SIUP @ https://phbidlautdemo.prahu-hub.com/home/validasibidder/QzlFenBSVmxJLzZpa1VIZlRLSmdjQT09:6919
[  429355ms] [LOG] undefined @ https://phbidlautdemo.prahu-hub.com/home/validasibidder/QzlFenBSVmxJLzZpa1VIZlRLSmdjQT09:6919
[  429355ms] [LOG] Masukkan Gambar @ https://phbidlautdemo.prahu-hub.com/home/validasibidder/QzlFenBSVmxJLzZpa1VIZlRLSmdjQT09:6919
[  429355ms] [LOG] Masukkan Gambar  @ https://phbidlautdemo.prahu-hub.com/home/validasibidder/QzlFenBSVmxJLzZpa1VIZlRLSmdjQT09:6919
[  429356ms] [LOG] Tanggal Register @ https://phbidlautdemo.prahu-hub.com/home/validasibidder/QzlFenBSVmxJLzZpa1VIZlRLSmdjQT09:6919
[  429356ms] [LOG] undefined @ https://phbidlautdemo.prahu-hub.com/home/validasibidder/QzlFenBSVmxJLzZpa1VIZlRLSmdjQT09:6919
[  429356ms] [LOG] undefined @ https://phbidlautdemo.prahu-hub.com/home/validasibidder/QzlFenBSVmxJLzZpa1VIZlRLSmdjQT09:6919
[  429356ms] [LOG] undefined @ https://phbidlautdemo.prahu-hub.com/home/validasibidder/QzlFenBSVmxJLzZpa1VIZlRLSmdjQT09:6919
[  429356ms] [LOG] Masukkan Nomor Rekening @ https://phbidlautdemo.prahu-hub.com/home/validasibidder/QzlFenBSVmxJLzZpa1VIZlRLSmdjQT09:6919
[  429356ms] [LOG] Masukkan Nama Rekening @ https://phbidlautdemo.prahu-hub.com/home/validasibidder/QzlFenBSVmxJLzZpa1VIZlRLSmdjQT09:6919
[  429357ms] [LOG] undefined @ https://phbidlautdemo.prahu-hub.com/home/validasibidder/QzlFenBSVmxJLzZpa1VIZlRLSmdjQT09:6919
[  429357ms] [LOG] undefined @ https://phbidlautdemo.prahu-hub.com/home/validasibidder/QzlFenBSVmxJLzZpa1VIZlRLSmdjQT09:6919
[  429358ms] [LOG] WebSocket connection @ https://phbidlautdemo.prahu-hub.com/home/validasibidder/QzlFenBSVmxJLzZpa1VIZlRLSmdjQT09:6962
[  429359ms] [LOG] WebSocket connection attempting... @ https://phbidlautdemo.prahu-hub.com/home/validasibidder/QzlFenBSVmxJLzZpa1VIZlRLSmdjQT09:7040
[  429447ms] [LOG] 200 xhrglobal @ https://phbidlautdemo.prahu-hub.com/home/validasibidder/QzlFenBSVmxJLzZpa1VIZlRLSmdjQT09:6893
[  429539ms] [LOG] WebSocket connected @ https://phbidlautdemo.prahu-hub.com/home/validasibidder/QzlFenBSVmxJLzZpa1VIZlRLSmdjQT09:6971
[  429545ms] [LOG] update_dashboard_order_laut @ https://phbidlautdemo.prahu-hub.com/home/validasibidder/QzlFenBSVmxJLzZpa1VIZlRLSmdjQT09:7012
[  429723ms] [LOG] Connected @ https://phbidlautdemo.prahu-hub.com/home/validasibidder/QzlFenBSVmxJLzZpa1VIZlRLSmdjQT09:7012
[  429801ms] [LOG] 200 xhrglobal @ https://phbidlautdemo.prahu-hub.com/home/validasibidder/QzlFenBSVmxJLzZpa1VIZlRLSmdjQT09:6893
[  429859ms] [LOG] 200 xhrglobal @ https://phbidlautdemo.prahu-hub.com/home/validasibidder/QzlFenBSVmxJLzZpa1VIZlRLSmdjQT09:6893
[  431735ms] Cannot use import statement outside a module
[  431763ms] ReferenceError: Chart is not defined
    at https://phbidlautdemo.prahu-hub.com/_resources/themes/prahutheme/js/scripts-init/charts/chartjs.js:8:13
[  431856ms] Unexpected token '<'
[  432009ms] Unexpected token '<'
[  432124ms] Uncaught TypeError: expect element to be DOM Element, but got null
    at n.init (https://cdnjs.cloudflare.com/ajax/libs/smooth-scrollbar/8.5.2/smooth-scrollbar.js:24:264)
    at <anonymous> (https://phbidlautdemo.prahu-hub.com/adminprahu/preregister:5418:14)
[  432177ms] [LOG] Validasi Akunnamanya @ https://phbidlautdemo.prahu-hub.com/adminprahu/preregister:2040
[  432188ms] [LOG] undefined @ https://phbidlautdemo.prahu-hub.com/adminprahu/preregister:5771
[  432188ms] [LOG] 1xxx @ https://phbidlautdemo.prahu-hub.com/adminprahu/preregister:5771
[  432189ms] [LOG] undefined @ https://phbidlautdemo.prahu-hub.com/adminprahu/preregister:5771
[  432189ms] [LOG] Masukkan Nama @ https://phbidlautdemo.prahu-hub.com/adminprahu/preregister:5771
[  432189ms] [LOG] Masukkan Nama Perusahaan @ https://phbidlautdemo.prahu-hub.com/adminprahu/preregister:5771
[  432189ms] [LOG] Masukkan Email @ https://phbidlautdemo.prahu-hub.com/adminprahu/preregister:5771
[  432190ms] [LOG] 08xxx @ https://phbidlautdemo.prahu-hub.com/adminprahu/preregister:5771
[  432190ms] [LOG] DD/MM/YYYY @ https://phbidlautdemo.prahu-hub.com/adminprahu/preregister:5771
[  432192ms] [LOG] WebSocket connection @ https://phbidlautdemo.prahu-hub.com/adminprahu/preregister:5814
[  432193ms] [LOG] WebSocket connection attempting... @ https://phbidlautdemo.prahu-hub.com/adminprahu/preregister:5892
[  432371ms] [LOG] WebSocket connected @ https://phbidlautdemo.prahu-hub.com/adminprahu/preregister:5823
[  432374ms] [LOG] update_dashboard_order_laut @ https://phbidlautdemo.prahu-hub.com/adminprahu/preregister:5864
[  432431ms] [LOG] [Object, Object, Object, Object, Object, Object, Object, Object, Object, Object, Object, Object, Object, Object, Object, Object, Object, Object, Object, Object] @ https://phbidlautdemo.prahu-hub.com/_resources/themes/prahutheme/javascript/custom/preregister.js?m=1787972929:163
[  432435ms] [LOG] 33 @ https://phbidlautdemo.prahu-hub.com/_resources/themes/prahutheme/javascript/custom/preregister.js?m=1787972929:770
[  432436ms] [LOG] 33 countView1 1 pageNow 20 limitView1 @ https://phbidlautdemo.prahu-hub.com/_resources/themes/prahutheme/javascript/custom/preregister.js?m=1787972929:772
[  432436ms] [LOG] 20 @ https://phbidlautdemo.prahu-hub.com/_resources/themes/prahutheme/javascript/custom/preregister.js?m=1787972929:778
[  432436ms] [LOG] 33 jumlah data @ https://phbidlautdemo.prahu-hub.com/_resources/themes/prahutheme/javascript/custom/preregister.js?m=1787972929:734
[  432436ms] [LOG] 2 @ https://phbidlautdemo.prahu-hub.com/_resources/themes/prahutheme/javascript/custom/preregister.js?m=1787972929:736
[  432437ms] [LOG] 2 1 pageCount & pageNow @ https://phbidlautdemo.prahu-hub.com/_resources/themes/prahutheme/javascript/custom/preregister.js?m=1787972929:660
[  432439ms] [LOG] 200 xhrglobal @ https://phbidlautdemo.prahu-hub.com/adminprahu/preregister:5745
[  432440ms] [LOG] ce.fn.init stepItem @ https://phbidlautdemo.prahu-hub.com/_resources/themes/prahutheme/javascript/custom/preregister.js?m=1787972929:634
[  432469ms] [LOG] Connected @ https://phbidlautdemo.prahu-hub.com/adminprahu/preregister:5864
[  432573ms] [LOG] 200 xhrglobal @ https://phbidlautdemo.prahu-hub.com/adminprahu/preregister:5745
[  432641ms] [LOG] 200 xhrglobal @ https://phbidlautdemo.prahu-hub.com/adminprahu/preregister:5745
[  434188ms] TypeError: $(...).DataTable is not a function
    at https://phbidlautdemo.prahu-hub.com/_resources/themes/prahutheme/js/scripts-init/tables.js:7:23
[  434779ms] [LOG] 33 jumlah data @ https://phbidlautdemo.prahu-hub.com/_resources/themes/prahutheme/javascript/custom/preregister.js?m=1787972929:734
[  434780ms] [LOG] 1 @ https://phbidlautdemo.prahu-hub.com/_resources/themes/prahutheme/javascript/custom/preregister.js?m=1787972929:736
[  434780ms] [LOG] 1 1 pageCount & pageNow @ https://phbidlautdemo.prahu-hub.com/_resources/themes/prahutheme/javascript/custom/preregister.js?m=1787972929:660
[  434781ms] [LOG] 33 @ https://phbidlautdemo.prahu-hub.com/_resources/themes/prahutheme/javascript/custom/preregister.js?m=1787972929:770
[  434782ms] [LOG] 33 countView1 1 pageNow 100 limitView1 @ https://phbidlautdemo.prahu-hub.com/_resources/themes/prahutheme/javascript/custom/preregister.js?m=1787972929:772
[  434782ms] [LOG] 33 @ https://phbidlautdemo.prahu-hub.com/_resources/themes/prahutheme/javascript/custom/preregister.js?m=1787972929:778
[  435092ms] [LOG] [Object, Object, Object, Object, Object, Object, Object, Object, Object, Object, Object, Object, Object, Object, Object, Object, Object, Object, Object, Object, Object, Object, Object, Object, Object, Object, Object, Object, Object, Object, Object, Object, Object] @ https://phbidlautdemo.prahu-hub.com/_resources/themes/prahutheme/javascript/custom/preregister.js?m=1787972929:163
[  435105ms] [LOG] 33 @ https://phbidlautdemo.prahu-hub.com/_resources/themes/prahutheme/javascript/custom/preregister.js?m=1787972929:770
[  435106ms] [LOG] 33 countView1 1 pageNow 100 limitView1 @ https://phbidlautdemo.prahu-hub.com/_resources/themes/prahutheme/javascript/custom/preregister.js?m=1787972929:772
[  435106ms] [LOG] 33 @ https://phbidlautdemo.prahu-hub.com/_resources/themes/prahutheme/javascript/custom/preregister.js?m=1787972929:778
[  435106ms] [LOG] 33 jumlah data @ https://phbidlautdemo.prahu-hub.com/_resources/themes/prahutheme/javascript/custom/preregister.js?m=1787972929:734
[  435107ms] [LOG] 1 @ https://phbidlautdemo.prahu-hub.com/_resources/themes/prahutheme/javascript/custom/preregister.js?m=1787972929:736
[  435107ms] [LOG] 1 1 pageCount & pageNow @ https://phbidlautdemo.prahu-hub.com/_resources/themes/prahutheme/javascript/custom/preregister.js?m=1787972929:660
[  435110ms] [LOG] 200 xhrglobal @ https://phbidlautdemo.prahu-hub.com/adminprahu/preregister:5745
[  471993ms] Cannot use import statement outside a module
[  472021ms] ReferenceError: Chart is not defined
    at https://phbidlautdemo.prahu-hub.com/_resources/themes/prahutheme/js/scripts-init/charts/chartjs.js:8:13
[  472248ms] Unexpected token '<'
[  472249ms] Unexpected token '<'
[  472306ms] Uncaught TypeError: expect element to be DOM Element, but got null
    at n.init (https://cdnjs.cloudflare.com/ajax/libs/smooth-scrollbar/8.5.2/smooth-scrollbar.js:24:264)
    at <anonymous> (https://phbidlautdemo.prahu-hub.com/adminprahu/preregister:5418:14)
[  472346ms] [LOG] Validasi Akunnamanya @ https://phbidlautdemo.prahu-hub.com/adminprahu/preregister:2040
[  472363ms] [LOG] undefined @ https://phbidlautdemo.prahu-hub.com/adminprahu/preregister:5771
[  472363ms] [LOG] 1xxx @ https://phbidlautdemo.prahu-hub.com/adminprahu/preregister:5771
[  472363ms] [LOG] undefined @ https://phbidlautdemo.prahu-hub.com/adminprahu/preregister:5771
[  472364ms] [LOG] Masukkan Nama @ https://phbidlautdemo.prahu-hub.com/adminprahu/preregister:5771
[  472364ms] [LOG] Masukkan Nama Perusahaan @ https://phbidlautdemo.prahu-hub.com/adminprahu/preregister:5771
[  472364ms] [LOG] Masukkan Email @ https://phbidlautdemo.prahu-hub.com/adminprahu/preregister:5771
[  472364ms] [LOG] 08xxx @ https://phbidlautdemo.prahu-hub.com/adminprahu/preregister:5771
[  472364ms] [LOG] DD/MM/YYYY @ https://phbidlautdemo.prahu-hub.com/adminprahu/preregister:5771
[  472366ms] [LOG] WebSocket connection @ https://phbidlautdemo.prahu-hub.com/adminprahu/preregister:5814
[  472367ms] [LOG] WebSocket connection attempting... @ https://phbidlautdemo.prahu-hub.com/adminprahu/preregister:5892
[  472524ms] [LOG] WebSocket connected @ https://phbidlautdemo.prahu-hub.com/adminprahu/preregister:5823
[  472569ms] [LOG] update_dashboard_order_laut @ https://phbidlautdemo.prahu-hub.com/adminprahu/preregister:5864
[  472576ms] [LOG] [Object, Object, Object, Object, Object, Object, Object, Object, Object, Object, Object, Object, Object, Object, Object, Object, Object, Object, Object, Object] @ https://phbidlautdemo.prahu-hub.com/_resources/themes/prahutheme/javascript/custom/preregister.js?m=1787972929:163
[  472583ms] [LOG] 33 @ https://phbidlautdemo.prahu-hub.com/_resources/themes/prahutheme/javascript/custom/preregister.js?m=1787972929:770
[  472584ms] [LOG] 33 countView1 1 pageNow 20 limitView1 @ https://phbidlautdemo.prahu-hub.com/_resources/themes/prahutheme/javascript/custom/preregister.js?m=1787972929:772
[  472584ms] [LOG] 20 @ https://phbidlautdemo.prahu-hub.com/_resources/themes/prahutheme/javascript/custom/preregister.js?m=1787972929:778
[  472585ms] [LOG] 33 jumlah data @ https://phbidlautdemo.prahu-hub.com/_resources/themes/prahutheme/javascript/custom/preregister.js?m=1787972929:734
[  472586ms] [LOG] 2 @ https://phbidlautdemo.prahu-hub.com/_resources/themes/prahutheme/javascript/custom/preregister.js?m=1787972929:736
[  472587ms] [LOG] 2 1 pageCount & pageNow @ https://phbidlautdemo.prahu-hub.com/_resources/themes/prahutheme/javascript/custom/preregister.js?m=1787972929:660
[  472590ms] [LOG] 200 xhrglobal @ https://phbidlautdemo.prahu-hub.com/adminprahu/preregister:5745
[  472591ms] [LOG] ce.fn.init stepItem @ https://phbidlautdemo.prahu-hub.com/_resources/themes/prahutheme/javascript/custom/preregister.js?m=1787972929:634
[  472639ms] [LOG] Connected @ https://phbidlautdemo.prahu-hub.com/adminprahu/preregister:5864
[  472689ms] [LOG] 200 xhrglobal @ https://phbidlautdemo.prahu-hub.com/adminprahu/preregister:5745
[  472755ms] [LOG] 200 xhrglobal @ https://phbidlautdemo.prahu-hub.com/adminprahu/preregister:5745
[  474408ms] TypeError: $(...).DataTable is not a function
    at https://phbidlautdemo.prahu-hub.com/_resources/themes/prahutheme/js/scripts-init/tables.js:7:23
[  474506ms] [WARNING] SweetAlert2: Unknown parameter "cancelButtonClass" @ https://phbidlautdemo.prahu-hub.com/_resources/themes/prahutheme/js/sweetalert2.all.min.js:0
[  474506ms] [WARNING] SweetAlert2: Unknown parameter "confirmButtonClass" @ https://phbidlautdemo.prahu-hub.com/_resources/themes/prahutheme/js/sweetalert2.all.min.js:0
[  541730ms] [LOG] Connected @ https://phbidlautdemo.prahu-hub.com/adminprahu/preregister:5864
[  573043ms] [LOG] Connected @ https://phbidlautdemo.prahu-hub.com/adminprahu/preregister:5864
[  579975ms] [LOG] Connected @ https://phbidlautdemo.prahu-hub.com/adminprahu/preregister:5864
[  592696ms] [LOG] Connected @ https://phbidlautdemo.prahu-hub.com/adminprahu/preregister:5864
