[    2304ms] ReferenceError: dete is not defined
    at https://phbidlautdemo.prahu-hub.com/user/login:1465:5
[    3245ms] TypeError: Failed to execute 'observe' on 'IntersectionObserver': parameter 1 is not of type 'Element'.
    at https://phbidlautdemo.prahu-hub.com/user/login:1932:14
[    3285ms] [VERBOSE] [DOM] Input elements should have autocomplete attributes (suggested: "current-password"): (More info: https://goo.gl/9p2vKq) %o @ https://phbidlautdemo.prahu-hub.com/user/login:0
[    3297ms] [LOG] 0 @ https://phbidlautdemo.prahu-hub.com/user/login:1426
[    3297ms] [LOG] undefined scr @ https://phbidlautdemo.prahu-hub.com/user/login:1430
[    8070ms] [LOG] ddd @ https://phbidlautdemo.prahu-hub.com/user/login:1525
[    8249ms] [LOG] {pesan: ADMIN, status: 1, user_aktif: 1, ParentID: 0, redirect: } @ https://phbidlautdemo.prahu-hub.com/user/login:1558
[    8250ms] [LOG] {pesan: ADMIN, status: 1, user_aktif: 1, ParentID: 0, redirect: } a @ https://phbidlautdemo.prahu-hub.com/user/login:1560
[   10891ms] Cannot use import statement outside a module
[   11022ms] ReferenceError: Chart is not defined
    at https://phbidlautdemo.prahu-hub.com/_resources/themes/prahutheme/js/scripts-init/charts/chartjs.js:8:13
[   11023ms] Unexpected token '<'
[   11024ms] Unexpected token '<'
[   11637ms] Uncaught TypeError: expect element to be DOM Element, but got null
    at n.init (https://cdnjs.cloudflare.com/ajax/libs/smooth-scrollbar/8.5.2/smooth-scrollbar.js:24:264)
    at <anonymous> (https://phbidlautdemo.prahu-hub.com/lelang/listlelang?tab=semua-lelang:6190:14)
[   11761ms] [LOG] Pengajuan Lelangnamanya @ https://phbidlautdemo.prahu-hub.com/lelang/listlelang?tab=semua-lelang:2040
[   11781ms] [LOG] undefined @ https://phbidlautdemo.prahu-hub.com/lelang/listlelang?tab=semua-lelang:6543
[   11781ms] [LOG] undefined @ https://phbidlautdemo.prahu-hub.com/lelang/listlelang?tab=semua-lelang:6543
[   11781ms] [LOG] Masukkan Nomor Lelang @ https://phbidlautdemo.prahu-hub.com/lelang/listlelang?tab=semua-lelang:6543
[   11781ms] [LOG] DD/MM/YYYY @ https://phbidlautdemo.prahu-hub.com/lelang/listlelang?tab=semua-lelang:6543
[   11782ms] [LOG] DD/MM/YYYY @ https://phbidlautdemo.prahu-hub.com/lelang/listlelang?tab=semua-lelang:6543
[   11782ms] [LOG] DD/MM/YYYY @ https://phbidlautdemo.prahu-hub.com/lelang/listlelang?tab=semua-lelang:6543
[   11782ms] [LOG] DD/MM/YYYY @ https://phbidlautdemo.prahu-hub.com/lelang/listlelang?tab=semua-lelang:6543
[   11782ms] [LOG] undefined @ https://phbidlautdemo.prahu-hub.com/lelang/listlelang?tab=semua-lelang:6543
[   11783ms] [LOG] undefined @ https://phbidlautdemo.prahu-hub.com/lelang/listlelang?tab=semua-lelang:6543
[   11783ms] [LOG] Masukkan Nama Bank @ https://phbidlautdemo.prahu-hub.com/lelang/listlelang?tab=semua-lelang:6543
[   11783ms] [LOG] undefined @ https://phbidlautdemo.prahu-hub.com/lelang/listlelang?tab=semua-lelang:6543
[   11785ms] [LOG] WebSocket connection @ https://phbidlautdemo.prahu-hub.com/lelang/listlelang?tab=semua-lelang:6586
[   11785ms] [LOG] WebSocket connection attempting... @ https://phbidlautdemo.prahu-hub.com/lelang/listlelang?tab=semua-lelang:6664
[   11941ms] [LOG] WebSocket connected @ https://phbidlautdemo.prahu-hub.com/lelang/listlelang?tab=semua-lelang:6595
[   11944ms] [LOG] update_dashboard_order_laut @ https://phbidlautdemo.prahu-hub.com/lelang/listlelang?tab=semua-lelang:6636
[   11972ms] [LOG] Connected @ https://phbidlautdemo.prahu-hub.com/lelang/listlelang?tab=semua-lelang:6636
[   13780ms] TypeError: $(...).DataTable is not a function
    at https://phbidlautdemo.prahu-hub.com/_resources/themes/prahutheme/js/scripts-init/tables.js:7:23
[   14574ms] [LOG] [Object, Object, Object, Object, Object, Object, Object, Object, Object, Object, Object, Object, Object, Object, Object, Object, Object, Object, Object, Object] @ https://phbidlautdemo.prahu-hub.com/_resources/themes/prahutheme/javascript/custom/listLelang.js?m=1787972929:14
[   14586ms] [LOG] 1092 @ https://phbidlautdemo.prahu-hub.com/_resources/themes/prahutheme/javascript/custom/listLelang.js?m=1787972929:818
[   14586ms] [LOG] 1092 countView1 1 pageNow 20 limitView1 @ https://phbidlautdemo.prahu-hub.com/_resources/themes/prahutheme/javascript/custom/listLelang.js?m=1787972929:820
[   14587ms] [LOG] 20 @ https://phbidlautdemo.prahu-hub.com/_resources/themes/prahutheme/javascript/custom/listLelang.js?m=1787972929:826
[   14587ms] [LOG] 1092 jumlah data @ https://phbidlautdemo.prahu-hub.com/_resources/themes/prahutheme/javascript/custom/listLelang.js?m=1787972929:779
[   14588ms] [LOG] 55 @ https://phbidlautdemo.prahu-hub.com/_resources/themes/prahutheme/javascript/custom/listLelang.js?m=1787972929:781
[   14589ms] [LOG] 55 1 pageCount & pageNow @ https://phbidlautdemo.prahu-hub.com/_resources/themes/prahutheme/javascript/custom/listLelang.js?m=1787972929:704
[   14596ms] [LOG] 200 xhrglobal @ https://phbidlautdemo.prahu-hub.com/lelang/listlelang?tab=semua-lelang:6517
[   14650ms] ReferenceError: renderTooltipHarga is not defined
    at https://phbidlautdemo.prahu-hub.com/_resources/themes/prahutheme/javascript/custom/listLelang.js?m=1787972929:1049:9
[   14687ms] [LOG] 200 xhrglobal @ https://phbidlautdemo.prahu-hub.com/lelang/listlelang?tab=semua-lelang:6517
[   14759ms] [LOG] 200 xhrglobal @ https://phbidlautdemo.prahu-hub.com/lelang/listlelang?tab=semua-lelang:6517
[   53477ms] Cannot use import statement outside a module
[   53524ms] ReferenceError: Chart is not defined
    at https://phbidlautdemo.prahu-hub.com/_resources/themes/prahutheme/js/scripts-init/charts/chartjs.js:8:13
[   53987ms] Unexpected token '<'
[   54397ms] Unexpected token '<'
[   54540ms] Uncaught TypeError: expect element to be DOM Element, but got null
    at n.init (https://cdnjs.cloudflare.com/ajax/libs/smooth-scrollbar/8.5.2/smooth-scrollbar.js:24:264)
    at <anonymous> (https://phbidlautdemo.prahu-hub.com/adminprahu/preregister:5418:14)
[   54609ms] [LOG] Validasi Akunnamanya @ https://phbidlautdemo.prahu-hub.com/adminprahu/preregister:2040
[   54623ms] [LOG] undefined @ https://phbidlautdemo.prahu-hub.com/adminprahu/preregister:5771
[   54624ms] [LOG] 1xxx @ https://phbidlautdemo.prahu-hub.com/adminprahu/preregister:5771
[   54624ms] [LOG] undefined @ https://phbidlautdemo.prahu-hub.com/adminprahu/preregister:5771
[   54624ms] [LOG] Masukkan Nama @ https://phbidlautdemo.prahu-hub.com/adminprahu/preregister:5771
[   54624ms] [LOG] Masukkan Nama Perusahaan @ https://phbidlautdemo.prahu-hub.com/adminprahu/preregister:5771
[   54624ms] [LOG] Masukkan Email @ https://phbidlautdemo.prahu-hub.com/adminprahu/preregister:5771
[   54624ms] [LOG] 08xxx @ https://phbidlautdemo.prahu-hub.com/adminprahu/preregister:5771
[   54625ms] [LOG] DD/MM/YYYY @ https://phbidlautdemo.prahu-hub.com/adminprahu/preregister:5771
[   54626ms] [LOG] WebSocket connection @ https://phbidlautdemo.prahu-hub.com/adminprahu/preregister:5814
[   54626ms] [LOG] WebSocket connection attempting... @ https://phbidlautdemo.prahu-hub.com/adminprahu/preregister:5892
[   55160ms] [LOG] [Object, Object, Object, Object, Object, Object, Object, Object, Object, Object, Object, Object, Object, Object, Object, Object, Object, Object, Object, Object] @ https://phbidlautdemo.prahu-hub.com/_resources/themes/prahutheme/javascript/custom/preregister.js?m=1787972929:163
[   55171ms] [LOG] 33 @ https://phbidlautdemo.prahu-hub.com/_resources/themes/prahutheme/javascript/custom/preregister.js?m=1787972929:770
[   55171ms] [LOG] 33 countView1 1 pageNow 20 limitView1 @ https://phbidlautdemo.prahu-hub.com/_resources/themes/prahutheme/javascript/custom/preregister.js?m=1787972929:772
[   55171ms] [LOG] 20 @ https://phbidlautdemo.prahu-hub.com/_resources/themes/prahutheme/javascript/custom/preregister.js?m=1787972929:778
[   55173ms] [LOG] 33 jumlah data @ https://phbidlautdemo.prahu-hub.com/_resources/themes/prahutheme/javascript/custom/preregister.js?m=1787972929:734
[   55173ms] [LOG] 2 @ https://phbidlautdemo.prahu-hub.com/_resources/themes/prahutheme/javascript/custom/preregister.js?m=1787972929:736
[   55174ms] [LOG] 2 1 pageCount & pageNow @ https://phbidlautdemo.prahu-hub.com/_resources/themes/prahutheme/javascript/custom/preregister.js?m=1787972929:660
[   55180ms] [LOG] 200 xhrglobal @ https://phbidlautdemo.prahu-hub.com/adminprahu/preregister:5745
[   55181ms] [LOG] ce.fn.init stepItem @ https://phbidlautdemo.prahu-hub.com/_resources/themes/prahutheme/javascript/custom/preregister.js?m=1787972929:634
[   55560ms] [LOG] WebSocket connected @ https://phbidlautdemo.prahu-hub.com/adminprahu/preregister:5823
[   55565ms] [LOG] update_dashboard_order_laut @ https://phbidlautdemo.prahu-hub.com/adminprahu/preregister:5864
[   55890ms] [LOG] Connected @ https://phbidlautdemo.prahu-hub.com/adminprahu/preregister:5864
[   56370ms] [LOG] 200 xhrglobal @ https://phbidlautdemo.prahu-hub.com/adminprahu/preregister:5745
[   56622ms] TypeError: $(...).DataTable is not a function
    at https://phbidlautdemo.prahu-hub.com/_resources/themes/prahutheme/js/scripts-init/tables.js:7:23
[   61116ms] Cannot use import statement outside a module
[   61152ms] ReferenceError: Chart is not defined
    at https://phbidlautdemo.prahu-hub.com/_resources/themes/prahutheme/js/scripts-init/charts/chartjs.js:8:13
[   61476ms] Unexpected token '<'
[   61885ms] Unexpected token '<'
[   61971ms] Uncaught TypeError: expect element to be DOM Element, but got null
    at n.init (https://cdnjs.cloudflare.com/ajax/libs/smooth-scrollbar/8.5.2/smooth-scrollbar.js:24:264)
    at <anonymous> (https://phbidlautdemo.prahu-hub.com/home/bidowner:5246:14)
[   62005ms] [LOG] Validasi Akunnamanya @ https://phbidlautdemo.prahu-hub.com/home/bidowner:2040
[   62014ms] [LOG] undefined @ https://phbidlautdemo.prahu-hub.com/home/bidowner:5599
[   62014ms] [LOG] 1xxx @ https://phbidlautdemo.prahu-hub.com/home/bidowner:5599
[   62015ms] [LOG] Masukkan Nama Perusahaan @ https://phbidlautdemo.prahu-hub.com/home/bidowner:5599
[   62015ms] [LOG] Masukkan Email @ https://phbidlautdemo.prahu-hub.com/home/bidowner:5599
[   62015ms] [LOG] 08xxxxxxxxxxx @ https://phbidlautdemo.prahu-hub.com/home/bidowner:5599
[   62016ms] [LOG] WebSocket connection @ https://phbidlautdemo.prahu-hub.com/home/bidowner:5642
[   62017ms] [LOG] WebSocket connection attempting... @ https://phbidlautdemo.prahu-hub.com/home/bidowner:5720
[   62145ms] [LOG] WebSocket connected @ https://phbidlautdemo.prahu-hub.com/home/bidowner:5651
[   62151ms] [LOG] update_dashboard_order_laut @ https://phbidlautdemo.prahu-hub.com/home/bidowner:5692
[   62179ms] [LOG] Connected @ https://phbidlautdemo.prahu-hub.com/home/bidowner:5692
[   62619ms] [LOG] [Object, Object, Object, Object, Object, Object, Object, Object, Object, Object, Object, Object, Object, Object, Object, Object, Object, Object, Object, Object] @ https://phbidlautdemo.prahu-hub.com/_resources/themes/prahutheme/javascript/custom/bidowner.js?m=1787972929:164
[   62626ms] [LOG] 109 @ https://phbidlautdemo.prahu-hub.com/_resources/themes/prahutheme/javascript/custom/bidowner.js?m=1787972929:702
[   62627ms] [LOG] 109 countView1 1 pageNow 20 limitView1 @ https://phbidlautdemo.prahu-hub.com/_resources/themes/prahutheme/javascript/custom/bidowner.js?m=1787972929:704
[   62627ms] [LOG] 20 @ https://phbidlautdemo.prahu-hub.com/_resources/themes/prahutheme/javascript/custom/bidowner.js?m=1787972929:710
[   62627ms] [LOG] 109 jumlah data @ https://phbidlautdemo.prahu-hub.com/_resources/themes/prahutheme/javascript/custom/bidowner.js?m=1787972929:667
[   62628ms] [LOG] 6 @ https://phbidlautdemo.prahu-hub.com/_resources/themes/prahutheme/javascript/custom/bidowner.js?m=1787972929:669
[   62628ms] [LOG] 6 1 pageCount & pageNow @ https://phbidlautdemo.prahu-hub.com/_resources/themes/prahutheme/javascript/custom/bidowner.js?m=1787972929:593
[   62630ms] [LOG] [Object, Object, Object, Object, Object, Object, Object, Object, Object, Object, Object, Object, Object, Object, Object, Object, Object, Object, Object, Object] @ https://phbidlautdemo.prahu-hub.com/_resources/themes/prahutheme/javascript/custom/bidowner.js?m=1787972929:41
[   62637ms] [LOG] 200 xhrglobal @ https://phbidlautdemo.prahu-hub.com/home/bidowner:5573
[   62637ms] [LOG] ce.fn.init stepItem @ https://phbidlautdemo.prahu-hub.com/_resources/themes/prahutheme/javascript/custom/bidowner.js?m=1787972929:567
[   62913ms] [LOG] 200 xhrglobal @ https://phbidlautdemo.prahu-hub.com/home/bidowner:5573
[   63304ms] [LOG] 200 xhrglobal @ https://phbidlautdemo.prahu-hub.com/home/bidowner:5573
[   64014ms] TypeError: $(...).DataTable is not a function
    at https://phbidlautdemo.prahu-hub.com/_resources/themes/prahutheme/js/scripts-init/tables.js:7:23
[   66776ms] Cannot use import statement outside a module
[   66811ms] ReferenceError: Chart is not defined
    at https://phbidlautdemo.prahu-hub.com/_resources/themes/prahutheme/js/scripts-init/charts/chartjs.js:8:13
[   67313ms] Unexpected token '<'
[   67745ms] Unexpected token '<'
[   67826ms] Uncaught TypeError: expect element to be DOM Element, but got null
    at n.init (https://cdnjs.cloudflare.com/ajax/libs/smooth-scrollbar/8.5.2/smooth-scrollbar.js:24:264)
    at <anonymous> (https://phbidlautdemo.prahu-hub.com/home/bidder:5273:14)
[   67861ms] [LOG] Validasi Akunnamanya @ https://phbidlautdemo.prahu-hub.com/home/bidder:2040
[   67873ms] [LOG] undefined @ https://phbidlautdemo.prahu-hub.com/home/bidder:5626
[   67873ms] [LOG] 1xxx @ https://phbidlautdemo.prahu-hub.com/home/bidder:5626
[   67873ms] [LOG] Masukkan Nama Perusahaan @ https://phbidlautdemo.prahu-hub.com/home/bidder:5626
[   67873ms] [LOG] Masukkan Alias @ https://phbidlautdemo.prahu-hub.com/home/bidder:5626
[   67874ms] [LOG] Masukkan Email @ https://phbidlautdemo.prahu-hub.com/home/bidder:5626
[   67874ms] [LOG] 08xxxxxxxxxxx @ https://phbidlautdemo.prahu-hub.com/home/bidder:5626
[   67875ms] [LOG] WebSocket connection @ https://phbidlautdemo.prahu-hub.com/home/bidder:5669
[   67876ms] [LOG] WebSocket connection attempting... @ https://phbidlautdemo.prahu-hub.com/home/bidder:5747
[   68223ms] [LOG] WebSocket connected @ https://phbidlautdemo.prahu-hub.com/home/bidder:5678
[   68228ms] [LOG] update_dashboard_order_laut @ https://phbidlautdemo.prahu-hub.com/home/bidder:5719
[   68326ms] [LOG] Connected @ https://phbidlautdemo.prahu-hub.com/home/bidder:5719
[   68691ms] [LOG] 200 xhrglobal @ https://phbidlautdemo.prahu-hub.com/home/bidder:5600
[   68739ms] [LOG] 200 xhrglobal @ https://phbidlautdemo.prahu-hub.com/home/bidder:5600
[   69108ms] [LOG] [Object, Object, Object, Object, Object, Object, Object, Object, Object, Object, Object, Object, Object, Object, Object, Object, Object, Object, Object, Object] @ https://phbidlautdemo.prahu-hub.com/_resources/themes/prahutheme/javascript/custom/bidder.js?m=1787972929:178
[   69118ms] [LOG] [Object, Object, Object, Object, Object, Object, Object, Object, Object, Object, Object, Object, Object, Object, Object, Object, Object, Object, Object, Object] @ https://phbidlautdemo.prahu-hub.com/_resources/themes/prahutheme/javascript/custom/bidder.js?m=1787972929:48
[   69128ms] [LOG] 79 @ https://phbidlautdemo.prahu-hub.com/_resources/themes/prahutheme/javascript/custom/bidder.js?m=1787972929:717
[   69129ms] [LOG] 79 countView1 1 pageNow 20 limitView1 @ https://phbidlautdemo.prahu-hub.com/_resources/themes/prahutheme/javascript/custom/bidder.js?m=1787972929:719
[   69129ms] [LOG] 20 @ https://phbidlautdemo.prahu-hub.com/_resources/themes/prahutheme/javascript/custom/bidder.js?m=1787972929:725
[   69130ms] [LOG] 79 jumlah data @ https://phbidlautdemo.prahu-hub.com/_resources/themes/prahutheme/javascript/custom/bidder.js?m=1787972929:682
[   69130ms] [LOG] 4 @ https://phbidlautdemo.prahu-hub.com/_resources/themes/prahutheme/javascript/custom/bidder.js?m=1787972929:684
[   69132ms] [LOG] 4 1 pageCount & pageNow @ https://phbidlautdemo.prahu-hub.com/_resources/themes/prahutheme/javascript/custom/bidder.js?m=1787972929:608
[   69134ms] [LOG] 200 xhrglobal @ https://phbidlautdemo.prahu-hub.com/home/bidder:5600
[   69135ms] [LOG] ce.fn.init stepItem @ https://phbidlautdemo.prahu-hub.com/_resources/themes/prahutheme/javascript/custom/bidder.js?m=1787972929:582
[   69873ms] TypeError: $(...).DataTable is not a function
    at https://phbidlautdemo.prahu-hub.com/_resources/themes/prahutheme/js/scripts-init/tables.js:7:23
[   73312ms] Cannot use import statement outside a module
[   73342ms] ReferenceError: Chart is not defined
    at https://phbidlautdemo.prahu-hub.com/_resources/themes/prahutheme/js/scripts-init/charts/chartjs.js:8:13
[   73810ms] Unexpected token '<'
[   74359ms] Unexpected token '<'
[   74472ms] Uncaught TypeError: expect element to be DOM Element, but got null
    at n.init (https://cdnjs.cloudflare.com/ajax/libs/smooth-scrollbar/8.5.2/smooth-scrollbar.js:24:264)
    at <anonymous> (https://phbidlautdemo.prahu-hub.com/adminprahu/listBidderKhusus:5730:14)
[   74517ms] [LOG] Validasi Akunnamanya @ https://phbidlautdemo.prahu-hub.com/adminprahu/listBidderKhusus:2040
[   74530ms] [LOG] 1xx @ https://phbidlautdemo.prahu-hub.com/adminprahu/listBidderKhusus:6083
[   74530ms] [LOG] DD/MM/YYYY @ https://phbidlautdemo.prahu-hub.com/adminprahu/listBidderKhusus:6083
[   74532ms] [LOG] undefined @ https://phbidlautdemo.prahu-hub.com/adminprahu/listBidderKhusus:6083
[   74532ms] [LOG] Masukkan Alias @ https://phbidlautdemo.prahu-hub.com/adminprahu/listBidderKhusus:6083
[   74533ms] [LOG] Masukkan Transporter @ https://phbidlautdemo.prahu-hub.com/adminprahu/listBidderKhusus:6083
[   74533ms] [LOG] undefined @ https://phbidlautdemo.prahu-hub.com/adminprahu/listBidderKhusus:6083
[   74533ms] [LOG] Masukkan Nama kemasan  @ https://phbidlautdemo.prahu-hub.com/adminprahu/listBidderKhusus:6083
[   74534ms] [LOG] undefined @ https://phbidlautdemo.prahu-hub.com/adminprahu/listBidderKhusus:6083
[   74535ms] [LOG] WebSocket connection @ https://phbidlautdemo.prahu-hub.com/adminprahu/listBidderKhusus:6126
[   74536ms] [LOG] WebSocket connection attempting... @ https://phbidlautdemo.prahu-hub.com/adminprahu/listBidderKhusus:6204
[   74684ms] [LOG] WebSocket connected @ https://phbidlautdemo.prahu-hub.com/adminprahu/listBidderKhusus:6135
[   74688ms] [LOG] update_dashboard_order_laut @ https://phbidlautdemo.prahu-hub.com/adminprahu/listBidderKhusus:6176
[   74724ms] [LOG] Connected @ https://phbidlautdemo.prahu-hub.com/adminprahu/listBidderKhusus:6176
[   75025ms] [LOG] [Object, Object, Object, Object, Object, Object, Object, Object, Object, Object, Object, Object, Object, Object, Object, Object, Object, Object, Object, Object] @ https://phbidlautdemo.prahu-hub.com/_resources/themes/prahutheme/javascript/custom/bidderKhusus.js?m=1787972929:159
[   75033ms] [LOG] [Object, Object, Object, Object, Object, Object, Object, Object, Object, Object, Object, Object, Object, Object, Object, Object, Object, Object, Object, Object] @ https://phbidlautdemo.prahu-hub.com/_resources/themes/prahutheme/javascript/custom/bidderKhusus.js?m=1787972929:13
[   75035ms] [LOG] {ID: 41, hitung: 20, tgl_setting: 2026-08-05 08:53:57, alias: WLG, nama: Cahyo Sugianto} @ https://phbidlautdemo.prahu-hub.com/_resources/themes/prahutheme/javascript/custom/bidderKhusus.js?m=1787972929:20
[   75036ms] [LOG] {ID: 39, hitung: 19, tgl_setting: 2026-02-25 09:45:33, alias: LOD, nama: Uinyuniyika} @ https://phbidlautdemo.prahu-hub.com/_resources/themes/prahutheme/javascript/custom/bidderKhusus.js?m=1787972929:20
[   75036ms] [LOG] {ID: 38, hitung: 18, tgl_setting: 2025-09-15 09:50:02, alias: ANGGITA, nama: Nur Anggita Wahyuni} @ https://phbidlautdemo.prahu-hub.com/_resources/themes/prahutheme/javascript/custom/bidderKhusus.js?m=1787972929:20
[   75037ms] [LOG] {ID: 37, hitung: 17, tgl_setting: 2025-09-11 20:39:22, alias: PRS, nama: Demo - Prasetyo Bidder} @ https://phbidlautdemo.prahu-hub.com/_resources/themes/prahutheme/javascript/custom/bidderKhusus.js?m=1787972929:20
[   75038ms] [LOG] {ID: 25, hitung: 16, tgl_setting: 2025-07-21 11:25:29, alias: OOMPA, nama: bidder} @ https://phbidlautdemo.prahu-hub.com/_resources/themes/prahutheme/javascript/custom/bidderKhusus.js?m=1787972929:20
[   75038ms] [LOG] {ID: 24, hitung: 15, tgl_setting: 2025-07-21 11:25:29, alias: 6THRT, nama: Indah} @ https://phbidlautdemo.prahu-hub.com/_resources/themes/prahutheme/javascript/custom/bidderKhusus.js?m=1787972929:20
[   75039ms] [LOG] {ID: 20, hitung: 14, tgl_setting: 2025-01-11 11:16:40, alias: SIDIQ, nama: Sidiq Satria Tama} @ https://phbidlautdemo.prahu-hub.com/_resources/themes/prahutheme/javascript/custom/bidderKhusus.js?m=1787972929:20
[   75039ms] [LOG] {ID: 19, hitung: 13, tgl_setting: 2025-01-10 16:12:48, alias: SYAV, nama: Syavira} @ https://phbidlautdemo.prahu-hub.com/_resources/themes/prahutheme/javascript/custom/bidderKhusus.js?m=1787972929:20
[   75040ms] [LOG] {ID: 18, hitung: 12, tgl_setting: 2024-10-28 09:48:44, alias: ZARA, nama: WINDYA ZAHRAH KAMALI} @ https://phbidlautdemo.prahu-hub.com/_resources/themes/prahutheme/javascript/custom/bidderKhusus.js?m=1787972929:20
[   75041ms] [LOG] {ID: 17, hitung: 11, tgl_setting: 2024-07-30 05:21:50, alias: ALMD, nama: Dhanar Ahmad} @ https://phbidlautdemo.prahu-hub.com/_resources/themes/prahutheme/javascript/custom/bidderKhusus.js?m=1787972929:20
[   75041ms] [LOG] {ID: 11, hitung: 10, tgl_setting: 2024-07-11 13:47:25, alias: SNJ, nama: Putra Sinegar} @ https://phbidlautdemo.prahu-hub.com/_resources/themes/prahutheme/javascript/custom/bidderKhusus.js?m=1787972929:20
[   75042ms] [LOG] {ID: 9, hitung: 9, tgl_setting: 2024-07-11 09:07:04, alias: (IK)VUCD, nama: Vina As Cantika Andika} @ https://phbidlautdemo.prahu-hub.com/_resources/themes/prahutheme/javascript/custom/bidderKhusus.js?m=1787972929:20
[   75043ms] [LOG] {ID: 8, hitung: 8, tgl_setting: 2024-07-11 09:07:03, alias: (IK)MSJS, nama: Yahya Al Lukman Jaya Husein} @ https://phbidlautdemo.prahu-hub.com/_resources/themes/prahutheme/javascript/custom/bidderKhusus.js?m=1787972929:20
[   75043ms] [LOG] {ID: 7, hitung: 7, tgl_setting: 2024-07-11 09:07:03, alias: (IK)MJW, nama: Kusuma Jaya Wijaya Abadi Sentosa Mujur Selalu} @ https://phbidlautdemo.prahu-hub.com/_resources/themes/prahutheme/javascript/custom/bidderKhusus.js?m=1787972929:20
[   75044ms] [LOG] {ID: 6, hitung: 6, tgl_setting: 2024-07-11 09:07:03, alias: (IK)MU, nama: Mercury Us Handika} @ https://phbidlautdemo.prahu-hub.com/_resources/themes/prahutheme/javascript/custom/bidderKhusus.js?m=1787972929:20
[   75044ms] [LOG] {ID: 5, hitung: 5, tgl_setting: 2024-07-11 09:07:03, alias: (IK)JMTT, nama: Derinka} @ https://phbidlautdemo.prahu-hub.com/_resources/themes/prahutheme/javascript/custom/bidderKhusus.js?m=1787972929:20
[   75045ms] [LOG] {ID: 4, hitung: 4, tgl_setting: 2024-07-10 16:32:34, alias: BDR FT, nama: Rahmawati} @ https://phbidlautdemo.prahu-hub.com/_resources/themes/prahutheme/javascript/custom/bidderKhusus.js?m=1787972929:20
[   75046ms] [LOG] {ID: 3, hitung: 3, tgl_setting: 2024-07-10 16:32:34, alias: QC, nama: Ilham Ramadhan} @ https://phbidlautdemo.prahu-hub.com/_resources/themes/prahutheme/javascript/custom/bidderKhusus.js?m=1787972929:20
[   75046ms] [LOG] {ID: 2, hitung: 2, tgl_setting: 2024-07-10 16:32:34, alias: BDN, nama: PT. Bidder Nusantara} @ https://phbidlautdemo.prahu-hub.com/_resources/themes/prahutheme/javascript/custom/bidderKhusus.js?m=1787972929:20
[   75047ms] [LOG] {ID: 1, hitung: 1, tgl_setting: 2024-07-10 16:32:34, alias: (IK)LST, nama: Frinka Frenklin} @ https://phbidlautdemo.prahu-hub.com/_resources/themes/prahutheme/javascript/custom/bidderKhusus.js?m=1787972929:20
[   75059ms] [LOG] 20 @ https://phbidlautdemo.prahu-hub.com/_resources/themes/prahutheme/javascript/custom/bidderKhusus.js?m=1787972929:637
[   75060ms] [LOG] 20 countView1 1 pageNow 20 limitView1 @ https://phbidlautdemo.prahu-hub.com/_resources/themes/prahutheme/javascript/custom/bidderKhusus.js?m=1787972929:639
[   75060ms] [LOG] 20 @ https://phbidlautdemo.prahu-hub.com/_resources/themes/prahutheme/javascript/custom/bidderKhusus.js?m=1787972929:645
[   75061ms] [LOG] 20 jumlah data @ https://phbidlautdemo.prahu-hub.com/_resources/themes/prahutheme/javascript/custom/bidderKhusus.js?m=1787972929:607
[   75062ms] [LOG] 1 @ https://phbidlautdemo.prahu-hub.com/_resources/themes/prahutheme/javascript/custom/bidderKhusus.js?m=1787972929:609
[   75068ms] [LOG] 200 xhrglobal @ https://phbidlautdemo.prahu-hub.com/adminprahu/listBidderKhusus:6057
[   75069ms] [LOG] ce.fn.init stepItem @ https://phbidlautdemo.prahu-hub.com/_resources/themes/prahutheme/javascript/custom/bidderKhusus.js?m=1787972929:514
[   75134ms] [LOG] 200 xhrglobal @ https://phbidlautdemo.prahu-hub.com/adminprahu/listBidderKhusus:6057
[   75148ms] [LOG] 200 xhrglobal @ https://phbidlautdemo.prahu-hub.com/adminprahu/listBidderKhusus:6057
[   76530ms] TypeError: $(...).DataTable is not a function
    at https://phbidlautdemo.prahu-hub.com/_resources/themes/prahutheme/js/scripts-init/tables.js:7:23
[   79985ms] Cannot use import statement outside a module
[   80014ms] ReferenceError: Chart is not defined
    at https://phbidlautdemo.prahu-hub.com/_resources/themes/prahutheme/js/scripts-init/charts/chartjs.js:8:13
[   81328ms] Unexpected token '<'
[   81333ms] Unexpected token '<'
[   81404ms] Uncaught TypeError: expect element to be DOM Element, but got null
    at n.init (https://cdnjs.cloudflare.com/ajax/libs/smooth-scrollbar/8.5.2/smooth-scrollbar.js:24:264)
    at <anonymous> (https://phbidlautdemo.prahu-hub.com/home/profilbidders:5263:14)
[   81441ms] [LOG] Validasi Akunnamanya @ https://phbidlautdemo.prahu-hub.com/home/profilbidders:2040
[   81452ms] [LOG] undefined @ https://phbidlautdemo.prahu-hub.com/home/profilbidders:5616
[   81453ms] [LOG] Masukkan Nama Perusahaan @ https://phbidlautdemo.prahu-hub.com/home/profilbidders:5616
[   81453ms] [LOG] DD/MM/YYYYY @ https://phbidlautdemo.prahu-hub.com/home/profilbidders:5616
[   81453ms] [LOG] Masukkan Jumlah @ https://phbidlautdemo.prahu-hub.com/home/profilbidders:5616
[   81453ms] [LOG] Masukkan Jumlah @ https://phbidlautdemo.prahu-hub.com/home/profilbidders:5616
[   81454ms] [LOG] WebSocket connection @ https://phbidlautdemo.prahu-hub.com/home/profilbidders:5659
[   81455ms] [LOG] WebSocket connection attempting... @ https://phbidlautdemo.prahu-hub.com/home/profilbidders:5737
[   81576ms] [LOG] WebSocket connected @ https://phbidlautdemo.prahu-hub.com/home/profilbidders:5668
[   81580ms] [LOG] update_dashboard_order_laut @ https://phbidlautdemo.prahu-hub.com/home/profilbidders:5709
[   81611ms] [LOG] Connected @ https://phbidlautdemo.prahu-hub.com/home/profilbidders:5709
[   81995ms] [LOG] DEBUG DEBUG DEBUG: undefined @ https://phbidlautdemo.prahu-hub.com/_resources/themes/prahutheme/javascript/custom/profilbidders.js?m=1787972929:667
[   81998ms] [LOG] [Object, Object, Object, Object, Object, Object, Object, Object, Object, Object, Object, Object, Object, Object, Object, Object, Object, Object, Object, Object] @ https://phbidlautdemo.prahu-hub.com/_resources/themes/prahutheme/javascript/custom/profilbidders.js?m=1787972929:119
[   82005ms] [LOG] 60 @ https://phbidlautdemo.prahu-hub.com/_resources/themes/prahutheme/javascript/custom/profilbidders.js?m=1787972929:628
[   82005ms] [LOG] 60 countView1 1 pageNow 20 limitView1 @ https://phbidlautdemo.prahu-hub.com/_resources/themes/prahutheme/javascript/custom/profilbidders.js?m=1787972929:630
[   82006ms] [LOG] 20 @ https://phbidlautdemo.prahu-hub.com/_resources/themes/prahutheme/javascript/custom/profilbidders.js?m=1787972929:641
[   82007ms] [LOG] 60 jumlah data @ https://phbidlautdemo.prahu-hub.com/_resources/themes/prahutheme/javascript/custom/profilbidders.js?m=1787972929:587
[   82007ms] [LOG] 3 @ https://phbidlautdemo.prahu-hub.com/_resources/themes/prahutheme/javascript/custom/profilbidders.js?m=1787972929:589
[   82009ms] [LOG] 3 1 pageCount & pageNow @ https://phbidlautdemo.prahu-hub.com/_resources/themes/prahutheme/javascript/custom/profilbidders.js?m=1787972929:515
[   82013ms] [LOG] 200 xhrglobal @ https://phbidlautdemo.prahu-hub.com/home/profilbidders:5590
[   82014ms] [LOG] ce.fn.init stepItem @ https://phbidlautdemo.prahu-hub.com/_resources/themes/prahutheme/javascript/custom/profilbidders.js?m=1787972929:484
[   82055ms] [LOG] 200 xhrglobal @ https://phbidlautdemo.prahu-hub.com/home/profilbidders:5590
[   82111ms] [LOG] 200 xhrglobal @ https://phbidlautdemo.prahu-hub.com/home/profilbidders:5590
[   83453ms] TypeError: $(...).DataTable is not a function
    at https://phbidlautdemo.prahu-hub.com/_resources/themes/prahutheme/js/scripts-init/tables.js:7:23
[   87848ms] Cannot use import statement outside a module
[   87879ms] ReferenceError: Chart is not defined
    at https://phbidlautdemo.prahu-hub.com/_resources/themes/prahutheme/js/scripts-init/charts/chartjs.js:8:13
[   87886ms] Unexpected token '<'
[   87886ms] Unexpected token '<'
[   87948ms] TypeError: $(...).datetimepicker is not a function
    at https://phbidlautdemo.prahu-hub.com/adminprahu/aanwijzing:5043:15
[   87989ms] Uncaught TypeError: expect element to be DOM Element, but got null
    at n.init (https://cdnjs.cloudflare.com/ajax/libs/smooth-scrollbar/8.5.2/smooth-scrollbar.js:24:264)
    at <anonymous> (https://phbidlautdemo.prahu-hub.com/adminprahu/aanwijzing:5503:14)
[   88055ms] [LOG] Validasi Akunnamanya @ https://phbidlautdemo.prahu-hub.com/adminprahu/aanwijzing:2040
[   88069ms] [LOG] undefined @ https://phbidlautdemo.prahu-hub.com/adminprahu/aanwijzing:5856
[   88069ms] [LOG] 1xxx @ https://phbidlautdemo.prahu-hub.com/adminprahu/aanwijzing:5856
[   88069ms] [LOG] Masukkan Shipper @ https://phbidlautdemo.prahu-hub.com/adminprahu/aanwijzing:5856
[   88069ms] [LOG] Masukkan Nama Dokumen Aanwijzing @ https://phbidlautdemo.prahu-hub.com/adminprahu/aanwijzing:5856
[   88069ms] [LOG] undefined @ https://phbidlautdemo.prahu-hub.com/adminprahu/aanwijzing:5856
[   88069ms] [LOG] Masukkan Nama Provinsi @ https://phbidlautdemo.prahu-hub.com/adminprahu/aanwijzing:5856
[   88070ms] [LOG] undefined @ https://phbidlautdemo.prahu-hub.com/adminprahu/aanwijzing:5856
[   88071ms] [LOG] WebSocket connection @ https://phbidlautdemo.prahu-hub.com/adminprahu/aanwijzing:5899
[   88071ms] [LOG] WebSocket connection attempting... @ https://phbidlautdemo.prahu-hub.com/adminprahu/aanwijzing:5977
[   88343ms] [LOG] WebSocket connected @ https://phbidlautdemo.prahu-hub.com/adminprahu/aanwijzing:5908
[   88346ms] [LOG] update_dashboard_order_laut @ https://phbidlautdemo.prahu-hub.com/adminprahu/aanwijzing:5949
[   88384ms] [LOG] Connected @ https://phbidlautdemo.prahu-hub.com/adminprahu/aanwijzing:5949
[   88509ms] [LOG] [Object, Object, Object, Object, Object, Object, Object, Object, Object, Object, Object, Object, Object, Object, Object, Object, Object, Object, Object, Object] @ https://phbidlautdemo.prahu-hub.com/_resources/themes/prahutheme/javascript/custom/aanwijzing.js?m=1787972929:41
[   88514ms] [LOG] [Object, Object, Object, Object, Object, Object, Object, Object, Object, Object, Object, Object, Object, Object, Object, Object, Object, Object, Object, Object] @ https://phbidlautdemo.prahu-hub.com/_resources/themes/prahutheme/javascript/custom/aanwijzing.js?m=1787972929:164
[   88519ms] [LOG] 72 @ https://phbidlautdemo.prahu-hub.com/_resources/themes/prahutheme/javascript/custom/aanwijzing.js?m=1787972929:762
[   88519ms] [LOG] 72 countView1 1 pageNow 20 limitView1 @ https://phbidlautdemo.prahu-hub.com/_resources/themes/prahutheme/javascript/custom/aanwijzing.js?m=1787972929:764
[   88519ms] [LOG] 20 @ https://phbidlautdemo.prahu-hub.com/_resources/themes/prahutheme/javascript/custom/aanwijzing.js?m=1787972929:770
[   88520ms] [LOG] 72 jumlah data @ https://phbidlautdemo.prahu-hub.com/_resources/themes/prahutheme/javascript/custom/aanwijzing.js?m=1787972929:739
[   88520ms] [LOG] 4 @ https://phbidlautdemo.prahu-hub.com/_resources/themes/prahutheme/javascript/custom/aanwijzing.js?m=1787972929:741
[   88520ms] [LOG] 4 1 pageCount & pageNow @ https://phbidlautdemo.prahu-hub.com/_resources/themes/prahutheme/javascript/custom/aanwijzing.js?m=1787972929:665
[   88523ms] [LOG] 200 xhrglobal @ https://phbidlautdemo.prahu-hub.com/adminprahu/aanwijzing:5830
[   88524ms] [LOG] ce.fn.init stepItem @ https://phbidlautdemo.prahu-hub.com/_resources/themes/prahutheme/javascript/custom/aanwijzing.js?m=1787972929:639
[   88668ms] [LOG] 200 xhrglobal @ https://phbidlautdemo.prahu-hub.com/adminprahu/aanwijzing:5830
[   88745ms] [LOG] 200 xhrglobal @ https://phbidlautdemo.prahu-hub.com/adminprahu/aanwijzing:5830
[   90069ms] TypeError: $(...).DataTable is not a function
    at https://phbidlautdemo.prahu-hub.com/_resources/themes/prahutheme/js/scripts-init/tables.js:7:23
[   93030ms] Cannot use import statement outside a module
[   93067ms] ReferenceError: Chart is not defined
    at https://phbidlautdemo.prahu-hub.com/_resources/themes/prahutheme/js/scripts-init/charts/chartjs.js:8:13
[   94143ms] Unexpected token '<'
[   94144ms] Unexpected token '<'
[   94243ms] Uncaught TypeError: expect element to be DOM Element, but got null
    at n.init (https://cdnjs.cloudflare.com/ajax/libs/smooth-scrollbar/8.5.2/smooth-scrollbar.js:24:264)
    at <anonymous> (https://phbidlautdemo.prahu-hub.com/home/pesertalelang:6258:14)
[   94287ms] [LOG] Validasi Akunnamanya @ https://phbidlautdemo.prahu-hub.com/home/pesertalelang:2040
[   94299ms] [LOG] undefined @ https://phbidlautdemo.prahu-hub.com/home/pesertalelang:6611
[   94299ms] [LOG] Masukkan Shipper @ https://phbidlautdemo.prahu-hub.com/home/pesertalelang:6611
[   94299ms] [LOG] Masukkan Email @ https://phbidlautdemo.prahu-hub.com/home/pesertalelang:6611
[   94301ms] [LOG] WebSocket connection @ https://phbidlautdemo.prahu-hub.com/home/pesertalelang:6654
[   94301ms] [LOG] WebSocket connection attempting... @ https://phbidlautdemo.prahu-hub.com/home/pesertalelang:6732
[   94413ms] [LOG] WebSocket connected @ https://phbidlautdemo.prahu-hub.com/home/pesertalelang:6663
[   94417ms] [LOG] update_dashboard_order_laut @ https://phbidlautdemo.prahu-hub.com/home/pesertalelang:6704
[   94444ms] [LOG] Connected @ https://phbidlautdemo.prahu-hub.com/home/pesertalelang:6704
[   96154ms] [LOG] [Object, Object, Object, Object, Object, Object, Object, Object, Object, Object, Object, Object, Object, Object, Object, Object, Object, Object, Object, Object] @ https://phbidlautdemo.prahu-hub.com/_resources/themes/prahutheme/javascript/custom/pesertalelang.js?m=1787972929:150
[   96162ms] [LOG] 67 @ https://phbidlautdemo.prahu-hub.com/_resources/themes/prahutheme/javascript/custom/pesertalelang.js?m=1787972929:684
[   96163ms] [LOG] 67 countView1 1 pageNow 20 limitView1 @ https://phbidlautdemo.prahu-hub.com/_resources/themes/prahutheme/javascript/custom/pesertalelang.js?m=1787972929:686
[   96163ms] [LOG] 20 @ https://phbidlautdemo.prahu-hub.com/_resources/themes/prahutheme/javascript/custom/pesertalelang.js?m=1787972929:692
[   96165ms] [LOG] 67 jumlah data @ https://phbidlautdemo.prahu-hub.com/_resources/themes/prahutheme/javascript/custom/pesertalelang.js?m=1787972929:649
[   96165ms] [LOG] 4 @ https://phbidlautdemo.prahu-hub.com/_resources/themes/prahutheme/javascript/custom/pesertalelang.js?m=1787972929:651
[   96166ms] [LOG] 4 1 pageCount & pageNow @ https://phbidlautdemo.prahu-hub.com/_resources/themes/prahutheme/javascript/custom/pesertalelang.js?m=1787972929:575
[   96170ms] [LOG] 200 xhrglobal @ https://phbidlautdemo.prahu-hub.com/home/pesertalelang:6585
[   96171ms] [LOG] ce.fn.init stepItem @ https://phbidlautdemo.prahu-hub.com/_resources/themes/prahutheme/javascript/custom/pesertalelang.js?m=1787972929:549
[   96247ms] [LOG] 200 xhrglobal @ https://phbidlautdemo.prahu-hub.com/home/pesertalelang:6585
[   96299ms] TypeError: $(...).DataTable is not a function
    at https://phbidlautdemo.prahu-hub.com/_resources/themes/prahutheme/js/scripts-init/tables.js:7:23
[   96309ms] [LOG] 200 xhrglobal @ https://phbidlautdemo.prahu-hub.com/home/pesertalelang:6585
[   98907ms] Cannot use import statement outside a module
[   98944ms] ReferenceError: Chart is not defined
    at https://phbidlautdemo.prahu-hub.com/_resources/themes/prahutheme/js/scripts-init/charts/chartjs.js:8:13
[   99760ms] Unexpected token '<'
[   99761ms] Unexpected token '<'
[   99830ms] TypeError: $(...).datetimepicker is not a function
    at https://phbidlautdemo.prahu-hub.com/adminprahu/biayalayanan:5367:15
[   99852ms] Uncaught TypeError: expect element to be DOM Element, but got null
    at n.init (https://cdnjs.cloudflare.com/ajax/libs/smooth-scrollbar/8.5.2/smooth-scrollbar.js:24:264)
    at <anonymous> (https://phbidlautdemo.prahu-hub.com/adminprahu/biayalayanan:5833:14)
[   99914ms] [LOG] Validasi Akunnamanya @ https://phbidlautdemo.prahu-hub.com/adminprahu/biayalayanan:2040
[   99923ms] [LOG] undefined @ https://phbidlautdemo.prahu-hub.com/adminprahu/biayalayanan:6186
[   99923ms] [LOG] 1xxx @ https://phbidlautdemo.prahu-hub.com/adminprahu/biayalayanan:6186
[   99924ms] [LOG] DD/MM/YYYY @ https://phbidlautdemo.prahu-hub.com/adminprahu/biayalayanan:6186
[   99924ms] [LOG] Search... @ https://phbidlautdemo.prahu-hub.com/adminprahu/biayalayanan:6186
[   99925ms] [LOG] Masukkan Biaya Layanan @ https://phbidlautdemo.prahu-hub.com/adminprahu/biayalayanan:6186
[   99926ms] [LOG] DD/MM/YYYY @ https://phbidlautdemo.prahu-hub.com/adminprahu/biayalayanan:6186
[   99926ms] [LOG] DD/MM/YYYY @ https://phbidlautdemo.prahu-hub.com/adminprahu/biayalayanan:6186
[   99926ms] [LOG] undefined @ https://phbidlautdemo.prahu-hub.com/adminprahu/biayalayanan:6186
[   99929ms] [LOG] Masukkan Nama Provinsi @ https://phbidlautdemo.prahu-hub.com/adminprahu/biayalayanan:6186
[   99929ms] [LOG] undefined @ https://phbidlautdemo.prahu-hub.com/adminprahu/biayalayanan:6186
[   99931ms] [LOG] WebSocket connection @ https://phbidlautdemo.prahu-hub.com/adminprahu/biayalayanan:6229
[   99932ms] [LOG] WebSocket connection attempting... @ https://phbidlautdemo.prahu-hub.com/adminprahu/biayalayanan:6307
[  100057ms] [LOG] WebSocket connected @ https://phbidlautdemo.prahu-hub.com/adminprahu/biayalayanan:6238
[  100061ms] [LOG] update_dashboard_order_laut @ https://phbidlautdemo.prahu-hub.com/adminprahu/biayalayanan:6279
[  100094ms] [LOG] Connected @ https://phbidlautdemo.prahu-hub.com/adminprahu/biayalayanan:6279
[  100627ms] [LOG] [Object, Object, Object, Object, Object, Object, Object, Object, Object, Object, Object, Object, Object, Object, Object, Object, Object, Object, Object, Object] @ https://phbidlautdemo.prahu-hub.com/_resources/themes/prahutheme/javascript/custom/biayalayanan.js?m=1787972929:41
[  100637ms] [LOG] [Object, Object, Object, Object, Object, Object, Object, Object, Object, Object, Object, Object, Object, Object, Object, Object, Object, Object, Object, Object] @ https://phbidlautdemo.prahu-hub.com/_resources/themes/prahutheme/javascript/custom/biayalayanan.js?m=1787972929:156
[  100644ms] [LOG] 72 @ https://phbidlautdemo.prahu-hub.com/_resources/themes/prahutheme/javascript/custom/biayalayanan.js?m=1787972929:734
[  100644ms] [LOG] 72 countView1 1 pageNow 20 limitView1 @ https://phbidlautdemo.prahu-hub.com/_resources/themes/prahutheme/javascript/custom/biayalayanan.js?m=1787972929:736
[  100645ms] [LOG] 20 @ https://phbidlautdemo.prahu-hub.com/_resources/themes/prahutheme/javascript/custom/biayalayanan.js?m=1787972929:742
[  100646ms] [LOG] 72 jumlah data @ https://phbidlautdemo.prahu-hub.com/_resources/themes/prahutheme/javascript/custom/biayalayanan.js?m=1787972929:711
[  100646ms] [LOG] 4 @ https://phbidlautdemo.prahu-hub.com/_resources/themes/prahutheme/javascript/custom/biayalayanan.js?m=1787972929:713
[  100647ms] [LOG] 4 1 pageCount & pageNow @ https://phbidlautdemo.prahu-hub.com/_resources/themes/prahutheme/javascript/custom/biayalayanan.js?m=1787972929:637
[  100652ms] [LOG] 200 xhrglobal @ https://phbidlautdemo.prahu-hub.com/adminprahu/biayalayanan:6160
[  100654ms] [LOG] ce.fn.init stepItem @ https://phbidlautdemo.prahu-hub.com/_resources/themes/prahutheme/javascript/custom/biayalayanan.js?m=1787972929:611
[  100698ms] [LOG] 200 xhrglobal @ https://phbidlautdemo.prahu-hub.com/adminprahu/biayalayanan:6160
[  100842ms] [LOG] 200 xhrglobal @ https://phbidlautdemo.prahu-hub.com/adminprahu/biayalayanan:6160
[  101923ms] TypeError: $(...).DataTable is not a function
    at https://phbidlautdemo.prahu-hub.com/_resources/themes/prahutheme/js/scripts-init/tables.js:7:23
[  105282ms] Cannot use import statement outside a module
[  105317ms] ReferenceError: Chart is not defined
    at https://phbidlautdemo.prahu-hub.com/_resources/themes/prahutheme/js/scripts-init/charts/chartjs.js:8:13
[  105744ms] Unexpected token '<'
[  106337ms] Unexpected token '<'
[  106427ms] Uncaught TypeError: expect element to be DOM Element, but got null
    at n.init (https://cdnjs.cloudflare.com/ajax/libs/smooth-scrollbar/8.5.2/smooth-scrollbar.js:24:264)
    at <anonymous> (https://phbidlautdemo.prahu-hub.com/home/relasi_satu_pintu:5774:14)
[  106471ms] [LOG] Validasi Akunnamanya @ https://phbidlautdemo.prahu-hub.com/home/relasi_satu_pintu:2040
[  106491ms] [LOG] undefined @ https://phbidlautdemo.prahu-hub.com/home/relasi_satu_pintu:6127
[  106491ms] [LOG] 1xx @ https://phbidlautdemo.prahu-hub.com/home/relasi_satu_pintu:6127
[  106491ms] [LOG] undefined @ https://phbidlautdemo.prahu-hub.com/home/relasi_satu_pintu:6127
[  106491ms] [LOG] DD/MM/YYYY @ https://phbidlautdemo.prahu-hub.com/home/relasi_satu_pintu:6127
[  106492ms] [LOG] Masukkan Email @ https://phbidlautdemo.prahu-hub.com/home/relasi_satu_pintu:6127
[  106492ms] [LOG] undefined @ https://phbidlautdemo.prahu-hub.com/home/relasi_satu_pintu:6127
[  106492ms] [LOG] 1xx @ https://phbidlautdemo.prahu-hub.com/home/relasi_satu_pintu:6127
[  106492ms] [LOG] undefined @ https://phbidlautdemo.prahu-hub.com/home/relasi_satu_pintu:6127
[  106492ms] [LOG] DD/MM/YYYY @ https://phbidlautdemo.prahu-hub.com/home/relasi_satu_pintu:6127
[  106493ms] [LOG] Masukkan Email @ https://phbidlautdemo.prahu-hub.com/home/relasi_satu_pintu:6127
[  106493ms] [LOG] undefined @ https://phbidlautdemo.prahu-hub.com/home/relasi_satu_pintu:6127
[  106494ms] [LOG] Masukkan Nama Bank @ https://phbidlautdemo.prahu-hub.com/home/relasi_satu_pintu:6127
[  106494ms] [LOG] undefined @ https://phbidlautdemo.prahu-hub.com/home/relasi_satu_pintu:6127
[  106495ms] [LOG] WebSocket connection @ https://phbidlautdemo.prahu-hub.com/home/relasi_satu_pintu:6170
[  106495ms] [LOG] WebSocket connection attempting... @ https://phbidlautdemo.prahu-hub.com/home/relasi_satu_pintu:6248
[  106853ms] [LOG] WebSocket connected @ https://phbidlautdemo.prahu-hub.com/home/relasi_satu_pintu:6179
[  106858ms] [LOG] update_dashboard_order_laut @ https://phbidlautdemo.prahu-hub.com/home/relasi_satu_pintu:6220
[  106958ms] [LOG] 30 @ https://phbidlautdemo.prahu-hub.com/_resources/themes/prahutheme/javascript/custom/relasisatupintu.js?m=1787972929:487
[  106958ms] [LOG] 30 countView1 1 pageNow 20 limitView1 @ https://phbidlautdemo.prahu-hub.com/_resources/themes/prahutheme/javascript/custom/relasisatupintu.js?m=1787972929:489
[  106958ms] [LOG] 20 @ https://phbidlautdemo.prahu-hub.com/_resources/themes/prahutheme/javascript/custom/relasisatupintu.js?m=1787972929:495
[  106959ms] [LOG] 30 jumlah data @ https://phbidlautdemo.prahu-hub.com/_resources/themes/prahutheme/javascript/custom/relasisatupintu.js?m=1787972929:450
[  106959ms] [LOG] 2 @ https://phbidlautdemo.prahu-hub.com/_resources/themes/prahutheme/javascript/custom/relasisatupintu.js?m=1787972929:452
[  106960ms] [LOG] 2 1 pageCount & pageNow @ https://phbidlautdemo.prahu-hub.com/_resources/themes/prahutheme/javascript/custom/relasisatupintu.js?m=1787972929:375
[  106965ms] [LOG] 200 xhrglobal @ https://phbidlautdemo.prahu-hub.com/home/relasi_satu_pintu:6101
[  107004ms] [LOG] Connected @ https://phbidlautdemo.prahu-hub.com/home/relasi_satu_pintu:6220
[  107007ms] ReferenceError: renderTooltipHarga is not defined
    at https://phbidlautdemo.prahu-hub.com/_resources/themes/prahutheme/javascript/custom/relasisatupintu.js?m=1787972929:579:9
[  107320ms] [LOG] 200 xhrglobal @ https://phbidlautdemo.prahu-hub.com/home/relasi_satu_pintu:6101
[  108108ms] [LOG] 200 xhrglobal @ https://phbidlautdemo.prahu-hub.com/home/relasi_satu_pintu:6101
[  108485ms] TypeError: $(...).DataTable is not a function
    at https://phbidlautdemo.prahu-hub.com/_resources/themes/prahutheme/js/scripts-init/tables.js:7:23
[  111229ms] Cannot use import statement outside a module
[  111287ms] ReferenceError: Chart is not defined
    at https://phbidlautdemo.prahu-hub.com/_resources/themes/prahutheme/js/scripts-init/charts/chartjs.js:8:13
[  111870ms] Unexpected token '<'
[  112437ms] Unexpected token '<'
[  112519ms] Uncaught TypeError: expect element to be DOM Element, but got null
    at n.init (https://cdnjs.cloudflare.com/ajax/libs/smooth-scrollbar/8.5.2/smooth-scrollbar.js:24:264)
    at <anonymous> (https://phbidlautdemo.prahu-hub.com/home/adminprefnotif:5479:14)
[  112562ms] [LOG] Validasi Akunnamanya @ https://phbidlautdemo.prahu-hub.com/home/adminprefnotif:2040
[  112583ms] [LOG] 1xxx @ https://phbidlautdemo.prahu-hub.com/home/adminprefnotif:5832
[  112583ms] [LOG] Masukkan Nama Perusahaan @ https://phbidlautdemo.prahu-hub.com/home/adminprefnotif:5832
[  112583ms] [LOG] DD/MM/YYYY @ https://phbidlautdemo.prahu-hub.com/home/adminprefnotif:5832
[  112584ms] [LOG] DD/MM/YYYY @ https://phbidlautdemo.prahu-hub.com/home/adminprefnotif:5832
[  112585ms] [LOG] undefined @ https://phbidlautdemo.prahu-hub.com/home/adminprefnotif:5832
[  112585ms] [LOG] undefined @ https://phbidlautdemo.prahu-hub.com/home/adminprefnotif:5832
[  112585ms] [LOG] Masukkan Nama Bank @ https://phbidlautdemo.prahu-hub.com/home/adminprefnotif:5832
[  112585ms] [LOG] undefined @ https://phbidlautdemo.prahu-hub.com/home/adminprefnotif:5832
[  112587ms] [LOG] WebSocket connection @ https://phbidlautdemo.prahu-hub.com/home/adminprefnotif:5875
[  112587ms] [LOG] WebSocket connection attempting... @ https://phbidlautdemo.prahu-hub.com/home/adminprefnotif:5953
[  112700ms] [LOG] WebSocket connected @ https://phbidlautdemo.prahu-hub.com/home/adminprefnotif:5884
[  112703ms] [LOG] update_dashboard_order_laut @ https://phbidlautdemo.prahu-hub.com/home/adminprefnotif:5925
[  112734ms] [LOG] Connected @ https://phbidlautdemo.prahu-hub.com/home/adminprefnotif:5925
[  113177ms] [LOG] [Object, Object, Object, Object, Object, Object, Object, Object, Object, Object, Object, Object, Object, Object, Object, Object, Object, Object, Object, Object] @ https://phbidlautdemo.prahu-hub.com/_resources/themes/prahutheme/javascript/custom/adminprefnotif.js?m=1787972929:25
[  113183ms] [LOG] 125 @ https://phbidlautdemo.prahu-hub.com/_resources/themes/prahutheme/javascript/custom/adminprefnotif.js?m=1787972929:517
[  113183ms] [LOG] 125 countView1 1 pageNow 20 limitView1 @ https://phbidlautdemo.prahu-hub.com/_resources/themes/prahutheme/javascript/custom/adminprefnotif.js?m=1787972929:519
[  113184ms] [LOG] 20 @ https://phbidlautdemo.prahu-hub.com/_resources/themes/prahutheme/javascript/custom/adminprefnotif.js?m=1787972929:525
[  113185ms] [LOG] 125 jumlah data @ https://phbidlautdemo.prahu-hub.com/_resources/themes/prahutheme/javascript/custom/adminprefnotif.js?m=1787972929:480
[  113186ms] [LOG] 7 @ https://phbidlautdemo.prahu-hub.com/_resources/themes/prahutheme/javascript/custom/adminprefnotif.js?m=1787972929:482
[  113188ms] [LOG] 7 1 pageCount & pageNow @ https://phbidlautdemo.prahu-hub.com/_resources/themes/prahutheme/javascript/custom/adminprefnotif.js?m=1787972929:405
[  113193ms] [LOG] 200 xhrglobal @ https://phbidlautdemo.prahu-hub.com/home/adminprefnotif:5806
[  113236ms] [LOG] 200 xhrglobal @ https://phbidlautdemo.prahu-hub.com/home/adminprefnotif:5806
[  113528ms] [LOG] 200 xhrglobal @ https://phbidlautdemo.prahu-hub.com/home/adminprefnotif:5806
[  114574ms] TypeError: $(...).DataTable is not a function
    at https://phbidlautdemo.prahu-hub.com/_resources/themes/prahutheme/js/scripts-init/tables.js:7:23
[  118629ms] Cannot use import statement outside a module
[  118692ms] ReferenceError: Chart is not defined
    at https://phbidlautdemo.prahu-hub.com/_resources/themes/prahutheme/js/scripts-init/charts/chartjs.js:8:13
[  119075ms] Unexpected token '<'
[  120028ms] Unexpected token '<'
[  120122ms] Uncaught TypeError: expect element to be DOM Element, but got null
    at n.init (https://cdnjs.cloudflare.com/ajax/libs/smooth-scrollbar/8.5.2/smooth-scrollbar.js:24:264)
    at <anonymous> (https://phbidlautdemo.prahu-hub.com/adminprahu/setting_general:5792:14)
[  120148ms] [LOG] Settingsnamanya @ https://phbidlautdemo.prahu-hub.com/adminprahu/setting_general:2039
[  120161ms] [LOG] Masukkan Versi Web @ https://phbidlautdemo.prahu-hub.com/adminprahu/setting_general:6145
[  120161ms] [LOG] Masukkan Versi APK Tracking @ https://phbidlautdemo.prahu-hub.com/adminprahu/setting_general:6145
[  120161ms] [LOG] Masukkan Copyright APK Tracking @ https://phbidlautdemo.prahu-hub.com/adminprahu/setting_general:6145
[  120162ms] [LOG] 081xxxxxx @ https://phbidlautdemo.prahu-hub.com/adminprahu/setting_general:6145
[  120162ms] [LOG] 081xxxxxx @ https://phbidlautdemo.prahu-hub.com/adminprahu/setting_general:6145
[  120162ms] [LOG] Masukkan Email @ https://phbidlautdemo.prahu-hub.com/adminprahu/setting_general:6145
[  120162ms] [LOG] Masukkan Alamat Facebook @ https://phbidlautdemo.prahu-hub.com/adminprahu/setting_general:6145
[  120162ms] [LOG] Masukkan Alamat Twitter @ https://phbidlautdemo.prahu-hub.com/adminprahu/setting_general:6145
[  120163ms] [LOG] Masukkan Alamat Instagram @ https://phbidlautdemo.prahu-hub.com/adminprahu/setting_general:6145
[  120163ms] [LOG] Masukkan Alamat Youtube @ https://phbidlautdemo.prahu-hub.com/adminprahu/setting_general:6145
[  120163ms] [LOG] Masukkan Alamat Linkedin @ https://phbidlautdemo.prahu-hub.com/adminprahu/setting_general:6145
[  120163ms] [LOG] Masukkan Email Admin @ https://phbidlautdemo.prahu-hub.com/adminprahu/setting_general:6145
[  120163ms] [LOG] undefined @ https://phbidlautdemo.prahu-hub.com/adminprahu/setting_general:6145
[  120165ms] [LOG] WebSocket connection @ https://phbidlautdemo.prahu-hub.com/adminprahu/setting_general:6188
[  120165ms] [LOG] WebSocket connection attempting... @ https://phbidlautdemo.prahu-hub.com/adminprahu/setting_general:6266
[  121181ms] [LOG] WebSocket connected @ https://phbidlautdemo.prahu-hub.com/adminprahu/setting_general:6197
[  121188ms] [LOG] update_dashboard_order_laut @ https://phbidlautdemo.prahu-hub.com/adminprahu/setting_general:6238
[  121565ms] [LOG] Connected @ https://phbidlautdemo.prahu-hub.com/adminprahu/setting_general:6238
[  121683ms] [LOG] 200 xhrglobal @ https://phbidlautdemo.prahu-hub.com/adminprahu/setting_general:6119
[  121745ms] [LOG] 200 xhrglobal @ https://phbidlautdemo.prahu-hub.com/adminprahu/setting_general:6119
[  122160ms] TypeError: $(...).DataTable is not a function
    at https://phbidlautdemo.prahu-hub.com/_resources/themes/prahutheme/js/scripts-init/tables.js:7:23
[  124193ms] CKEditorError: editor-create-initial-data
Read more: https://ckeditor.com/docs/ckeditor5/latest/support/error-codes.html#error-editor-create-initial-data
    at new iC (https://cdn.ckeditor.com/ckeditor5/44.0.0/ckeditor5.umd.js:11:824251)
    at https://cdn.ckeditor.com/ckeditor5/44.0.0/ckeditor5.umd.js:11:824914
    at new Promise (<anonymous>)
    at iC.create (https://cdn.ckeditor.com/ckeditor5/44.0.0/ckeditor5.umd.js:11:824889)
    at https://phbidlautdemo.prahu-hub.com/_resources/themes/prahutheme/css/ckeditor/main.js?m=1772846942:156:15
[  125976ms] Unexpected token '<'
[  126004ms] Cannot use import statement outside a module
[  126043ms] ReferenceError: Chart is not defined
    at https://phbidlautdemo.prahu-hub.com/_resources/themes/prahutheme/js/scripts-init/charts/chartjs.js:8:13
[  127117ms] Unexpected token '<'
[  128341ms] Unexpected token '<'
[  128456ms] Uncaught TypeError: expect element to be DOM Element, but got null
    at n.init (https://cdnjs.cloudflare.com/ajax/libs/smooth-scrollbar/8.5.2/smooth-scrollbar.js:24:264)
    at <anonymous> (https://phbidlautdemo.prahu-hub.com/adminprahu/syaratdanketentuan:5363:14)
[  128465ms] Unexpected token '<'
[  128476ms] [LOG] Settingsnamanya @ https://phbidlautdemo.prahu-hub.com/adminprahu/syaratdanketentuan:2050
[  128490ms] [LOG] WebSocket connection @ https://phbidlautdemo.prahu-hub.com/adminprahu/syaratdanketentuan:5759
[  128491ms] [LOG] WebSocket connection attempting... @ https://phbidlautdemo.prahu-hub.com/adminprahu/syaratdanketentuan:5837
[  128603ms] [LOG] WebSocket connected @ https://phbidlautdemo.prahu-hub.com/adminprahu/syaratdanketentuan:5768
[  128608ms] [LOG] update_dashboard_order_laut @ https://phbidlautdemo.prahu-hub.com/adminprahu/syaratdanketentuan:5809
[  128633ms] [LOG] Connected @ https://phbidlautdemo.prahu-hub.com/adminprahu/syaratdanketentuan:5809
[  129033ms] [LOG] 200 xhrglobal @ https://phbidlautdemo.prahu-hub.com/adminprahu/syaratdanketentuan:5690
[  129122ms] [LOG] 200 xhrglobal @ https://phbidlautdemo.prahu-hub.com/adminprahu/syaratdanketentuan:5690
[  130490ms] TypeError: $(...).DataTable is not a function
    at https://phbidlautdemo.prahu-hub.com/_resources/themes/prahutheme/js/scripts-init/tables.js:7:23
[  133588ms] Cannot use import statement outside a module
[  133636ms] ReferenceError: Chart is not defined
    at https://phbidlautdemo.prahu-hub.com/_resources/themes/prahutheme/js/scripts-init/charts/chartjs.js:8:13
[  133819ms] Unexpected token '<'
[  134721ms] Unexpected token '<'
[  134811ms] Uncaught TypeError: expect element to be DOM Element, but got null
    at n.init (https://cdnjs.cloudflare.com/ajax/libs/smooth-scrollbar/8.5.2/smooth-scrollbar.js:24:264)
    at <anonymous> (https://phbidlautdemo.prahu-hub.com/adminprahu/reminder:5679:14)
[  134838ms] [LOG] Settingsnamanya @ https://phbidlautdemo.prahu-hub.com/adminprahu/reminder:2039
[  134848ms] [LOG] WebSocket connection @ https://phbidlautdemo.prahu-hub.com/adminprahu/reminder:6075
[  134848ms] [LOG] WebSocket connection attempting... @ https://phbidlautdemo.prahu-hub.com/adminprahu/reminder:6153
[  134985ms] [LOG] WebSocket connected @ https://phbidlautdemo.prahu-hub.com/adminprahu/reminder:6084
[  134989ms] [LOG] update_dashboard_order_laut @ https://phbidlautdemo.prahu-hub.com/adminprahu/reminder:6125
[  135018ms] [LOG] Connected @ https://phbidlautdemo.prahu-hub.com/adminprahu/reminder:6125
[  135377ms] [LOG] 200 xhrglobal @ https://phbidlautdemo.prahu-hub.com/adminprahu/reminder:6006
[  135483ms] [LOG] 200 xhrglobal @ https://phbidlautdemo.prahu-hub.com/adminprahu/reminder:6006
[  136849ms] TypeError: $(...).DataTable is not a function
    at https://phbidlautdemo.prahu-hub.com/_resources/themes/prahutheme/js/scripts-init/tables.js:7:23
[  140286ms] Unexpected token '<'
[  140295ms] Cannot use import statement outside a module
[  140344ms] ReferenceError: Chart is not defined
    at https://phbidlautdemo.prahu-hub.com/_resources/themes/prahutheme/js/scripts-init/charts/chartjs.js:8:13
[  141242ms] Unexpected token '<'
[  141415ms] Unexpected token '<'
[  141505ms] Uncaught TypeError: expect element to be DOM Element, but got null
    at n.init (https://cdnjs.cloudflare.com/ajax/libs/smooth-scrollbar/8.5.2/smooth-scrollbar.js:24:264)
    at <anonymous> (https://phbidlautdemo.prahu-hub.com/adminprahu/settingNotifonof:5653:14)
[  141531ms] [LOG] Settingsnamanya @ https://phbidlautdemo.prahu-hub.com/adminprahu/settingNotifonof:2039
[  141540ms] [LOG] undefined @ https://phbidlautdemo.prahu-hub.com/adminprahu/settingNotifonof:6006
[  141540ms] [LOG] undefined @ https://phbidlautdemo.prahu-hub.com/adminprahu/settingNotifonof:6006
[  141540ms] [LOG] undefined @ https://phbidlautdemo.prahu-hub.com/adminprahu/settingNotifonof:6006
[  141540ms] [LOG] undefined @ https://phbidlautdemo.prahu-hub.com/adminprahu/settingNotifonof:6006
[  141540ms] [LOG] undefined @ https://phbidlautdemo.prahu-hub.com/adminprahu/settingNotifonof:6006
[  141541ms] [LOG] undefined @ https://phbidlautdemo.prahu-hub.com/adminprahu/settingNotifonof:6006
[  141542ms] [LOG] WebSocket connection @ https://phbidlautdemo.prahu-hub.com/adminprahu/settingNotifonof:6049
[  141542ms] [LOG] WebSocket connection attempting... @ https://phbidlautdemo.prahu-hub.com/adminprahu/settingNotifonof:6127
[  141705ms] [LOG] WebSocket connected @ https://phbidlautdemo.prahu-hub.com/adminprahu/settingNotifonof:6058
[  141709ms] [LOG] update_dashboard_order_laut @ https://phbidlautdemo.prahu-hub.com/adminprahu/settingNotifonof:6099
[  141743ms] [LOG] Connected @ https://phbidlautdemo.prahu-hub.com/adminprahu/settingNotifonof:6099
[  142046ms] [LOG] 200 xhrglobal @ https://phbidlautdemo.prahu-hub.com/adminprahu/settingNotifonof:5980
[  142148ms] [LOG] 200 xhrglobal @ https://phbidlautdemo.prahu-hub.com/adminprahu/settingNotifonof:5980
[  143540ms] TypeError: $(...).DataTable is not a function
    at https://phbidlautdemo.prahu-hub.com/_resources/themes/prahutheme/js/scripts-init/tables.js:7:23
[  148339ms] Cannot use import statement outside a module
[  148381ms] ReferenceError: Chart is not defined
    at https://phbidlautdemo.prahu-hub.com/_resources/themes/prahutheme/js/scripts-init/charts/chartjs.js:8:13
[  148382ms] Unexpected token '<'
[  148849ms] Unexpected token '<'
[  148935ms] Uncaught TypeError: expect element to be DOM Element, but got null
    at n.init (https://cdnjs.cloudflare.com/ajax/libs/smooth-scrollbar/8.5.2/smooth-scrollbar.js:24:264)
    at <anonymous> (https://phbidlautdemo.prahu-hub.com/adminprahu/settingpajak:5490:14)
[  148956ms] [LOG] Settingsnamanya @ https://phbidlautdemo.prahu-hub.com/adminprahu/settingpajak:2039
[  148965ms] [LOG] undefined @ https://phbidlautdemo.prahu-hub.com/adminprahu/settingpajak:5843
[  148965ms] [LOG] Masukkan Nama Item @ https://phbidlautdemo.prahu-hub.com/adminprahu/settingpajak:5843
[  148965ms] [LOG] 0 @ https://phbidlautdemo.prahu-hub.com/adminprahu/settingpajak:5843
[  148967ms] [LOG] WebSocket connection @ https://phbidlautdemo.prahu-hub.com/adminprahu/settingpajak:5886
[  148967ms] [LOG] WebSocket connection attempting... @ https://phbidlautdemo.prahu-hub.com/adminprahu/settingpajak:5964
[  149093ms] [LOG] WebSocket connected @ https://phbidlautdemo.prahu-hub.com/adminprahu/settingpajak:5895
[  149098ms] [LOG] update_dashboard_order_laut @ https://phbidlautdemo.prahu-hub.com/adminprahu/settingpajak:5936
[  149126ms] [LOG] Connected @ https://phbidlautdemo.prahu-hub.com/adminprahu/settingpajak:5936
[  149499ms] [LOG] 200 xhrglobal @ https://phbidlautdemo.prahu-hub.com/adminprahu/settingpajak:5817
[  149519ms] [LOG] 200 xhrglobal @ https://phbidlautdemo.prahu-hub.com/adminprahu/settingpajak:5817
[  150966ms] TypeError: $(...).DataTable is not a function
    at https://phbidlautdemo.prahu-hub.com/_resources/themes/prahutheme/js/scripts-init/tables.js:7:23
[  154301ms] Cannot use import statement outside a module
[  154334ms] ReferenceError: Chart is not defined
    at https://phbidlautdemo.prahu-hub.com/_resources/themes/prahutheme/js/scripts-init/charts/chartjs.js:8:13
[  155168ms] Unexpected token '<'
[  155940ms] Unexpected token '<'
[  156044ms] Uncaught TypeError: expect element to be DOM Element, but got null
    at n.init (https://cdnjs.cloudflare.com/ajax/libs/smooth-scrollbar/8.5.2/smooth-scrollbar.js:24:264)
    at <anonymous> (https://phbidlautdemo.prahu-hub.com/adminprahu/masterpropinsi:5274:14)
[  156082ms] [LOG] Masternamanya @ https://phbidlautdemo.prahu-hub.com/adminprahu/masterpropinsi:2040
[  156094ms] [LOG] undefined @ https://phbidlautdemo.prahu-hub.com/adminprahu/masterpropinsi:5627
[  156095ms] [LOG] Masukkan Nama Provinsi @ https://phbidlautdemo.prahu-hub.com/adminprahu/masterpropinsi:5627
[  156095ms] [LOG] undefined @ https://phbidlautdemo.prahu-hub.com/adminprahu/masterpropinsi:5627
[  156095ms] [LOG] Masukkan Nama Bank @ https://phbidlautdemo.prahu-hub.com/adminprahu/masterpropinsi:5627
[  156095ms] [LOG] undefined @ https://phbidlautdemo.prahu-hub.com/adminprahu/masterpropinsi:5627
[  156097ms] [LOG] WebSocket connection @ https://phbidlautdemo.prahu-hub.com/adminprahu/masterpropinsi:5670
[  156097ms] [LOG] WebSocket connection attempting... @ https://phbidlautdemo.prahu-hub.com/adminprahu/masterpropinsi:5748
[  156460ms] [LOG] WebSocket connected @ https://phbidlautdemo.prahu-hub.com/adminprahu/masterpropinsi:5679
[  156463ms] [LOG] update_dashboard_order_laut @ https://phbidlautdemo.prahu-hub.com/adminprahu/masterpropinsi:5720
[  156577ms] [LOG] Connected @ https://phbidlautdemo.prahu-hub.com/adminprahu/masterpropinsi:5720
[  156896ms] [LOG] 37 @ https://phbidlautdemo.prahu-hub.com/_resources/themes/prahutheme/javascript/custom/masterpropinsi.js?m=1787972929:409
[  156897ms] [LOG] 37 countView1 1 pageNow 20 limitView1 @ https://phbidlautdemo.prahu-hub.com/_resources/themes/prahutheme/javascript/custom/masterpropinsi.js?m=1787972929:411
[  156897ms] [LOG] 20 @ https://phbidlautdemo.prahu-hub.com/_resources/themes/prahutheme/javascript/custom/masterpropinsi.js?m=1787972929:422
[  156898ms] [LOG] 37 jumlah data @ https://phbidlautdemo.prahu-hub.com/_resources/themes/prahutheme/javascript/custom/masterpropinsi.js?m=1787972929:366
[  156899ms] [LOG] 2 @ https://phbidlautdemo.prahu-hub.com/_resources/themes/prahutheme/javascript/custom/masterpropinsi.js?m=1787972929:368
[  156900ms] [LOG] 2 1 pageCount & pageNow @ https://phbidlautdemo.prahu-hub.com/_resources/themes/prahutheme/javascript/custom/masterpropinsi.js?m=1787972929:293
[  156904ms] [LOG] 200 xhrglobal @ https://phbidlautdemo.prahu-hub.com/adminprahu/masterpropinsi:5601
[  157078ms] [LOG] 200 xhrglobal @ https://phbidlautdemo.prahu-hub.com/adminprahu/masterpropinsi:5601
[  157278ms] [LOG] 200 xhrglobal @ https://phbidlautdemo.prahu-hub.com/adminprahu/masterpropinsi:5601
[  158094ms] TypeError: $(...).DataTable is not a function
    at https://phbidlautdemo.prahu-hub.com/_resources/themes/prahutheme/js/scripts-init/tables.js:7:23
[  161494ms] Cannot use import statement outside a module
[  161522ms] ReferenceError: Chart is not defined
    at https://phbidlautdemo.prahu-hub.com/_resources/themes/prahutheme/js/scripts-init/charts/chartjs.js:8:13
[  162608ms] Unexpected token '<'
[  162608ms] Unexpected token '<'
[  162693ms] Uncaught TypeError: expect element to be DOM Element, but got null
    at n.init (https://cdnjs.cloudflare.com/ajax/libs/smooth-scrollbar/8.5.2/smooth-scrollbar.js:24:264)
    at <anonymous> (https://phbidlautdemo.prahu-hub.com/adminprahu/masterkota:5330:14)
[  162736ms] [LOG] Masternamanya @ https://phbidlautdemo.prahu-hub.com/adminprahu/masterkota:2040
[  162747ms] [LOG] undefined @ https://phbidlautdemo.prahu-hub.com/adminprahu/masterkota:5683
[  162747ms] [LOG] Masukkan Nama Kota / Kab. @ https://phbidlautdemo.prahu-hub.com/adminprahu/masterkota:5683
[  162747ms] [LOG] undefined @ https://phbidlautdemo.prahu-hub.com/adminprahu/masterkota:5683
[  162748ms] [LOG] Masukkan Nama Bank @ https://phbidlautdemo.prahu-hub.com/adminprahu/masterkota:5683
[  162748ms] [LOG] undefined @ https://phbidlautdemo.prahu-hub.com/adminprahu/masterkota:5683
[  162750ms] [LOG] WebSocket connection @ https://phbidlautdemo.prahu-hub.com/adminprahu/masterkota:5726
[  162750ms] [LOG] WebSocket connection attempting... @ https://phbidlautdemo.prahu-hub.com/adminprahu/masterkota:5804
[  162911ms] [LOG] WebSocket connected @ https://phbidlautdemo.prahu-hub.com/adminprahu/masterkota:5735
[  162914ms] [LOG] update_dashboard_order_laut @ https://phbidlautdemo.prahu-hub.com/adminprahu/masterkota:5776
[  162946ms] [LOG] Connected @ https://phbidlautdemo.prahu-hub.com/adminprahu/masterkota:5776
[  164747ms] TypeError: $(...).DataTable is not a function
    at https://phbidlautdemo.prahu-hub.com/_resources/themes/prahutheme/js/scripts-init/tables.js:7:23
[  166742ms] [LOG] 200 xhrglobal @ https://phbidlautdemo.prahu-hub.com/adminprahu/masterkota:5657
[  166792ms] [LOG] 200 xhrglobal @ https://phbidlautdemo.prahu-hub.com/adminprahu/masterkota:5657
[  166936ms] [LOG] 515 @ https://phbidlautdemo.prahu-hub.com/_resources/themes/prahutheme/javascript/custom/masterkota.js?m=1787972929:416
[  166936ms] [LOG] 515 countView1 1 pageNow 20 limitView1 @ https://phbidlautdemo.prahu-hub.com/_resources/themes/prahutheme/javascript/custom/masterkota.js?m=1787972929:418
[  166937ms] [LOG] 20 @ https://phbidlautdemo.prahu-hub.com/_resources/themes/prahutheme/javascript/custom/masterkota.js?m=1787972929:424
[  166938ms] [LOG] 515 jumlah data @ https://phbidlautdemo.prahu-hub.com/_resources/themes/prahutheme/javascript/custom/masterkota.js?m=1787972929:376
[  166938ms] [LOG] 26 @ https://phbidlautdemo.prahu-hub.com/_resources/themes/prahutheme/javascript/custom/masterkota.js?m=1787972929:378
[  166940ms] [LOG] 26 1 pageCount & pageNow @ https://phbidlautdemo.prahu-hub.com/_resources/themes/prahutheme/javascript/custom/masterkota.js?m=1787972929:301
[  166944ms] [LOG] 200 xhrglobal @ https://phbidlautdemo.prahu-hub.com/adminprahu/masterkota:5657
[  166963ms] ReferenceError: renderTooltipHarga is not defined
    at https://phbidlautdemo.prahu-hub.com/_resources/themes/prahutheme/javascript/custom/masterkota.js?m=1787972929:508:9
[  169762ms] Cannot use import statement outside a module
[  169790ms] ReferenceError: Chart is not defined
    at https://phbidlautdemo.prahu-hub.com/_resources/themes/prahutheme/js/scripts-init/charts/chartjs.js:8:13
[  171368ms] Unexpected token '<'
[  171586ms] Unexpected token '<'
[  171690ms] Uncaught TypeError: expect element to be DOM Element, but got null
    at n.init (https://cdnjs.cloudflare.com/ajax/libs/smooth-scrollbar/8.5.2/smooth-scrollbar.js:24:264)
    at <anonymous> (https://phbidlautdemo.prahu-hub.com/adminprahu/masterpelabuhan:7484:14)
[  171739ms] [LOG] Masternamanya @ https://phbidlautdemo.prahu-hub.com/adminprahu/masterpelabuhan:2040
[  171753ms] [LOG] undefined @ https://phbidlautdemo.prahu-hub.com/adminprahu/masterpelabuhan:7837
[  171754ms] [LOG] Masukkan UN Code @ https://phbidlautdemo.prahu-hub.com/adminprahu/masterpelabuhan:7837
[  171754ms] [LOG] Masukkan Nama Pelabuhan @ https://phbidlautdemo.prahu-hub.com/adminprahu/masterpelabuhan:7837
[  171754ms] [LOG] undefined @ https://phbidlautdemo.prahu-hub.com/adminprahu/masterpelabuhan:7837
[  171754ms] [LOG] Masukkan UN Code @ https://phbidlautdemo.prahu-hub.com/adminprahu/masterpelabuhan:7837
[  171754ms] [LOG] undefined @ https://phbidlautdemo.prahu-hub.com/adminprahu/masterpelabuhan:7837
[  171755ms] [LOG] undefined @ https://phbidlautdemo.prahu-hub.com/adminprahu/masterpelabuhan:7837
[  171755ms] [LOG] Masukkan Nama Pelabuhan @ https://phbidlautdemo.prahu-hub.com/adminprahu/masterpelabuhan:7837
[  171757ms] [LOG] WebSocket connection @ https://phbidlautdemo.prahu-hub.com/adminprahu/masterpelabuhan:7880
[  171758ms] [LOG] WebSocket connection attempting... @ https://phbidlautdemo.prahu-hub.com/adminprahu/masterpelabuhan:7958
[  172355ms] [LOG] [Object, Object, Object, Object, Object, Object, Object, Object, Object, Object, Object, Object, Object, Object, Object, Object, Object, Object, Object, Object] @ https://phbidlautdemo.prahu-hub.com/_resources/themes/prahutheme/javascript/custom/masterpelabuhan.js?m=1787972929:127
[  172370ms] [LOG] 64 @ https://phbidlautdemo.prahu-hub.com/_resources/themes/prahutheme/javascript/custom/masterpelabuhan.js?m=1787972929:844
[  172370ms] [LOG] 64 countView1 1 pageNow 20 limitView1 @ https://phbidlautdemo.prahu-hub.com/_resources/themes/prahutheme/javascript/custom/masterpelabuhan.js?m=1787972929:846
[  172371ms] [LOG] 20 @ https://phbidlautdemo.prahu-hub.com/_resources/themes/prahutheme/javascript/custom/masterpelabuhan.js?m=1787972929:857
[  172372ms] [LOG] 64 jumlah data @ https://phbidlautdemo.prahu-hub.com/_resources/themes/prahutheme/javascript/custom/masterpelabuhan.js?m=1787972929:803
[  172372ms] [LOG] 4 @ https://phbidlautdemo.prahu-hub.com/_resources/themes/prahutheme/javascript/custom/masterpelabuhan.js?m=1787972929:805
[  172373ms] [LOG] 4 1 pageCount & pageNow @ https://phbidlautdemo.prahu-hub.com/_resources/themes/prahutheme/javascript/custom/masterpelabuhan.js?m=1787972929:731
[  172376ms] [LOG] 200 xhrglobal @ https://phbidlautdemo.prahu-hub.com/adminprahu/masterpelabuhan:7811
[  172377ms] [LOG] ce.fn.init stepItem @ https://phbidlautdemo.prahu-hub.com/_resources/themes/prahutheme/javascript/custom/masterpelabuhan.js?m=1787972929:700
[  172442ms] [LOG] WebSocket connected @ https://phbidlautdemo.prahu-hub.com/adminprahu/masterpelabuhan:7889
[  172451ms] [LOG] update_dashboard_order_laut @ https://phbidlautdemo.prahu-hub.com/adminprahu/masterpelabuhan:7930
[  172630ms] [LOG] Connected @ https://phbidlautdemo.prahu-hub.com/adminprahu/masterpelabuhan:7930
[  172891ms] [LOG] 200 xhrglobal @ https://phbidlautdemo.prahu-hub.com/adminprahu/masterpelabuhan:7811
[  172981ms] [LOG] 200 xhrglobal @ https://phbidlautdemo.prahu-hub.com/adminprahu/masterpelabuhan:7811
[  173753ms] TypeError: $(...).DataTable is not a function
    at https://phbidlautdemo.prahu-hub.com/_resources/themes/prahutheme/js/scripts-init/tables.js:7:23
[  179239ms] Cannot use import statement outside a module
[  179285ms] ReferenceError: Chart is not defined
    at https://phbidlautdemo.prahu-hub.com/_resources/themes/prahutheme/js/scripts-init/charts/chartjs.js:8:13
[  179286ms] Unexpected token '<'
[  179288ms] Unexpected token '<'
[  179369ms] Uncaught TypeError: expect element to be DOM Element, but got null
    at n.init (https://cdnjs.cloudflare.com/ajax/libs/smooth-scrollbar/8.5.2/smooth-scrollbar.js:24:264)
    at <anonymous> (https://phbidlautdemo.prahu-hub.com/adminprahu/masterbank:5221:14)
[  179402ms] [LOG] Masternamanya @ https://phbidlautdemo.prahu-hub.com/adminprahu/masterbank:2040
[  179413ms] [LOG] undefined @ https://phbidlautdemo.prahu-hub.com/adminprahu/masterbank:5574
[  179413ms] [LOG] Masukkan Nama Bank @ https://phbidlautdemo.prahu-hub.com/adminprahu/masterbank:5574
[  179413ms] [LOG] undefined @ https://phbidlautdemo.prahu-hub.com/adminprahu/masterbank:5574
[  179414ms] [LOG] Masukkan Nama Bank @ https://phbidlautdemo.prahu-hub.com/adminprahu/masterbank:5574
[  179414ms] [LOG] undefined @ https://phbidlautdemo.prahu-hub.com/adminprahu/masterbank:5574
[  179415ms] [LOG] WebSocket connection @ https://phbidlautdemo.prahu-hub.com/adminprahu/masterbank:5617
[  179416ms] [LOG] WebSocket connection attempting... @ https://phbidlautdemo.prahu-hub.com/adminprahu/masterbank:5695
[  179854ms] [LOG] 9 @ https://phbidlautdemo.prahu-hub.com/_resources/themes/prahutheme/javascript/custom/masterbank.js?m=1787972929:443
[  179855ms] [LOG] 9 countView1 1 pageNow 20 limitView1 @ https://phbidlautdemo.prahu-hub.com/_resources/themes/prahutheme/javascript/custom/masterbank.js?m=1787972929:446
[  179856ms] [LOG] 9 jumlah data @ https://phbidlautdemo.prahu-hub.com/_resources/themes/prahutheme/javascript/custom/masterbank.js?m=1787972929:400
[  179857ms] [LOG] 1 @ https://phbidlautdemo.prahu-hub.com/_resources/themes/prahutheme/javascript/custom/masterbank.js?m=1787972929:402
[  179858ms] [LOG] 1 1 pageCount & pageNow @ https://phbidlautdemo.prahu-hub.com/_resources/themes/prahutheme/javascript/custom/masterbank.js?m=1787972929:327
[  179863ms] [LOG] 200 xhrglobal @ https://phbidlautdemo.prahu-hub.com/adminprahu/masterbank:5548
[  180277ms] [LOG] WebSocket connected @ https://phbidlautdemo.prahu-hub.com/adminprahu/masterbank:5626
[  180283ms] [LOG] update_dashboard_order_laut @ https://phbidlautdemo.prahu-hub.com/adminprahu/masterbank:5667
[  180509ms] [LOG] Connected @ https://phbidlautdemo.prahu-hub.com/adminprahu/masterbank:5667
[  180709ms] [LOG] 200 xhrglobal @ https://phbidlautdemo.prahu-hub.com/adminprahu/masterbank:5548
[  180772ms] [LOG] 200 xhrglobal @ https://phbidlautdemo.prahu-hub.com/adminprahu/masterbank:5548
[  181417ms] TypeError: $(...).DataTable is not a function
    at https://phbidlautdemo.prahu-hub.com/_resources/themes/prahutheme/js/scripts-init/tables.js:7:23
[  185748ms] Cannot use import statement outside a module
[  185784ms] ReferenceError: Chart is not defined
    at https://phbidlautdemo.prahu-hub.com/_resources/themes/prahutheme/js/scripts-init/charts/chartjs.js:8:13
[  185785ms] Unexpected token '<'
[  186656ms] Unexpected token '<'
[  186755ms] Uncaught TypeError: expect element to be DOM Element, but got null
    at n.init (https://cdnjs.cloudflare.com/ajax/libs/smooth-scrollbar/8.5.2/smooth-scrollbar.js:24:264)
    at <anonymous> (https://phbidlautdemo.prahu-hub.com/adminprahu/masterInclude:5297:14)
[  186810ms] [LOG] Masternamanya @ https://phbidlautdemo.prahu-hub.com/adminprahu/masterInclude:2040
[  186823ms] [LOG] undefined @ https://phbidlautdemo.prahu-hub.com/adminprahu/masterInclude:5650
[  186824ms] [LOG] Masukkan Nama Include @ https://phbidlautdemo.prahu-hub.com/adminprahu/masterInclude:5650
[  186824ms] [LOG] undefined @ https://phbidlautdemo.prahu-hub.com/adminprahu/masterInclude:5650
[  186824ms] [LOG] Masukkan Nama Include @ https://phbidlautdemo.prahu-hub.com/adminprahu/masterInclude:5650
[  186824ms] [LOG] undefined @ https://phbidlautdemo.prahu-hub.com/adminprahu/masterInclude:5650
[  186826ms] [LOG] WebSocket connection @ https://phbidlautdemo.prahu-hub.com/adminprahu/masterInclude:5693
[  186826ms] [LOG] WebSocket connection attempting... @ https://phbidlautdemo.prahu-hub.com/adminprahu/masterInclude:5771
[  186943ms] [LOG] WebSocket connected @ https://phbidlautdemo.prahu-hub.com/adminprahu/masterInclude:5702
[  186947ms] [LOG] update_dashboard_order_laut @ https://phbidlautdemo.prahu-hub.com/adminprahu/masterInclude:5743
[  186981ms] [LOG] Connected @ https://phbidlautdemo.prahu-hub.com/adminprahu/masterInclude:5743
[  188111ms] [LOG] 200 xhrglobal @ https://phbidlautdemo.prahu-hub.com/adminprahu/masterInclude:5624
[  188118ms] [LOG] [Object, Object, Object, Object, Object, Object, Object, Object, Object, Object, Object, Object, Object, Object, Object, Object, Object, Object, Object, Object] @ https://phbidlautdemo.prahu-hub.com/_resources/themes/prahutheme/javascript/custom/masterinclude.js?m=1787972929:125
[  188128ms] [LOG] 24 @ https://phbidlautdemo.prahu-hub.com/_resources/themes/prahutheme/javascript/custom/masterinclude.js?m=1787972929:826
[  188129ms] [LOG] 24 countView1 1 pageNow 20 limitView1 @ https://phbidlautdemo.prahu-hub.com/_resources/themes/prahutheme/javascript/custom/masterinclude.js?m=1787972929:828
[  188129ms] [LOG] 20 @ https://phbidlautdemo.prahu-hub.com/_resources/themes/prahutheme/javascript/custom/masterinclude.js?m=1787972929:839
[  188130ms] [LOG] 24 jumlah data @ https://phbidlautdemo.prahu-hub.com/_resources/themes/prahutheme/javascript/custom/masterinclude.js?m=1787972929:785
[  188130ms] [LOG] 2 @ https://phbidlautdemo.prahu-hub.com/_resources/themes/prahutheme/javascript/custom/masterinclude.js?m=1787972929:787
[  188131ms] [LOG] 2 1 pageCount & pageNow @ https://phbidlautdemo.prahu-hub.com/_resources/themes/prahutheme/javascript/custom/masterinclude.js?m=1787972929:713
[  188132ms] [LOG] 200 xhrglobal @ https://phbidlautdemo.prahu-hub.com/adminprahu/masterInclude:5624
[  188133ms] [LOG] ce.fn.init stepItem @ https://phbidlautdemo.prahu-hub.com/_resources/themes/prahutheme/javascript/custom/masterinclude.js?m=1787972929:682
[  188174ms] [LOG] 200 xhrglobal @ https://phbidlautdemo.prahu-hub.com/adminprahu/masterInclude:5624
[  188823ms] TypeError: $(...).DataTable is not a function
    at https://phbidlautdemo.prahu-hub.com/_resources/themes/prahutheme/js/scripts-init/tables.js:7:23
[  194500ms] Cannot use import statement outside a module
[  194533ms] ReferenceError: Chart is not defined
    at https://phbidlautdemo.prahu-hub.com/_resources/themes/prahutheme/js/scripts-init/charts/chartjs.js:8:13
[  194535ms] Unexpected token '<'
[  194539ms] Unexpected token '<'
[  194628ms] Uncaught TypeError: expect element to be DOM Element, but got null
    at n.init (https://cdnjs.cloudflare.com/ajax/libs/smooth-scrollbar/8.5.2/smooth-scrollbar.js:24:264)
    at <anonymous> (https://phbidlautdemo.prahu-hub.com/adminprahu/masterkemasan:5368:14)
[  194659ms] [LOG] Masternamanya @ https://phbidlautdemo.prahu-hub.com/adminprahu/masterkemasan:2040
[  194670ms] [LOG] undefined @ https://phbidlautdemo.prahu-hub.com/adminprahu/masterkemasan:5721
[  194671ms] [LOG] Masukkan Nama Kemasan @ https://phbidlautdemo.prahu-hub.com/adminprahu/masterkemasan:5721
[  194671ms] [LOG] undefined @ https://phbidlautdemo.prahu-hub.com/adminprahu/masterkemasan:5721
[  194671ms] [LOG] Masukkan Nama Kemasan @ https://phbidlautdemo.prahu-hub.com/adminprahu/masterkemasan:5721
[  194671ms] [LOG] undefined @ https://phbidlautdemo.prahu-hub.com/adminprahu/masterkemasan:5721
[  194672ms] [LOG] WebSocket connection @ https://phbidlautdemo.prahu-hub.com/adminprahu/masterkemasan:5764
[  194672ms] [LOG] WebSocket connection attempting... @ https://phbidlautdemo.prahu-hub.com/adminprahu/masterkemasan:5842
[  195015ms] [LOG] WebSocket connected @ https://phbidlautdemo.prahu-hub.com/adminprahu/masterkemasan:5773
[  195020ms] [LOG] update_dashboard_order_laut @ https://phbidlautdemo.prahu-hub.com/adminprahu/masterkemasan:5814
[  195116ms] [LOG] Connected @ https://phbidlautdemo.prahu-hub.com/adminprahu/masterkemasan:5814
[  195314ms] [LOG] [Object, Object, Object, Object, Object, Object, Object, Object, Object, Object, Object, Object, Object, Object, Object, Object, Object, Object, Object, Object] @ https://phbidlautdemo.prahu-hub.com/_resources/themes/prahutheme/javascript/custom/masterkemasan.js?m=1787972929:117
[  195324ms] [LOG] 21 @ https://phbidlautdemo.prahu-hub.com/_resources/themes/prahutheme/javascript/custom/masterkemasan.js?m=1787972929:789
[  195324ms] [LOG] 21 countView1 1 pageNow 20 limitView1 @ https://phbidlautdemo.prahu-hub.com/_resources/themes/prahutheme/javascript/custom/masterkemasan.js?m=1787972929:791
[  195324ms] [LOG] 20 @ https://phbidlautdemo.prahu-hub.com/_resources/themes/prahutheme/javascript/custom/masterkemasan.js?m=1787972929:802
[  195326ms] [LOG] 21 jumlah data @ https://phbidlautdemo.prahu-hub.com/_resources/themes/prahutheme/javascript/custom/masterkemasan.js?m=1787972929:748
[  195326ms] [LOG] 2 @ https://phbidlautdemo.prahu-hub.com/_resources/themes/prahutheme/javascript/custom/masterkemasan.js?m=1787972929:750
[  195328ms] [LOG] 2 1 pageCount & pageNow @ https://phbidlautdemo.prahu-hub.com/_resources/themes/prahutheme/javascript/custom/masterkemasan.js?m=1787972929:676
[  195330ms] [LOG] 200 xhrglobal @ https://phbidlautdemo.prahu-hub.com/adminprahu/masterkemasan:5695
[  195331ms] [LOG] ce.fn.init stepItem @ https://phbidlautdemo.prahu-hub.com/_resources/themes/prahutheme/javascript/custom/masterkemasan.js?m=1787972929:645
[  195554ms] [LOG] 200 xhrglobal @ https://phbidlautdemo.prahu-hub.com/adminprahu/masterkemasan:5695
[  196185ms] [LOG] 200 xhrglobal @ https://phbidlautdemo.prahu-hub.com/adminprahu/masterkemasan:5695
[  196671ms] TypeError: $(...).DataTable is not a function
    at https://phbidlautdemo.prahu-hub.com/_resources/themes/prahutheme/js/scripts-init/tables.js:7:23
[  203447ms] Cannot use import statement outside a module
[  203473ms] ReferenceError: Chart is not defined
    at https://phbidlautdemo.prahu-hub.com/_resources/themes/prahutheme/js/scripts-init/charts/chartjs.js:8:13
[  204106ms] Unexpected token '<'
[  204108ms] Unexpected token '<'
[  204218ms] Uncaught TypeError: expect element to be DOM Element, but got null
    at n.init (https://cdnjs.cloudflare.com/ajax/libs/smooth-scrollbar/8.5.2/smooth-scrollbar.js:24:264)
    at <anonymous> (https://phbidlautdemo.prahu-hub.com/analitik/masterjenismuatan:5467:14)
[  204254ms] [LOG] Masternamanya @ https://phbidlautdemo.prahu-hub.com/analitik/masterjenismuatan:2040
[  204263ms] [LOG] 1xx @ https://phbidlautdemo.prahu-hub.com/analitik/masterjenismuatan:5820
[  204264ms] [LOG] Masukkan Email @ https://phbidlautdemo.prahu-hub.com/analitik/masterjenismuatan:5820
[  204264ms] [LOG] Masukkan Jumlah @ https://phbidlautdemo.prahu-hub.com/analitik/masterjenismuatan:5820
[  204264ms] [LOG] undefined @ https://phbidlautdemo.prahu-hub.com/analitik/masterjenismuatan:5820
[  204265ms] [LOG] WebSocket connection @ https://phbidlautdemo.prahu-hub.com/analitik/masterjenismuatan:5863
[  204266ms] [LOG] WebSocket connection attempting... @ https://phbidlautdemo.prahu-hub.com/analitik/masterjenismuatan:5941
[  204748ms] [LOG] WebSocket connected @ https://phbidlautdemo.prahu-hub.com/analitik/masterjenismuatan:5872
[  204764ms] [LOG] 200 xhrglobal @ https://phbidlautdemo.prahu-hub.com/analitik/masterjenismuatan:5794
[  204774ms] [LOG] update_dashboard_order_laut @ https://phbidlautdemo.prahu-hub.com/analitik/masterjenismuatan:5913
[  204780ms] ReferenceError: renderTooltipHarga is not defined
    at https://phbidlautdemo.prahu-hub.com/_resources/themes/prahutheme/javascript/custom/masterjenismuatan.js?m=1787972929:382:9
[  204852ms] [LOG] Connected @ https://phbidlautdemo.prahu-hub.com/analitik/masterjenismuatan:5913
[  205199ms] [LOG] 200 xhrglobal @ https://phbidlautdemo.prahu-hub.com/analitik/masterjenismuatan:5794
[  205270ms] [LOG] 200 xhrglobal @ https://phbidlautdemo.prahu-hub.com/analitik/masterjenismuatan:5794
[  206264ms] TypeError: $(...).DataTable is not a function
    at https://phbidlautdemo.prahu-hub.com/_resources/themes/prahutheme/js/scripts-init/tables.js:7:23
[  209879ms] Cannot use import statement outside a module
[  209927ms] ReferenceError: Chart is not defined
    at https://phbidlautdemo.prahu-hub.com/_resources/themes/prahutheme/js/scripts-init/charts/chartjs.js:8:13
[  214278ms] Unexpected token '<'
[  214766ms] Unexpected token '<'
[  214853ms] Uncaught TypeError: expect element to be DOM Element, but got null
    at n.init (https://cdnjs.cloudflare.com/ajax/libs/smooth-scrollbar/8.5.2/smooth-scrollbar.js:24:264)
    at <anonymous> (https://phbidlautdemo.prahu-hub.com/analitik/masterhargabarang:5457:14)
[  214898ms] [LOG] Masternamanya @ https://phbidlautdemo.prahu-hub.com/analitik/masterhargabarang:2040
[  214911ms] [LOG] 1xx @ https://phbidlautdemo.prahu-hub.com/analitik/masterhargabarang:5810
[  214912ms] [LOG] Masukkan Nomor @ https://phbidlautdemo.prahu-hub.com/analitik/masterhargabarang:5810
[  214912ms] [LOG] Masukkan Harga @ https://phbidlautdemo.prahu-hub.com/analitik/masterhargabarang:5810
[  214912ms] [LOG] undefined @ https://phbidlautdemo.prahu-hub.com/analitik/masterhargabarang:5810
[  214913ms] [LOG] WebSocket connection @ https://phbidlautdemo.prahu-hub.com/analitik/masterhargabarang:5853
[  214915ms] [LOG] WebSocket connection attempting... @ https://phbidlautdemo.prahu-hub.com/analitik/masterhargabarang:5931
[  215439ms] [LOG] 200 xhrglobal @ https://phbidlautdemo.prahu-hub.com/analitik/masterhargabarang:5784
[  215459ms] ReferenceError: renderTooltipHarga is not defined
    at https://phbidlautdemo.prahu-hub.com/_resources/themes/prahutheme/javascript/custom/masterhargabarang.js?m=1787972929:377:9
[  216295ms] [LOG] WebSocket connected @ https://phbidlautdemo.prahu-hub.com/analitik/masterhargabarang:5862
[  216300ms] [LOG] update_dashboard_order_laut @ https://phbidlautdemo.prahu-hub.com/analitik/masterhargabarang:5903
[  216596ms] [LOG] Connected @ https://phbidlautdemo.prahu-hub.com/analitik/masterhargabarang:5903
[  216798ms] [LOG] 200 xhrglobal @ https://phbidlautdemo.prahu-hub.com/analitik/masterhargabarang:5784
[  216849ms] [LOG] 200 xhrglobal @ https://phbidlautdemo.prahu-hub.com/analitik/masterhargabarang:5784
[  216912ms] TypeError: $(...).DataTable is not a function
    at https://phbidlautdemo.prahu-hub.com/_resources/themes/prahutheme/js/scripts-init/tables.js:7:23
[  221171ms] Cannot use import statement outside a module
[  221218ms] ReferenceError: Chart is not defined
    at https://phbidlautdemo.prahu-hub.com/_resources/themes/prahutheme/js/scripts-init/charts/chartjs.js:8:13
[  222035ms] Unexpected token '<'
[  222036ms] Unexpected token '<'
[  222131ms] Uncaught TypeError: expect element to be DOM Element, but got null
    at n.init (https://cdnjs.cloudflare.com/ajax/libs/smooth-scrollbar/8.5.2/smooth-scrollbar.js:24:264)
    at <anonymous> (https://phbidlautdemo.prahu-hub.com/adminprahu/masterfreetime:5578:14)
[  222194ms] [LOG] Masternamanya @ https://phbidlautdemo.prahu-hub.com/adminprahu/masterfreetime:2040
[  222209ms] [LOG] undefined @ https://phbidlautdemo.prahu-hub.com/adminprahu/masterfreetime:5931
[  222210ms] [LOG] Masukkan Storage @ https://phbidlautdemo.prahu-hub.com/adminprahu/masterfreetime:5931
[  222210ms] [LOG] undefined @ https://phbidlautdemo.prahu-hub.com/adminprahu/masterfreetime:5931
[  222210ms] [LOG] undefined @ https://phbidlautdemo.prahu-hub.com/adminprahu/masterfreetime:5931
[  222210ms] [LOG] undefined @ https://phbidlautdemo.prahu-hub.com/adminprahu/masterfreetime:5931
[  222210ms] [LOG] Storage @ https://phbidlautdemo.prahu-hub.com/adminprahu/masterfreetime:5931
[  222212ms] [LOG] WebSocket connection @ https://phbidlautdemo.prahu-hub.com/adminprahu/masterfreetime:5974
[  222213ms] [LOG] WebSocket connection attempting... @ https://phbidlautdemo.prahu-hub.com/adminprahu/masterfreetime:6052
[  222354ms] [LOG] WebSocket connected @ https://phbidlautdemo.prahu-hub.com/adminprahu/masterfreetime:5983
[  222357ms] [LOG] update_dashboard_order_laut @ https://phbidlautdemo.prahu-hub.com/adminprahu/masterfreetime:6024
[  222386ms] [LOG] Connected @ https://phbidlautdemo.prahu-hub.com/adminprahu/masterfreetime:6024
[  222569ms] [LOG] [Object, Object] @ https://phbidlautdemo.prahu-hub.com/_resources/themes/prahutheme/javascript/custom/masterfreetime.js?m=1787972929:123
[  222575ms] [LOG] 2 @ https://phbidlautdemo.prahu-hub.com/_resources/themes/prahutheme/javascript/custom/masterfreetime.js?m=1787972929:782
[  222575ms] [LOG] 2 countView1 1 pageNow 20 limitView1 @ https://phbidlautdemo.prahu-hub.com/_resources/themes/prahutheme/javascript/custom/masterfreetime.js?m=1787972929:784
[  222576ms] [LOG] 2 @ https://phbidlautdemo.prahu-hub.com/_resources/themes/prahutheme/javascript/custom/masterfreetime.js?m=1787972929:795
[  222577ms] [LOG] 2 jumlah data @ https://phbidlautdemo.prahu-hub.com/_resources/themes/prahutheme/javascript/custom/masterfreetime.js?m=1787972929:741
[  222577ms] [LOG] 1 @ https://phbidlautdemo.prahu-hub.com/_resources/themes/prahutheme/javascript/custom/masterfreetime.js?m=1787972929:743
[  222579ms] [LOG] 1 1 pageCount & pageNow @ https://phbidlautdemo.prahu-hub.com/_resources/themes/prahutheme/javascript/custom/masterfreetime.js?m=1787972929:669
[  222581ms] [LOG] 200 xhrglobal @ https://phbidlautdemo.prahu-hub.com/adminprahu/masterfreetime:5905
[  222583ms] [LOG] ce.fn.init stepItem @ https://phbidlautdemo.prahu-hub.com/_resources/themes/prahutheme/javascript/custom/masterfreetime.js?m=1787972929:638
[  222725ms] [LOG] 200 xhrglobal @ https://phbidlautdemo.prahu-hub.com/adminprahu/masterfreetime:5905
[  222785ms] [LOG] 200 xhrglobal @ https://phbidlautdemo.prahu-hub.com/adminprahu/masterfreetime:5905
[  224209ms] TypeError: $(...).DataTable is not a function
    at https://phbidlautdemo.prahu-hub.com/_resources/themes/prahutheme/js/scripts-init/tables.js:7:23
[  228044ms] Cannot use import statement outside a module
[  228095ms] ReferenceError: Chart is not defined
    at https://phbidlautdemo.prahu-hub.com/_resources/themes/prahutheme/js/scripts-init/charts/chartjs.js:8:13
[  229394ms] Unexpected token '<'
[  229655ms] Unexpected token '<'
[  229764ms] Uncaught TypeError: expect element to be DOM Element, but got null
    at n.init (https://cdnjs.cloudflare.com/ajax/libs/smooth-scrollbar/8.5.2/smooth-scrollbar.js:24:264)
    at <anonymous> (https://phbidlautdemo.prahu-hub.com/adminprahu/pelayaran:5220:14)
[  229802ms] [LOG] Masternamanya @ https://phbidlautdemo.prahu-hub.com/adminprahu/pelayaran:2040
[  229812ms] [LOG] undefined @ https://phbidlautdemo.prahu-hub.com/adminprahu/pelayaran:5573
[  229813ms] [LOG] Masukkan Nama Pelayaran @ https://phbidlautdemo.prahu-hub.com/adminprahu/pelayaran:5573
[  229814ms] [LOG] WebSocket connection @ https://phbidlautdemo.prahu-hub.com/adminprahu/pelayaran:5616
[  229815ms] [LOG] WebSocket connection attempting... @ https://phbidlautdemo.prahu-hub.com/adminprahu/pelayaran:5694
[  229942ms] [LOG] WebSocket connected @ https://phbidlautdemo.prahu-hub.com/adminprahu/pelayaran:5625
[  229947ms] [LOG] update_dashboard_order_laut @ https://phbidlautdemo.prahu-hub.com/adminprahu/pelayaran:5666
[  229974ms] [LOG] Connected @ https://phbidlautdemo.prahu-hub.com/adminprahu/pelayaran:5666
[  230498ms] [LOG] [Object, Object, Object, Object, Object, Object, Object, Object, Object, Object, Object, Object, Object, Object, Object, Object, Object, Object, Object, Object] @ https://phbidlautdemo.prahu-hub.com/_resources/themes/prahutheme/javascript/custom/pelayaran.js?m=1787972929:115
[  230510ms] [LOG] 24 @ https://phbidlautdemo.prahu-hub.com/_resources/themes/prahutheme/javascript/custom/pelayaran.js?m=1787972929:693
[  230511ms] [LOG] 24 countView1 1 pageNow 20 limitView1 @ https://phbidlautdemo.prahu-hub.com/_resources/themes/prahutheme/javascript/custom/pelayaran.js?m=1787972929:695
[  230511ms] [LOG] 20 @ https://phbidlautdemo.prahu-hub.com/_resources/themes/prahutheme/javascript/custom/pelayaran.js?m=1787972929:701
[  230512ms] [LOG] 24 jumlah data @ https://phbidlautdemo.prahu-hub.com/_resources/themes/prahutheme/javascript/custom/pelayaran.js?m=1787972929:658
[  230513ms] [LOG] 2 @ https://phbidlautdemo.prahu-hub.com/_resources/themes/prahutheme/javascript/custom/pelayaran.js?m=1787972929:660
[  230514ms] [LOG] 2 1 pageCount & pageNow @ https://phbidlautdemo.prahu-hub.com/_resources/themes/prahutheme/javascript/custom/pelayaran.js?m=1787972929:584
[  230517ms] [LOG] 200 xhrglobal @ https://phbidlautdemo.prahu-hub.com/adminprahu/pelayaran:5547
[  230527ms] [LOG] ce.fn.init stepItem @ https://phbidlautdemo.prahu-hub.com/_resources/themes/prahutheme/javascript/custom/pelayaran.js?m=1787972929:558
[  230592ms] [LOG] 200 xhrglobal @ https://phbidlautdemo.prahu-hub.com/adminprahu/pelayaran:5547
[  230611ms] [LOG] 200 xhrglobal @ https://phbidlautdemo.prahu-hub.com/adminprahu/pelayaran:5547
[  231816ms] TypeError: $(...).DataTable is not a function
    at https://phbidlautdemo.prahu-hub.com/_resources/themes/prahutheme/js/scripts-init/tables.js:7:23
[  237024ms] Cannot use import statement outside a module
[  237076ms] ReferenceError: Chart is not defined
    at https://phbidlautdemo.prahu-hub.com/_resources/themes/prahutheme/js/scripts-init/charts/chartjs.js:8:13
[  237077ms] Unexpected token '<'
[  237078ms] Unexpected token '<'
[  237156ms] Uncaught TypeError: expect element to be DOM Element, but got null
    at n.init (https://cdnjs.cloudflare.com/ajax/libs/smooth-scrollbar/8.5.2/smooth-scrollbar.js:24:264)
    at <anonymous> (https://phbidlautdemo.prahu-hub.com/adminprahu/kontainer:5281:14)
[  237187ms] [LOG] Masternamanya @ https://phbidlautdemo.prahu-hub.com/adminprahu/kontainer:2040
[  237195ms] [LOG] undefined @ https://phbidlautdemo.prahu-hub.com/adminprahu/kontainer:5634
[  237195ms] [LOG] Masukkan Jenis Kontainer @ https://phbidlautdemo.prahu-hub.com/adminprahu/kontainer:5634
[  237196ms] [LOG] undefined @ https://phbidlautdemo.prahu-hub.com/adminprahu/kontainer:5634
[  237196ms] [LOG] Masukkan Nama Bank @ https://phbidlautdemo.prahu-hub.com/adminprahu/kontainer:5634
[  237196ms] [LOG] undefined @ https://phbidlautdemo.prahu-hub.com/adminprahu/kontainer:5634
[  237197ms] [LOG] WebSocket connection @ https://phbidlautdemo.prahu-hub.com/adminprahu/kontainer:5677
[  237198ms] [LOG] WebSocket connection attempting... @ https://phbidlautdemo.prahu-hub.com/adminprahu/kontainer:5755
[  237322ms] [LOG] WebSocket connected @ https://phbidlautdemo.prahu-hub.com/adminprahu/kontainer:5686
[  237325ms] [LOG] update_dashboard_order_laut @ https://phbidlautdemo.prahu-hub.com/adminprahu/kontainer:5727
[  237355ms] [LOG] Connected @ https://phbidlautdemo.prahu-hub.com/adminprahu/kontainer:5727
[  237907ms] [LOG] [Object, Object, Object, Object, Object, Object, Object, Object, Object, Object, Object, Object, Object, Object] @ https://phbidlautdemo.prahu-hub.com/_resources/themes/prahutheme/javascript/custom/kontainer.js?m=1787972929:115
[  237915ms] [LOG] 14 @ https://phbidlautdemo.prahu-hub.com/_resources/themes/prahutheme/javascript/custom/kontainer.js?m=1787972929:857
[  237916ms] [LOG] 14 countView1 1 pageNow 20 limitView1 @ https://phbidlautdemo.prahu-hub.com/_resources/themes/prahutheme/javascript/custom/kontainer.js?m=1787972929:859
[  237916ms] [LOG] 14 @ https://phbidlautdemo.prahu-hub.com/_resources/themes/prahutheme/javascript/custom/kontainer.js?m=1787972929:870
[  237917ms] [LOG] 14 jumlah data @ https://phbidlautdemo.prahu-hub.com/_resources/themes/prahutheme/javascript/custom/kontainer.js?m=1787972929:816
[  237917ms] [LOG] 1 @ https://phbidlautdemo.prahu-hub.com/_resources/themes/prahutheme/javascript/custom/kontainer.js?m=1787972929:818
[  237919ms] [LOG] 1 1 pageCount & pageNow @ https://phbidlautdemo.prahu-hub.com/_resources/themes/prahutheme/javascript/custom/kontainer.js?m=1787972929:744
[  237921ms] [LOG] 200 xhrglobal @ https://phbidlautdemo.prahu-hub.com/adminprahu/kontainer:5608
[  237922ms] [LOG] ce.fn.init stepItem @ https://phbidlautdemo.prahu-hub.com/_resources/themes/prahutheme/javascript/custom/kontainer.js?m=1787972929:713
[  238020ms] [LOG] 200 xhrglobal @ https://phbidlautdemo.prahu-hub.com/adminprahu/kontainer:5608
[  238124ms] [LOG] 200 xhrglobal @ https://phbidlautdemo.prahu-hub.com/adminprahu/kontainer:5608
[  239197ms] TypeError: $(...).DataTable is not a function
    at https://phbidlautdemo.prahu-hub.com/_resources/themes/prahutheme/js/scripts-init/tables.js:7:23
[  244046ms] Cannot use import statement outside a module
[  244084ms] ReferenceError: Chart is not defined
    at https://phbidlautdemo.prahu-hub.com/_resources/themes/prahutheme/js/scripts-init/charts/chartjs.js:8:13
[  244085ms] Unexpected token '<'
[  244087ms] Unexpected token '<'
[  244156ms] Uncaught TypeError: expect element to be DOM Element, but got null
    at n.init (https://cdnjs.cloudflare.com/ajax/libs/smooth-scrollbar/8.5.2/smooth-scrollbar.js:24:264)
    at <anonymous> (https://phbidlautdemo.prahu-hub.com/adminprahu/masterDP:5360:14)
[  244199ms] [LOG] Masternamanya @ https://phbidlautdemo.prahu-hub.com/adminprahu/masterDP:2040
[  244208ms] [LOG] undefined @ https://phbidlautdemo.prahu-hub.com/adminprahu/masterDP:5713
[  244208ms] [LOG] Masukkan Nama Dokumen Penagihan @ https://phbidlautdemo.prahu-hub.com/adminprahu/masterDP:5713
[  244208ms] [LOG] undefined @ https://phbidlautdemo.prahu-hub.com/adminprahu/masterDP:5713
[  244209ms] [LOG] Masukkan Nama Dokumen Penagihan @ https://phbidlautdemo.prahu-hub.com/adminprahu/masterDP:5713
[  244209ms] [LOG] undefined @ https://phbidlautdemo.prahu-hub.com/adminprahu/masterDP:5713
[  244210ms] [LOG] WebSocket connection @ https://phbidlautdemo.prahu-hub.com/adminprahu/masterDP:5756
[  244210ms] [LOG] WebSocket connection attempting... @ https://phbidlautdemo.prahu-hub.com/adminprahu/masterDP:5834
[  244591ms] [LOG] WebSocket connected @ https://phbidlautdemo.prahu-hub.com/adminprahu/masterDP:5765
[  244596ms] [LOG] update_dashboard_order_laut @ https://phbidlautdemo.prahu-hub.com/adminprahu/masterDP:5806
[  244689ms] [LOG] [Object, Object, Object, Object, Object, Object, Object, Object, Object, Object, Object, Object] @ https://phbidlautdemo.prahu-hub.com/_resources/themes/prahutheme/javascript/custom/masterDP.js?m=1787972929:111
[  244697ms] [LOG] 12 @ https://phbidlautdemo.prahu-hub.com/_resources/themes/prahutheme/javascript/custom/masterDP.js?m=1787972929:749
[  244697ms] [LOG] 12 countView1 1 pageNow 20 limitView1 @ https://phbidlautdemo.prahu-hub.com/_resources/themes/prahutheme/javascript/custom/masterDP.js?m=1787972929:751
[  244698ms] [LOG] 12 @ https://phbidlautdemo.prahu-hub.com/_resources/themes/prahutheme/javascript/custom/masterDP.js?m=1787972929:757
[  244699ms] [LOG] 12 jumlah data @ https://phbidlautdemo.prahu-hub.com/_resources/themes/prahutheme/javascript/custom/masterDP.js?m=1787972929:726
[  244699ms] [LOG] 1 @ https://phbidlautdemo.prahu-hub.com/_resources/themes/prahutheme/javascript/custom/masterDP.js?m=1787972929:728
[  244700ms] [LOG] 1 1 pageCount & pageNow @ https://phbidlautdemo.prahu-hub.com/_resources/themes/prahutheme/javascript/custom/masterDP.js?m=1787972929:652
[  244702ms] [LOG] 200 xhrglobal @ https://phbidlautdemo.prahu-hub.com/adminprahu/masterDP:5687
[  244703ms] [LOG] ce.fn.init stepItem @ https://phbidlautdemo.prahu-hub.com/_resources/themes/prahutheme/javascript/custom/masterDP.js?m=1787972929:626
[  244747ms] [LOG] Connected @ https://phbidlautdemo.prahu-hub.com/adminprahu/masterDP:5806
[  245011ms] [LOG] 200 xhrglobal @ https://phbidlautdemo.prahu-hub.com/adminprahu/masterDP:5687
[  245064ms] [LOG] 200 xhrglobal @ https://phbidlautdemo.prahu-hub.com/adminprahu/masterDP:5687
[  246209ms] TypeError: $(...).DataTable is not a function
    at https://phbidlautdemo.prahu-hub.com/_resources/themes/prahutheme/js/scripts-init/tables.js:7:23
[  249923ms] Cannot use import statement outside a module
[  249956ms] ReferenceError: Chart is not defined
    at https://phbidlautdemo.prahu-hub.com/_resources/themes/prahutheme/js/scripts-init/charts/chartjs.js:8:13
[  250438ms] Unexpected token '<'
[  250786ms] Unexpected token '<'
[  250846ms] TypeError: $(...).datetimepicker is not a function
    at https://phbidlautdemo.prahu-hub.com/adminprahu/masteriklan:5210:15
[  250882ms] Uncaught TypeError: expect element to be DOM Element, but got null
    at n.init (https://cdnjs.cloudflare.com/ajax/libs/smooth-scrollbar/8.5.2/smooth-scrollbar.js:24:264)
    at <anonymous> (https://phbidlautdemo.prahu-hub.com/adminprahu/masteriklan:5944:14)
[  250921ms] [LOG] Masternamanya @ https://phbidlautdemo.prahu-hub.com/adminprahu/masteriklan:2040
[  250931ms] [LOG] DD/MM/YYYY @ https://phbidlautdemo.prahu-hub.com/adminprahu/masteriklan:6297
[  250932ms] [LOG] DD/MM/YYYY @ https://phbidlautdemo.prahu-hub.com/adminprahu/masteriklan:6297
[  250933ms] [LOG] undefined @ https://phbidlautdemo.prahu-hub.com/adminprahu/masteriklan:6297
[  250933ms] [LOG] undefined @ https://phbidlautdemo.prahu-hub.com/adminprahu/masteriklan:6297
[  250934ms] [LOG] DD/MM/YYYY HH:MM @ https://phbidlautdemo.prahu-hub.com/adminprahu/masteriklan:6297
[  250934ms] [LOG] DD/MM/YYYY HH:MM @ https://phbidlautdemo.prahu-hub.com/adminprahu/masteriklan:6297
[  250935ms] [LOG] WebSocket connection @ https://phbidlautdemo.prahu-hub.com/adminprahu/masteriklan:6340
[  250936ms] [LOG] WebSocket connection attempting... @ https://phbidlautdemo.prahu-hub.com/adminprahu/masteriklan:6418
[  251077ms] [LOG] WebSocket connected @ https://phbidlautdemo.prahu-hub.com/adminprahu/masteriklan:6349
[  251082ms] [LOG] update_dashboard_order_laut @ https://phbidlautdemo.prahu-hub.com/adminprahu/masteriklan:6390
[  251122ms] [LOG] Connected @ https://phbidlautdemo.prahu-hub.com/adminprahu/masteriklan:6390
[  251453ms] [LOG] [Object, Object, Object, Object, Object, Object, Object, Object, Object, Object] @ https://phbidlautdemo.prahu-hub.com/_resources/themes/prahutheme/javascript/custom/master_iklan.js?m=1787972929:108
[  251462ms] [LOG] 10 @ https://phbidlautdemo.prahu-hub.com/_resources/themes/prahutheme/javascript/custom/master_iklan.js?m=1787972929:875
[  251462ms] [LOG] 10 countView1 1 pageNow 20 limitView1 @ https://phbidlautdemo.prahu-hub.com/_resources/themes/prahutheme/javascript/custom/master_iklan.js?m=1787972929:877
[  251462ms] [LOG] 10 @ https://phbidlautdemo.prahu-hub.com/_resources/themes/prahutheme/javascript/custom/master_iklan.js?m=1787972929:888
[  251463ms] [LOG] 10 jumlah data @ https://phbidlautdemo.prahu-hub.com/_resources/themes/prahutheme/javascript/custom/master_iklan.js?m=1787972929:841
[  251464ms] [LOG] 1 @ https://phbidlautdemo.prahu-hub.com/_resources/themes/prahutheme/javascript/custom/master_iklan.js?m=1787972929:843
[  251465ms] [LOG] 1 1 pageCount & pageNow @ https://phbidlautdemo.prahu-hub.com/_resources/themes/prahutheme/javascript/custom/master_iklan.js?m=1787972929:769
[  251469ms] [LOG] 200 xhrglobal @ https://phbidlautdemo.prahu-hub.com/adminprahu/masteriklan:6271
[  251470ms] [LOG] ce.fn.init stepItem @ https://phbidlautdemo.prahu-hub.com/_resources/themes/prahutheme/javascript/custom/master_iklan.js?m=1787972929:738
[  251843ms] [LOG] 200 xhrglobal @ https://phbidlautdemo.prahu-hub.com/adminprahu/masteriklan:6271
[  252247ms] [LOG] 200 xhrglobal @ https://phbidlautdemo.prahu-hub.com/adminprahu/masteriklan:6271
[  252932ms] TypeError: $(...).DataTable is not a function
    at https://phbidlautdemo.prahu-hub.com/_resources/themes/prahutheme/js/scripts-init/tables.js:7:23
[  256254ms] Cannot use import statement outside a module
[  256280ms] ReferenceError: Chart is not defined
    at https://phbidlautdemo.prahu-hub.com/_resources/themes/prahutheme/js/scripts-init/charts/chartjs.js:8:13
[  257186ms] Unexpected token '<'
[  257666ms] Unexpected token '<'
[  257748ms] Uncaught TypeError: expect element to be DOM Element, but got null
    at n.init (https://cdnjs.cloudflare.com/ajax/libs/smooth-scrollbar/8.5.2/smooth-scrollbar.js:24:264)
    at <anonymous> (https://phbidlautdemo.prahu-hub.com/adminprahu/masterpetugasapk:7707:14)
[  257811ms] [LOG] Masternamanya @ https://phbidlautdemo.prahu-hub.com/adminprahu/masterpetugasapk:2040
[  257828ms] [LOG] undefined @ https://phbidlautdemo.prahu-hub.com/adminprahu/masterpetugasapk:8060
[  257828ms] [LOG] Masukkan Nama Petugas @ https://phbidlautdemo.prahu-hub.com/adminprahu/masterpetugasapk:8060
[  257828ms] [LOG] 08xxxxxxxxxx @ https://phbidlautdemo.prahu-hub.com/adminprahu/masterpetugasapk:8060
[  257829ms] [LOG] undefined @ https://phbidlautdemo.prahu-hub.com/adminprahu/masterpetugasapk:8060
[  257829ms] [LOG] Masukkan Nama Petugas @ https://phbidlautdemo.prahu-hub.com/adminprahu/masterpetugasapk:8060
[  257829ms] [LOG] 08xxxxxxxxxx @ https://phbidlautdemo.prahu-hub.com/adminprahu/masterpetugasapk:8060
[  257829ms] [LOG] undefined @ https://phbidlautdemo.prahu-hub.com/adminprahu/masterpetugasapk:8060
[  257829ms] [LOG] Masukkan Nama Bank @ https://phbidlautdemo.prahu-hub.com/adminprahu/masterpetugasapk:8060
[  257829ms] [LOG] undefined @ https://phbidlautdemo.prahu-hub.com/adminprahu/masterpetugasapk:8060
[  257831ms] [LOG] WebSocket connection @ https://phbidlautdemo.prahu-hub.com/adminprahu/masterpetugasapk:8103
[  257831ms] [LOG] WebSocket connection attempting... @ https://phbidlautdemo.prahu-hub.com/adminprahu/masterpetugasapk:8181
[  257969ms] [LOG] WebSocket connected @ https://phbidlautdemo.prahu-hub.com/adminprahu/masterpetugasapk:8112
[  257972ms] [LOG] update_dashboard_order_laut @ https://phbidlautdemo.prahu-hub.com/adminprahu/masterpetugasapk:8153
[  258004ms] [LOG] Connected @ https://phbidlautdemo.prahu-hub.com/adminprahu/masterpetugasapk:8153
[  258519ms] [LOG] 87 @ https://phbidlautdemo.prahu-hub.com/_resources/themes/prahutheme/javascript/custom/masterpetugasapk.js?m=1787972929:505
[  258520ms] [LOG] 87 countView1 1 pageNow 20 limitView1 @ https://phbidlautdemo.prahu-hub.com/_resources/themes/prahutheme/javascript/custom/masterpetugasapk.js?m=1787972929:507
[  258520ms] [LOG] 20 @ https://phbidlautdemo.prahu-hub.com/_resources/themes/prahutheme/javascript/custom/masterpetugasapk.js?m=1787972929:513
[  258521ms] [LOG] 87 jumlah data @ https://phbidlautdemo.prahu-hub.com/_resources/themes/prahutheme/javascript/custom/masterpetugasapk.js?m=1787972929:468
[  258522ms] [LOG] 5 @ https://phbidlautdemo.prahu-hub.com/_resources/themes/prahutheme/javascript/custom/masterpetugasapk.js?m=1787972929:470
[  258523ms] [LOG] 5 1 pageCount & pageNow @ https://phbidlautdemo.prahu-hub.com/_resources/themes/prahutheme/javascript/custom/masterpetugasapk.js?m=1787972929:393
[  258529ms] [LOG] 200 xhrglobal @ https://phbidlautdemo.prahu-hub.com/adminprahu/masterpetugasapk:8034
[  258613ms] ReferenceError: renderTooltipHarga is not defined
    at https://phbidlautdemo.prahu-hub.com/_resources/themes/prahutheme/javascript/custom/masterpetugasapk.js?m=1787972929:597:9
[  258614ms] [LOG] 200 xhrglobal @ https://phbidlautdemo.prahu-hub.com/adminprahu/masterpetugasapk:8034
[  258857ms] [LOG] 200 xhrglobal @ https://phbidlautdemo.prahu-hub.com/adminprahu/masterpetugasapk:8034
[  259828ms] TypeError: $(...).DataTable is not a function
    at https://phbidlautdemo.prahu-hub.com/_resources/themes/prahutheme/js/scripts-init/tables.js:7:23
[  264256ms] Cannot use import statement outside a module
[  264288ms] ReferenceError: Chart is not defined
    at https://phbidlautdemo.prahu-hub.com/_resources/themes/prahutheme/js/scripts-init/charts/chartjs.js:8:13
[  264291ms] Unexpected token '<'
[  264292ms] Unexpected token '<'
[  264374ms] Uncaught TypeError: expect element to be DOM Element, but got null
    at n.init (https://cdnjs.cloudflare.com/ajax/libs/smooth-scrollbar/8.5.2/smooth-scrollbar.js:24:264)
    at <anonymous> (https://phbidlautdemo.prahu-hub.com/home/hakaksesbidowner:5570:14)
[  264418ms] [LOG] Pengaturan Akunnamanya @ https://phbidlautdemo.prahu-hub.com/home/hakaksesbidowner:2040
[  264429ms] [LOG] Masukkan Nama Hak Akses @ https://phbidlautdemo.prahu-hub.com/home/hakaksesbidowner:5923
[  264429ms] [LOG] undefined @ https://phbidlautdemo.prahu-hub.com/home/hakaksesbidowner:5923
[  264429ms] [LOG] undefined @ https://phbidlautdemo.prahu-hub.com/home/hakaksesbidowner:5923
[  264429ms] [LOG] Masukkan Nama Kemasan @ https://phbidlautdemo.prahu-hub.com/home/hakaksesbidowner:5923
[  264429ms] [LOG] undefined @ https://phbidlautdemo.prahu-hub.com/home/hakaksesbidowner:5923
[  264431ms] [LOG] WebSocket connection @ https://phbidlautdemo.prahu-hub.com/home/hakaksesbidowner:5966
[  264431ms] [LOG] WebSocket connection attempting... @ https://phbidlautdemo.prahu-hub.com/home/hakaksesbidowner:6044
[  264915ms] [LOG] WebSocket connected @ https://phbidlautdemo.prahu-hub.com/home/hakaksesbidowner:5975
[  264920ms] [LOG] update_dashboard_order_laut @ https://phbidlautdemo.prahu-hub.com/home/hakaksesbidowner:6016
[  265008ms] [LOG] [Object, Object, Object, Object, Object, Object, Object, Object, Object, Object, Object, Object, Object, Object, Object, Object, Object, Object, Object, Object] @ https://phbidlautdemo.prahu-hub.com/_resources/themes/prahutheme/javascript/custom/hakaksesbidowner.js?m=1787972929:124
[  265025ms] [LOG] 23 @ https://phbidlautdemo.prahu-hub.com/_resources/themes/prahutheme/javascript/custom/hakaksesbidowner.js?m=1787972929:775
[  265025ms] [LOG] 23 countView1 1 pageNow 20 limitView1 @ https://phbidlautdemo.prahu-hub.com/_resources/themes/prahutheme/javascript/custom/hakaksesbidowner.js?m=1787972929:777
[  265025ms] [LOG] 20 @ https://phbidlautdemo.prahu-hub.com/_resources/themes/prahutheme/javascript/custom/hakaksesbidowner.js?m=1787972929:783
[  265026ms] [LOG] 23 jumlah data @ https://phbidlautdemo.prahu-hub.com/_resources/themes/prahutheme/javascript/custom/hakaksesbidowner.js?m=1787972929:740
[  265027ms] [LOG] 2 @ https://phbidlautdemo.prahu-hub.com/_resources/themes/prahutheme/javascript/custom/hakaksesbidowner.js?m=1787972929:742
[  265028ms] [LOG] 2 1 pageCount & pageNow @ https://phbidlautdemo.prahu-hub.com/_resources/themes/prahutheme/javascript/custom/hakaksesbidowner.js?m=1787972929:666
[  265030ms] [LOG] 200 xhrglobal @ https://phbidlautdemo.prahu-hub.com/home/hakaksesbidowner:5897
[  265031ms] [LOG] ce.fn.init stepItem @ https://phbidlautdemo.prahu-hub.com/_resources/themes/prahutheme/javascript/custom/hakaksesbidowner.js?m=1787972929:640
[  265098ms] [LOG] Connected @ https://phbidlautdemo.prahu-hub.com/home/hakaksesbidowner:6016
[  265320ms] [LOG] 200 xhrglobal @ https://phbidlautdemo.prahu-hub.com/home/hakaksesbidowner:5897
[  265434ms] [LOG] 200 xhrglobal @ https://phbidlautdemo.prahu-hub.com/home/hakaksesbidowner:5897
[  266429ms] TypeError: $(...).DataTable is not a function
    at https://phbidlautdemo.prahu-hub.com/_resources/themes/prahutheme/js/scripts-init/tables.js:7:23
[  270295ms] Cannot use import statement outside a module
[  270349ms] ReferenceError: Chart is not defined
    at https://phbidlautdemo.prahu-hub.com/_resources/themes/prahutheme/js/scripts-init/charts/chartjs.js:8:13
[  271679ms] Unexpected token '<'
[  272160ms] Unexpected token '<'
[  272254ms] Uncaught TypeError: expect element to be DOM Element, but got null
    at n.init (https://cdnjs.cloudflare.com/ajax/libs/smooth-scrollbar/8.5.2/smooth-scrollbar.js:24:264)
    at <anonymous> (https://phbidlautdemo.prahu-hub.com/home/subuserbidowner:5514:14)
[  272293ms] [LOG] Pengaturan Akunnamanya @ https://phbidlautdemo.prahu-hub.com/home/subuserbidowner:2040
[  272302ms] [LOG] Masukkan Nama Sub User @ https://phbidlautdemo.prahu-hub.com/home/subuserbidowner:5867
[  272302ms] [LOG] Masukkan Email @ https://phbidlautdemo.prahu-hub.com/home/subuserbidowner:5867
[  272303ms] [LOG] undefined @ https://phbidlautdemo.prahu-hub.com/home/subuserbidowner:5867
[  272303ms] [LOG] undefined @ https://phbidlautdemo.prahu-hub.com/home/subuserbidowner:5867
[  272303ms] [LOG] Masukkan Nama Bank @ https://phbidlautdemo.prahu-hub.com/home/subuserbidowner:5867
[  272303ms] [LOG] undefined @ https://phbidlautdemo.prahu-hub.com/home/subuserbidowner:5867
[  272304ms] [LOG] WebSocket connection @ https://phbidlautdemo.prahu-hub.com/home/subuserbidowner:5910
[  272305ms] [LOG] WebSocket connection attempting... @ https://phbidlautdemo.prahu-hub.com/home/subuserbidowner:5988
[  272772ms] [LOG] [Object, Object, Object, Object, Object, Object, Object, Object, Object, Object, Object, Object, Object] @ https://phbidlautdemo.prahu-hub.com/_resources/themes/prahutheme/javascript/custom/subuserbidowner.js?m=1787972929:15
[  272778ms] [LOG] 13 @ https://phbidlautdemo.prahu-hub.com/_resources/themes/prahutheme/javascript/custom/subuserbidowner.js?m=1787972929:520
[  272779ms] [LOG] 13 countView1 1 pageNow 20 limitView1 @ https://phbidlautdemo.prahu-hub.com/_resources/themes/prahutheme/javascript/custom/subuserbidowner.js?m=1787972929:522
[  272779ms] [LOG] 13 @ https://phbidlautdemo.prahu-hub.com/_resources/themes/prahutheme/javascript/custom/subuserbidowner.js?m=1787972929:528
[  272780ms] [LOG] 13 jumlah data @ https://phbidlautdemo.prahu-hub.com/_resources/themes/prahutheme/javascript/custom/subuserbidowner.js?m=1787972929:483
[  272780ms] [LOG] 1 @ https://phbidlautdemo.prahu-hub.com/_resources/themes/prahutheme/javascript/custom/subuserbidowner.js?m=1787972929:485
[  272782ms] [LOG] 1 1 pageCount & pageNow @ https://phbidlautdemo.prahu-hub.com/_resources/themes/prahutheme/javascript/custom/subuserbidowner.js?m=1787972929:408
[  272785ms] [LOG] 200 xhrglobal @ https://phbidlautdemo.prahu-hub.com/home/subuserbidowner:5841
[  272917ms] [LOG] WebSocket connected @ https://phbidlautdemo.prahu-hub.com/home/subuserbidowner:5919
[  272921ms] [LOG] update_dashboard_order_laut @ https://phbidlautdemo.prahu-hub.com/home/subuserbidowner:5960
[  273101ms] [LOG] Connected @ https://phbidlautdemo.prahu-hub.com/home/subuserbidowner:5960
[  273375ms] [LOG] 200 xhrglobal @ https://phbidlautdemo.prahu-hub.com/home/subuserbidowner:5841
[  273460ms] [LOG] 200 xhrglobal @ https://phbidlautdemo.prahu-hub.com/home/subuserbidowner:5841
[  274302ms] TypeError: $(...).DataTable is not a function
    at https://phbidlautdemo.prahu-hub.com/_resources/themes/prahutheme/js/scripts-init/tables.js:7:23
[  277180ms] Cannot use import statement outside a module
[  277204ms] ReferenceError: Chart is not defined
    at https://phbidlautdemo.prahu-hub.com/_resources/themes/prahutheme/js/scripts-init/charts/chartjs.js:8:13
[  277625ms] Unexpected token '<'
[  278205ms] Unexpected token '<'
[  278282ms] Uncaught TypeError: expect element to be DOM Element, but got null
    at n.init (https://cdnjs.cloudflare.com/ajax/libs/smooth-scrollbar/8.5.2/smooth-scrollbar.js:24:264)
    at <anonymous> (https://phbidlautdemo.prahu-hub.com/home/hakaksesbidder:5501:14)
[  278320ms] [LOG] Pengaturan Akunnamanya @ https://phbidlautdemo.prahu-hub.com/home/hakaksesbidder:2040
[  278331ms] [LOG] Masukkan Nama Hak Akses @ https://phbidlautdemo.prahu-hub.com/home/hakaksesbidder:5854
[  278331ms] [LOG] undefined @ https://phbidlautdemo.prahu-hub.com/home/hakaksesbidder:5854
[  278331ms] [LOG] undefined @ https://phbidlautdemo.prahu-hub.com/home/hakaksesbidder:5854
[  278332ms] [LOG] Masukkan Nama Kemasan @ https://phbidlautdemo.prahu-hub.com/home/hakaksesbidder:5854
[  278332ms] [LOG] undefined @ https://phbidlautdemo.prahu-hub.com/home/hakaksesbidder:5854
[  278333ms] [LOG] WebSocket connection @ https://phbidlautdemo.prahu-hub.com/home/hakaksesbidder:5897
[  278333ms] [LOG] WebSocket connection attempting... @ https://phbidlautdemo.prahu-hub.com/home/hakaksesbidder:5975
[  278815ms] [LOG] [Object, Object, Object, Object, Object, Object, Object, Object, Object, Object, Object, Object, Object, Object, Object, Object, Object, Object, Object, Object] @ https://phbidlautdemo.prahu-hub.com/_resources/themes/prahutheme/javascript/custom/hakaksesbidder.js?m=1787972929:118
[  278831ms] [LOG] 33 @ https://phbidlautdemo.prahu-hub.com/_resources/themes/prahutheme/javascript/custom/hakaksesbidder.js?m=1787972929:787
[  278832ms] [LOG] 33 countView1 1 pageNow 20 limitView1 @ https://phbidlautdemo.prahu-hub.com/_resources/themes/prahutheme/javascript/custom/hakaksesbidder.js?m=1787972929:789
[  278832ms] [LOG] 20 @ https://phbidlautdemo.prahu-hub.com/_resources/themes/prahutheme/javascript/custom/hakaksesbidder.js?m=1787972929:795
[  278834ms] [LOG] 33 jumlah data @ https://phbidlautdemo.prahu-hub.com/_resources/themes/prahutheme/javascript/custom/hakaksesbidder.js?m=1787972929:752
[  278834ms] [LOG] 2 @ https://phbidlautdemo.prahu-hub.com/_resources/themes/prahutheme/javascript/custom/hakaksesbidder.js?m=1787972929:754
[  278836ms] [LOG] 2 1 pageCount & pageNow @ https://phbidlautdemo.prahu-hub.com/_resources/themes/prahutheme/javascript/custom/hakaksesbidder.js?m=1787972929:678
[  278838ms] [LOG] 200 xhrglobal @ https://phbidlautdemo.prahu-hub.com/home/hakaksesbidder:5828
[  278840ms] [LOG] ce.fn.init stepItem @ https://phbidlautdemo.prahu-hub.com/_resources/themes/prahutheme/javascript/custom/hakaksesbidder.js?m=1787972929:652
[  279905ms] [LOG] WebSocket connected @ https://phbidlautdemo.prahu-hub.com/home/hakaksesbidder:5906
[  279910ms] [LOG] update_dashboard_order_laut @ https://phbidlautdemo.prahu-hub.com/home/hakaksesbidder:5947
[  280227ms] [LOG] Connected @ https://phbidlautdemo.prahu-hub.com/home/hakaksesbidder:5947
[  280276ms] [LOG] 200 xhrglobal @ https://phbidlautdemo.prahu-hub.com/home/hakaksesbidder:5828
[  280332ms] [LOG] 200 xhrglobal @ https://phbidlautdemo.prahu-hub.com/home/hakaksesbidder:5828
[  280335ms] TypeError: $(...).DataTable is not a function
    at https://phbidlautdemo.prahu-hub.com/_resources/themes/prahutheme/js/scripts-init/tables.js:7:23
[  285139ms] Cannot use import statement outside a module
[  285172ms] ReferenceError: Chart is not defined
    at https://phbidlautdemo.prahu-hub.com/_resources/themes/prahutheme/js/scripts-init/charts/chartjs.js:8:13
[  285176ms] Unexpected token '<'
[  285177ms] Unexpected token '<'
[  285272ms] Uncaught TypeError: expect element to be DOM Element, but got null
    at n.init (https://cdnjs.cloudflare.com/ajax/libs/smooth-scrollbar/8.5.2/smooth-scrollbar.js:24:264)
    at <anonymous> (https://phbidlautdemo.prahu-hub.com/home/subuserbidder:5442:14)
[  285327ms] [LOG] Pengaturan Akunnamanya @ https://phbidlautdemo.prahu-hub.com/home/subuserbidder:2040
[  285341ms] [LOG] Masukkan Nama Sub User @ https://phbidlautdemo.prahu-hub.com/home/subuserbidder:5795
[  285341ms] [LOG] Masukkan Email @ https://phbidlautdemo.prahu-hub.com/home/subuserbidder:5795
[  285342ms] [LOG] undefined @ https://phbidlautdemo.prahu-hub.com/home/subuserbidder:5795
[  285342ms] [LOG] undefined @ https://phbidlautdemo.prahu-hub.com/home/subuserbidder:5795
[  285342ms] [LOG] Masukkan Nama Bank @ https://phbidlautdemo.prahu-hub.com/home/subuserbidder:5795
[  285343ms] [LOG] undefined @ https://phbidlautdemo.prahu-hub.com/home/subuserbidder:5795
[  285345ms] [LOG] WebSocket connection @ https://phbidlautdemo.prahu-hub.com/home/subuserbidder:5838
[  285346ms] [LOG] WebSocket connection attempting... @ https://phbidlautdemo.prahu-hub.com/home/subuserbidder:5916
[  285513ms] [LOG] WebSocket connected @ https://phbidlautdemo.prahu-hub.com/home/subuserbidder:5847
[  285518ms] [LOG] update_dashboard_order_laut @ https://phbidlautdemo.prahu-hub.com/home/subuserbidder:5888
[  285549ms] [LOG] Connected @ https://phbidlautdemo.prahu-hub.com/home/subuserbidder:5888
[  285831ms] [LOG] 200 xhrglobal @ https://phbidlautdemo.prahu-hub.com/home/subuserbidder:5769
[  285992ms] [LOG] 200 xhrglobal @ https://phbidlautdemo.prahu-hub.com/home/subuserbidder:5769
[  286772ms] [LOG] [Object, Object, Object, Object, Object, Object, Object, Object, Object] @ https://phbidlautdemo.prahu-hub.com/_resources/themes/prahutheme/javascript/custom/subuserbidder.js?m=1787972929:15
[  286779ms] [LOG] 9 @ https://phbidlautdemo.prahu-hub.com/_resources/themes/prahutheme/javascript/custom/subuserbidder.js?m=1787972929:528
[  286780ms] [LOG] 9 countView1 1 pageNow 20 limitView1 @ https://phbidlautdemo.prahu-hub.com/_resources/themes/prahutheme/javascript/custom/subuserbidder.js?m=1787972929:530
[  286780ms] [LOG] 9 @ https://phbidlautdemo.prahu-hub.com/_resources/themes/prahutheme/javascript/custom/subuserbidder.js?m=1787972929:536
[  286781ms] [LOG] 9 jumlah data @ https://phbidlautdemo.prahu-hub.com/_resources/themes/prahutheme/javascript/custom/subuserbidder.js?m=1787972929:491
[  286782ms] [LOG] 1 @ https://phbidlautdemo.prahu-hub.com/_resources/themes/prahutheme/javascript/custom/subuserbidder.js?m=1787972929:493
[  286783ms] [LOG] 1 1 pageCount & pageNow @ https://phbidlautdemo.prahu-hub.com/_resources/themes/prahutheme/javascript/custom/subuserbidder.js?m=1787972929:416
[  286785ms] [LOG] 200 xhrglobal @ https://phbidlautdemo.prahu-hub.com/home/subuserbidder:5769
[  287341ms] TypeError: $(...).DataTable is not a function
    at https://phbidlautdemo.prahu-hub.com/_resources/themes/prahutheme/js/scripts-init/tables.js:7:23
[  291966ms] Cannot use import statement outside a module
[  291993ms] ReferenceError: Chart is not defined
    at https://phbidlautdemo.prahu-hub.com/_resources/themes/prahutheme/js/scripts-init/charts/chartjs.js:8:13
[  291994ms] Unexpected token '<'
[  293297ms] Unexpected token '<'
[  293394ms] Uncaught TypeError: expect element to be DOM Element, but got null
    at n.init (https://cdnjs.cloudflare.com/ajax/libs/smooth-scrollbar/8.5.2/smooth-scrollbar.js:24:264)
    at <anonymous> (https://phbidlautdemo.prahu-hub.com/adminprahu/hakaksesadmin:5419:14)
[  293426ms] [LOG] Pengaturan Akunnamanya @ https://phbidlautdemo.prahu-hub.com/adminprahu/hakaksesadmin:2040
[  293433ms] [LOG] undefined @ https://phbidlautdemo.prahu-hub.com/adminprahu/hakaksesadmin:5772
[  293434ms] [LOG] Masukkan Nama Hak Akses @ https://phbidlautdemo.prahu-hub.com/adminprahu/hakaksesadmin:5772
[  293434ms] [LOG] undefined @ https://phbidlautdemo.prahu-hub.com/adminprahu/hakaksesadmin:5772
[  293434ms] [LOG] Masukkan Nama Kemasan @ https://phbidlautdemo.prahu-hub.com/adminprahu/hakaksesadmin:5772
[  293434ms] [LOG] undefined @ https://phbidlautdemo.prahu-hub.com/adminprahu/hakaksesadmin:5772
[  293435ms] [LOG] WebSocket connection @ https://phbidlautdemo.prahu-hub.com/adminprahu/hakaksesadmin:5815
[  293436ms] [LOG] WebSocket connection attempting... @ https://phbidlautdemo.prahu-hub.com/adminprahu/hakaksesadmin:5893
[  293829ms] [LOG] WebSocket connected @ https://phbidlautdemo.prahu-hub.com/adminprahu/hakaksesadmin:5824
[  293837ms] [LOG] update_dashboard_order_laut @ https://phbidlautdemo.prahu-hub.com/adminprahu/hakaksesadmin:5865
[  293901ms] [LOG] [Object, Object, Object, Object, Object, Object, Object, Object, Object, Object, Object, Object, Object, Object, Object, Object, Object, Object, Object, Object] @ https://phbidlautdemo.prahu-hub.com/_resources/themes/prahutheme/javascript/custom/hakaksesadmin.js?m=1787972929:125
[  293908ms] [LOG] 55 @ https://phbidlautdemo.prahu-hub.com/_resources/themes/prahutheme/javascript/custom/hakaksesadmin.js?m=1787972929:770
[  293908ms] [LOG] 55 countView1 1 pageNow 20 limitView1 @ https://phbidlautdemo.prahu-hub.com/_resources/themes/prahutheme/javascript/custom/hakaksesadmin.js?m=1787972929:772
[  293909ms] [LOG] 20 @ https://phbidlautdemo.prahu-hub.com/_resources/themes/prahutheme/javascript/custom/hakaksesadmin.js?m=1787972929:778
[  293909ms] [LOG] 55 jumlah data @ https://phbidlautdemo.prahu-hub.com/_resources/themes/prahutheme/javascript/custom/hakaksesadmin.js?m=1787972929:735
[  293909ms] [LOG] 3 @ https://phbidlautdemo.prahu-hub.com/_resources/themes/prahutheme/javascript/custom/hakaksesadmin.js?m=1787972929:737
[  293910ms] [LOG] 3 1 pageCount & pageNow @ https://phbidlautdemo.prahu-hub.com/_resources/themes/prahutheme/javascript/custom/hakaksesadmin.js?m=1787972929:661
[  293911ms] [LOG] 200 xhrglobal @ https://phbidlautdemo.prahu-hub.com/adminprahu/hakaksesadmin:5746
[  293912ms] [LOG] ce.fn.init stepItem @ https://phbidlautdemo.prahu-hub.com/_resources/themes/prahutheme/javascript/custom/hakaksesadmin.js?m=1787972929:635
[  293956ms] [LOG] Connected @ https://phbidlautdemo.prahu-hub.com/adminprahu/hakaksesadmin:5865
[  294142ms] [LOG] 200 xhrglobal @ https://phbidlautdemo.prahu-hub.com/adminprahu/hakaksesadmin:5746
[  294215ms] [LOG] 200 xhrglobal @ https://phbidlautdemo.prahu-hub.com/adminprahu/hakaksesadmin:5746
[  295434ms] TypeError: $(...).DataTable is not a function
    at https://phbidlautdemo.prahu-hub.com/_resources/themes/prahutheme/js/scripts-init/tables.js:7:23
[  299138ms] Cannot use import statement outside a module
[  299172ms] ReferenceError: Chart is not defined
    at https://phbidlautdemo.prahu-hub.com/_resources/themes/prahutheme/js/scripts-init/charts/chartjs.js:8:13
[  299968ms] Unexpected token '<'
[  301092ms] Unexpected token '<'
[  301156ms] Uncaught TypeError: expect element to be DOM Element, but got null
    at n.init (https://cdnjs.cloudflare.com/ajax/libs/smooth-scrollbar/8.5.2/smooth-scrollbar.js:24:264)
    at <anonymous> (https://phbidlautdemo.prahu-hub.com/adminprahu/subUserAdmin:5490:14)
[  301181ms] [LOG] Pengaturan Akunnamanya @ https://phbidlautdemo.prahu-hub.com/adminprahu/subUserAdmin:2040
[  301193ms] [LOG] undefined @ https://phbidlautdemo.prahu-hub.com/adminprahu/subUserAdmin:5843
[  301193ms] [LOG] Masukkan Nama Sub User @ https://phbidlautdemo.prahu-hub.com/adminprahu/subUserAdmin:5843
[  301193ms] [LOG] Masukkan Email @ https://phbidlautdemo.prahu-hub.com/adminprahu/subUserAdmin:5843
[  301193ms] [LOG] Masukkan Bagian Staff @ https://phbidlautdemo.prahu-hub.com/adminprahu/subUserAdmin:5843
[  301194ms] [LOG] undefined @ https://phbidlautdemo.prahu-hub.com/adminprahu/subUserAdmin:5843
[  301195ms] [LOG] WebSocket connection @ https://phbidlautdemo.prahu-hub.com/adminprahu/subUserAdmin:5886
[  301195ms] [LOG] WebSocket connection attempting... @ https://phbidlautdemo.prahu-hub.com/adminprahu/subUserAdmin:5964
[  302062ms] [LOG] {datatbl: Array(12), data: Object, jumlah: 12, limit: 10, get: Object} @ https://phbidlautdemo.prahu-hub.com/_resources/themes/prahutheme/javascript/custom/subuseradmin.js?m=1787972929:386
[  302066ms] [LOG] [Object, Object, Object, Object, Object, Object, Object, Object, Object, Object, Object, Object] @ https://phbidlautdemo.prahu-hub.com/_resources/themes/prahutheme/javascript/custom/subuseradmin.js?m=1787972929:147
[  302074ms] [LOG] [Object, Object, Object, Object, Object, Object, Object, Object, Object, Object, Object, Object] @ https://phbidlautdemo.prahu-hub.com/_resources/themes/prahutheme/javascript/custom/subuseradmin.js?m=1787972929:43
[  302083ms] [LOG] 12 @ https://phbidlautdemo.prahu-hub.com/_resources/themes/prahutheme/javascript/custom/subuseradmin.js?m=1787972929:358
[  302083ms] [LOG] 12 countView1 1 pageNow 20 limitView1 @ https://phbidlautdemo.prahu-hub.com/_resources/themes/prahutheme/javascript/custom/subuseradmin.js?m=1787972929:360
[  302083ms] [LOG] 12 @ https://phbidlautdemo.prahu-hub.com/_resources/themes/prahutheme/javascript/custom/subuseradmin.js?m=1787972929:366
[  302085ms] [LOG] 12 jumlah data @ https://phbidlautdemo.prahu-hub.com/_resources/themes/prahutheme/javascript/custom/subuseradmin.js?m=1787972929:335
[  302085ms] [LOG] 1 @ https://phbidlautdemo.prahu-hub.com/_resources/themes/prahutheme/javascript/custom/subuseradmin.js?m=1787972929:337
[  302086ms] [LOG] 1 1 pageCount & pageNow @ https://phbidlautdemo.prahu-hub.com/_resources/themes/prahutheme/javascript/custom/subuseradmin.js?m=1787972929:261
[  302089ms] [LOG] 200 xhrglobal @ https://phbidlautdemo.prahu-hub.com/adminprahu/subUserAdmin:5817
[  302090ms] [LOG] ce.fn.init stepItem @ https://phbidlautdemo.prahu-hub.com/_resources/themes/prahutheme/javascript/custom/subuseradmin.js?m=1787972929:235
[  302468ms] [LOG] WebSocket connected @ https://phbidlautdemo.prahu-hub.com/adminprahu/subUserAdmin:5895
[  302473ms] [LOG] update_dashboard_order_laut @ https://phbidlautdemo.prahu-hub.com/adminprahu/subUserAdmin:5936
[  302780ms] [LOG] Connected @ https://phbidlautdemo.prahu-hub.com/adminprahu/subUserAdmin:5936
[  302830ms] [LOG] 200 xhrglobal @ https://phbidlautdemo.prahu-hub.com/adminprahu/subUserAdmin:5817
[  302887ms] [LOG] 200 xhrglobal @ https://phbidlautdemo.prahu-hub.com/adminprahu/subUserAdmin:5817
[  303193ms] TypeError: $(...).DataTable is not a function
    at https://phbidlautdemo.prahu-hub.com/_resources/themes/prahutheme/js/scripts-init/tables.js:7:23
[  364069ms] Cannot use import statement outside a module
[  364094ms] ReferenceError: Chart is not defined
    at https://phbidlautdemo.prahu-hub.com/_resources/themes/prahutheme/js/scripts-init/charts/chartjs.js:8:13
[  364242ms] Unexpected token '<'
[  364244ms] Unexpected token '<'
[  364311ms] Uncaught TypeError: expect element to be DOM Element, but got null
    at n.init (https://cdnjs.cloudflare.com/ajax/libs/smooth-scrollbar/8.5.2/smooth-scrollbar.js:24:264)
    at <anonymous> (https://phbidlautdemo.prahu-hub.com/adminprahu/masterpelabuhan:7484:14)
[  364356ms] [LOG] Masternamanya @ https://phbidlautdemo.prahu-hub.com/adminprahu/masterpelabuhan:2040
[  364374ms] [LOG] undefined @ https://phbidlautdemo.prahu-hub.com/adminprahu/masterpelabuhan:7837
[  364374ms] [LOG] Masukkan UN Code @ https://phbidlautdemo.prahu-hub.com/adminprahu/masterpelabuhan:7837
[  364374ms] [LOG] Masukkan Nama Pelabuhan @ https://phbidlautdemo.prahu-hub.com/adminprahu/masterpelabuhan:7837
[  364374ms] [LOG] undefined @ https://phbidlautdemo.prahu-hub.com/adminprahu/masterpelabuhan:7837
[  364374ms] [LOG] Masukkan UN Code @ https://phbidlautdemo.prahu-hub.com/adminprahu/masterpelabuhan:7837
[  364374ms] [LOG] undefined @ https://phbidlautdemo.prahu-hub.com/adminprahu/masterpelabuhan:7837
[  364375ms] [LOG] undefined @ https://phbidlautdemo.prahu-hub.com/adminprahu/masterpelabuhan:7837
[  364375ms] [LOG] Masukkan Nama Pelabuhan @ https://phbidlautdemo.prahu-hub.com/adminprahu/masterpelabuhan:7837
[  364375ms] [LOG] WebSocket connection @ https://phbidlautdemo.prahu-hub.com/adminprahu/masterpelabuhan:7880
[  364376ms] [LOG] WebSocket connection attempting... @ https://phbidlautdemo.prahu-hub.com/adminprahu/masterpelabuhan:7958
[  364568ms] [LOG] [Object, Object, Object, Object, Object, Object, Object, Object, Object, Object, Object, Object, Object, Object, Object, Object, Object, Object, Object, Object] @ https://phbidlautdemo.prahu-hub.com/_resources/themes/prahutheme/javascript/custom/masterpelabuhan.js?m=1787972929:127
[  364578ms] [LOG] 64 @ https://phbidlautdemo.prahu-hub.com/_resources/themes/prahutheme/javascript/custom/masterpelabuhan.js?m=1787972929:844
[  364578ms] [LOG] 64 countView1 1 pageNow 20 limitView1 @ https://phbidlautdemo.prahu-hub.com/_resources/themes/prahutheme/javascript/custom/masterpelabuhan.js?m=1787972929:846
[  364579ms] [LOG] 20 @ https://phbidlautdemo.prahu-hub.com/_resources/themes/prahutheme/javascript/custom/masterpelabuhan.js?m=1787972929:857
[  364579ms] [LOG] 64 jumlah data @ https://phbidlautdemo.prahu-hub.com/_resources/themes/prahutheme/javascript/custom/masterpelabuhan.js?m=1787972929:803
[  364579ms] [LOG] 4 @ https://phbidlautdemo.prahu-hub.com/_resources/themes/prahutheme/javascript/custom/masterpelabuhan.js?m=1787972929:805
[  364579ms] [LOG] 4 1 pageCount & pageNow @ https://phbidlautdemo.prahu-hub.com/_resources/themes/prahutheme/javascript/custom/masterpelabuhan.js?m=1787972929:731
[  364580ms] [LOG] 200 xhrglobal @ https://phbidlautdemo.prahu-hub.com/adminprahu/masterpelabuhan:7811
[  364581ms] [LOG] ce.fn.init stepItem @ https://phbidlautdemo.prahu-hub.com/_resources/themes/prahutheme/javascript/custom/masterpelabuhan.js?m=1787972929:700
[  364615ms] [LOG] WebSocket connected @ https://phbidlautdemo.prahu-hub.com/adminprahu/masterpelabuhan:7889
[  364619ms] [LOG] update_dashboard_order_laut @ https://phbidlautdemo.prahu-hub.com/adminprahu/masterpelabuhan:7930
[  364654ms] [LOG] Connected @ https://phbidlautdemo.prahu-hub.com/adminprahu/masterpelabuhan:7930
[  364745ms] [LOG] 200 xhrglobal @ https://phbidlautdemo.prahu-hub.com/adminprahu/masterpelabuhan:7811
[  364788ms] [LOG] 200 xhrglobal @ https://phbidlautdemo.prahu-hub.com/adminprahu/masterpelabuhan:7811
[  366381ms] TypeError: $(...).DataTable is not a function
    at https://phbidlautdemo.prahu-hub.com/_resources/themes/prahutheme/js/scripts-init/tables.js:7:23
[  427353ms] Cannot use import statement outside a module
[  427402ms] ReferenceError: Chart is not defined
    at https://phbidlautdemo.prahu-hub.com/_resources/themes/prahutheme/js/scripts-init/charts/chartjs.js:8:13
[  427757ms] Unexpected token '<'
[  427758ms] Unexpected token '<'
[  427824ms] Uncaught TypeError: expect element to be DOM Element, but got null
    at n.init (https://cdnjs.cloudflare.com/ajax/libs/smooth-scrollbar/8.5.2/smooth-scrollbar.js:24:264)
    at <anonymous> (https://phbidlautdemo.prahu-hub.com/adminprahu/masterbank:5221:14)
[  427870ms] [LOG] Masternamanya @ https://phbidlautdemo.prahu-hub.com/adminprahu/masterbank:2040
[  427879ms] [LOG] undefined @ https://phbidlautdemo.prahu-hub.com/adminprahu/masterbank:5574
[  427879ms] [LOG] Masukkan Nama Bank @ https://phbidlautdemo.prahu-hub.com/adminprahu/masterbank:5574
[  427879ms] [LOG] undefined @ https://phbidlautdemo.prahu-hub.com/adminprahu/masterbank:5574
[  427880ms] [LOG] Masukkan Nama Bank @ https://phbidlautdemo.prahu-hub.com/adminprahu/masterbank:5574
[  427880ms] [LOG] undefined @ https://phbidlautdemo.prahu-hub.com/adminprahu/masterbank:5574
[  427882ms] [LOG] WebSocket connection @ https://phbidlautdemo.prahu-hub.com/adminprahu/masterbank:5617
[  427882ms] [LOG] WebSocket connection attempting... @ https://phbidlautdemo.prahu-hub.com/adminprahu/masterbank:5695
[  428054ms] [LOG] 9 @ https://phbidlautdemo.prahu-hub.com/_resources/themes/prahutheme/javascript/custom/masterbank.js?m=1787972929:443
[  428058ms] [LOG] 9 countView1 1 pageNow 20 limitView1 @ https://phbidlautdemo.prahu-hub.com/_resources/themes/prahutheme/javascript/custom/masterbank.js?m=1787972929:446
[  428059ms] [LOG] 9 jumlah data @ https://phbidlautdemo.prahu-hub.com/_resources/themes/prahutheme/javascript/custom/masterbank.js?m=1787972929:400
[  428059ms] [LOG] 1 @ https://phbidlautdemo.prahu-hub.com/_resources/themes/prahutheme/javascript/custom/masterbank.js?m=1787972929:402
[  428060ms] [LOG] 1 1 pageCount & pageNow @ https://phbidlautdemo.prahu-hub.com/_resources/themes/prahutheme/javascript/custom/masterbank.js?m=1787972929:327
[  428063ms] [LOG] 200 xhrglobal @ https://phbidlautdemo.prahu-hub.com/adminprahu/masterbank:5548
[  428247ms] [LOG] WebSocket connected @ https://phbidlautdemo.prahu-hub.com/adminprahu/masterbank:5626
[  428250ms] [LOG] update_dashboard_order_laut @ https://phbidlautdemo.prahu-hub.com/adminprahu/masterbank:5667
[  428362ms] [LOG] 200 xhrglobal @ https://phbidlautdemo.prahu-hub.com/adminprahu/masterbank:5548
[  428363ms] [LOG] Connected @ https://phbidlautdemo.prahu-hub.com/adminprahu/masterbank:5667
[  428415ms] [LOG] 200 xhrglobal @ https://phbidlautdemo.prahu-hub.com/adminprahu/masterbank:5548
[  429880ms] TypeError: $(...).DataTable is not a function
    at https://phbidlautdemo.prahu-hub.com/_resources/themes/prahutheme/js/scripts-init/tables.js:7:23
[  491003ms] Cannot use import statement outside a module
[  491041ms] ReferenceError: Chart is not defined
    at https://phbidlautdemo.prahu-hub.com/_resources/themes/prahutheme/js/scripts-init/charts/chartjs.js:8:13
[  491227ms] Unexpected token '<'
[  491228ms] Unexpected token '<'
[  491313ms] Uncaught TypeError: expect element to be DOM Element, but got null
    at n.init (https://cdnjs.cloudflare.com/ajax/libs/smooth-scrollbar/8.5.2/smooth-scrollbar.js:24:264)
    at <anonymous> (https://phbidlautdemo.prahu-hub.com/adminprahu/masterInclude:5297:14)
[  491373ms] [LOG] Masternamanya @ https://phbidlautdemo.prahu-hub.com/adminprahu/masterInclude:2040
[  491385ms] [LOG] undefined @ https://phbidlautdemo.prahu-hub.com/adminprahu/masterInclude:5650
[  491385ms] [LOG] Masukkan Nama Include @ https://phbidlautdemo.prahu-hub.com/adminprahu/masterInclude:5650
[  491386ms] [LOG] undefined @ https://phbidlautdemo.prahu-hub.com/adminprahu/masterInclude:5650
[  491386ms] [LOG] Masukkan Nama Include @ https://phbidlautdemo.prahu-hub.com/adminprahu/masterInclude:5650
[  491386ms] [LOG] undefined @ https://phbidlautdemo.prahu-hub.com/adminprahu/masterInclude:5650
[  491387ms] [LOG] WebSocket connection @ https://phbidlautdemo.prahu-hub.com/adminprahu/masterInclude:5693
[  491388ms] [LOG] WebSocket connection attempting... @ https://phbidlautdemo.prahu-hub.com/adminprahu/masterInclude:5771
[  491552ms] [LOG] WebSocket connected @ https://phbidlautdemo.prahu-hub.com/adminprahu/masterInclude:5702
[  491560ms] [LOG] update_dashboard_order_laut @ https://phbidlautdemo.prahu-hub.com/adminprahu/masterInclude:5743
[  491590ms] [LOG] Connected @ https://phbidlautdemo.prahu-hub.com/adminprahu/masterInclude:5743
[  491640ms] [LOG] [Object, Object, Object, Object, Object, Object, Object, Object, Object, Object, Object, Object, Object, Object, Object, Object, Object, Object, Object, Object] @ https://phbidlautdemo.prahu-hub.com/_resources/themes/prahutheme/javascript/custom/masterinclude.js?m=1787972929:125
[  491652ms] [LOG] 24 @ https://phbidlautdemo.prahu-hub.com/_resources/themes/prahutheme/javascript/custom/masterinclude.js?m=1787972929:826
[  491652ms] [LOG] 24 countView1 1 pageNow 20 limitView1 @ https://phbidlautdemo.prahu-hub.com/_resources/themes/prahutheme/javascript/custom/masterinclude.js?m=1787972929:828
[  491652ms] [LOG] 20 @ https://phbidlautdemo.prahu-hub.com/_resources/themes/prahutheme/javascript/custom/masterinclude.js?m=1787972929:839
[  491654ms] [LOG] 24 jumlah data @ https://phbidlautdemo.prahu-hub.com/_resources/themes/prahutheme/javascript/custom/masterinclude.js?m=1787972929:785
[  491654ms] [LOG] 2 @ https://phbidlautdemo.prahu-hub.com/_resources/themes/prahutheme/javascript/custom/masterinclude.js?m=1787972929:787
[  491656ms] [LOG] 2 1 pageCount & pageNow @ https://phbidlautdemo.prahu-hub.com/_resources/themes/prahutheme/javascript/custom/masterinclude.js?m=1787972929:713
[  491658ms] [LOG] 200 xhrglobal @ https://phbidlautdemo.prahu-hub.com/adminprahu/masterInclude:5624
[  491659ms] [LOG] ce.fn.init stepItem @ https://phbidlautdemo.prahu-hub.com/_resources/themes/prahutheme/javascript/custom/masterinclude.js?m=1787972929:682
[  491761ms] [LOG] 200 xhrglobal @ https://phbidlautdemo.prahu-hub.com/adminprahu/masterInclude:5624
[  491810ms] [LOG] 200 xhrglobal @ https://phbidlautdemo.prahu-hub.com/adminprahu/masterInclude:5624
[  493392ms] TypeError: $(...).DataTable is not a function
    at https://phbidlautdemo.prahu-hub.com/_resources/themes/prahutheme/js/scripts-init/tables.js:7:23
[  555968ms] Cannot use import statement outside a module
[  556009ms] ReferenceError: Chart is not defined
    at https://phbidlautdemo.prahu-hub.com/_resources/themes/prahutheme/js/scripts-init/charts/chartjs.js:8:13
[  556224ms] Unexpected token '<'
[  556635ms] Unexpected token '<'
[  556734ms] Uncaught TypeError: expect element to be DOM Element, but got null
    at n.init (https://cdnjs.cloudflare.com/ajax/libs/smooth-scrollbar/8.5.2/smooth-scrollbar.js:24:264)
    at <anonymous> (https://phbidlautdemo.prahu-hub.com/adminprahu/masterkemasan:5368:14)
[  556769ms] [LOG] Masternamanya @ https://phbidlautdemo.prahu-hub.com/adminprahu/masterkemasan:2040
[  556780ms] [LOG] undefined @ https://phbidlautdemo.prahu-hub.com/adminprahu/masterkemasan:5721
[  556780ms] [LOG] Masukkan Nama Kemasan @ https://phbidlautdemo.prahu-hub.com/adminprahu/masterkemasan:5721
[  556781ms] [LOG] undefined @ https://phbidlautdemo.prahu-hub.com/adminprahu/masterkemasan:5721
[  556781ms] [LOG] Masukkan Nama Kemasan @ https://phbidlautdemo.prahu-hub.com/adminprahu/masterkemasan:5721
[  556781ms] [LOG] undefined @ https://phbidlautdemo.prahu-hub.com/adminprahu/masterkemasan:5721
[  556782ms] [LOG] WebSocket connection @ https://phbidlautdemo.prahu-hub.com/adminprahu/masterkemasan:5764
[  556783ms] [LOG] WebSocket connection attempting... @ https://phbidlautdemo.prahu-hub.com/adminprahu/masterkemasan:5842
[  556903ms] [LOG] WebSocket connected @ https://phbidlautdemo.prahu-hub.com/adminprahu/masterkemasan:5773
[  556906ms] [LOG] update_dashboard_order_laut @ https://phbidlautdemo.prahu-hub.com/adminprahu/masterkemasan:5814
[  556935ms] [LOG] Connected @ https://phbidlautdemo.prahu-hub.com/adminprahu/masterkemasan:5814
[  557405ms] [LOG] [Object, Object, Object, Object, Object, Object, Object, Object, Object, Object, Object, Object, Object, Object, Object, Object, Object, Object, Object, Object] @ https://phbidlautdemo.prahu-hub.com/_resources/themes/prahutheme/javascript/custom/masterkemasan.js?m=1787972929:117
[  557416ms] [LOG] 21 @ https://phbidlautdemo.prahu-hub.com/_resources/themes/prahutheme/javascript/custom/masterkemasan.js?m=1787972929:789
[  557417ms] [LOG] 21 countView1 1 pageNow 20 limitView1 @ https://phbidlautdemo.prahu-hub.com/_resources/themes/prahutheme/javascript/custom/masterkemasan.js?m=1787972929:791
[  557417ms] [LOG] 20 @ https://phbidlautdemo.prahu-hub.com/_resources/themes/prahutheme/javascript/custom/masterkemasan.js?m=1787972929:802
[  557418ms] [LOG] 21 jumlah data @ https://phbidlautdemo.prahu-hub.com/_resources/themes/prahutheme/javascript/custom/masterkemasan.js?m=1787972929:748
[  557419ms] [LOG] 2 @ https://phbidlautdemo.prahu-hub.com/_resources/themes/prahutheme/javascript/custom/masterkemasan.js?m=1787972929:750
[  557420ms] [LOG] 2 1 pageCount & pageNow @ https://phbidlautdemo.prahu-hub.com/_resources/themes/prahutheme/javascript/custom/masterkemasan.js?m=1787972929:676
[  557423ms] [LOG] 200 xhrglobal @ https://phbidlautdemo.prahu-hub.com/adminprahu/masterkemasan:5695
[  557424ms] [LOG] ce.fn.init stepItem @ https://phbidlautdemo.prahu-hub.com/_resources/themes/prahutheme/javascript/custom/masterkemasan.js?m=1787972929:645
[  557629ms] [LOG] 200 xhrglobal @ https://phbidlautdemo.prahu-hub.com/adminprahu/masterkemasan:5695
[  557685ms] [LOG] 200 xhrglobal @ https://phbidlautdemo.prahu-hub.com/adminprahu/masterkemasan:5695
[  558783ms] TypeError: $(...).DataTable is not a function
    at https://phbidlautdemo.prahu-hub.com/_resources/themes/prahutheme/js/scripts-init/tables.js:7:23
[  619844ms] Cannot use import statement outside a module
[  619870ms] ReferenceError: Chart is not defined
    at https://phbidlautdemo.prahu-hub.com/_resources/themes/prahutheme/js/scripts-init/charts/chartjs.js:8:13
[  620071ms] Unexpected token '<'
[  620072ms] Unexpected token '<'
[  620144ms] Uncaught TypeError: expect element to be DOM Element, but got null
    at n.init (https://cdnjs.cloudflare.com/ajax/libs/smooth-scrollbar/8.5.2/smooth-scrollbar.js:24:264)
    at <anonymous> (https://phbidlautdemo.prahu-hub.com/adminprahu/pelayaran:5220:14)
[  620180ms] [LOG] Masternamanya @ https://phbidlautdemo.prahu-hub.com/adminprahu/pelayaran:2040
[  620188ms] [LOG] undefined @ https://phbidlautdemo.prahu-hub.com/adminprahu/pelayaran:5573
[  620189ms] [LOG] Masukkan Nama Pelayaran @ https://phbidlautdemo.prahu-hub.com/adminprahu/pelayaran:5573
[  620190ms] [LOG] WebSocket connection @ https://phbidlautdemo.prahu-hub.com/adminprahu/pelayaran:5616
[  620190ms] [LOG] WebSocket connection attempting... @ https://phbidlautdemo.prahu-hub.com/adminprahu/pelayaran:5694
[  620529ms] [LOG] WebSocket connected @ https://phbidlautdemo.prahu-hub.com/adminprahu/pelayaran:5625
[  620539ms] [LOG] [Object, Object, Object, Object, Object, Object, Object, Object, Object, Object, Object, Object, Object, Object, Object, Object, Object, Object, Object, Object] @ https://phbidlautdemo.prahu-hub.com/_resources/themes/prahutheme/javascript/custom/pelayaran.js?m=1787972929:115
[  620549ms] [LOG] 24 @ https://phbidlautdemo.prahu-hub.com/_resources/themes/prahutheme/javascript/custom/pelayaran.js?m=1787972929:693
[  620549ms] [LOG] 24 countView1 1 pageNow 20 limitView1 @ https://phbidlautdemo.prahu-hub.com/_resources/themes/prahutheme/javascript/custom/pelayaran.js?m=1787972929:695
[  620550ms] [LOG] 20 @ https://phbidlautdemo.prahu-hub.com/_resources/themes/prahutheme/javascript/custom/pelayaran.js?m=1787972929:701
[  620550ms] [LOG] 24 jumlah data @ https://phbidlautdemo.prahu-hub.com/_resources/themes/prahutheme/javascript/custom/pelayaran.js?m=1787972929:658
[  620551ms] [LOG] 2 @ https://phbidlautdemo.prahu-hub.com/_resources/themes/prahutheme/javascript/custom/pelayaran.js?m=1787972929:660
[  620552ms] [LOG] 2 1 pageCount & pageNow @ https://phbidlautdemo.prahu-hub.com/_resources/themes/prahutheme/javascript/custom/pelayaran.js?m=1787972929:584
[  620554ms] [LOG] 200 xhrglobal @ https://phbidlautdemo.prahu-hub.com/adminprahu/pelayaran:5547
[  620561ms] [LOG] ce.fn.init stepItem @ https://phbidlautdemo.prahu-hub.com/_resources/themes/prahutheme/javascript/custom/pelayaran.js?m=1787972929:558
[  620601ms] [LOG] update_dashboard_order_laut @ https://phbidlautdemo.prahu-hub.com/adminprahu/pelayaran:5666
[  620656ms] [LOG] Connected @ https://phbidlautdemo.prahu-hub.com/adminprahu/pelayaran:5666
[  620669ms] [LOG] 200 xhrglobal @ https://phbidlautdemo.prahu-hub.com/adminprahu/pelayaran:5547
[  620735ms] [LOG] 200 xhrglobal @ https://phbidlautdemo.prahu-hub.com/adminprahu/pelayaran:5547
[  622191ms] TypeError: $(...).DataTable is not a function
    at https://phbidlautdemo.prahu-hub.com/_resources/themes/prahutheme/js/scripts-init/tables.js:7:23
[  683253ms] Cannot use import statement outside a module
[  683284ms] ReferenceError: Chart is not defined
    at https://phbidlautdemo.prahu-hub.com/_resources/themes/prahutheme/js/scripts-init/charts/chartjs.js:8:13
[  683488ms] Unexpected token '<'
[  683489ms] Unexpected token '<'
[  683564ms] Uncaught TypeError: expect element to be DOM Element, but got null
    at n.init (https://cdnjs.cloudflare.com/ajax/libs/smooth-scrollbar/8.5.2/smooth-scrollbar.js:24:264)
    at <anonymous> (https://phbidlautdemo.prahu-hub.com/adminprahu/kontainer:5281:14)
[  683598ms] [LOG] Masternamanya @ https://phbidlautdemo.prahu-hub.com/adminprahu/kontainer:2040
[  683607ms] [LOG] undefined @ https://phbidlautdemo.prahu-hub.com/adminprahu/kontainer:5634
[  683607ms] [LOG] Masukkan Jenis Kontainer @ https://phbidlautdemo.prahu-hub.com/adminprahu/kontainer:5634
[  683607ms] [LOG] undefined @ https://phbidlautdemo.prahu-hub.com/adminprahu/kontainer:5634
[  683607ms] [LOG] Masukkan Nama Bank @ https://phbidlautdemo.prahu-hub.com/adminprahu/kontainer:5634
[  683608ms] [LOG] undefined @ https://phbidlautdemo.prahu-hub.com/adminprahu/kontainer:5634
[  683609ms] [LOG] WebSocket connection @ https://phbidlautdemo.prahu-hub.com/adminprahu/kontainer:5677
[  683610ms] [LOG] WebSocket connection attempting... @ https://phbidlautdemo.prahu-hub.com/adminprahu/kontainer:5755
[  683778ms] [LOG] [Object, Object, Object, Object, Object, Object, Object, Object, Object, Object, Object, Object, Object, Object] @ https://phbidlautdemo.prahu-hub.com/_resources/themes/prahutheme/javascript/custom/kontainer.js?m=1787972929:115
[  683786ms] [LOG] 14 @ https://phbidlautdemo.prahu-hub.com/_resources/themes/prahutheme/javascript/custom/kontainer.js?m=1787972929:857
[  683787ms] [LOG] 14 countView1 1 pageNow 20 limitView1 @ https://phbidlautdemo.prahu-hub.com/_resources/themes/prahutheme/javascript/custom/kontainer.js?m=1787972929:859
[  683787ms] [LOG] 14 @ https://phbidlautdemo.prahu-hub.com/_resources/themes/prahutheme/javascript/custom/kontainer.js?m=1787972929:870
[  683788ms] [LOG] 14 jumlah data @ https://phbidlautdemo.prahu-hub.com/_resources/themes/prahutheme/javascript/custom/kontainer.js?m=1787972929:816
[  683788ms] [LOG] 1 @ https://phbidlautdemo.prahu-hub.com/_resources/themes/prahutheme/javascript/custom/kontainer.js?m=1787972929:818
[  683790ms] [LOG] 1 1 pageCount & pageNow @ https://phbidlautdemo.prahu-hub.com/_resources/themes/prahutheme/javascript/custom/kontainer.js?m=1787972929:744
[  683792ms] [LOG] 200 xhrglobal @ https://phbidlautdemo.prahu-hub.com/adminprahu/kontainer:5608
[  683794ms] [LOG] ce.fn.init stepItem @ https://phbidlautdemo.prahu-hub.com/_resources/themes/prahutheme/javascript/custom/kontainer.js?m=1787972929:713
[  684617ms] [LOG] WebSocket connected @ https://phbidlautdemo.prahu-hub.com/adminprahu/kontainer:5686
[  684623ms] [LOG] update_dashboard_order_laut @ https://phbidlautdemo.prahu-hub.com/adminprahu/kontainer:5727
[  684738ms] [LOG] 200 xhrglobal @ https://phbidlautdemo.prahu-hub.com/adminprahu/kontainer:5608
[  684787ms] [LOG] 200 xhrglobal @ https://phbidlautdemo.prahu-hub.com/adminprahu/kontainer:5608
[  685024ms] [LOG] Connected @ https://phbidlautdemo.prahu-hub.com/adminprahu/kontainer:5727
[  685608ms] TypeError: $(...).DataTable is not a function
    at https://phbidlautdemo.prahu-hub.com/_resources/themes/prahutheme/js/scripts-init/tables.js:7:23
[  746663ms] Cannot use import statement outside a module
[  746695ms] ReferenceError: Chart is not defined
    at https://phbidlautdemo.prahu-hub.com/_resources/themes/prahutheme/js/scripts-init/charts/chartjs.js:8:13
[  746856ms] Unexpected token '<'
[  746859ms] Unexpected token '<'
[  746949ms] Uncaught TypeError: expect element to be DOM Element, but got null
    at n.init (https://cdnjs.cloudflare.com/ajax/libs/smooth-scrollbar/8.5.2/smooth-scrollbar.js:24:264)
    at <anonymous> (https://phbidlautdemo.prahu-hub.com/adminprahu/masterDP:5360:14)
[  746989ms] [LOG] Masternamanya @ https://phbidlautdemo.prahu-hub.com/adminprahu/masterDP:2040
[  746998ms] [LOG] undefined @ https://phbidlautdemo.prahu-hub.com/adminprahu/masterDP:5713
[  746999ms] [LOG] Masukkan Nama Dokumen Penagihan @ https://phbidlautdemo.prahu-hub.com/adminprahu/masterDP:5713
[  746999ms] [LOG] undefined @ https://phbidlautdemo.prahu-hub.com/adminprahu/masterDP:5713
[  746999ms] [LOG] Masukkan Nama Dokumen Penagihan @ https://phbidlautdemo.prahu-hub.com/adminprahu/masterDP:5713
[  746999ms] [LOG] undefined @ https://phbidlautdemo.prahu-hub.com/adminprahu/masterDP:5713
[  747001ms] [LOG] WebSocket connection @ https://phbidlautdemo.prahu-hub.com/adminprahu/masterDP:5756
[  747001ms] [LOG] WebSocket connection attempting... @ https://phbidlautdemo.prahu-hub.com/adminprahu/masterDP:5834
[  747175ms] [LOG] [Object, Object, Object, Object, Object, Object, Object, Object, Object, Object, Object, Object] @ https://phbidlautdemo.prahu-hub.com/_resources/themes/prahutheme/javascript/custom/masterDP.js?m=1787972929:111
[  747180ms] [LOG] 12 @ https://phbidlautdemo.prahu-hub.com/_resources/themes/prahutheme/javascript/custom/masterDP.js?m=1787972929:749
[  747181ms] [LOG] 12 countView1 1 pageNow 20 limitView1 @ https://phbidlautdemo.prahu-hub.com/_resources/themes/prahutheme/javascript/custom/masterDP.js?m=1787972929:751
[  747181ms] [LOG] 12 @ https://phbidlautdemo.prahu-hub.com/_resources/themes/prahutheme/javascript/custom/masterDP.js?m=1787972929:757
[  747182ms] [LOG] 12 jumlah data @ https://phbidlautdemo.prahu-hub.com/_resources/themes/prahutheme/javascript/custom/masterDP.js?m=1787972929:726
[  747182ms] [LOG] 1 @ https://phbidlautdemo.prahu-hub.com/_resources/themes/prahutheme/javascript/custom/masterDP.js?m=1787972929:728
[  747183ms] [LOG] 1 1 pageCount & pageNow @ https://phbidlautdemo.prahu-hub.com/_resources/themes/prahutheme/javascript/custom/masterDP.js?m=1787972929:652
[  747184ms] [LOG] 200 xhrglobal @ https://phbidlautdemo.prahu-hub.com/adminprahu/masterDP:5687
[  747185ms] [LOG] ce.fn.init stepItem @ https://phbidlautdemo.prahu-hub.com/_resources/themes/prahutheme/javascript/custom/masterDP.js?m=1787972929:626
[  747232ms] [LOG] WebSocket connected @ https://phbidlautdemo.prahu-hub.com/adminprahu/masterDP:5765
[  747283ms] [LOG] update_dashboard_order_laut @ https://phbidlautdemo.prahu-hub.com/adminprahu/masterDP:5806
[  747290ms] [LOG] Connected @ https://phbidlautdemo.prahu-hub.com/adminprahu/masterDP:5806
[  747383ms] [LOG] 200 xhrglobal @ https://phbidlautdemo.prahu-hub.com/adminprahu/masterDP:5687
[  747422ms] [LOG] 200 xhrglobal @ https://phbidlautdemo.prahu-hub.com/adminprahu/masterDP:5687
[  749007ms] TypeError: $(...).DataTable is not a function
    at https://phbidlautdemo.prahu-hub.com/_resources/themes/prahutheme/js/scripts-init/tables.js:7:23
[  810323ms] Cannot use import statement outside a module
[  810360ms] ReferenceError: Chart is not defined
    at https://phbidlautdemo.prahu-hub.com/_resources/themes/prahutheme/js/scripts-init/charts/chartjs.js:8:13
[  810532ms] Unexpected token '<'
[  810533ms] Unexpected token '<'
[  810594ms] TypeError: $(...).datetimepicker is not a function
    at https://phbidlautdemo.prahu-hub.com/adminprahu/masteriklan:5210:15
[  810632ms] Uncaught TypeError: expect element to be DOM Element, but got null
    at n.init (https://cdnjs.cloudflare.com/ajax/libs/smooth-scrollbar/8.5.2/smooth-scrollbar.js:24:264)
    at <anonymous> (https://phbidlautdemo.prahu-hub.com/adminprahu/masteriklan:5944:14)
[  810664ms] [LOG] Masternamanya @ https://phbidlautdemo.prahu-hub.com/adminprahu/masteriklan:2040
[  810681ms] [LOG] DD/MM/YYYY @ https://phbidlautdemo.prahu-hub.com/adminprahu/masteriklan:6297
[  810685ms] [LOG] DD/MM/YYYY @ https://phbidlautdemo.prahu-hub.com/adminprahu/masteriklan:6297
[  810686ms] [LOG] undefined @ https://phbidlautdemo.prahu-hub.com/adminprahu/masteriklan:6297
[  810686ms] [LOG] undefined @ https://phbidlautdemo.prahu-hub.com/adminprahu/masteriklan:6297
[  810686ms] [LOG] DD/MM/YYYY HH:MM @ https://phbidlautdemo.prahu-hub.com/adminprahu/masteriklan:6297
[  810686ms] [LOG] DD/MM/YYYY HH:MM @ https://phbidlautdemo.prahu-hub.com/adminprahu/masteriklan:6297
[  810688ms] [LOG] WebSocket connection @ https://phbidlautdemo.prahu-hub.com/adminprahu/masteriklan:6340
[  810689ms] [LOG] WebSocket connection attempting... @ https://phbidlautdemo.prahu-hub.com/adminprahu/masteriklan:6418
[  810821ms] [LOG] [Object, Object, Object, Object, Object, Object, Object, Object, Object, Object] @ https://phbidlautdemo.prahu-hub.com/_resources/themes/prahutheme/javascript/custom/master_iklan.js?m=1787972929:108
[  810826ms] [LOG] 10 @ https://phbidlautdemo.prahu-hub.com/_resources/themes/prahutheme/javascript/custom/master_iklan.js?m=1787972929:875
[  810826ms] [LOG] 10 countView1 1 pageNow 20 limitView1 @ https://phbidlautdemo.prahu-hub.com/_resources/themes/prahutheme/javascript/custom/master_iklan.js?m=1787972929:877
[  810826ms] [LOG] 10 @ https://phbidlautdemo.prahu-hub.com/_resources/themes/prahutheme/javascript/custom/master_iklan.js?m=1787972929:888
[  810827ms] [LOG] 10 jumlah data @ https://phbidlautdemo.prahu-hub.com/_resources/themes/prahutheme/javascript/custom/master_iklan.js?m=1787972929:841
[  810827ms] [LOG] 1 @ https://phbidlautdemo.prahu-hub.com/_resources/themes/prahutheme/javascript/custom/master_iklan.js?m=1787972929:843
[  810828ms] [LOG] 1 1 pageCount & pageNow @ https://phbidlautdemo.prahu-hub.com/_resources/themes/prahutheme/javascript/custom/master_iklan.js?m=1787972929:769
[  810831ms] [LOG] 200 xhrglobal @ https://phbidlautdemo.prahu-hub.com/adminprahu/masteriklan:6271
[  810832ms] [LOG] ce.fn.init stepItem @ https://phbidlautdemo.prahu-hub.com/_resources/themes/prahutheme/javascript/custom/master_iklan.js?m=1787972929:738
[  810847ms] [LOG] WebSocket connected @ https://phbidlautdemo.prahu-hub.com/adminprahu/masteriklan:6349
[  810854ms] [LOG] update_dashboard_order_laut @ https://phbidlautdemo.prahu-hub.com/adminprahu/masteriklan:6390
[  810885ms] [LOG] Connected @ https://phbidlautdemo.prahu-hub.com/adminprahu/masteriklan:6390
[  810973ms] [LOG] 200 xhrglobal @ https://phbidlautdemo.prahu-hub.com/adminprahu/masteriklan:6271
[  811023ms] [LOG] 200 xhrglobal @ https://phbidlautdemo.prahu-hub.com/adminprahu/masteriklan:6271
[  812695ms] TypeError: $(...).DataTable is not a function
    at https://phbidlautdemo.prahu-hub.com/_resources/themes/prahutheme/js/scripts-init/tables.js:7:23
[  874050ms] Cannot use import statement outside a module
[  874103ms] ReferenceError: Chart is not defined
    at https://phbidlautdemo.prahu-hub.com/_resources/themes/prahutheme/js/scripts-init/charts/chartjs.js:8:13
[  874243ms] Unexpected token '<'
[  874244ms] Unexpected token '<'
[  874302ms] Uncaught TypeError: expect element to be DOM Element, but got null
    at n.init (https://cdnjs.cloudflare.com/ajax/libs/smooth-scrollbar/8.5.2/smooth-scrollbar.js:24:264)
    at <anonymous> (https://phbidlautdemo.prahu-hub.com/adminprahu/masterpetugasapk:7707:14)
[  874366ms] [LOG] Masternamanya @ https://phbidlautdemo.prahu-hub.com/adminprahu/masterpetugasapk:2040
[  874383ms] [LOG] undefined @ https://phbidlautdemo.prahu-hub.com/adminprahu/masterpetugasapk:8060
[  874383ms] [LOG] Masukkan Nama Petugas @ https://phbidlautdemo.prahu-hub.com/adminprahu/masterpetugasapk:8060
[  874383ms] [LOG] 08xxxxxxxxxx @ https://phbidlautdemo.prahu-hub.com/adminprahu/masterpetugasapk:8060
[  874384ms] [LOG] undefined @ https://phbidlautdemo.prahu-hub.com/adminprahu/masterpetugasapk:8060
[  874384ms] [LOG] Masukkan Nama Petugas @ https://phbidlautdemo.prahu-hub.com/adminprahu/masterpetugasapk:8060
[  874384ms] [LOG] 08xxxxxxxxxx @ https://phbidlautdemo.prahu-hub.com/adminprahu/masterpetugasapk:8060
[  874384ms] [LOG] undefined @ https://phbidlautdemo.prahu-hub.com/adminprahu/masterpetugasapk:8060
[  874384ms] [LOG] Masukkan Nama Bank @ https://phbidlautdemo.prahu-hub.com/adminprahu/masterpetugasapk:8060
[  874385ms] [LOG] undefined @ https://phbidlautdemo.prahu-hub.com/adminprahu/masterpetugasapk:8060
[  874386ms] [LOG] WebSocket connection @ https://phbidlautdemo.prahu-hub.com/adminprahu/masterpetugasapk:8103
[  874387ms] [LOG] WebSocket connection attempting... @ https://phbidlautdemo.prahu-hub.com/adminprahu/masterpetugasapk:8181
[  874654ms] [LOG] 87 @ https://phbidlautdemo.prahu-hub.com/_resources/themes/prahutheme/javascript/custom/masterpetugasapk.js?m=1787972929:505
[  874655ms] [LOG] 87 countView1 1 pageNow 20 limitView1 @ https://phbidlautdemo.prahu-hub.com/_resources/themes/prahutheme/javascript/custom/masterpetugasapk.js?m=1787972929:507
[  874655ms] [LOG] 20 @ https://phbidlautdemo.prahu-hub.com/_resources/themes/prahutheme/javascript/custom/masterpetugasapk.js?m=1787972929:513
[  874656ms] [LOG] 87 jumlah data @ https://phbidlautdemo.prahu-hub.com/_resources/themes/prahutheme/javascript/custom/masterpetugasapk.js?m=1787972929:468
[  874657ms] [LOG] 5 @ https://phbidlautdemo.prahu-hub.com/_resources/themes/prahutheme/javascript/custom/masterpetugasapk.js?m=1787972929:470
[  874658ms] [LOG] 5 1 pageCount & pageNow @ https://phbidlautdemo.prahu-hub.com/_resources/themes/prahutheme/javascript/custom/masterpetugasapk.js?m=1787972929:393
[  874664ms] [LOG] 200 xhrglobal @ https://phbidlautdemo.prahu-hub.com/adminprahu/masterpetugasapk:8034
[  874739ms] ReferenceError: renderTooltipHarga is not defined
    at https://phbidlautdemo.prahu-hub.com/_resources/themes/prahutheme/javascript/custom/masterpetugasapk.js?m=1787972929:597:9
[  874963ms] [LOG] WebSocket connected @ https://phbidlautdemo.prahu-hub.com/adminprahu/masterpetugasapk:8112
[  874969ms] [LOG] update_dashboard_order_laut @ https://phbidlautdemo.prahu-hub.com/adminprahu/masterpetugasapk:8153
[  875113ms] [LOG] 200 xhrglobal @ https://phbidlautdemo.prahu-hub.com/adminprahu/masterpetugasapk:8034
[  875143ms] [LOG] Connected @ https://phbidlautdemo.prahu-hub.com/adminprahu/masterpetugasapk:8153
[  875179ms] [LOG] 200 xhrglobal @ https://phbidlautdemo.prahu-hub.com/adminprahu/masterpetugasapk:8034
[  876428ms] TypeError: $(...).DataTable is not a function
    at https://phbidlautdemo.prahu-hub.com/_resources/themes/prahutheme/js/scripts-init/tables.js:7:23
[  937443ms] Cannot use import statement outside a module
[  937500ms] ReferenceError: Chart is not defined
    at https://phbidlautdemo.prahu-hub.com/_resources/themes/prahutheme/js/scripts-init/charts/chartjs.js:8:13
[  937659ms] Unexpected token '<'
[  937660ms] Unexpected token '<'
[  937713ms] Uncaught TypeError: expect element to be DOM Element, but got null
    at n.init (https://cdnjs.cloudflare.com/ajax/libs/smooth-scrollbar/8.5.2/smooth-scrollbar.js:24:264)
    at <anonymous> (https://phbidlautdemo.prahu-hub.com/adminprahu/masterfreetime:5578:14)
[  937758ms] [LOG] Masternamanya @ https://phbidlautdemo.prahu-hub.com/adminprahu/masterfreetime:2040
[  937775ms] [LOG] undefined @ https://phbidlautdemo.prahu-hub.com/adminprahu/masterfreetime:5931
[  937776ms] [LOG] Masukkan Storage @ https://phbidlautdemo.prahu-hub.com/adminprahu/masterfreetime:5931
[  937776ms] [LOG] undefined @ https://phbidlautdemo.prahu-hub.com/adminprahu/masterfreetime:5931
[  937776ms] [LOG] undefined @ https://phbidlautdemo.prahu-hub.com/adminprahu/masterfreetime:5931
[  937776ms] [LOG] undefined @ https://phbidlautdemo.prahu-hub.com/adminprahu/masterfreetime:5931
[  937777ms] [LOG] Storage @ https://phbidlautdemo.prahu-hub.com/adminprahu/masterfreetime:5931
[  937780ms] [LOG] WebSocket connection @ https://phbidlautdemo.prahu-hub.com/adminprahu/masterfreetime:5974
[  937781ms] [LOG] WebSocket connection attempting... @ https://phbidlautdemo.prahu-hub.com/adminprahu/masterfreetime:6052
[  937872ms] [LOG] [Object, Object] @ https://phbidlautdemo.prahu-hub.com/_resources/themes/prahutheme/javascript/custom/masterfreetime.js?m=1787972929:123
[  937875ms] [LOG] 2 @ https://phbidlautdemo.prahu-hub.com/_resources/themes/prahutheme/javascript/custom/masterfreetime.js?m=1787972929:782
[  937875ms] [LOG] 2 countView1 1 pageNow 20 limitView1 @ https://phbidlautdemo.prahu-hub.com/_resources/themes/prahutheme/javascript/custom/masterfreetime.js?m=1787972929:784
[  937875ms] [LOG] 2 @ https://phbidlautdemo.prahu-hub.com/_resources/themes/prahutheme/javascript/custom/masterfreetime.js?m=1787972929:795
[  937876ms] [LOG] 2 jumlah data @ https://phbidlautdemo.prahu-hub.com/_resources/themes/prahutheme/javascript/custom/masterfreetime.js?m=1787972929:741
[  937876ms] [LOG] 1 @ https://phbidlautdemo.prahu-hub.com/_resources/themes/prahutheme/javascript/custom/masterfreetime.js?m=1787972929:743
[  937877ms] [LOG] 1 1 pageCount & pageNow @ https://phbidlautdemo.prahu-hub.com/_resources/themes/prahutheme/javascript/custom/masterfreetime.js?m=1787972929:669
[  937879ms] [LOG] 200 xhrglobal @ https://phbidlautdemo.prahu-hub.com/adminprahu/masterfreetime:5905
[  937879ms] [LOG] ce.fn.init stepItem @ https://phbidlautdemo.prahu-hub.com/_resources/themes/prahutheme/javascript/custom/masterfreetime.js?m=1787972929:638
[  938549ms] [LOG] WebSocket connected @ https://phbidlautdemo.prahu-hub.com/adminprahu/masterfreetime:5983
[  938582ms] [LOG] update_dashboard_order_laut @ https://phbidlautdemo.prahu-hub.com/adminprahu/masterfreetime:6024
[  938663ms] [LOG] 200 xhrglobal @ https://phbidlautdemo.prahu-hub.com/adminprahu/masterfreetime:5905
[  938670ms] [LOG] Connected @ https://phbidlautdemo.prahu-hub.com/adminprahu/masterfreetime:6024
[  938717ms] [LOG] 200 xhrglobal @ https://phbidlautdemo.prahu-hub.com/adminprahu/masterfreetime:5905
[  939776ms] TypeError: $(...).DataTable is not a function
    at https://phbidlautdemo.prahu-hub.com/_resources/themes/prahutheme/js/scripts-init/tables.js:7:23
[ 1010484ms] Cannot use import statement outside a module
[ 1010523ms] ReferenceError: Chart is not defined
    at https://phbidlautdemo.prahu-hub.com/_resources/themes/prahutheme/js/scripts-init/charts/chartjs.js:8:13
[ 1010673ms] Unexpected token '<'
[ 1010675ms] Unexpected token '<'
[ 1010747ms] Uncaught TypeError: expect element to be DOM Element, but got null
    at n.init (https://cdnjs.cloudflare.com/ajax/libs/smooth-scrollbar/8.5.2/smooth-scrollbar.js:24:264)
    at <anonymous> (https://phbidlautdemo.prahu-hub.com/adminprahu/masterbank:5221:14)
[ 1010782ms] [LOG] Masternamanya @ https://phbidlautdemo.prahu-hub.com/adminprahu/masterbank:2040
[ 1010794ms] [LOG] undefined @ https://phbidlautdemo.prahu-hub.com/adminprahu/masterbank:5574
[ 1010795ms] [LOG] Masukkan Nama Bank @ https://phbidlautdemo.prahu-hub.com/adminprahu/masterbank:5574
[ 1010795ms] [LOG] undefined @ https://phbidlautdemo.prahu-hub.com/adminprahu/masterbank:5574
[ 1010795ms] [LOG] Masukkan Nama Bank @ https://phbidlautdemo.prahu-hub.com/adminprahu/masterbank:5574
[ 1010795ms] [LOG] undefined @ https://phbidlautdemo.prahu-hub.com/adminprahu/masterbank:5574
[ 1010796ms] [LOG] WebSocket connection @ https://phbidlautdemo.prahu-hub.com/adminprahu/masterbank:5617
[ 1010797ms] [LOG] WebSocket connection attempting... @ https://phbidlautdemo.prahu-hub.com/adminprahu/masterbank:5695
[ 1010958ms] [LOG] 9 @ https://phbidlautdemo.prahu-hub.com/_resources/themes/prahutheme/javascript/custom/masterbank.js?m=1787972929:443
[ 1010958ms] [LOG] 9 countView1 1 pageNow 20 limitView1 @ https://phbidlautdemo.prahu-hub.com/_resources/themes/prahutheme/javascript/custom/masterbank.js?m=1787972929:446
[ 1010959ms] [LOG] 9 jumlah data @ https://phbidlautdemo.prahu-hub.com/_resources/themes/prahutheme/javascript/custom/masterbank.js?m=1787972929:400
[ 1010960ms] [LOG] 1 @ https://phbidlautdemo.prahu-hub.com/_resources/themes/prahutheme/javascript/custom/masterbank.js?m=1787972929:402
[ 1010962ms] [LOG] 1 1 pageCount & pageNow @ https://phbidlautdemo.prahu-hub.com/_resources/themes/prahutheme/javascript/custom/masterbank.js?m=1787972929:327
[ 1010967ms] [LOG] 200 xhrglobal @ https://phbidlautdemo.prahu-hub.com/adminprahu/masterbank:5548
[ 1011205ms] [LOG] WebSocket connected @ https://phbidlautdemo.prahu-hub.com/adminprahu/masterbank:5626
[ 1011213ms] [LOG] update_dashboard_order_laut @ https://phbidlautdemo.prahu-hub.com/adminprahu/masterbank:5667
[ 1011325ms] [LOG] 200 xhrglobal @ https://phbidlautdemo.prahu-hub.com/adminprahu/masterbank:5548
[ 1011327ms] [LOG] Connected @ https://phbidlautdemo.prahu-hub.com/adminprahu/masterbank:5667
[ 1011375ms] [LOG] 200 xhrglobal @ https://phbidlautdemo.prahu-hub.com/adminprahu/masterbank:5548
[ 1012796ms] TypeError: $(...).DataTable is not a function
    at https://phbidlautdemo.prahu-hub.com/_resources/themes/prahutheme/js/scripts-init/tables.js:7:23
[ 1049204ms] Cannot use import statement outside a module
[ 1049241ms] ReferenceError: Chart is not defined
    at https://phbidlautdemo.prahu-hub.com/_resources/themes/prahutheme/js/scripts-init/charts/chartjs.js:8:13
[ 1049245ms] Unexpected token '<'
[ 1049246ms] Unexpected token '<'
[ 1049330ms] Uncaught TypeError: expect element to be DOM Element, but got null
    at n.init (https://cdnjs.cloudflare.com/ajax/libs/smooth-scrollbar/8.5.2/smooth-scrollbar.js:24:264)
    at <anonymous> (https://phbidlautdemo.prahu-hub.com/adminprahu/masterkemasan:5368:14)
[ 1049368ms] [LOG] Masternamanya @ https://phbidlautdemo.prahu-hub.com/adminprahu/masterkemasan:2040
[ 1049379ms] [LOG] undefined @ https://phbidlautdemo.prahu-hub.com/adminprahu/masterkemasan:5721
[ 1049380ms] [LOG] Masukkan Nama Kemasan @ https://phbidlautdemo.prahu-hub.com/adminprahu/masterkemasan:5721
[ 1049380ms] [LOG] undefined @ https://phbidlautdemo.prahu-hub.com/adminprahu/masterkemasan:5721
[ 1049380ms] [LOG] Masukkan Nama Kemasan @ https://phbidlautdemo.prahu-hub.com/adminprahu/masterkemasan:5721
[ 1049380ms] [LOG] undefined @ https://phbidlautdemo.prahu-hub.com/adminprahu/masterkemasan:5721
[ 1049384ms] [LOG] WebSocket connection @ https://phbidlautdemo.prahu-hub.com/adminprahu/masterkemasan:5764
[ 1049384ms] [LOG] WebSocket connection attempting... @ https://phbidlautdemo.prahu-hub.com/adminprahu/masterkemasan:5842
[ 1049546ms] [LOG] WebSocket connected @ https://phbidlautdemo.prahu-hub.com/adminprahu/masterkemasan:5773
[ 1049548ms] [LOG] update_dashboard_order_laut @ https://phbidlautdemo.prahu-hub.com/adminprahu/masterkemasan:5814
[ 1049579ms] [LOG] Connected @ https://phbidlautdemo.prahu-hub.com/adminprahu/masterkemasan:5814
[ 1049673ms] [LOG] [Object, Object, Object, Object, Object, Object, Object, Object, Object, Object, Object, Object, Object, Object, Object, Object, Object, Object, Object, Object] @ https://phbidlautdemo.prahu-hub.com/_resources/themes/prahutheme/javascript/custom/masterkemasan.js?m=1787972929:117
[ 1049683ms] [LOG] 21 @ https://phbidlautdemo.prahu-hub.com/_resources/themes/prahutheme/javascript/custom/masterkemasan.js?m=1787972929:789
[ 1049684ms] [LOG] 21 countView1 1 pageNow 20 limitView1 @ https://phbidlautdemo.prahu-hub.com/_resources/themes/prahutheme/javascript/custom/masterkemasan.js?m=1787972929:791
[ 1049684ms] [LOG] 20 @ https://phbidlautdemo.prahu-hub.com/_resources/themes/prahutheme/javascript/custom/masterkemasan.js?m=1787972929:802
[ 1049685ms] [LOG] 21 jumlah data @ https://phbidlautdemo.prahu-hub.com/_resources/themes/prahutheme/javascript/custom/masterkemasan.js?m=1787972929:748
[ 1049686ms] [LOG] 2 @ https://phbidlautdemo.prahu-hub.com/_resources/themes/prahutheme/javascript/custom/masterkemasan.js?m=1787972929:750
[ 1049687ms] [LOG] 2 1 pageCount & pageNow @ https://phbidlautdemo.prahu-hub.com/_resources/themes/prahutheme/javascript/custom/masterkemasan.js?m=1787972929:676
[ 1049689ms] [LOG] 200 xhrglobal @ https://phbidlautdemo.prahu-hub.com/adminprahu/masterkemasan:5695
[ 1049690ms] [LOG] ce.fn.init stepItem @ https://phbidlautdemo.prahu-hub.com/_resources/themes/prahutheme/javascript/custom/masterkemasan.js?m=1787972929:645
[ 1049827ms] [LOG] 200 xhrglobal @ https://phbidlautdemo.prahu-hub.com/adminprahu/masterkemasan:5695
[ 1049884ms] [LOG] 200 xhrglobal @ https://phbidlautdemo.prahu-hub.com/adminprahu/masterkemasan:5695
[ 1051380ms] TypeError: $(...).DataTable is not a function
    at https://phbidlautdemo.prahu-hub.com/_resources/themes/prahutheme/js/scripts-init/tables.js:7:23
[ 1086832ms] Cannot use import statement outside a module
[ 1086859ms] ReferenceError: Chart is not defined
    at https://phbidlautdemo.prahu-hub.com/_resources/themes/prahutheme/js/scripts-init/charts/chartjs.js:8:13
[ 1088337ms] Unexpected token '<'
[ 1088338ms] Unexpected token '<'
[ 1088432ms] Uncaught TypeError: expect element to be DOM Element, but got null
    at n.init (https://cdnjs.cloudflare.com/ajax/libs/smooth-scrollbar/8.5.2/smooth-scrollbar.js:24:264)
    at <anonymous> (https://phbidlautdemo.prahu-hub.com/adminprahu/kontainer:5281:14)
[ 1088462ms] [LOG] Masternamanya @ https://phbidlautdemo.prahu-hub.com/adminprahu/kontainer:2040
[ 1088470ms] [LOG] undefined @ https://phbidlautdemo.prahu-hub.com/adminprahu/kontainer:5634
[ 1088470ms] [LOG] Masukkan Jenis Kontainer @ https://phbidlautdemo.prahu-hub.com/adminprahu/kontainer:5634
[ 1088470ms] [LOG] undefined @ https://phbidlautdemo.prahu-hub.com/adminprahu/kontainer:5634
[ 1088471ms] [LOG] Masukkan Nama Bank @ https://phbidlautdemo.prahu-hub.com/adminprahu/kontainer:5634
[ 1088471ms] [LOG] undefined @ https://phbidlautdemo.prahu-hub.com/adminprahu/kontainer:5634
[ 1088472ms] [LOG] WebSocket connection @ https://phbidlautdemo.prahu-hub.com/adminprahu/kontainer:5677
[ 1088473ms] [LOG] WebSocket connection attempting... @ https://phbidlautdemo.prahu-hub.com/adminprahu/kontainer:5755
[ 1088653ms] [LOG] [Object, Object, Object, Object, Object, Object, Object, Object, Object, Object, Object, Object, Object, Object] @ https://phbidlautdemo.prahu-hub.com/_resources/themes/prahutheme/javascript/custom/kontainer.js?m=1787972929:115
[ 1088664ms] [LOG] 14 @ https://phbidlautdemo.prahu-hub.com/_resources/themes/prahutheme/javascript/custom/kontainer.js?m=1787972929:857
[ 1088664ms] [LOG] 14 countView1 1 pageNow 20 limitView1 @ https://phbidlautdemo.prahu-hub.com/_resources/themes/prahutheme/javascript/custom/kontainer.js?m=1787972929:859
[ 1088664ms] [LOG] 14 @ https://phbidlautdemo.prahu-hub.com/_resources/themes/prahutheme/javascript/custom/kontainer.js?m=1787972929:870
[ 1088666ms] [LOG] 14 jumlah data @ https://phbidlautdemo.prahu-hub.com/_resources/themes/prahutheme/javascript/custom/kontainer.js?m=1787972929:816
[ 1088666ms] [LOG] 1 @ https://phbidlautdemo.prahu-hub.com/_resources/themes/prahutheme/javascript/custom/kontainer.js?m=1787972929:818
[ 1088667ms] [LOG] 1 1 pageCount & pageNow @ https://phbidlautdemo.prahu-hub.com/_resources/themes/prahutheme/javascript/custom/kontainer.js?m=1787972929:744
[ 1088669ms] [LOG] 200 xhrglobal @ https://phbidlautdemo.prahu-hub.com/adminprahu/kontainer:5608
[ 1088670ms] [LOG] ce.fn.init stepItem @ https://phbidlautdemo.prahu-hub.com/_resources/themes/prahutheme/javascript/custom/kontainer.js?m=1787972929:713
[ 1089052ms] [LOG] WebSocket connected @ https://phbidlautdemo.prahu-hub.com/adminprahu/kontainer:5686
[ 1089057ms] [LOG] update_dashboard_order_laut @ https://phbidlautdemo.prahu-hub.com/adminprahu/kontainer:5727
[ 1089169ms] [LOG] 200 xhrglobal @ https://phbidlautdemo.prahu-hub.com/adminprahu/kontainer:5608
[ 1089221ms] [LOG] 200 xhrglobal @ https://phbidlautdemo.prahu-hub.com/adminprahu/kontainer:5608
[ 1089238ms] [LOG] Connected @ https://phbidlautdemo.prahu-hub.com/adminprahu/kontainer:5727
[ 1090471ms] TypeError: $(...).DataTable is not a function
    at https://phbidlautdemo.prahu-hub.com/_resources/themes/prahutheme/js/scripts-init/tables.js:7:23
[ 1127280ms] Cannot use import statement outside a module
[ 1127318ms] ReferenceError: Chart is not defined
    at https://phbidlautdemo.prahu-hub.com/_resources/themes/prahutheme/js/scripts-init/charts/chartjs.js:8:13
[ 1128157ms] Unexpected token '<'
[ 1128159ms] Unexpected token '<'
[ 1128235ms] Uncaught TypeError: expect element to be DOM Element, but got null
    at n.init (https://cdnjs.cloudflare.com/ajax/libs/smooth-scrollbar/8.5.2/smooth-scrollbar.js:24:264)
    at <anonymous> (https://phbidlautdemo.prahu-hub.com/adminprahu/masterDP:5360:14)
[ 1128272ms] [LOG] Masternamanya @ https://phbidlautdemo.prahu-hub.com/adminprahu/masterDP:2040
[ 1128283ms] [LOG] undefined @ https://phbidlautdemo.prahu-hub.com/adminprahu/masterDP:5713
[ 1128284ms] [LOG] Masukkan Nama Dokumen Penagihan @ https://phbidlautdemo.prahu-hub.com/adminprahu/masterDP:5713
[ 1128284ms] [LOG] undefined @ https://phbidlautdemo.prahu-hub.com/adminprahu/masterDP:5713
[ 1128284ms] [LOG] Masukkan Nama Dokumen Penagihan @ https://phbidlautdemo.prahu-hub.com/adminprahu/masterDP:5713
[ 1128284ms] [LOG] undefined @ https://phbidlautdemo.prahu-hub.com/adminprahu/masterDP:5713
[ 1128286ms] [LOG] WebSocket connection @ https://phbidlautdemo.prahu-hub.com/adminprahu/masterDP:5756
[ 1128286ms] [LOG] WebSocket connection attempting... @ https://phbidlautdemo.prahu-hub.com/adminprahu/masterDP:5834
[ 1128639ms] [LOG] WebSocket connected @ https://phbidlautdemo.prahu-hub.com/adminprahu/masterDP:5765
[ 1128645ms] [LOG] update_dashboard_order_laut @ https://phbidlautdemo.prahu-hub.com/adminprahu/masterDP:5806
[ 1128712ms] [LOG] [Object, Object, Object, Object, Object, Object, Object, Object, Object, Object, Object, Object] @ https://phbidlautdemo.prahu-hub.com/_resources/themes/prahutheme/javascript/custom/masterDP.js?m=1787972929:111
[ 1128721ms] [LOG] 12 @ https://phbidlautdemo.prahu-hub.com/_resources/themes/prahutheme/javascript/custom/masterDP.js?m=1787972929:749
[ 1128721ms] [LOG] 12 countView1 1 pageNow 20 limitView1 @ https://phbidlautdemo.prahu-hub.com/_resources/themes/prahutheme/javascript/custom/masterDP.js?m=1787972929:751
[ 1128722ms] [LOG] 12 @ https://phbidlautdemo.prahu-hub.com/_resources/themes/prahutheme/javascript/custom/masterDP.js?m=1787972929:757
[ 1128723ms] [LOG] 12 jumlah data @ https://phbidlautdemo.prahu-hub.com/_resources/themes/prahutheme/javascript/custom/masterDP.js?m=1787972929:726
[ 1128723ms] [LOG] 1 @ https://phbidlautdemo.prahu-hub.com/_resources/themes/prahutheme/javascript/custom/masterDP.js?m=1787972929:728
[ 1128724ms] [LOG] 1 1 pageCount & pageNow @ https://phbidlautdemo.prahu-hub.com/_resources/themes/prahutheme/javascript/custom/masterDP.js?m=1787972929:652
[ 1128725ms] [LOG] 200 xhrglobal @ https://phbidlautdemo.prahu-hub.com/adminprahu/masterDP:5687
[ 1128725ms] [LOG] ce.fn.init stepItem @ https://phbidlautdemo.prahu-hub.com/_resources/themes/prahutheme/javascript/custom/masterDP.js?m=1787972929:626
[ 1128772ms] [LOG] Connected @ https://phbidlautdemo.prahu-hub.com/adminprahu/masterDP:5806
[ 1129382ms] [LOG] 200 xhrglobal @ https://phbidlautdemo.prahu-hub.com/adminprahu/masterDP:5687
[ 1130283ms] TypeError: $(...).DataTable is not a function
    at https://phbidlautdemo.prahu-hub.com/_resources/themes/prahutheme/js/scripts-init/tables.js:7:23
[ 1130594ms] [LOG] 200 xhrglobal @ https://phbidlautdemo.prahu-hub.com/adminprahu/masterDP:5687
[ 1253751ms] [LOG] WebSocket closed @ https://phbidlautdemo.prahu-hub.com/adminprahu/masterDP:5759
[ 1253751ms] [LOG] Reconnecting in 2 seconds... @ https://phbidlautdemo.prahu-hub.com/adminprahu/masterDP:5843
[ 1255753ms] [LOG] WebSocket connection @ https://phbidlautdemo.prahu-hub.com/adminprahu/masterDP:5756
[ 1255754ms] [LOG] WebSocket connection attempting... @ https://phbidlautdemo.prahu-hub.com/adminprahu/masterDP:5834
[ 1255908ms] [LOG] WebSocket connected @ https://phbidlautdemo.prahu-hub.com/adminprahu/masterDP:5765
[ 1255913ms] [LOG] update_dashboard_order_laut @ https://phbidlautdemo.prahu-hub.com/adminprahu/masterDP:5806
[ 1255953ms] [LOG] Connected @ https://phbidlautdemo.prahu-hub.com/adminprahu/masterDP:5806
[ 1256182ms] [LOG] 200 xhrglobal @ https://phbidlautdemo.prahu-hub.com/adminprahu/masterDP:5687
[ 1256245ms] [LOG] 200 xhrglobal @ https://phbidlautdemo.prahu-hub.com/adminprahu/masterDP:5687
[ 1380951ms] [LOG] WebSocket closed @ https://phbidlautdemo.prahu-hub.com/adminprahu/masterDP:5759
[ 1380952ms] [LOG] Reconnecting in 4 seconds... @ https://phbidlautdemo.prahu-hub.com/adminprahu/masterDP:5843
[ 1384953ms] [LOG] WebSocket connection @ https://phbidlautdemo.prahu-hub.com/adminprahu/masterDP:5756
[ 1384953ms] [LOG] WebSocket connection attempting... @ https://phbidlautdemo.prahu-hub.com/adminprahu/masterDP:5834
[ 1385332ms] [LOG] WebSocket connected @ https://phbidlautdemo.prahu-hub.com/adminprahu/masterDP:5765
[ 1385340ms] [LOG] update_dashboard_order_laut @ https://phbidlautdemo.prahu-hub.com/adminprahu/masterDP:5806
[ 1385455ms] [LOG] Connected @ https://phbidlautdemo.prahu-hub.com/adminprahu/masterDP:5806
[ 1385640ms] [LOG] 200 xhrglobal @ https://phbidlautdemo.prahu-hub.com/adminprahu/masterDP:5687
[ 1385713ms] [LOG] 200 xhrglobal @ https://phbidlautdemo.prahu-hub.com/adminprahu/masterDP:5687
[ 1403441ms] Cannot use import statement outside a module
[ 1403480ms] ReferenceError: Chart is not defined
    at https://phbidlautdemo.prahu-hub.com/_resources/themes/prahutheme/js/scripts-init/charts/chartjs.js:8:13
[ 1403721ms] Unexpected token '<'
[ 1403722ms] Unexpected token '<'
[ 1403811ms] Uncaught TypeError: expect element to be DOM Element, but got null
    at n.init (https://cdnjs.cloudflare.com/ajax/libs/smooth-scrollbar/8.5.2/smooth-scrollbar.js:24:264)
    at <anonymous> (https://phbidlautdemo.prahu-hub.com/adminprahu/masterbank:5221:14)
[ 1403859ms] [LOG] Masternamanya @ https://phbidlautdemo.prahu-hub.com/adminprahu/masterbank:2040
[ 1403871ms] [LOG] undefined @ https://phbidlautdemo.prahu-hub.com/adminprahu/masterbank:5574
[ 1403871ms] [LOG] Masukkan Nama Bank @ https://phbidlautdemo.prahu-hub.com/adminprahu/masterbank:5574
[ 1403872ms] [LOG] undefined @ https://phbidlautdemo.prahu-hub.com/adminprahu/masterbank:5574
[ 1403872ms] [LOG] Masukkan Nama Bank @ https://phbidlautdemo.prahu-hub.com/adminprahu/masterbank:5574
[ 1403872ms] [LOG] undefined @ https://phbidlautdemo.prahu-hub.com/adminprahu/masterbank:5574
[ 1403873ms] [LOG] WebSocket connection @ https://phbidlautdemo.prahu-hub.com/adminprahu/masterbank:5617
[ 1403874ms] [LOG] WebSocket connection attempting... @ https://phbidlautdemo.prahu-hub.com/adminprahu/masterbank:5695
[ 1404004ms] [LOG] WebSocket connected @ https://phbidlautdemo.prahu-hub.com/adminprahu/masterbank:5626
[ 1404008ms] [LOG] update_dashboard_order_laut @ https://phbidlautdemo.prahu-hub.com/adminprahu/masterbank:5667
[ 1404047ms] [LOG] 9 @ https://phbidlautdemo.prahu-hub.com/_resources/themes/prahutheme/javascript/custom/masterbank.js?m=1787972929:443
[ 1404048ms] [LOG] 9 countView1 1 pageNow 20 limitView1 @ https://phbidlautdemo.prahu-hub.com/_resources/themes/prahutheme/javascript/custom/masterbank.js?m=1787972929:446
[ 1404049ms] [LOG] 9 jumlah data @ https://phbidlautdemo.prahu-hub.com/_resources/themes/prahutheme/javascript/custom/masterbank.js?m=1787972929:400
[ 1404050ms] [LOG] 1 @ https://phbidlautdemo.prahu-hub.com/_resources/themes/prahutheme/javascript/custom/masterbank.js?m=1787972929:402
[ 1404051ms] [LOG] 1 1 pageCount & pageNow @ https://phbidlautdemo.prahu-hub.com/_resources/themes/prahutheme/javascript/custom/masterbank.js?m=1787972929:327
[ 1404056ms] [LOG] 200 xhrglobal @ https://phbidlautdemo.prahu-hub.com/adminprahu/masterbank:5548
[ 1404057ms] [LOG] Connected @ https://phbidlautdemo.prahu-hub.com/adminprahu/masterbank:5667
[ 1404177ms] [LOG] 200 xhrglobal @ https://phbidlautdemo.prahu-hub.com/adminprahu/masterbank:5548
[ 1404249ms] [LOG] 200 xhrglobal @ https://phbidlautdemo.prahu-hub.com/adminprahu/masterbank:5548
[ 1405872ms] TypeError: $(...).DataTable is not a function
    at https://phbidlautdemo.prahu-hub.com/_resources/themes/prahutheme/js/scripts-init/tables.js:7:23
[ 1406445ms] Cannot use import statement outside a module
[ 1406480ms] ReferenceError: Chart is not defined
    at https://phbidlautdemo.prahu-hub.com/_resources/themes/prahutheme/js/scripts-init/charts/chartjs.js:8:13
[ 1406631ms] Unexpected token '<'
[ 1406631ms] Unexpected token '<'
[ 1406696ms] Uncaught TypeError: expect element to be DOM Element, but got null
    at n.init (https://cdnjs.cloudflare.com/ajax/libs/smooth-scrollbar/8.5.2/smooth-scrollbar.js:24:264)
    at <anonymous> (https://phbidlautdemo.prahu-hub.com/adminprahu/tambahbank:5310:14)
[ 1406726ms] [LOG] Masternamanya @ https://phbidlautdemo.prahu-hub.com/adminprahu/tambahbank:2039
[ 1406737ms] [LOG] Masukkan Nama Bank @ https://phbidlautdemo.prahu-hub.com/adminprahu/tambahbank:5663
[ 1406739ms] [LOG] WebSocket connection @ https://phbidlautdemo.prahu-hub.com/adminprahu/tambahbank:5706
[ 1406739ms] [LOG] WebSocket connection attempting... @ https://phbidlautdemo.prahu-hub.com/adminprahu/tambahbank:5784
[ 1407709ms] [LOG] WebSocket connected @ https://phbidlautdemo.prahu-hub.com/adminprahu/tambahbank:5715
[ 1407715ms] [LOG] update_dashboard_order_laut @ https://phbidlautdemo.prahu-hub.com/adminprahu/tambahbank:5756
[ 1408532ms] Cannot use import statement outside a module
[ 1408550ms] ReferenceError: Chart is not defined
    at https://phbidlautdemo.prahu-hub.com/_resources/themes/prahutheme/js/scripts-init/charts/chartjs.js:8:13
[ 1408738ms] Unexpected token '<'
[ 1408739ms] Unexpected token '<'
[ 1408791ms] Uncaught TypeError: expect element to be DOM Element, but got null
    at n.init (https://cdnjs.cloudflare.com/ajax/libs/smooth-scrollbar/8.5.2/smooth-scrollbar.js:24:264)
    at <anonymous> (https://phbidlautdemo.prahu-hub.com/adminprahu/masterkemasan:5368:14)
[ 1408820ms] [LOG] Masternamanya @ https://phbidlautdemo.prahu-hub.com/adminprahu/masterkemasan:2040
[ 1408830ms] [LOG] undefined @ https://phbidlautdemo.prahu-hub.com/adminprahu/masterkemasan:5721
[ 1408830ms] [LOG] Masukkan Nama Kemasan @ https://phbidlautdemo.prahu-hub.com/adminprahu/masterkemasan:5721
[ 1408830ms] [LOG] undefined @ https://phbidlautdemo.prahu-hub.com/adminprahu/masterkemasan:5721
[ 1408830ms] [LOG] Masukkan Nama Kemasan @ https://phbidlautdemo.prahu-hub.com/adminprahu/masterkemasan:5721
[ 1408830ms] [LOG] undefined @ https://phbidlautdemo.prahu-hub.com/adminprahu/masterkemasan:5721
[ 1408832ms] [LOG] WebSocket connection @ https://phbidlautdemo.prahu-hub.com/adminprahu/masterkemasan:5764
[ 1408832ms] [LOG] WebSocket connection attempting... @ https://phbidlautdemo.prahu-hub.com/adminprahu/masterkemasan:5842
[ 1409073ms] [LOG] [Object, Object, Object, Object, Object, Object, Object, Object, Object, Object, Object, Object, Object, Object, Object, Object, Object, Object, Object, Object] @ https://phbidlautdemo.prahu-hub.com/_resources/themes/prahutheme/javascript/custom/masterkemasan.js?m=1787972929:117
[ 1409085ms] [LOG] 21 @ https://phbidlautdemo.prahu-hub.com/_resources/themes/prahutheme/javascript/custom/masterkemasan.js?m=1787972929:789
[ 1409085ms] [LOG] 21 countView1 1 pageNow 20 limitView1 @ https://phbidlautdemo.prahu-hub.com/_resources/themes/prahutheme/javascript/custom/masterkemasan.js?m=1787972929:791
[ 1409086ms] [LOG] 20 @ https://phbidlautdemo.prahu-hub.com/_resources/themes/prahutheme/javascript/custom/masterkemasan.js?m=1787972929:802
[ 1409087ms] [LOG] 21 jumlah data @ https://phbidlautdemo.prahu-hub.com/_resources/themes/prahutheme/javascript/custom/masterkemasan.js?m=1787972929:748
[ 1409087ms] [LOG] 2 @ https://phbidlautdemo.prahu-hub.com/_resources/themes/prahutheme/javascript/custom/masterkemasan.js?m=1787972929:750
[ 1409089ms] [LOG] 2 1 pageCount & pageNow @ https://phbidlautdemo.prahu-hub.com/_resources/themes/prahutheme/javascript/custom/masterkemasan.js?m=1787972929:676
[ 1409092ms] [LOG] 200 xhrglobal @ https://phbidlautdemo.prahu-hub.com/adminprahu/masterkemasan:5695
[ 1409093ms] [LOG] ce.fn.init stepItem @ https://phbidlautdemo.prahu-hub.com/_resources/themes/prahutheme/javascript/custom/masterkemasan.js?m=1787972929:645
[ 1409356ms] [LOG] WebSocket connected @ https://phbidlautdemo.prahu-hub.com/adminprahu/masterkemasan:5773
[ 1409361ms] [LOG] update_dashboard_order_laut @ https://phbidlautdemo.prahu-hub.com/adminprahu/masterkemasan:5814
[ 1409475ms] [LOG] 200 xhrglobal @ https://phbidlautdemo.prahu-hub.com/adminprahu/masterkemasan:5695
[ 1409481ms] [LOG] Connected @ https://phbidlautdemo.prahu-hub.com/adminprahu/masterkemasan:5814
[ 1409525ms] [LOG] 200 xhrglobal @ https://phbidlautdemo.prahu-hub.com/adminprahu/masterkemasan:5695
[ 1410834ms] TypeError: $(...).DataTable is not a function
    at https://phbidlautdemo.prahu-hub.com/_resources/themes/prahutheme/js/scripts-init/tables.js:7:23
[ 1411440ms] Cannot use import statement outside a module
[ 1411484ms] ReferenceError: Chart is not defined
    at https://phbidlautdemo.prahu-hub.com/_resources/themes/prahutheme/js/scripts-init/charts/chartjs.js:8:13
[ 1411664ms] Unexpected token '<'
[ 1411665ms] Unexpected token '<'
[ 1411740ms] Uncaught TypeError: expect element to be DOM Element, but got null
    at n.init (https://cdnjs.cloudflare.com/ajax/libs/smooth-scrollbar/8.5.2/smooth-scrollbar.js:24:264)
    at <anonymous> (https://phbidlautdemo.prahu-hub.com/adminprahu/tambahkemasan:5270:14)
[ 1411771ms] [LOG] Masternamanya @ https://phbidlautdemo.prahu-hub.com/adminprahu/tambahkemasan:2039
[ 1411781ms] [LOG] Masukkan Nama Kemasan @ https://phbidlautdemo.prahu-hub.com/adminprahu/tambahkemasan:5623
[ 1411783ms] [LOG] WebSocket connection @ https://phbidlautdemo.prahu-hub.com/adminprahu/tambahkemasan:5666
[ 1411783ms] [LOG] WebSocket connection attempting... @ https://phbidlautdemo.prahu-hub.com/adminprahu/tambahkemasan:5744
[ 1412131ms] [LOG] WebSocket connected @ https://phbidlautdemo.prahu-hub.com/adminprahu/tambahkemasan:5675
[ 1412139ms] [LOG] update_dashboard_order_laut @ https://phbidlautdemo.prahu-hub.com/adminprahu/tambahkemasan:5716
[ 1412235ms] [LOG] Connected @ https://phbidlautdemo.prahu-hub.com/adminprahu/tambahkemasan:5716
[ 1412249ms] [LOG] 200 xhrglobal @ https://phbidlautdemo.prahu-hub.com/adminprahu/tambahkemasan:5597
[ 1412306ms] [LOG] 200 xhrglobal @ https://phbidlautdemo.prahu-hub.com/adminprahu/tambahkemasan:5597
[ 1413412ms] Cannot use import statement outside a module
[ 1413436ms] ReferenceError: Chart is not defined
    at https://phbidlautdemo.prahu-hub.com/_resources/themes/prahutheme/js/scripts-init/charts/chartjs.js:8:13
[ 1413650ms] Unexpected token '<'
[ 1413651ms] Unexpected token '<'
[ 1413718ms] Uncaught TypeError: expect element to be DOM Element, but got null
    at n.init (https://cdnjs.cloudflare.com/ajax/libs/smooth-scrollbar/8.5.2/smooth-scrollbar.js:24:264)
    at <anonymous> (https://phbidlautdemo.prahu-hub.com/adminprahu/kontainer:5281:14)
[ 1413748ms] [LOG] Masternamanya @ https://phbidlautdemo.prahu-hub.com/adminprahu/kontainer:2040
[ 1413755ms] [LOG] undefined @ https://phbidlautdemo.prahu-hub.com/adminprahu/kontainer:5634
[ 1413755ms] [LOG] Masukkan Jenis Kontainer @ https://phbidlautdemo.prahu-hub.com/adminprahu/kontainer:5634
[ 1413756ms] [LOG] undefined @ https://phbidlautdemo.prahu-hub.com/adminprahu/kontainer:5634
[ 1413756ms] [LOG] Masukkan Nama Bank @ https://phbidlautdemo.prahu-hub.com/adminprahu/kontainer:5634
[ 1413756ms] [LOG] undefined @ https://phbidlautdemo.prahu-hub.com/adminprahu/kontainer:5634
[ 1413757ms] [LOG] WebSocket connection @ https://phbidlautdemo.prahu-hub.com/adminprahu/kontainer:5677
[ 1413758ms] [LOG] WebSocket connection attempting... @ https://phbidlautdemo.prahu-hub.com/adminprahu/kontainer:5755
[ 1413938ms] [LOG] [Object, Object, Object, Object, Object, Object, Object, Object, Object, Object, Object, Object, Object, Object] @ https://phbidlautdemo.prahu-hub.com/_resources/themes/prahutheme/javascript/custom/kontainer.js?m=1787972929:115
[ 1413951ms] [LOG] 14 @ https://phbidlautdemo.prahu-hub.com/_resources/themes/prahutheme/javascript/custom/kontainer.js?m=1787972929:857
[ 1413952ms] [LOG] 14 countView1 1 pageNow 20 limitView1 @ https://phbidlautdemo.prahu-hub.com/_resources/themes/prahutheme/javascript/custom/kontainer.js?m=1787972929:859
[ 1413952ms] [LOG] 14 @ https://phbidlautdemo.prahu-hub.com/_resources/themes/prahutheme/javascript/custom/kontainer.js?m=1787972929:870
[ 1413953ms] [LOG] 14 jumlah data @ https://phbidlautdemo.prahu-hub.com/_resources/themes/prahutheme/javascript/custom/kontainer.js?m=1787972929:816
[ 1413953ms] [LOG] 1 @ https://phbidlautdemo.prahu-hub.com/_resources/themes/prahutheme/javascript/custom/kontainer.js?m=1787972929:818
[ 1413954ms] [LOG] 1 1 pageCount & pageNow @ https://phbidlautdemo.prahu-hub.com/_resources/themes/prahutheme/javascript/custom/kontainer.js?m=1787972929:744
[ 1413955ms] [LOG] 200 xhrglobal @ https://phbidlautdemo.prahu-hub.com/adminprahu/kontainer:5608
[ 1413955ms] [LOG] ce.fn.init stepItem @ https://phbidlautdemo.prahu-hub.com/_resources/themes/prahutheme/javascript/custom/kontainer.js?m=1787972929:713
[ 1414885ms] [LOG] WebSocket connected @ https://phbidlautdemo.prahu-hub.com/adminprahu/kontainer:5686
[ 1414890ms] [LOG] update_dashboard_order_laut @ https://phbidlautdemo.prahu-hub.com/adminprahu/kontainer:5727
[ 1415007ms] [LOG] 200 xhrglobal @ https://phbidlautdemo.prahu-hub.com/adminprahu/kontainer:5608
[ 1415065ms] [LOG] 200 xhrglobal @ https://phbidlautdemo.prahu-hub.com/adminprahu/kontainer:5608
[ 1415266ms] [LOG] Connected @ https://phbidlautdemo.prahu-hub.com/adminprahu/kontainer:5727
[ 1415756ms] TypeError: $(...).DataTable is not a function
    at https://phbidlautdemo.prahu-hub.com/_resources/themes/prahutheme/js/scripts-init/tables.js:7:23
[ 1416312ms] Cannot use import statement outside a module
[ 1416372ms] ReferenceError: Chart is not defined
    at https://phbidlautdemo.prahu-hub.com/_resources/themes/prahutheme/js/scripts-init/charts/chartjs.js:8:13
[ 1416734ms] Unexpected token '<'
[ 1416735ms] Unexpected token '<'
[ 1416821ms] Uncaught TypeError: expect element to be DOM Element, but got null
    at n.init (https://cdnjs.cloudflare.com/ajax/libs/smooth-scrollbar/8.5.2/smooth-scrollbar.js:24:264)
    at <anonymous> (https://phbidlautdemo.prahu-hub.com/adminprahu/tambahKontainer:5278:14)
[ 1416867ms] [LOG] Masternamanya @ https://phbidlautdemo.prahu-hub.com/adminprahu/tambahKontainer:2039
[ 1416877ms] [LOG] Masukkan Jenis Kontainer @ https://phbidlautdemo.prahu-hub.com/adminprahu/tambahKontainer:5631
[ 1416879ms] [LOG] WebSocket connection @ https://phbidlautdemo.prahu-hub.com/adminprahu/tambahKontainer:5674
[ 1416879ms] [LOG] WebSocket connection attempting... @ https://phbidlautdemo.prahu-hub.com/adminprahu/tambahKontainer:5752
[ 1417005ms] [LOG] WebSocket connected @ https://phbidlautdemo.prahu-hub.com/adminprahu/tambahKontainer:5683
[ 1417011ms] [LOG] update_dashboard_order_laut @ https://phbidlautdemo.prahu-hub.com/adminprahu/tambahKontainer:5724
[ 1417037ms] [LOG] Connected @ https://phbidlautdemo.prahu-hub.com/adminprahu/tambahKontainer:5724
[ 1417176ms] [LOG] 200 xhrglobal @ https://phbidlautdemo.prahu-hub.com/adminprahu/tambahKontainer:5605
[ 1417223ms] [LOG] 200 xhrglobal @ https://phbidlautdemo.prahu-hub.com/adminprahu/tambahKontainer:5605
[ 1418364ms] Cannot use import statement outside a module
[ 1418394ms] ReferenceError: Chart is not defined
    at https://phbidlautdemo.prahu-hub.com/_resources/themes/prahutheme/js/scripts-init/charts/chartjs.js:8:13
[ 1418586ms] Unexpected token '<'
[ 1418587ms] Unexpected token '<'
[ 1418646ms] Uncaught TypeError: expect element to be DOM Element, but got null
    at n.init (https://cdnjs.cloudflare.com/ajax/libs/smooth-scrollbar/8.5.2/smooth-scrollbar.js:24:264)
    at <anonymous> (https://phbidlautdemo.prahu-hub.com/adminprahu/masterDP:5360:14)
[ 1418679ms] [LOG] Masternamanya @ https://phbidlautdemo.prahu-hub.com/adminprahu/masterDP:2040
[ 1418688ms] [LOG] undefined @ https://phbidlautdemo.prahu-hub.com/adminprahu/masterDP:5713
[ 1418688ms] [LOG] Masukkan Nama Dokumen Penagihan @ https://phbidlautdemo.prahu-hub.com/adminprahu/masterDP:5713
[ 1418688ms] [LOG] undefined @ https://phbidlautdemo.prahu-hub.com/adminprahu/masterDP:5713
[ 1418688ms] [LOG] Masukkan Nama Dokumen Penagihan @ https://phbidlautdemo.prahu-hub.com/adminprahu/masterDP:5713
[ 1418689ms] [LOG] undefined @ https://phbidlautdemo.prahu-hub.com/adminprahu/masterDP:5713
[ 1418690ms] [LOG] WebSocket connection @ https://phbidlautdemo.prahu-hub.com/adminprahu/masterDP:5756
[ 1418690ms] [LOG] WebSocket connection attempting... @ https://phbidlautdemo.prahu-hub.com/adminprahu/masterDP:5834
[ 1418813ms] [LOG] WebSocket connected @ https://phbidlautdemo.prahu-hub.com/adminprahu/masterDP:5765
[ 1418818ms] [LOG] update_dashboard_order_laut @ https://phbidlautdemo.prahu-hub.com/adminprahu/masterDP:5806
[ 1418846ms] [LOG] Connected @ https://phbidlautdemo.prahu-hub.com/adminprahu/masterDP:5806
[ 1418860ms] [LOG] [Object, Object, Object, Object, Object, Object, Object, Object, Object, Object, Object, Object] @ https://phbidlautdemo.prahu-hub.com/_resources/themes/prahutheme/javascript/custom/masterDP.js?m=1787972929:111
[ 1418869ms] [LOG] 12 @ https://phbidlautdemo.prahu-hub.com/_resources/themes/prahutheme/javascript/custom/masterDP.js?m=1787972929:749
[ 1418869ms] [LOG] 12 countView1 1 pageNow 20 limitView1 @ https://phbidlautdemo.prahu-hub.com/_resources/themes/prahutheme/javascript/custom/masterDP.js?m=1787972929:751
[ 1418869ms] [LOG] 12 @ https://phbidlautdemo.prahu-hub.com/_resources/themes/prahutheme/javascript/custom/masterDP.js?m=1787972929:757
[ 1418870ms] [LOG] 12 jumlah data @ https://phbidlautdemo.prahu-hub.com/_resources/themes/prahutheme/javascript/custom/masterDP.js?m=1787972929:726
[ 1418870ms] [LOG] 1 @ https://phbidlautdemo.prahu-hub.com/_resources/themes/prahutheme/javascript/custom/masterDP.js?m=1787972929:728
[ 1418871ms] [LOG] 1 1 pageCount & pageNow @ https://phbidlautdemo.prahu-hub.com/_resources/themes/prahutheme/javascript/custom/masterDP.js?m=1787972929:652
[ 1418872ms] [LOG] 200 xhrglobal @ https://phbidlautdemo.prahu-hub.com/adminprahu/masterDP:5687
[ 1418872ms] [LOG] ce.fn.init stepItem @ https://phbidlautdemo.prahu-hub.com/_resources/themes/prahutheme/javascript/custom/masterDP.js?m=1787972929:626
[ 1418972ms] [LOG] 200 xhrglobal @ https://phbidlautdemo.prahu-hub.com/adminprahu/masterDP:5687
[ 1419033ms] [LOG] 200 xhrglobal @ https://phbidlautdemo.prahu-hub.com/adminprahu/masterDP:5687
[ 1420688ms] TypeError: $(...).DataTable is not a function
    at https://phbidlautdemo.prahu-hub.com/_resources/themes/prahutheme/js/scripts-init/tables.js:7:23
[ 1421388ms] Cannot use import statement outside a module
[ 1421445ms] ReferenceError: Chart is not defined
    at https://phbidlautdemo.prahu-hub.com/_resources/themes/prahutheme/js/scripts-init/charts/chartjs.js:8:13
[ 1421606ms] Unexpected token '<'
[ 1421609ms] Unexpected token '<'
[ 1421672ms] Uncaught TypeError: expect element to be DOM Element, but got null
    at n.init (https://cdnjs.cloudflare.com/ajax/libs/smooth-scrollbar/8.5.2/smooth-scrollbar.js:24:264)
    at <anonymous> (https://phbidlautdemo.prahu-hub.com/adminprahu/tambahDP:5292:14)
[ 1421699ms] [LOG] Masternamanya @ https://phbidlautdemo.prahu-hub.com/adminprahu/tambahDP:2039
[ 1421716ms] [LOG] Masukkan Nama Dokumen Penagihan @ https://phbidlautdemo.prahu-hub.com/adminprahu/tambahDP:5645
[ 1421717ms] [LOG] WebSocket connection @ https://phbidlautdemo.prahu-hub.com/adminprahu/tambahDP:5688
[ 1421717ms] [LOG] WebSocket connection attempting... @ https://phbidlautdemo.prahu-hub.com/adminprahu/tambahDP:5766
[ 1422860ms] [LOG] WebSocket connected @ https://phbidlautdemo.prahu-hub.com/adminprahu/tambahDP:5697
[ 1422868ms] [LOG] update_dashboard_order_laut @ https://phbidlautdemo.prahu-hub.com/adminprahu/tambahDP:5738
[ 1422985ms] [LOG] 200 xhrglobal @ https://phbidlautdemo.prahu-hub.com/adminprahu/tambahDP:5619
[ 1423035ms] [LOG] 200 xhrglobal @ https://phbidlautdemo.prahu-hub.com/adminprahu/tambahDP:5619
[ 1423716ms] TypeError: $(...).DataTable is not a function
    at https://phbidlautdemo.prahu-hub.com/_resources/themes/prahutheme/js/scripts-init/tables.js:7:23
[ 1423971ms] [LOG] Connected @ https://phbidlautdemo.prahu-hub.com/adminprahu/tambahDP:5738
[ 1448414ms] Cannot use import statement outside a module
[ 1448449ms] ReferenceError: Chart is not defined
    at https://phbidlautdemo.prahu-hub.com/_resources/themes/prahutheme/js/scripts-init/charts/chartjs.js:8:13
[ 1448576ms] Unexpected token '<'
[ 1448577ms] Unexpected token '<'
[ 1448651ms] Uncaught TypeError: expect element to be DOM Element, but got null
    at n.init (https://cdnjs.cloudflare.com/ajax/libs/smooth-scrollbar/8.5.2/smooth-scrollbar.js:24:264)
    at <anonymous> (https://phbidlautdemo.prahu-hub.com/adminprahu/masterpelabuhan:7484:14)
[ 1448698ms] [LOG] Masternamanya @ https://phbidlautdemo.prahu-hub.com/adminprahu/masterpelabuhan:2040
[ 1448717ms] [LOG] undefined @ https://phbidlautdemo.prahu-hub.com/adminprahu/masterpelabuhan:7837
[ 1448717ms] [LOG] Masukkan UN Code @ https://phbidlautdemo.prahu-hub.com/adminprahu/masterpelabuhan:7837
[ 1448717ms] [LOG] Masukkan Nama Pelabuhan @ https://phbidlautdemo.prahu-hub.com/adminprahu/masterpelabuhan:7837
[ 1448717ms] [LOG] undefined @ https://phbidlautdemo.prahu-hub.com/adminprahu/masterpelabuhan:7837
[ 1448718ms] [LOG] Masukkan UN Code @ https://phbidlautdemo.prahu-hub.com/adminprahu/masterpelabuhan:7837
[ 1448718ms] [LOG] undefined @ https://phbidlautdemo.prahu-hub.com/adminprahu/masterpelabuhan:7837
[ 1448718ms] [LOG] undefined @ https://phbidlautdemo.prahu-hub.com/adminprahu/masterpelabuhan:7837
[ 1448718ms] [LOG] Masukkan Nama Pelabuhan @ https://phbidlautdemo.prahu-hub.com/adminprahu/masterpelabuhan:7837
[ 1448720ms] [LOG] WebSocket connection @ https://phbidlautdemo.prahu-hub.com/adminprahu/masterpelabuhan:7880
[ 1448720ms] [LOG] WebSocket connection attempting... @ https://phbidlautdemo.prahu-hub.com/adminprahu/masterpelabuhan:7958
[ 1448834ms] [LOG] WebSocket connected @ https://phbidlautdemo.prahu-hub.com/adminprahu/masterpelabuhan:7889
[ 1448837ms] [LOG] update_dashboard_order_laut @ https://phbidlautdemo.prahu-hub.com/adminprahu/masterpelabuhan:7930
[ 1448866ms] [LOG] Connected @ https://phbidlautdemo.prahu-hub.com/adminprahu/masterpelabuhan:7930
[ 1448905ms] [LOG] [Object, Object, Object, Object, Object, Object, Object, Object, Object, Object, Object, Object, Object, Object, Object, Object, Object, Object, Object, Object] @ https://phbidlautdemo.prahu-hub.com/_resources/themes/prahutheme/javascript/custom/masterpelabuhan.js?m=1787972929:127
[ 1448922ms] [LOG] 64 @ https://phbidlautdemo.prahu-hub.com/_resources/themes/prahutheme/javascript/custom/masterpelabuhan.js?m=1787972929:844
[ 1448922ms] [LOG] 64 countView1 1 pageNow 20 limitView1 @ https://phbidlautdemo.prahu-hub.com/_resources/themes/prahutheme/javascript/custom/masterpelabuhan.js?m=1787972929:846
[ 1448922ms] [LOG] 20 @ https://phbidlautdemo.prahu-hub.com/_resources/themes/prahutheme/javascript/custom/masterpelabuhan.js?m=1787972929:857
[ 1448923ms] [LOG] 64 jumlah data @ https://phbidlautdemo.prahu-hub.com/_resources/themes/prahutheme/javascript/custom/masterpelabuhan.js?m=1787972929:803
[ 1448924ms] [LOG] 4 @ https://phbidlautdemo.prahu-hub.com/_resources/themes/prahutheme/javascript/custom/masterpelabuhan.js?m=1787972929:805
[ 1448925ms] [LOG] 4 1 pageCount & pageNow @ https://phbidlautdemo.prahu-hub.com/_resources/themes/prahutheme/javascript/custom/masterpelabuhan.js?m=1787972929:731
[ 1448928ms] [LOG] 200 xhrglobal @ https://phbidlautdemo.prahu-hub.com/adminprahu/masterpelabuhan:7811
[ 1448929ms] [LOG] ce.fn.init stepItem @ https://phbidlautdemo.prahu-hub.com/_resources/themes/prahutheme/javascript/custom/masterpelabuhan.js?m=1787972929:700
[ 1449003ms] [LOG] 200 xhrglobal @ https://phbidlautdemo.prahu-hub.com/adminprahu/masterpelabuhan:7811
[ 1449071ms] [LOG] 200 xhrglobal @ https://phbidlautdemo.prahu-hub.com/adminprahu/masterpelabuhan:7811
[ 1450720ms] TypeError: $(...).DataTable is not a function
    at https://phbidlautdemo.prahu-hub.com/_resources/themes/prahutheme/js/scripts-init/tables.js:7:23
[ 1451423ms] Cannot use import statement outside a module
[ 1451469ms] ReferenceError: Chart is not defined
    at https://phbidlautdemo.prahu-hub.com/_resources/themes/prahutheme/js/scripts-init/charts/chartjs.js:8:13
[ 1451571ms] Unexpected token '<'
[ 1451571ms] Unexpected token '<'
[ 1451633ms] Uncaught TypeError: expect element to be DOM Element, but got null
    at n.init (https://cdnjs.cloudflare.com/ajax/libs/smooth-scrollbar/8.5.2/smooth-scrollbar.js:24:264)
    at <anonymous> (https://phbidlautdemo.prahu-hub.com/adminprahu/tambahpelabuhan:7400:14)
[ 1451682ms] [LOG] Masternamanya @ https://phbidlautdemo.prahu-hub.com/adminprahu/tambahpelabuhan:2039
[ 1451693ms] [LOG] Masukkan UN Code @ https://phbidlautdemo.prahu-hub.com/adminprahu/tambahpelabuhan:7753
[ 1451693ms] [LOG] Masukkan Nama Pelabuhan @ https://phbidlautdemo.prahu-hub.com/adminprahu/tambahpelabuhan:7753
[ 1451695ms] [LOG] WebSocket connection @ https://phbidlautdemo.prahu-hub.com/adminprahu/tambahpelabuhan:7796
[ 1451695ms] [LOG] WebSocket connection attempting... @ https://phbidlautdemo.prahu-hub.com/adminprahu/tambahpelabuhan:7874
[ 1451836ms] [LOG] WebSocket connected @ https://phbidlautdemo.prahu-hub.com/adminprahu/tambahpelabuhan:7805
[ 1451843ms] [LOG] update_dashboard_order_laut @ https://phbidlautdemo.prahu-hub.com/adminprahu/tambahpelabuhan:7846
[ 1451871ms] [LOG] Connected @ https://phbidlautdemo.prahu-hub.com/adminprahu/tambahpelabuhan:7846
[ 1451999ms] [LOG] 200 xhrglobal @ https://phbidlautdemo.prahu-hub.com/adminprahu/tambahpelabuhan:7727
[ 1452053ms] [LOG] 200 xhrglobal @ https://phbidlautdemo.prahu-hub.com/adminprahu/tambahpelabuhan:7727
[ 1453490ms] Cannot use import statement outside a module
[ 1453511ms] ReferenceError: Chart is not defined
    at https://phbidlautdemo.prahu-hub.com/_resources/themes/prahutheme/js/scripts-init/charts/chartjs.js:8:13
[ 1453700ms] Unexpected token '<'
[ 1453700ms] Unexpected token '<'
[ 1453763ms] Uncaught TypeError: expect element to be DOM Element, but got null
    at n.init (https://cdnjs.cloudflare.com/ajax/libs/smooth-scrollbar/8.5.2/smooth-scrollbar.js:24:264)
    at <anonymous> (https://phbidlautdemo.prahu-hub.com/adminprahu/masterInclude:5297:14)
[ 1453806ms] [LOG] Masternamanya @ https://phbidlautdemo.prahu-hub.com/adminprahu/masterInclude:2040
[ 1453818ms] [LOG] undefined @ https://phbidlautdemo.prahu-hub.com/adminprahu/masterInclude:5650
[ 1453818ms] [LOG] Masukkan Nama Include @ https://phbidlautdemo.prahu-hub.com/adminprahu/masterInclude:5650
[ 1453818ms] [LOG] undefined @ https://phbidlautdemo.prahu-hub.com/adminprahu/masterInclude:5650
[ 1453818ms] [LOG] Masukkan Nama Include @ https://phbidlautdemo.prahu-hub.com/adminprahu/masterInclude:5650
[ 1453818ms] [LOG] undefined @ https://phbidlautdemo.prahu-hub.com/adminprahu/masterInclude:5650
[ 1453819ms] [LOG] WebSocket connection @ https://phbidlautdemo.prahu-hub.com/adminprahu/masterInclude:5693
[ 1453820ms] [LOG] WebSocket connection attempting... @ https://phbidlautdemo.prahu-hub.com/adminprahu/masterInclude:5771
[ 1453945ms] [LOG] WebSocket connected @ https://phbidlautdemo.prahu-hub.com/adminprahu/masterInclude:5702
[ 1453949ms] [LOG] update_dashboard_order_laut @ https://phbidlautdemo.prahu-hub.com/adminprahu/masterInclude:5743
[ 1453977ms] [LOG] Connected @ https://phbidlautdemo.prahu-hub.com/adminprahu/masterInclude:5743
[ 1454066ms] [LOG] [Object, Object, Object, Object, Object, Object, Object, Object, Object, Object, Object, Object, Object, Object, Object, Object, Object, Object, Object, Object] @ https://phbidlautdemo.prahu-hub.com/_resources/themes/prahutheme/javascript/custom/masterinclude.js?m=1787972929:125
[ 1454082ms] [LOG] 24 @ https://phbidlautdemo.prahu-hub.com/_resources/themes/prahutheme/javascript/custom/masterinclude.js?m=1787972929:826
[ 1454082ms] [LOG] 24 countView1 1 pageNow 20 limitView1 @ https://phbidlautdemo.prahu-hub.com/_resources/themes/prahutheme/javascript/custom/masterinclude.js?m=1787972929:828
[ 1454083ms] [LOG] 20 @ https://phbidlautdemo.prahu-hub.com/_resources/themes/prahutheme/javascript/custom/masterinclude.js?m=1787972929:839
[ 1454084ms] [LOG] 24 jumlah data @ https://phbidlautdemo.prahu-hub.com/_resources/themes/prahutheme/javascript/custom/masterinclude.js?m=1787972929:785
[ 1454084ms] [LOG] 2 @ https://phbidlautdemo.prahu-hub.com/_resources/themes/prahutheme/javascript/custom/masterinclude.js?m=1787972929:787
[ 1454085ms] [LOG] 2 1 pageCount & pageNow @ https://phbidlautdemo.prahu-hub.com/_resources/themes/prahutheme/javascript/custom/masterinclude.js?m=1787972929:713
[ 1454087ms] [LOG] 200 xhrglobal @ https://phbidlautdemo.prahu-hub.com/adminprahu/masterInclude:5624
[ 1454087ms] [LOG] ce.fn.init stepItem @ https://phbidlautdemo.prahu-hub.com/_resources/themes/prahutheme/javascript/custom/masterinclude.js?m=1787972929:682
[ 1454181ms] [LOG] 200 xhrglobal @ https://phbidlautdemo.prahu-hub.com/adminprahu/masterInclude:5624
[ 1454235ms] [LOG] 200 xhrglobal @ https://phbidlautdemo.prahu-hub.com/adminprahu/masterInclude:5624
[ 1456422ms] Cannot use import statement outside a module
[ 1456465ms] ReferenceError: Chart is not defined
    at https://phbidlautdemo.prahu-hub.com/_resources/themes/prahutheme/js/scripts-init/charts/chartjs.js:8:13
[ 1456634ms] Unexpected token '<'
[ 1456635ms] Unexpected token '<'
[ 1456725ms] Uncaught TypeError: expect element to be DOM Element, but got null
    at n.init (https://cdnjs.cloudflare.com/ajax/libs/smooth-scrollbar/8.5.2/smooth-scrollbar.js:24:264)
    at <anonymous> (https://phbidlautdemo.prahu-hub.com/adminprahu/tambahinclude:5298:14)
[ 1456764ms] [LOG] Masternamanya @ https://phbidlautdemo.prahu-hub.com/adminprahu/tambahinclude:2039
[ 1456776ms] [LOG] Masukkan Nama Include @ https://phbidlautdemo.prahu-hub.com/adminprahu/tambahinclude:5651
[ 1456778ms] [LOG] WebSocket connection @ https://phbidlautdemo.prahu-hub.com/adminprahu/tambahinclude:5694
[ 1456778ms] [LOG] WebSocket connection attempting... @ https://phbidlautdemo.prahu-hub.com/adminprahu/tambahinclude:5772
[ 1456901ms] [LOG] WebSocket connected @ https://phbidlautdemo.prahu-hub.com/adminprahu/tambahinclude:5703
[ 1456905ms] [LOG] update_dashboard_order_laut @ https://phbidlautdemo.prahu-hub.com/adminprahu/tambahinclude:5744
[ 1456934ms] [LOG] Connected @ https://phbidlautdemo.prahu-hub.com/adminprahu/tambahinclude:5744
[ 1457310ms] [LOG] 200 xhrglobal @ https://phbidlautdemo.prahu-hub.com/adminprahu/tambahinclude:5625
[ 1457386ms] [LOG] 200 xhrglobal @ https://phbidlautdemo.prahu-hub.com/adminprahu/tambahinclude:5625
[ 1458722ms] Cannot use import statement outside a module
[ 1458755ms] ReferenceError: Chart is not defined
    at https://phbidlautdemo.prahu-hub.com/_resources/themes/prahutheme/js/scripts-init/charts/chartjs.js:8:13
[ 1458800ms] Unexpected token '<'
[ 1458801ms] Unexpected token '<'
[ 1458878ms] Uncaught TypeError: expect element to be DOM Element, but got null
    at n.init (https://cdnjs.cloudflare.com/ajax/libs/smooth-scrollbar/8.5.2/smooth-scrollbar.js:24:264)
    at <anonymous> (https://phbidlautdemo.prahu-hub.com/adminprahu/pelayaran:5220:14)
[ 1458917ms] [LOG] Masternamanya @ https://phbidlautdemo.prahu-hub.com/adminprahu/pelayaran:2040
[ 1458925ms] [LOG] undefined @ https://phbidlautdemo.prahu-hub.com/adminprahu/pelayaran:5573
[ 1458925ms] [LOG] Masukkan Nama Pelayaran @ https://phbidlautdemo.prahu-hub.com/adminprahu/pelayaran:5573
[ 1458927ms] [LOG] WebSocket connection @ https://phbidlautdemo.prahu-hub.com/adminprahu/pelayaran:5616
[ 1458927ms] [LOG] WebSocket connection attempting... @ https://phbidlautdemo.prahu-hub.com/adminprahu/pelayaran:5694
[ 1459146ms] [LOG] [Object, Object, Object, Object, Object, Object, Object, Object, Object, Object, Object, Object, Object, Object, Object, Object, Object, Object, Object, Object] @ https://phbidlautdemo.prahu-hub.com/_resources/themes/prahutheme/javascript/custom/pelayaran.js?m=1787972929:115
[ 1459160ms] [LOG] 24 @ https://phbidlautdemo.prahu-hub.com/_resources/themes/prahutheme/javascript/custom/pelayaran.js?m=1787972929:693
[ 1459161ms] [LOG] 24 countView1 1 pageNow 20 limitView1 @ https://phbidlautdemo.prahu-hub.com/_resources/themes/prahutheme/javascript/custom/pelayaran.js?m=1787972929:695
[ 1459162ms] [LOG] 20 @ https://phbidlautdemo.prahu-hub.com/_resources/themes/prahutheme/javascript/custom/pelayaran.js?m=1787972929:701
[ 1459163ms] [LOG] 24 jumlah data @ https://phbidlautdemo.prahu-hub.com/_resources/themes/prahutheme/javascript/custom/pelayaran.js?m=1787972929:658
[ 1459163ms] [LOG] 2 @ https://phbidlautdemo.prahu-hub.com/_resources/themes/prahutheme/javascript/custom/pelayaran.js?m=1787972929:660
[ 1459164ms] [LOG] 2 1 pageCount & pageNow @ https://phbidlautdemo.prahu-hub.com/_resources/themes/prahutheme/javascript/custom/pelayaran.js?m=1787972929:584
[ 1459167ms] [LOG] 200 xhrglobal @ https://phbidlautdemo.prahu-hub.com/adminprahu/pelayaran:5547
[ 1459197ms] [LOG] ce.fn.init stepItem @ https://phbidlautdemo.prahu-hub.com/_resources/themes/prahutheme/javascript/custom/pelayaran.js?m=1787972929:558
[ 1459356ms] [LOG] WebSocket connected @ https://phbidlautdemo.prahu-hub.com/adminprahu/pelayaran:5625
[ 1459367ms] [LOG] update_dashboard_order_laut @ https://phbidlautdemo.prahu-hub.com/adminprahu/pelayaran:5666
[ 1459457ms] [LOG] Connected @ https://phbidlautdemo.prahu-hub.com/adminprahu/pelayaran:5666
[ 1459534ms] [LOG] 200 xhrglobal @ https://phbidlautdemo.prahu-hub.com/adminprahu/pelayaran:5547
[ 1459584ms] [LOG] 200 xhrglobal @ https://phbidlautdemo.prahu-hub.com/adminprahu/pelayaran:5547
[ 1460932ms] TypeError: $(...).DataTable is not a function
    at https://phbidlautdemo.prahu-hub.com/_resources/themes/prahutheme/js/scripts-init/tables.js:7:23
[ 1461951ms] Unexpected token '<'
[ 1461977ms] Cannot use import statement outside a module
[ 1461997ms] ReferenceError: Chart is not defined
    at https://phbidlautdemo.prahu-hub.com/_resources/themes/prahutheme/js/scripts-init/charts/chartjs.js:8:13
[ 1462070ms] Unexpected token '<'
[ 1462071ms] Unexpected token '<'
[ 1462157ms] Uncaught TypeError: expect element to be DOM Element, but got null
    at n.init (https://cdnjs.cloudflare.com/ajax/libs/smooth-scrollbar/8.5.2/smooth-scrollbar.js:24:264)
    at <anonymous> (https://phbidlautdemo.prahu-hub.com/adminprahu/AddPelayaran:5294:14)
[ 1462191ms] [LOG] Masternamanya @ https://phbidlautdemo.prahu-hub.com/adminprahu/AddPelayaran:2039
[ 1462200ms] [LOG] undefined @ https://phbidlautdemo.prahu-hub.com/adminprahu/AddPelayaran:5647
[ 1462200ms] [LOG] Masukkan Nama Pelayaran @ https://phbidlautdemo.prahu-hub.com/adminprahu/AddPelayaran:5647
[ 1462200ms] [LOG] undefined @ https://phbidlautdemo.prahu-hub.com/adminprahu/AddPelayaran:5647
[ 1462200ms] [LOG] Masukkan Logo Pelayaran @ https://phbidlautdemo.prahu-hub.com/adminprahu/AddPelayaran:5647
[ 1462200ms] [LOG] Masukkan Gambar  @ https://phbidlautdemo.prahu-hub.com/adminprahu/AddPelayaran:5647
[ 1462202ms] [LOG] WebSocket connection @ https://phbidlautdemo.prahu-hub.com/adminprahu/AddPelayaran:5690
[ 1462202ms] [LOG] WebSocket connection attempting... @ https://phbidlautdemo.prahu-hub.com/adminprahu/AddPelayaran:5768
[ 1462318ms] [LOG] WebSocket connected @ https://phbidlautdemo.prahu-hub.com/adminprahu/AddPelayaran:5699
[ 1462327ms] [LOG] update_dashboard_order_laut @ https://phbidlautdemo.prahu-hub.com/adminprahu/AddPelayaran:5740
[ 1462351ms] [LOG] Connected @ https://phbidlautdemo.prahu-hub.com/adminprahu/AddPelayaran:5740
[ 1462443ms] [LOG] 200 xhrglobal @ https://phbidlautdemo.prahu-hub.com/adminprahu/AddPelayaran:5621
[ 1462494ms] [LOG] 200 xhrglobal @ https://phbidlautdemo.prahu-hub.com/adminprahu/AddPelayaran:5621
[ 1463646ms] Cannot use import statement outside a module
[ 1463681ms] ReferenceError: Chart is not defined
    at https://phbidlautdemo.prahu-hub.com/_resources/themes/prahutheme/js/scripts-init/charts/chartjs.js:8:13
[ 1463853ms] Unexpected token '<'
[ 1463854ms] Unexpected token '<'
[ 1463923ms] Uncaught TypeError: expect element to be DOM Element, but got null
    at n.init (https://cdnjs.cloudflare.com/ajax/libs/smooth-scrollbar/8.5.2/smooth-scrollbar.js:24:264)
    at <anonymous> (https://phbidlautdemo.prahu-hub.com/adminprahu/masterfreetime:5578:14)
[ 1463963ms] [LOG] Masternamanya @ https://phbidlautdemo.prahu-hub.com/adminprahu/masterfreetime:2040
[ 1463974ms] [LOG] undefined @ https://phbidlautdemo.prahu-hub.com/adminprahu/masterfreetime:5931
[ 1463974ms] [LOG] Masukkan Storage @ https://phbidlautdemo.prahu-hub.com/adminprahu/masterfreetime:5931
[ 1463974ms] [LOG] undefined @ https://phbidlautdemo.prahu-hub.com/adminprahu/masterfreetime:5931
[ 1463974ms] [LOG] undefined @ https://phbidlautdemo.prahu-hub.com/adminprahu/masterfreetime:5931
[ 1463975ms] [LOG] undefined @ https://phbidlautdemo.prahu-hub.com/adminprahu/masterfreetime:5931
[ 1463975ms] [LOG] Storage @ https://phbidlautdemo.prahu-hub.com/adminprahu/masterfreetime:5931
[ 1463976ms] [LOG] WebSocket connection @ https://phbidlautdemo.prahu-hub.com/adminprahu/masterfreetime:5974
[ 1463977ms] [LOG] WebSocket connection attempting... @ https://phbidlautdemo.prahu-hub.com/adminprahu/masterfreetime:6052
[ 1464086ms] [LOG] [Object, Object] @ https://phbidlautdemo.prahu-hub.com/_resources/themes/prahutheme/javascript/custom/masterfreetime.js?m=1787972929:123
[ 1464090ms] [LOG] 2 @ https://phbidlautdemo.prahu-hub.com/_resources/themes/prahutheme/javascript/custom/masterfreetime.js?m=1787972929:782
[ 1464090ms] [LOG] 2 countView1 1 pageNow 20 limitView1 @ https://phbidlautdemo.prahu-hub.com/_resources/themes/prahutheme/javascript/custom/masterfreetime.js?m=1787972929:784
[ 1464090ms] [LOG] 2 @ https://phbidlautdemo.prahu-hub.com/_resources/themes/prahutheme/javascript/custom/masterfreetime.js?m=1787972929:795
[ 1464091ms] [LOG] 2 jumlah data @ https://phbidlautdemo.prahu-hub.com/_resources/themes/prahutheme/javascript/custom/masterfreetime.js?m=1787972929:741
[ 1464091ms] [LOG] 1 @ https://phbidlautdemo.prahu-hub.com/_resources/themes/prahutheme/javascript/custom/masterfreetime.js?m=1787972929:743
[ 1464092ms] [LOG] 1 1 pageCount & pageNow @ https://phbidlautdemo.prahu-hub.com/_resources/themes/prahutheme/javascript/custom/masterfreetime.js?m=1787972929:669
[ 1464094ms] [LOG] 200 xhrglobal @ https://phbidlautdemo.prahu-hub.com/adminprahu/masterfreetime:5905
[ 1464095ms] [LOG] ce.fn.init stepItem @ https://phbidlautdemo.prahu-hub.com/_resources/themes/prahutheme/javascript/custom/masterfreetime.js?m=1787972929:638
[ 1464346ms] [LOG] WebSocket connected @ https://phbidlautdemo.prahu-hub.com/adminprahu/masterfreetime:5983
[ 1464352ms] [LOG] update_dashboard_order_laut @ https://phbidlautdemo.prahu-hub.com/adminprahu/masterfreetime:6024
[ 1464465ms] [LOG] Connected @ https://phbidlautdemo.prahu-hub.com/adminprahu/masterfreetime:6024
[ 1464468ms] [LOG] 200 xhrglobal @ https://phbidlautdemo.prahu-hub.com/adminprahu/masterfreetime:5905
[ 1464518ms] [LOG] 200 xhrglobal @ https://phbidlautdemo.prahu-hub.com/adminprahu/masterfreetime:5905
[ 1465975ms] TypeError: $(...).DataTable is not a function
    at https://phbidlautdemo.prahu-hub.com/_resources/themes/prahutheme/js/scripts-init/tables.js:7:23
[ 1466481ms] Cannot use import statement outside a module
[ 1466522ms] ReferenceError: Chart is not defined
    at https://phbidlautdemo.prahu-hub.com/_resources/themes/prahutheme/js/scripts-init/charts/chartjs.js:8:13
[ 1466713ms] Unexpected token '<'
[ 1466723ms] Unexpected token '<'
[ 1466774ms] Uncaught TypeError: expect element to be DOM Element, but got null
    at n.init (https://cdnjs.cloudflare.com/ajax/libs/smooth-scrollbar/8.5.2/smooth-scrollbar.js:24:264)
    at <anonymous> (https://phbidlautdemo.prahu-hub.com/adminprahu/tambahmasterfreetime:5949:14)
[ 1466812ms] [LOG] Masternamanya @ https://phbidlautdemo.prahu-hub.com/adminprahu/tambahmasterfreetime:2039
[ 1466838ms] [LOG] Storage @ https://phbidlautdemo.prahu-hub.com/adminprahu/tambahmasterfreetime:6302
[ 1466839ms] [LOG] WebSocket connection @ https://phbidlautdemo.prahu-hub.com/adminprahu/tambahmasterfreetime:6345
[ 1466839ms] [LOG] WebSocket connection attempting... @ https://phbidlautdemo.prahu-hub.com/adminprahu/tambahmasterfreetime:6423
[ 1468057ms] [LOG] WebSocket connected @ https://phbidlautdemo.prahu-hub.com/adminprahu/tambahmasterfreetime:6354
[ 1468067ms] [LOG] update_dashboard_order_laut @ https://phbidlautdemo.prahu-hub.com/adminprahu/tambahmasterfreetime:6395
[ 1468766ms] Cannot use import statement outside a module
[ 1468817ms] ReferenceError: Chart is not defined
    at https://phbidlautdemo.prahu-hub.com/_resources/themes/prahutheme/js/scripts-init/charts/chartjs.js:8:13
[ 1469166ms] Unexpected token '<'
[ 1469168ms] Unexpected token '<'
[ 1469267ms] TypeError: $(...).datetimepicker is not a function
    at https://phbidlautdemo.prahu-hub.com/adminprahu/masteriklan:5210:15
[ 1469303ms] Uncaught TypeError: expect element to be DOM Element, but got null
    at n.init (https://cdnjs.cloudflare.com/ajax/libs/smooth-scrollbar/8.5.2/smooth-scrollbar.js:24:264)
    at <anonymous> (https://phbidlautdemo.prahu-hub.com/adminprahu/masteriklan:5944:14)
[ 1469341ms] [LOG] Masternamanya @ https://phbidlautdemo.prahu-hub.com/adminprahu/masteriklan:2040
[ 1469352ms] [LOG] DD/MM/YYYY @ https://phbidlautdemo.prahu-hub.com/adminprahu/masteriklan:6297
[ 1469355ms] [LOG] DD/MM/YYYY @ https://phbidlautdemo.prahu-hub.com/adminprahu/masteriklan:6297
[ 1469356ms] [LOG] undefined @ https://phbidlautdemo.prahu-hub.com/adminprahu/masteriklan:6297
[ 1469356ms] [LOG] undefined @ https://phbidlautdemo.prahu-hub.com/adminprahu/masteriklan:6297
[ 1469356ms] [LOG] DD/MM/YYYY HH:MM @ https://phbidlautdemo.prahu-hub.com/adminprahu/masteriklan:6297
[ 1469357ms] [LOG] DD/MM/YYYY HH:MM @ https://phbidlautdemo.prahu-hub.com/adminprahu/masteriklan:6297
[ 1469358ms] [LOG] WebSocket connection @ https://phbidlautdemo.prahu-hub.com/adminprahu/masteriklan:6340
[ 1469359ms] [LOG] WebSocket connection attempting... @ https://phbidlautdemo.prahu-hub.com/adminprahu/masteriklan:6418
[ 1469560ms] [LOG] [Object, Object, Object, Object, Object, Object, Object, Object, Object, Object] @ https://phbidlautdemo.prahu-hub.com/_resources/themes/prahutheme/javascript/custom/master_iklan.js?m=1787972929:108
[ 1469565ms] [LOG] 10 @ https://phbidlautdemo.prahu-hub.com/_resources/themes/prahutheme/javascript/custom/master_iklan.js?m=1787972929:875
[ 1469566ms] [LOG] 10 countView1 1 pageNow 20 limitView1 @ https://phbidlautdemo.prahu-hub.com/_resources/themes/prahutheme/javascript/custom/master_iklan.js?m=1787972929:877
[ 1469566ms] [LOG] 10 @ https://phbidlautdemo.prahu-hub.com/_resources/themes/prahutheme/javascript/custom/master_iklan.js?m=1787972929:888
[ 1469566ms] [LOG] 10 jumlah data @ https://phbidlautdemo.prahu-hub.com/_resources/themes/prahutheme/javascript/custom/master_iklan.js?m=1787972929:841
[ 1469566ms] [LOG] 1 @ https://phbidlautdemo.prahu-hub.com/_resources/themes/prahutheme/javascript/custom/master_iklan.js?m=1787972929:843
[ 1469567ms] [LOG] 1 1 pageCount & pageNow @ https://phbidlautdemo.prahu-hub.com/_resources/themes/prahutheme/javascript/custom/master_iklan.js?m=1787972929:769
[ 1469570ms] [LOG] 200 xhrglobal @ https://phbidlautdemo.prahu-hub.com/adminprahu/masteriklan:6271
[ 1469571ms] [LOG] ce.fn.init stepItem @ https://phbidlautdemo.prahu-hub.com/_resources/themes/prahutheme/javascript/custom/master_iklan.js?m=1787972929:738
[ 1469593ms] [LOG] WebSocket connected @ https://phbidlautdemo.prahu-hub.com/adminprahu/masteriklan:6349
[ 1469611ms] [LOG] update_dashboard_order_laut @ https://phbidlautdemo.prahu-hub.com/adminprahu/masteriklan:6390
[ 1469628ms] [LOG] Connected @ https://phbidlautdemo.prahu-hub.com/adminprahu/masteriklan:6390
[ 1469745ms] [LOG] 200 xhrglobal @ https://phbidlautdemo.prahu-hub.com/adminprahu/masteriklan:6271
[ 1469803ms] [LOG] 200 xhrglobal @ https://phbidlautdemo.prahu-hub.com/adminprahu/masteriklan:6271
[ 1471361ms] TypeError: $(...).DataTable is not a function
    at https://phbidlautdemo.prahu-hub.com/_resources/themes/prahutheme/js/scripts-init/tables.js:7:23
[ 1472163ms] Cannot use import statement outside a module
[ 1472191ms] ReferenceError: Chart is not defined
    at https://phbidlautdemo.prahu-hub.com/_resources/themes/prahutheme/js/scripts-init/charts/chartjs.js:8:13
[ 1472406ms] Unexpected token '<'
[ 1472407ms] Unexpected token '<'
[ 1472458ms] Uncaught TypeError: expect element to be DOM Element, but got null
    at n.init (https://cdnjs.cloudflare.com/ajax/libs/smooth-scrollbar/8.5.2/smooth-scrollbar.js:24:264)
    at <anonymous> (https://phbidlautdemo.prahu-hub.com/adminprahu/tambahiklan:6307:14)
[ 1472478ms] [LOG] Masternamanya @ https://phbidlautdemo.prahu-hub.com/adminprahu/tambahiklan:2039
[ 1472497ms] [LOG] DD/MM/YYYY hh:mm @ https://phbidlautdemo.prahu-hub.com/adminprahu/tambahiklan:6660
[ 1472497ms] [LOG] DD/MM/YYYY hh:mm @ https://phbidlautdemo.prahu-hub.com/adminprahu/tambahiklan:6660
[ 1472499ms] [LOG] WebSocket connection @ https://phbidlautdemo.prahu-hub.com/adminprahu/tambahiklan:6703
[ 1472499ms] [LOG] WebSocket connection attempting... @ https://phbidlautdemo.prahu-hub.com/adminprahu/tambahiklan:6781
[ 1472622ms] [LOG] WebSocket connected @ https://phbidlautdemo.prahu-hub.com/adminprahu/tambahiklan:6712
[ 1472625ms] [LOG] update_dashboard_order_laut @ https://phbidlautdemo.prahu-hub.com/adminprahu/tambahiklan:6753
[ 1472654ms] [LOG] Connected @ https://phbidlautdemo.prahu-hub.com/adminprahu/tambahiklan:6753
[ 1472736ms] [LOG] 200 xhrglobal @ https://phbidlautdemo.prahu-hub.com/adminprahu/tambahiklan:6634
[ 1472789ms] [LOG] 200 xhrglobal @ https://phbidlautdemo.prahu-hub.com/adminprahu/tambahiklan:6634
[ 1474478ms] Cannot use import statement outside a module
[ 1474509ms] ReferenceError: Chart is not defined
    at https://phbidlautdemo.prahu-hub.com/_resources/themes/prahutheme/js/scripts-init/charts/chartjs.js:8:13
[ 1474652ms] Unexpected token '<'
[ 1474653ms] Unexpected token '<'
[ 1474716ms] Uncaught TypeError: expect element to be DOM Element, but got null
    at n.init (https://cdnjs.cloudflare.com/ajax/libs/smooth-scrollbar/8.5.2/smooth-scrollbar.js:24:264)
    at <anonymous> (https://phbidlautdemo.prahu-hub.com/adminprahu/masterpetugasapk:7707:14)
[ 1474778ms] [LOG] Masternamanya @ https://phbidlautdemo.prahu-hub.com/adminprahu/masterpetugasapk:2040
[ 1474795ms] [LOG] undefined @ https://phbidlautdemo.prahu-hub.com/adminprahu/masterpetugasapk:8060
[ 1474796ms] [LOG] Masukkan Nama Petugas @ https://phbidlautdemo.prahu-hub.com/adminprahu/masterpetugasapk:8060
[ 1474796ms] [LOG] 08xxxxxxxxxx @ https://phbidlautdemo.prahu-hub.com/adminprahu/masterpetugasapk:8060
[ 1474796ms] [LOG] undefined @ https://phbidlautdemo.prahu-hub.com/adminprahu/masterpetugasapk:8060
[ 1474796ms] [LOG] Masukkan Nama Petugas @ https://phbidlautdemo.prahu-hub.com/adminprahu/masterpetugasapk:8060
[ 1474797ms] [LOG] 08xxxxxxxxxx @ https://phbidlautdemo.prahu-hub.com/adminprahu/masterpetugasapk:8060
[ 1474797ms] [LOG] undefined @ https://phbidlautdemo.prahu-hub.com/adminprahu/masterpetugasapk:8060
[ 1474797ms] [LOG] Masukkan Nama Bank @ https://phbidlautdemo.prahu-hub.com/adminprahu/masterpetugasapk:8060
[ 1474797ms] [LOG] undefined @ https://phbidlautdemo.prahu-hub.com/adminprahu/masterpetugasapk:8060
[ 1474799ms] [LOG] WebSocket connection @ https://phbidlautdemo.prahu-hub.com/adminprahu/masterpetugasapk:8103
[ 1474799ms] [LOG] WebSocket connection attempting... @ https://phbidlautdemo.prahu-hub.com/adminprahu/masterpetugasapk:8181
[ 1474920ms] [LOG] WebSocket connected @ https://phbidlautdemo.prahu-hub.com/adminprahu/masterpetugasapk:8112
[ 1474922ms] [LOG] update_dashboard_order_laut @ https://phbidlautdemo.prahu-hub.com/adminprahu/masterpetugasapk:8153
[ 1474952ms] [LOG] Connected @ https://phbidlautdemo.prahu-hub.com/adminprahu/masterpetugasapk:8153
[ 1475049ms] [LOG] 87 @ https://phbidlautdemo.prahu-hub.com/_resources/themes/prahutheme/javascript/custom/masterpetugasapk.js?m=1787972929:505
[ 1475049ms] [LOG] 87 countView1 1 pageNow 20 limitView1 @ https://phbidlautdemo.prahu-hub.com/_resources/themes/prahutheme/javascript/custom/masterpetugasapk.js?m=1787972929:507
[ 1475050ms] [LOG] 20 @ https://phbidlautdemo.prahu-hub.com/_resources/themes/prahutheme/javascript/custom/masterpetugasapk.js?m=1787972929:513
[ 1475051ms] [LOG] 87 jumlah data @ https://phbidlautdemo.prahu-hub.com/_resources/themes/prahutheme/javascript/custom/masterpetugasapk.js?m=1787972929:468
[ 1475051ms] [LOG] 5 @ https://phbidlautdemo.prahu-hub.com/_resources/themes/prahutheme/javascript/custom/masterpetugasapk.js?m=1787972929:470
[ 1475053ms] [LOG] 5 1 pageCount & pageNow @ https://phbidlautdemo.prahu-hub.com/_resources/themes/prahutheme/javascript/custom/masterpetugasapk.js?m=1787972929:393
[ 1475058ms] [LOG] 200 xhrglobal @ https://phbidlautdemo.prahu-hub.com/adminprahu/masterpetugasapk:8034
[ 1475118ms] ReferenceError: renderTooltipHarga is not defined
    at https://phbidlautdemo.prahu-hub.com/_resources/themes/prahutheme/javascript/custom/masterpetugasapk.js?m=1787972929:597:9
[ 1475141ms] [LOG] 200 xhrglobal @ https://phbidlautdemo.prahu-hub.com/adminprahu/masterpetugasapk:8034
[ 1475195ms] [LOG] 200 xhrglobal @ https://phbidlautdemo.prahu-hub.com/adminprahu/masterpetugasapk:8034
[ 1476802ms] TypeError: $(...).DataTable is not a function
    at https://phbidlautdemo.prahu-hub.com/_resources/themes/prahutheme/js/scripts-init/tables.js:7:23
[ 1477683ms] Cannot use import statement outside a module
[ 1477758ms] ReferenceError: Chart is not defined
    at https://phbidlautdemo.prahu-hub.com/_resources/themes/prahutheme/js/scripts-init/charts/chartjs.js:8:13
[ 1477760ms] Unexpected token '<'
[ 1477768ms] Unexpected token '<'
[ 1477845ms] Uncaught TypeError: expect element to be DOM Element, but got null
    at n.init (https://cdnjs.cloudflare.com/ajax/libs/smooth-scrollbar/8.5.2/smooth-scrollbar.js:24:264)
    at <anonymous> (https://phbidlautdemo.prahu-hub.com/adminprahu/tambahpetugasapk:6404:14)
[ 1477900ms] [LOG] Masternamanya @ https://phbidlautdemo.prahu-hub.com/adminprahu/tambahpetugasapk:2039
[ 1477917ms] [LOG] Masukkan Nama Petugas @ https://phbidlautdemo.prahu-hub.com/adminprahu/tambahpetugasapk:6757
[ 1477917ms] [LOG] undefined @ https://phbidlautdemo.prahu-hub.com/adminprahu/tambahpetugasapk:6757
[ 1477917ms] [LOG] 08xxxxxxx @ https://phbidlautdemo.prahu-hub.com/adminprahu/tambahpetugasapk:6757
[ 1477919ms] [LOG] WebSocket connection @ https://phbidlautdemo.prahu-hub.com/adminprahu/tambahpetugasapk:6800
[ 1477919ms] [LOG] WebSocket connection attempting... @ https://phbidlautdemo.prahu-hub.com/adminprahu/tambahpetugasapk:6878
[ 1478931ms] [LOG] WebSocket connected @ https://phbidlautdemo.prahu-hub.com/adminprahu/tambahpetugasapk:6809
[ 1478937ms] [LOG] update_dashboard_order_laut @ https://phbidlautdemo.prahu-hub.com/adminprahu/tambahpetugasapk:6850
[ 1479042ms] [LOG] 200 xhrglobal @ https://phbidlautdemo.prahu-hub.com/adminprahu/tambahpetugasapk:6731
[ 1479084ms] [LOG] Connected @ https://phbidlautdemo.prahu-hub.com/adminprahu/tambahpetugasapk:6850
[ 1479113ms] [LOG] 200 xhrglobal @ https://phbidlautdemo.prahu-hub.com/adminprahu/tambahpetugasapk:6731
[ 1479914ms] TypeError: $(...).DataTable is not a function
    at https://phbidlautdemo.prahu-hub.com/_resources/themes/prahutheme/js/scripts-init/tables.js:7:23
[ 1502173ms] Cannot use import statement outside a module
[ 1502205ms] ReferenceError: Chart is not defined
    at https://phbidlautdemo.prahu-hub.com/_resources/themes/prahutheme/js/scripts-init/charts/chartjs.js:8:13
[ 1502241ms] Unexpected token '<'
[ 1502244ms] Unexpected token '<'
[ 1502321ms] Uncaught TypeError: expect element to be DOM Element, but got null
    at n.init (https://cdnjs.cloudflare.com/ajax/libs/smooth-scrollbar/8.5.2/smooth-scrollbar.js:24:264)
    at <anonymous> (https://phbidlautdemo.prahu-hub.com/adminprahu/masterbank:5221:14)
[ 1502353ms] [LOG] Masternamanya @ https://phbidlautdemo.prahu-hub.com/adminprahu/masterbank:2040
[ 1502365ms] [LOG] undefined @ https://phbidlautdemo.prahu-hub.com/adminprahu/masterbank:5574
[ 1502365ms] [LOG] Masukkan Nama Bank @ https://phbidlautdemo.prahu-hub.com/adminprahu/masterbank:5574
[ 1502365ms] [LOG] undefined @ https://phbidlautdemo.prahu-hub.com/adminprahu/masterbank:5574
[ 1502365ms] [LOG] Masukkan Nama Bank @ https://phbidlautdemo.prahu-hub.com/adminprahu/masterbank:5574
[ 1502366ms] [LOG] undefined @ https://phbidlautdemo.prahu-hub.com/adminprahu/masterbank:5574
[ 1502366ms] [LOG] WebSocket connection @ https://phbidlautdemo.prahu-hub.com/adminprahu/masterbank:5617
[ 1502367ms] [LOG] WebSocket connection attempting... @ https://phbidlautdemo.prahu-hub.com/adminprahu/masterbank:5695
[ 1502495ms] [LOG] WebSocket connected @ https://phbidlautdemo.prahu-hub.com/adminprahu/masterbank:5626
[ 1502497ms] [LOG] update_dashboard_order_laut @ https://phbidlautdemo.prahu-hub.com/adminprahu/masterbank:5667
[ 1502510ms] [LOG] 9 @ https://phbidlautdemo.prahu-hub.com/_resources/themes/prahutheme/javascript/custom/masterbank.js?m=1787972929:443
[ 1502510ms] [LOG] 9 countView1 1 pageNow 20 limitView1 @ https://phbidlautdemo.prahu-hub.com/_resources/themes/prahutheme/javascript/custom/masterbank.js?m=1787972929:446
[ 1502511ms] [LOG] 9 jumlah data @ https://phbidlautdemo.prahu-hub.com/_resources/themes/prahutheme/javascript/custom/masterbank.js?m=1787972929:400
[ 1502511ms] [LOG] 1 @ https://phbidlautdemo.prahu-hub.com/_resources/themes/prahutheme/javascript/custom/masterbank.js?m=1787972929:402
[ 1502511ms] [LOG] 1 1 pageCount & pageNow @ https://phbidlautdemo.prahu-hub.com/_resources/themes/prahutheme/javascript/custom/masterbank.js?m=1787972929:327
[ 1502514ms] [LOG] 200 xhrglobal @ https://phbidlautdemo.prahu-hub.com/adminprahu/masterbank:5548
[ 1502531ms] [LOG] Connected @ https://phbidlautdemo.prahu-hub.com/adminprahu/masterbank:5667
[ 1502630ms] [LOG] 200 xhrglobal @ https://phbidlautdemo.prahu-hub.com/adminprahu/masterbank:5548
[ 1502680ms] [LOG] 200 xhrglobal @ https://phbidlautdemo.prahu-hub.com/adminprahu/masterbank:5548
[ 1504370ms] TypeError: $(...).DataTable is not a function
    at https://phbidlautdemo.prahu-hub.com/_resources/themes/prahutheme/js/scripts-init/tables.js:7:23
[ 1504630ms] [LOG] 200 xhrglobal @ https://phbidlautdemo.prahu-hub.com/adminprahu/masterbank:5548
[ 1581433ms] Cannot use import statement outside a module
[ 1581462ms] ReferenceError: Chart is not defined
    at https://phbidlautdemo.prahu-hub.com/_resources/themes/prahutheme/js/scripts-init/charts/chartjs.js:8:13
[ 1582086ms] Unexpected token '<'
[ 1582090ms] Unexpected token '<'
[ 1582191ms] Uncaught TypeError: expect element to be DOM Element, but got null
    at n.init (https://cdnjs.cloudflare.com/ajax/libs/smooth-scrollbar/8.5.2/smooth-scrollbar.js:24:264)
    at <anonymous> (https://phbidlautdemo.prahu-hub.com/adminprahu/masterbank:5221:14)
[ 1582224ms] [LOG] Masternamanya @ https://phbidlautdemo.prahu-hub.com/adminprahu/masterbank:2040
[ 1582231ms] [LOG] undefined @ https://phbidlautdemo.prahu-hub.com/adminprahu/masterbank:5574
[ 1582232ms] [LOG] Masukkan Nama Bank @ https://phbidlautdemo.prahu-hub.com/adminprahu/masterbank:5574
[ 1582232ms] [LOG] undefined @ https://phbidlautdemo.prahu-hub.com/adminprahu/masterbank:5574
[ 1582232ms] [LOG] Masukkan Nama Bank @ https://phbidlautdemo.prahu-hub.com/adminprahu/masterbank:5574
[ 1582232ms] [LOG] undefined @ https://phbidlautdemo.prahu-hub.com/adminprahu/masterbank:5574
[ 1582233ms] [LOG] WebSocket connection @ https://phbidlautdemo.prahu-hub.com/adminprahu/masterbank:5617
[ 1582233ms] [LOG] WebSocket connection attempting... @ https://phbidlautdemo.prahu-hub.com/adminprahu/masterbank:5695
[ 1582741ms] [LOG] WebSocket connected @ https://phbidlautdemo.prahu-hub.com/adminprahu/masterbank:5626
[ 1582746ms] [LOG] update_dashboard_order_laut @ https://phbidlautdemo.prahu-hub.com/adminprahu/masterbank:5667
[ 1582765ms] [LOG] 9 @ https://phbidlautdemo.prahu-hub.com/_resources/themes/prahutheme/javascript/custom/masterbank.js?m=1787972929:443
[ 1582765ms] [LOG] 9 countView1 1 pageNow 20 limitView1 @ https://phbidlautdemo.prahu-hub.com/_resources/themes/prahutheme/javascript/custom/masterbank.js?m=1787972929:446
[ 1582766ms] [LOG] 9 jumlah data @ https://phbidlautdemo.prahu-hub.com/_resources/themes/prahutheme/javascript/custom/masterbank.js?m=1787972929:400
[ 1582766ms] [LOG] 1 @ https://phbidlautdemo.prahu-hub.com/_resources/themes/prahutheme/javascript/custom/masterbank.js?m=1787972929:402
[ 1582767ms] [LOG] 1 1 pageCount & pageNow @ https://phbidlautdemo.prahu-hub.com/_resources/themes/prahutheme/javascript/custom/masterbank.js?m=1787972929:327
[ 1582773ms] [LOG] 200 xhrglobal @ https://phbidlautdemo.prahu-hub.com/adminprahu/masterbank:5548
[ 1582888ms] [LOG] Connected @ https://phbidlautdemo.prahu-hub.com/adminprahu/masterbank:5667
[ 1582910ms] [LOG] 200 xhrglobal @ https://phbidlautdemo.prahu-hub.com/adminprahu/masterbank:5548
[ 1582985ms] [LOG] 200 xhrglobal @ https://phbidlautdemo.prahu-hub.com/adminprahu/masterbank:5548
[ 1584242ms] TypeError: $(...).DataTable is not a function
    at https://phbidlautdemo.prahu-hub.com/_resources/themes/prahutheme/js/scripts-init/tables.js:7:23
[ 1584429ms] [LOG] 19 @ https://phbidlautdemo.prahu-hub.com/_resources/themes/prahutheme/javascript/custom/masterbank.js?m=1787972929:271
[ 1584638ms] [LOG] 200 xhrglobal @ https://phbidlautdemo.prahu-hub.com/adminprahu/masterbank:5548
[ 1611660ms] Cannot use import statement outside a module
[ 1611714ms] ReferenceError: Chart is not defined
    at https://phbidlautdemo.prahu-hub.com/_resources/themes/prahutheme/js/scripts-init/charts/chartjs.js:8:13
[ 1611732ms] Unexpected token '<'
[ 1611732ms] Unexpected token '<'
[ 1611801ms] Uncaught TypeError: expect element to be DOM Element, but got null
    at n.init (https://cdnjs.cloudflare.com/ajax/libs/smooth-scrollbar/8.5.2/smooth-scrollbar.js:24:264)
    at <anonymous> (https://phbidlautdemo.prahu-hub.com/adminprahu/tambahbank:5310:14)
[ 1611876ms] [LOG] Masternamanya @ https://phbidlautdemo.prahu-hub.com/adminprahu/tambahbank:2039
[ 1611926ms] [LOG] Masukkan Nama Bank @ https://phbidlautdemo.prahu-hub.com/adminprahu/tambahbank:5663
[ 1611930ms] [LOG] WebSocket connection @ https://phbidlautdemo.prahu-hub.com/adminprahu/tambahbank:5706
[ 1611931ms] [LOG] WebSocket connection attempting... @ https://phbidlautdemo.prahu-hub.com/adminprahu/tambahbank:5784
[ 1612074ms] [LOG] WebSocket connected @ https://phbidlautdemo.prahu-hub.com/adminprahu/tambahbank:5715
[ 1612080ms] [LOG] update_dashboard_order_laut @ https://phbidlautdemo.prahu-hub.com/adminprahu/tambahbank:5756
[ 1612108ms] [LOG] Connected @ https://phbidlautdemo.prahu-hub.com/adminprahu/tambahbank:5756
[ 1612191ms] [LOG] 200 xhrglobal @ https://phbidlautdemo.prahu-hub.com/adminprahu/tambahbank:5637
[ 1612259ms] [LOG] 200 xhrglobal @ https://phbidlautdemo.prahu-hub.com/adminprahu/tambahbank:5637
[ 1613928ms] TypeError: $(...).DataTable is not a function
    at https://phbidlautdemo.prahu-hub.com/_resources/themes/prahutheme/js/scripts-init/tables.js:7:23
[ 1614288ms] [LOG] undefined @ https://phbidlautdemo.prahu-hub.com/adminprahu/tambahbank:4917
[ 1615017ms] [LOG] undefined @ https://phbidlautdemo.prahu-hub.com/adminprahu/tambahbank:4917
[ 1615018ms] [LOG] undefined @ https://phbidlautdemo.prahu-hub.com/adminprahu/tambahbank:4917
[ 1615018ms] [LOG] AUTOTEST-FIXTURE-BANK-01 kata1 @ https://phbidlautdemo.prahu-hub.com/adminprahu/tambahbank:4932
[ 1615019ms] [LOG]  kata2 @ https://phbidlautdemo.prahu-hub.com/adminprahu/tambahbank:4933
[ 1615233ms] [LOG] 200 xhrglobal @ https://phbidlautdemo.prahu-hub.com/adminprahu/tambahbank:5637
[ 1615478ms] [LOG] 200 xhrglobal @ https://phbidlautdemo.prahu-hub.com/adminprahu/tambahbank:5637
[ 1619247ms] Cannot use import statement outside a module
[ 1619271ms] ReferenceError: Chart is not defined
    at https://phbidlautdemo.prahu-hub.com/_resources/themes/prahutheme/js/scripts-init/charts/chartjs.js:8:13
[ 1619721ms] Unexpected token '<'
[ 1619722ms] Unexpected token '<'
[ 1619790ms] Uncaught TypeError: expect element to be DOM Element, but got null
    at n.init (https://cdnjs.cloudflare.com/ajax/libs/smooth-scrollbar/8.5.2/smooth-scrollbar.js:24:264)
    at <anonymous> (https://phbidlautdemo.prahu-hub.com/adminprahu/masterbank:5221:14)
[ 1619828ms] [LOG] Masternamanya @ https://phbidlautdemo.prahu-hub.com/adminprahu/masterbank:2040
[ 1619839ms] [LOG] undefined @ https://phbidlautdemo.prahu-hub.com/adminprahu/masterbank:5574
[ 1619839ms] [LOG] Masukkan Nama Bank @ https://phbidlautdemo.prahu-hub.com/adminprahu/masterbank:5574
[ 1619839ms] [LOG] undefined @ https://phbidlautdemo.prahu-hub.com/adminprahu/masterbank:5574
[ 1619839ms] [LOG] Masukkan Nama Bank @ https://phbidlautdemo.prahu-hub.com/adminprahu/masterbank:5574
[ 1619840ms] [LOG] undefined @ https://phbidlautdemo.prahu-hub.com/adminprahu/masterbank:5574
[ 1619841ms] [LOG] WebSocket connection @ https://phbidlautdemo.prahu-hub.com/adminprahu/masterbank:5617
[ 1619841ms] [LOG] WebSocket connection attempting... @ https://phbidlautdemo.prahu-hub.com/adminprahu/masterbank:5695
[ 1619979ms] [LOG] 9 @ https://phbidlautdemo.prahu-hub.com/_resources/themes/prahutheme/javascript/custom/masterbank.js?m=1787972929:443
[ 1619979ms] [LOG] 9 countView1 1 pageNow 20 limitView1 @ https://phbidlautdemo.prahu-hub.com/_resources/themes/prahutheme/javascript/custom/masterbank.js?m=1787972929:446
[ 1619980ms] [LOG] 9 jumlah data @ https://phbidlautdemo.prahu-hub.com/_resources/themes/prahutheme/javascript/custom/masterbank.js?m=1787972929:400
[ 1619980ms] [LOG] 1 @ https://phbidlautdemo.prahu-hub.com/_resources/themes/prahutheme/javascript/custom/masterbank.js?m=1787972929:402
[ 1619980ms] [LOG] 1 1 pageCount & pageNow @ https://phbidlautdemo.prahu-hub.com/_resources/themes/prahutheme/javascript/custom/masterbank.js?m=1787972929:327
[ 1619982ms] [LOG] 200 xhrglobal @ https://phbidlautdemo.prahu-hub.com/adminprahu/masterbank:5548
[ 1620431ms] [LOG] WebSocket connected @ https://phbidlautdemo.prahu-hub.com/adminprahu/masterbank:5626
[ 1620436ms] [LOG] update_dashboard_order_laut @ https://phbidlautdemo.prahu-hub.com/adminprahu/masterbank:5667
[ 1620557ms] [LOG] 200 xhrglobal @ https://phbidlautdemo.prahu-hub.com/adminprahu/masterbank:5548
[ 1620610ms] [LOG] 200 xhrglobal @ https://phbidlautdemo.prahu-hub.com/adminprahu/masterbank:5548
[ 1620617ms] [LOG] Connected @ https://phbidlautdemo.prahu-hub.com/adminprahu/masterbank:5667
[ 1621881ms] TypeError: $(...).DataTable is not a function
    at https://phbidlautdemo.prahu-hub.com/_resources/themes/prahutheme/js/scripts-init/tables.js:7:23
[ 1622115ms] [LOG] 200 xhrglobal @ https://phbidlautdemo.prahu-hub.com/adminprahu/masterbank:5548
