[    2565ms] Cannot use import statement outside a module
[    2583ms] ReferenceError: Chart is not defined
    at https://phbidlautdemo.prahu-hub.com/_resources/themes/prahutheme/js/scripts-init/charts/chartjs.js:8:13
[    2773ms] Unexpected token '<'
[    2774ms] Unexpected token '<'
[    2858ms] Uncaught TypeError: expect element to be DOM Element, but got null
    at n.init (https://cdnjs.cloudflare.com/ajax/libs/smooth-scrollbar/8.5.2/smooth-scrollbar.js:24:264)
    at <anonymous> (https://phbidlautdemo.prahu-hub.com/order/orderlist:8239:14)
[    2889ms] [LOG] 1 @ https://phbidlautdemo.prahu-hub.com/_resources/themes/prahutheme/javascript/custom/orderList.js?m=1788319233:939
[    2889ms] [LOG] 20 @ https://phbidlautdemo.prahu-hub.com/_resources/themes/prahutheme/javascript/custom/orderList.js?m=1788319233:940
[    2894ms] [LOG] Daftar Ordernamanya @ https://phbidlautdemo.prahu-hub.com/order/orderlist:2308
[    2916ms] [LOG] Masukkan ID Order @ https://phbidlautdemo.prahu-hub.com/order/orderlist:8592
[    2916ms] [LOG] undefined @ https://phbidlautdemo.prahu-hub.com/order/orderlist:8592
[    2916ms] [LOG] Masukkan Nomor Lelang @ https://phbidlautdemo.prahu-hub.com/order/orderlist:8592
[    2916ms] [LOG] DD/MM/YYYY - DD/MM/YYYY @ https://phbidlautdemo.prahu-hub.com/order/orderlist:8592
[    2917ms] [LOG] Masukkan No. Kontainer @ https://phbidlautdemo.prahu-hub.com/order/orderlist:8592
[    2917ms] [LOG] DD/MM/YYYY - DD/MM/YYYY @ https://phbidlautdemo.prahu-hub.com/order/orderlist:8592
[    2917ms] [LOG] DD/MM/YYYY -  DD/MM/YYYY @ https://phbidlautdemo.prahu-hub.com/order/orderlist:8592
[    2917ms] [LOG] Search... @ https://phbidlautdemo.prahu-hub.com/order/orderlist:8592
[    2917ms] [LOG] Search... @ https://phbidlautdemo.prahu-hub.com/order/orderlist:8592
[    2917ms] [LOG] undefined @ https://phbidlautdemo.prahu-hub.com/order/orderlist:8592
[    2917ms] [LOG] Masukkan Nama Kapal @ https://phbidlautdemo.prahu-hub.com/order/orderlist:8592
[    2917ms] [LOG] DD/MM/YYYY @ https://phbidlautdemo.prahu-hub.com/order/orderlist:8592
[    2917ms] [LOG] Masukkan Jumlah @ https://phbidlautdemo.prahu-hub.com/order/orderlist:8592
[    2917ms] [LOG] Masukkan Nama Penerima Barang @ https://phbidlautdemo.prahu-hub.com/order/orderlist:8592
[    2917ms] [LOG] Search... @ https://phbidlautdemo.prahu-hub.com/order/orderlist:8592
[    2917ms] [LOG] Masukkan Nomor Referensi @ https://phbidlautdemo.prahu-hub.com/order/orderlist:8592
[    2917ms] [LOG] undefined @ https://phbidlautdemo.prahu-hub.com/order/orderlist:8592
[    2917ms] [LOG] Masukkan Harga Baru @ https://phbidlautdemo.prahu-hub.com/order/orderlist:8592
[    2917ms] [LOG] undefined @ https://phbidlautdemo.prahu-hub.com/order/orderlist:8592
[    2918ms] [LOG] WebSocket connection @ https://phbidlautdemo.prahu-hub.com/order/orderlist:8635
[    2918ms] [LOG] WebSocket connection attempting... @ https://phbidlautdemo.prahu-hub.com/order/orderlist:8713
[    3051ms] [LOG] WebSocket connected @ https://phbidlautdemo.prahu-hub.com/order/orderlist:8644
[    3053ms] [LOG] update_dashboard_order_laut @ https://phbidlautdemo.prahu-hub.com/order/orderlist:8685
[    3079ms] [LOG] Connected @ https://phbidlautdemo.prahu-hub.com/order/orderlist:8685
[    4905ms] TypeError: $(...).DataTable is not a function
    at https://phbidlautdemo.prahu-hub.com/_resources/themes/prahutheme/js/scripts-init/tables.js:7:23
[    5714ms] [LOG] datanya20 @ https://phbidlautdemo.prahu-hub.com/_resources/themes/prahutheme/javascript/custom/orderList.js?m=1788319233:986
[    5714ms] [LOG] [Object, Object, Object, Object, Object, Object, Object, Object, Object, Object, Object, Object, Object, Object, Object, Object, Object, Object, Object, Object] @ https://phbidlautdemo.prahu-hub.com/_resources/themes/prahutheme/javascript/custom/orderList.js?m=1788319233:421
[    5715ms] [LOG] {ID: 1465, status_order: KONFIRMASI_UNIT, JadwalID: 1870, ID_Order: 20260904-06501, dari_api: null} @ https://phbidlautdemo.prahu-hub.com/_resources/themes/prahutheme/javascript/custom/orderList.js?m=1788319233:427
[    5715ms] [LOG] [Manujo] penerima @ https://phbidlautdemo.prahu-hub.com/_resources/themes/prahutheme/javascript/custom/orderList.js?m=1788319233:648
[    5715ms] [LOG] {ID: 1464, status_order: PACKING_LIST, JadwalID: 1891, ID_Order: 20260829-06504, dari_api: null} @ https://phbidlautdemo.prahu-hub.com/_resources/themes/prahutheme/javascript/custom/orderList.js?m=1788319233:427
[    5715ms] [LOG] [Manujo] penerima @ https://phbidlautdemo.prahu-hub.com/_resources/themes/prahutheme/javascript/custom/orderList.js?m=1788319233:648
[    5715ms] [LOG] {ID: 1463, status_order: PENDING, JadwalID: 1868, ID_Order: 20260829-02603, dari_api: null} @ https://phbidlautdemo.prahu-hub.com/_resources/themes/prahutheme/javascript/custom/orderList.js?m=1788319233:427
[    5716ms] [LOG] [Suyanto] penerima @ https://phbidlautdemo.prahu-hub.com/_resources/themes/prahutheme/javascript/custom/orderList.js?m=1788319233:648
[    5716ms] [LOG] {ID: 1462, status_order: PENDING, JadwalID: 1863, ID_Order: 20260829-02602, dari_api: null} @ https://phbidlautdemo.prahu-hub.com/_resources/themes/prahutheme/javascript/custom/orderList.js?m=1788319233:427
[    5716ms] [LOG] [Pras Tujuan] penerima @ https://phbidlautdemo.prahu-hub.com/_resources/themes/prahutheme/javascript/custom/orderList.js?m=1788319233:648
[    5716ms] [LOG] {ID: 1461, status_order: CANCEL, JadwalID: 1869, ID_Order: 20260829-06501, dari_api: null} @ https://phbidlautdemo.prahu-hub.com/_resources/themes/prahutheme/javascript/custom/orderList.js?m=1788319233:427
[    5716ms] [LOG] [Manujo] penerima @ https://phbidlautdemo.prahu-hub.com/_resources/themes/prahutheme/javascript/custom/orderList.js?m=1788319233:648
[    5716ms] [LOG] {ID: 1460, status_order: KONFIRMASI_UNIT, JadwalID: 1862, ID_Order: 20260828-06506, dari_api: null} @ https://phbidlautdemo.prahu-hub.com/_resources/themes/prahutheme/javascript/custom/orderList.js?m=1788319233:427
[    5717ms] [LOG] [Manujo] penerima @ https://phbidlautdemo.prahu-hub.com/_resources/themes/prahutheme/javascript/custom/orderList.js?m=1788319233:648
[    5717ms] [LOG] {ID: 1459, status_order: CANCEL, JadwalID: 1846, ID_Order: 20260828-06505, dari_api: null} @ https://phbidlautdemo.prahu-hub.com/_resources/themes/prahutheme/javascript/custom/orderList.js?m=1788319233:427
[    5717ms] [LOG] [Manujo] penerima @ https://phbidlautdemo.prahu-hub.com/_resources/themes/prahutheme/javascript/custom/orderList.js?m=1788319233:648
[    5717ms] [LOG] {ID: 1458, status_order: DONE, JadwalID: 1846, ID_Order: 20260828-06504, dari_api: null} @ https://phbidlautdemo.prahu-hub.com/_resources/themes/prahutheme/javascript/custom/orderList.js?m=1788319233:427
[    5717ms] [LOG] [Manujo] penerima @ https://phbidlautdemo.prahu-hub.com/_resources/themes/prahutheme/javascript/custom/orderList.js?m=1788319233:648
[    5717ms] [LOG] {ID: 1457, status_order: PACKING_LIST, JadwalID: 1848, ID_Order: 20260828-08503, dari_api: null} @ https://phbidlautdemo.prahu-hub.com/_resources/themes/prahutheme/javascript/custom/orderList.js?m=1788319233:427
[    5717ms] [LOG] [050505500] penerima @ https://phbidlautdemo.prahu-hub.com/_resources/themes/prahutheme/javascript/custom/orderList.js?m=1788319233:648
[    5718ms] [LOG] {ID: 1456, status_order: DONE, JadwalID: 1853, ID_Order: 20260828-02602, dari_api: null} @ https://phbidlautdemo.prahu-hub.com/_resources/themes/prahutheme/javascript/custom/orderList.js?m=1788319233:427
[    5718ms] [LOG] [Pras Tujuan] penerima @ https://phbidlautdemo.prahu-hub.com/_resources/themes/prahutheme/javascript/custom/orderList.js?m=1788319233:648
[    5718ms] [LOG] {ID: 1455, status_order: DONE, JadwalID: 1848, ID_Order: 20260828-08501, dari_api: null} @ https://phbidlautdemo.prahu-hub.com/_resources/themes/prahutheme/javascript/custom/orderList.js?m=1788319233:427
[    5718ms] [LOG] [050505500] penerima @ https://phbidlautdemo.prahu-hub.com/_resources/themes/prahutheme/javascript/custom/orderList.js?m=1788319233:648
[    5718ms] [LOG] {ID: 1454, status_order: SHIPPER_VALIDATED, JadwalID: 1846, ID_Order: 20260827-06503, dari_api: null} @ https://phbidlautdemo.prahu-hub.com/_resources/themes/prahutheme/javascript/custom/orderList.js?m=1788319233:427
[    5718ms] [LOG] [Manujo] penerima @ https://phbidlautdemo.prahu-hub.com/_resources/themes/prahutheme/javascript/custom/orderList.js?m=1788319233:648
[    5718ms] [LOG] {ID: 1453, status_order: DONE, JadwalID: 1846, ID_Order: 20260827-06502, dari_api: null} @ https://phbidlautdemo.prahu-hub.com/_resources/themes/prahutheme/javascript/custom/orderList.js?m=1788319233:427
[    5719ms] [LOG] [Manujo] penerima @ https://phbidlautdemo.prahu-hub.com/_resources/themes/prahutheme/javascript/custom/orderList.js?m=1788319233:648
[    5719ms] [LOG] {ID: 1452, status_order: DONE, JadwalID: 1844, ID_Order: 20260827-06501, dari_api: null} @ https://phbidlautdemo.prahu-hub.com/_resources/themes/prahutheme/javascript/custom/orderList.js?m=1788319233:427
[    5719ms] [LOG] [Ik Bitung] penerima @ https://phbidlautdemo.prahu-hub.com/_resources/themes/prahutheme/javascript/custom/orderList.js?m=1788319233:648
[    5719ms] [LOG] {ID: 1451, status_order: DONE, JadwalID: 1845, ID_Order: 20260826-06507, dari_api: null} @ https://phbidlautdemo.prahu-hub.com/_resources/themes/prahutheme/javascript/custom/orderList.js?m=1788319233:427
[    5719ms] [LOG] [Ik Bitung] penerima @ https://phbidlautdemo.prahu-hub.com/_resources/themes/prahutheme/javascript/custom/orderList.js?m=1788319233:648
[    5719ms] [LOG] {ID: 1450, status_order: PENDING, JadwalID: 1844, ID_Order: 20260826-06506, dari_api: null} @ https://phbidlautdemo.prahu-hub.com/_resources/themes/prahutheme/javascript/custom/orderList.js?m=1788319233:427
[    5719ms] [LOG] [Ik Bitung] penerima @ https://phbidlautdemo.prahu-hub.com/_resources/themes/prahutheme/javascript/custom/orderList.js?m=1788319233:648
[    5720ms] [LOG] {ID: 1449, status_order: DONE, JadwalID: 1839, ID_Order: 20260826-06505, dari_api: null} @ https://phbidlautdemo.prahu-hub.com/_resources/themes/prahutheme/javascript/custom/orderList.js?m=1788319233:427
[    5720ms] [LOG] [Ik Bitung] penerima @ https://phbidlautdemo.prahu-hub.com/_resources/themes/prahutheme/javascript/custom/orderList.js?m=1788319233:648
[    5720ms] [LOG] {ID: 1448, status_order: DONE, JadwalID: 1851, ID_Order: 20260826-06504, dari_api: null} @ https://phbidlautdemo.prahu-hub.com/_resources/themes/prahutheme/javascript/custom/orderList.js?m=1788319233:427
[    5720ms] [LOG] [Ik Bitung] penerima @ https://phbidlautdemo.prahu-hub.com/_resources/themes/prahutheme/javascript/custom/orderList.js?m=1788319233:648
[    5720ms] [LOG] {ID: 1447, status_order: DONE, JadwalID: 1839, ID_Order: 20260826-06503, dari_api: null} @ https://phbidlautdemo.prahu-hub.com/_resources/themes/prahutheme/javascript/custom/orderList.js?m=1788319233:427
[    5720ms] [LOG] [Ik Bitung] penerima @ https://phbidlautdemo.prahu-hub.com/_resources/themes/prahutheme/javascript/custom/orderList.js?m=1788319233:648
[    5721ms] [LOG] {ID: 1446, status_order: DONE, JadwalID: 1839, ID_Order: 20260826-06502, dari_api: null} @ https://phbidlautdemo.prahu-hub.com/_resources/themes/prahutheme/javascript/custom/orderList.js?m=1788319233:427
[    5721ms] [LOG] [Ik Bitung] penerima @ https://phbidlautdemo.prahu-hub.com/_resources/themes/prahutheme/javascript/custom/orderList.js?m=1788319233:648
[    5734ms] [LOG] [Object, Object, Object, Object, Object, Object, Object, Object, Object, Object, Object, Object, Object, Object, Object, Object, Object, Object, Object, Object] @ https://phbidlautdemo.prahu-hub.com/_resources/themes/prahutheme/javascript/custom/orderList.js?m=1788319233:40
[    5734ms] [LOG] {ID: 1465, status_order: KONFIRMASI_UNIT, JadwalID: 1870, ID_Order: 20260904-06501, dari_api: null} @ https://phbidlautdemo.prahu-hub.com/_resources/themes/prahutheme/javascript/custom/orderList.js?m=1788319233:46
[    5734ms] [LOG] [Manujo] penerima @ https://phbidlautdemo.prahu-hub.com/_resources/themes/prahutheme/javascript/custom/orderList.js?m=1788319233:261
[    5735ms] [LOG] {ID: 1464, status_order: PACKING_LIST, JadwalID: 1891, ID_Order: 20260829-06504, dari_api: null} @ https://phbidlautdemo.prahu-hub.com/_resources/themes/prahutheme/javascript/custom/orderList.js?m=1788319233:46
[    5735ms] [LOG] [Manujo] penerima @ https://phbidlautdemo.prahu-hub.com/_resources/themes/prahutheme/javascript/custom/orderList.js?m=1788319233:261
[    5735ms] [LOG] {ID: 1463, status_order: PENDING, JadwalID: 1868, ID_Order: 20260829-02603, dari_api: null} @ https://phbidlautdemo.prahu-hub.com/_resources/themes/prahutheme/javascript/custom/orderList.js?m=1788319233:46
[    5735ms] [LOG] [Suyanto] penerima @ https://phbidlautdemo.prahu-hub.com/_resources/themes/prahutheme/javascript/custom/orderList.js?m=1788319233:261
[    5735ms] [LOG] {ID: 1462, status_order: PENDING, JadwalID: 1863, ID_Order: 20260829-02602, dari_api: null} @ https://phbidlautdemo.prahu-hub.com/_resources/themes/prahutheme/javascript/custom/orderList.js?m=1788319233:46
[    5735ms] [LOG] [Pras Tujuan] penerima @ https://phbidlautdemo.prahu-hub.com/_resources/themes/prahutheme/javascript/custom/orderList.js?m=1788319233:261
[    5736ms] [LOG] {ID: 1461, status_order: CANCEL, JadwalID: 1869, ID_Order: 20260829-06501, dari_api: null} @ https://phbidlautdemo.prahu-hub.com/_resources/themes/prahutheme/javascript/custom/orderList.js?m=1788319233:46
[    5736ms] [LOG] [Manujo] penerima @ https://phbidlautdemo.prahu-hub.com/_resources/themes/prahutheme/javascript/custom/orderList.js?m=1788319233:261
[    5736ms] [LOG] {ID: 1460, status_order: KONFIRMASI_UNIT, JadwalID: 1862, ID_Order: 20260828-06506, dari_api: null} @ https://phbidlautdemo.prahu-hub.com/_resources/themes/prahutheme/javascript/custom/orderList.js?m=1788319233:46
[    5736ms] [LOG] [Manujo] penerima @ https://phbidlautdemo.prahu-hub.com/_resources/themes/prahutheme/javascript/custom/orderList.js?m=1788319233:261
[    5736ms] [LOG] {ID: 1459, status_order: CANCEL, JadwalID: 1846, ID_Order: 20260828-06505, dari_api: null} @ https://phbidlautdemo.prahu-hub.com/_resources/themes/prahutheme/javascript/custom/orderList.js?m=1788319233:46
[    5736ms] [LOG] [Manujo] penerima @ https://phbidlautdemo.prahu-hub.com/_resources/themes/prahutheme/javascript/custom/orderList.js?m=1788319233:261
[    5736ms] [LOG] {ID: 1458, status_order: DONE, JadwalID: 1846, ID_Order: 20260828-06504, dari_api: null} @ https://phbidlautdemo.prahu-hub.com/_resources/themes/prahutheme/javascript/custom/orderList.js?m=1788319233:46
[    5737ms] [LOG] [Manujo] penerima @ https://phbidlautdemo.prahu-hub.com/_resources/themes/prahutheme/javascript/custom/orderList.js?m=1788319233:261
[    5737ms] [LOG] {ID: 1457, status_order: PACKING_LIST, JadwalID: 1848, ID_Order: 20260828-08503, dari_api: null} @ https://phbidlautdemo.prahu-hub.com/_resources/themes/prahutheme/javascript/custom/orderList.js?m=1788319233:46
[    5737ms] [LOG] [050505500] penerima @ https://phbidlautdemo.prahu-hub.com/_resources/themes/prahutheme/javascript/custom/orderList.js?m=1788319233:261
[    5737ms] [LOG] {ID: 1456, status_order: DONE, JadwalID: 1853, ID_Order: 20260828-02602, dari_api: null} @ https://phbidlautdemo.prahu-hub.com/_resources/themes/prahutheme/javascript/custom/orderList.js?m=1788319233:46
[    5737ms] [LOG] [Pras Tujuan] penerima @ https://phbidlautdemo.prahu-hub.com/_resources/themes/prahutheme/javascript/custom/orderList.js?m=1788319233:261
[    5737ms] [LOG] {ID: 1455, status_order: DONE, JadwalID: 1848, ID_Order: 20260828-08501, dari_api: null} @ https://phbidlautdemo.prahu-hub.com/_resources/themes/prahutheme/javascript/custom/orderList.js?m=1788319233:46
[    5737ms] [LOG] [050505500] penerima @ https://phbidlautdemo.prahu-hub.com/_resources/themes/prahutheme/javascript/custom/orderList.js?m=1788319233:261
[    5738ms] [LOG] {ID: 1454, status_order: SHIPPER_VALIDATED, JadwalID: 1846, ID_Order: 20260827-06503, dari_api: null} @ https://phbidlautdemo.prahu-hub.com/_resources/themes/prahutheme/javascript/custom/orderList.js?m=1788319233:46
[    5738ms] [LOG] [Manujo] penerima @ https://phbidlautdemo.prahu-hub.com/_resources/themes/prahutheme/javascript/custom/orderList.js?m=1788319233:261
[    5738ms] [LOG] {ID: 1453, status_order: DONE, JadwalID: 1846, ID_Order: 20260827-06502, dari_api: null} @ https://phbidlautdemo.prahu-hub.com/_resources/themes/prahutheme/javascript/custom/orderList.js?m=1788319233:46
[    5738ms] [LOG] [Manujo] penerima @ https://phbidlautdemo.prahu-hub.com/_resources/themes/prahutheme/javascript/custom/orderList.js?m=1788319233:261
[    5738ms] [LOG] {ID: 1452, status_order: DONE, JadwalID: 1844, ID_Order: 20260827-06501, dari_api: null} @ https://phbidlautdemo.prahu-hub.com/_resources/themes/prahutheme/javascript/custom/orderList.js?m=1788319233:46
[    5738ms] [LOG] [Ik Bitung] penerima @ https://phbidlautdemo.prahu-hub.com/_resources/themes/prahutheme/javascript/custom/orderList.js?m=1788319233:261
[    5739ms] [LOG] {ID: 1451, status_order: DONE, JadwalID: 1845, ID_Order: 20260826-06507, dari_api: null} @ https://phbidlautdemo.prahu-hub.com/_resources/themes/prahutheme/javascript/custom/orderList.js?m=1788319233:46
[    5739ms] [LOG] [Ik Bitung] penerima @ https://phbidlautdemo.prahu-hub.com/_resources/themes/prahutheme/javascript/custom/orderList.js?m=1788319233:261
[    5739ms] [LOG] {ID: 1450, status_order: PENDING, JadwalID: 1844, ID_Order: 20260826-06506, dari_api: null} @ https://phbidlautdemo.prahu-hub.com/_resources/themes/prahutheme/javascript/custom/orderList.js?m=1788319233:46
[    5739ms] [LOG] [Ik Bitung] penerima @ https://phbidlautdemo.prahu-hub.com/_resources/themes/prahutheme/javascript/custom/orderList.js?m=1788319233:261
[    5739ms] [LOG] {ID: 1449, status_order: DONE, JadwalID: 1839, ID_Order: 20260826-06505, dari_api: null} @ https://phbidlautdemo.prahu-hub.com/_resources/themes/prahutheme/javascript/custom/orderList.js?m=1788319233:46
[    5739ms] [LOG] [Ik Bitung] penerima @ https://phbidlautdemo.prahu-hub.com/_resources/themes/prahutheme/javascript/custom/orderList.js?m=1788319233:261
[    5739ms] [LOG] {ID: 1448, status_order: DONE, JadwalID: 1851, ID_Order: 20260826-06504, dari_api: null} @ https://phbidlautdemo.prahu-hub.com/_resources/themes/prahutheme/javascript/custom/orderList.js?m=1788319233:46
[    5740ms] [LOG] [Ik Bitung] penerima @ https://phbidlautdemo.prahu-hub.com/_resources/themes/prahutheme/javascript/custom/orderList.js?m=1788319233:261
[    5740ms] [LOG] {ID: 1447, status_order: DONE, JadwalID: 1839, ID_Order: 20260826-06503, dari_api: null} @ https://phbidlautdemo.prahu-hub.com/_resources/themes/prahutheme/javascript/custom/orderList.js?m=1788319233:46
[    5740ms] [LOG] [Ik Bitung] penerima @ https://phbidlautdemo.prahu-hub.com/_resources/themes/prahutheme/javascript/custom/orderList.js?m=1788319233:261
[    5740ms] [LOG] {ID: 1446, status_order: DONE, JadwalID: 1839, ID_Order: 20260826-06502, dari_api: null} @ https://phbidlautdemo.prahu-hub.com/_resources/themes/prahutheme/javascript/custom/orderList.js?m=1788319233:46
[    5740ms] [LOG] [Ik Bitung] penerima @ https://phbidlautdemo.prahu-hub.com/_resources/themes/prahutheme/javascript/custom/orderList.js?m=1788319233:261
[    5759ms] [LOG] 1453 @ https://phbidlautdemo.prahu-hub.com/_resources/themes/prahutheme/javascript/custom/orderList.js?m=1788319233:916
[    5759ms] [LOG] 1453 countView1 1 pageNow 20 limitView1 @ https://phbidlautdemo.prahu-hub.com/_resources/themes/prahutheme/javascript/custom/orderList.js?m=1788319233:918
[    5759ms] [LOG] 20 @ https://phbidlautdemo.prahu-hub.com/_resources/themes/prahutheme/javascript/custom/orderList.js?m=1788319233:924
[    5759ms] [LOG] 1453 jumlah data @ https://phbidlautdemo.prahu-hub.com/_resources/themes/prahutheme/javascript/custom/orderList.js?m=1788319233:879
[    5759ms] [LOG] 73 @ https://phbidlautdemo.prahu-hub.com/_resources/themes/prahutheme/javascript/custom/orderList.js?m=1788319233:881
[    5759ms] [LOG] 73 1 pageCount & pageNow @ https://phbidlautdemo.prahu-hub.com/_resources/themes/prahutheme/javascript/custom/orderList.js?m=1788319233:810
[    5760ms] [LOG] 200 xhrglobal @ https://phbidlautdemo.prahu-hub.com/order/orderlist:8566
[    5843ms] [LOG] 200 xhrglobal @ https://phbidlautdemo.prahu-hub.com/order/orderlist:8566
[    5899ms] [LOG] 200 xhrglobal @ https://phbidlautdemo.prahu-hub.com/order/orderlist:8566
[   10178ms] [LOG] Connected @ https://phbidlautdemo.prahu-hub.com/order/orderlist:8685
[   10571ms] [LOG] 1453 jumlah data @ https://phbidlautdemo.prahu-hub.com/_resources/themes/prahutheme/javascript/custom/orderList.js?m=1788319233:879
[   10571ms] [LOG] 15 @ https://phbidlautdemo.prahu-hub.com/_resources/themes/prahutheme/javascript/custom/orderList.js?m=1788319233:881
[   10571ms] [LOG] 15 1 pageCount & pageNow @ https://phbidlautdemo.prahu-hub.com/_resources/themes/prahutheme/javascript/custom/orderList.js?m=1788319233:810
[   10572ms] [LOG] 1453 @ https://phbidlautdemo.prahu-hub.com/_resources/themes/prahutheme/javascript/custom/orderList.js?m=1788319233:916
[   10572ms] [LOG] 1453 countView1 1 pageNow 100 limitView1 @ https://phbidlautdemo.prahu-hub.com/_resources/themes/prahutheme/javascript/custom/orderList.js?m=1788319233:918
[   10572ms] [LOG] 100 @ https://phbidlautdemo.prahu-hub.com/_resources/themes/prahutheme/javascript/custom/orderList.js?m=1788319233:924
[   10572ms] [LOG] 1 @ https://phbidlautdemo.prahu-hub.com/_resources/themes/prahutheme/javascript/custom/orderList.js?m=1788319233:939
[   10572ms] [LOG] 100 @ https://phbidlautdemo.prahu-hub.com/_resources/themes/prahutheme/javascript/custom/orderList.js?m=1788319233:940
[   19883ms] [LOG] Connected @ https://phbidlautdemo.prahu-hub.com/order/orderlist:8685
[   22306ms] [LOG] datanya100 @ https://phbidlautdemo.prahu-hub.com/_resources/themes/prahutheme/javascript/custom/orderList.js?m=1788319233:986
[   22306ms] [LOG] [Object, Object, Object, Object, Object, Object, Object, Object, Object, Object, Object, Object, Object, Object, Object, Object, Object, Object, Object, Object, Object, Object, Object, Object, Object, Object, Object, Object, Object, Object, Object, Object, Object, Object, Object, Object, Object, Object, Object, Object, Object, Object, Object, Object, Object, Object, Object, Object, Object, Object, Object, Object, Object, Object, Object, Object, Object, Object, Object, Object, Object, Object, Object, Object, Object, Object, Object, Object, Object, Object, Object, Object, Object, Object, Object, Object, Object, Object, Object, Object, Object, Object, Object, Object, Object, Object, Object, Object, Object, Object, Object, Object, Object, Object, Object, Object, Object, Object, Object, Object] @ https://phbidlautdemo.prahu-hub.com/_resources/themes/prahutheme/javascript/custom/orderList.js?m=1788319233:421
[   22307ms] [LOG] {ID: 1465, status_order: KONFIRMASI_UNIT, JadwalID: 1870, ID_Order: 20260904-06501, dari_api: null} @ https://phbidlautdemo.prahu-hub.com/_resources/themes/prahutheme/javascript/custom/orderList.js?m=1788319233:427
[   22307ms] [LOG] [Manujo] penerima @ https://phbidlautdemo.prahu-hub.com/_resources/themes/prahutheme/javascript/custom/orderList.js?m=1788319233:648
[   22308ms] [LOG] {ID: 1464, status_order: PACKING_LIST, JadwalID: 1891, ID_Order: 20260829-06504, dari_api: null} @ https://phbidlautdemo.prahu-hub.com/_resources/themes/prahutheme/javascript/custom/orderList.js?m=1788319233:427
[   22308ms] [LOG] [Manujo] penerima @ https://phbidlautdemo.prahu-hub.com/_resources/themes/prahutheme/javascript/custom/orderList.js?m=1788319233:648
[   22308ms] [LOG] {ID: 1463, status_order: PENDING, JadwalID: 1868, ID_Order: 20260829-02603, dari_api: null} @ https://phbidlautdemo.prahu-hub.com/_resources/themes/prahutheme/javascript/custom/orderList.js?m=1788319233:427
[   22308ms] [LOG] [Suyanto] penerima @ https://phbidlautdemo.prahu-hub.com/_resources/themes/prahutheme/javascript/custom/orderList.js?m=1788319233:648
[   22308ms] [LOG] {ID: 1462, status_order: PENDING, JadwalID: 1863, ID_Order: 20260829-02602, dari_api: null} @ https://phbidlautdemo.prahu-hub.com/_resources/themes/prahutheme/javascript/custom/orderList.js?m=1788319233:427
[   22309ms] [LOG] [Pras Tujuan] penerima @ https://phbidlautdemo.prahu-hub.com/_resources/themes/prahutheme/javascript/custom/orderList.js?m=1788319233:648
[   22309ms] [LOG] {ID: 1461, status_order: CANCEL, JadwalID: 1869, ID_Order: 20260829-06501, dari_api: null} @ https://phbidlautdemo.prahu-hub.com/_resources/themes/prahutheme/javascript/custom/orderList.js?m=1788319233:427
[   22309ms] [LOG] [Manujo] penerima @ https://phbidlautdemo.prahu-hub.com/_resources/themes/prahutheme/javascript/custom/orderList.js?m=1788319233:648
[   22309ms] [LOG] {ID: 1460, status_order: KONFIRMASI_UNIT, JadwalID: 1862, ID_Order: 20260828-06506, dari_api: null} @ https://phbidlautdemo.prahu-hub.com/_resources/themes/prahutheme/javascript/custom/orderList.js?m=1788319233:427
[   22309ms] [LOG] [Manujo] penerima @ https://phbidlautdemo.prahu-hub.com/_resources/themes/prahutheme/javascript/custom/orderList.js?m=1788319233:648
[   22310ms] [LOG] {ID: 1459, status_order: CANCEL, JadwalID: 1846, ID_Order: 20260828-06505, dari_api: null} @ https://phbidlautdemo.prahu-hub.com/_resources/themes/prahutheme/javascript/custom/orderList.js?m=1788319233:427
[   22310ms] [LOG] [Manujo] penerima @ https://phbidlautdemo.prahu-hub.com/_resources/themes/prahutheme/javascript/custom/orderList.js?m=1788319233:648
[   22310ms] [LOG] {ID: 1458, status_order: DONE, JadwalID: 1846, ID_Order: 20260828-06504, dari_api: null} @ https://phbidlautdemo.prahu-hub.com/_resources/themes/prahutheme/javascript/custom/orderList.js?m=1788319233:427
[   22310ms] [LOG] [Manujo] penerima @ https://phbidlautdemo.prahu-hub.com/_resources/themes/prahutheme/javascript/custom/orderList.js?m=1788319233:648
[   22311ms] [LOG] {ID: 1457, status_order: PACKING_LIST, JadwalID: 1848, ID_Order: 20260828-08503, dari_api: null} @ https://phbidlautdemo.prahu-hub.com/_resources/themes/prahutheme/javascript/custom/orderList.js?m=1788319233:427
[   22311ms] [LOG] [050505500] penerima @ https://phbidlautdemo.prahu-hub.com/_resources/themes/prahutheme/javascript/custom/orderList.js?m=1788319233:648
[   22311ms] [LOG] {ID: 1456, status_order: DONE, JadwalID: 1853, ID_Order: 20260828-02602, dari_api: null} @ https://phbidlautdemo.prahu-hub.com/_resources/themes/prahutheme/javascript/custom/orderList.js?m=1788319233:427
[   22312ms] [LOG] [Pras Tujuan] penerima @ https://phbidlautdemo.prahu-hub.com/_resources/themes/prahutheme/javascript/custom/orderList.js?m=1788319233:648
[   22312ms] [LOG] {ID: 1455, status_order: DONE, JadwalID: 1848, ID_Order: 20260828-08501, dari_api: null} @ https://phbidlautdemo.prahu-hub.com/_resources/themes/prahutheme/javascript/custom/orderList.js?m=1788319233:427
[   22312ms] [LOG] [050505500] penerima @ https://phbidlautdemo.prahu-hub.com/_resources/themes/prahutheme/javascript/custom/orderList.js?m=1788319233:648
[   22312ms] [LOG] {ID: 1454, status_order: SHIPPER_VALIDATED, JadwalID: 1846, ID_Order: 20260827-06503, dari_api: null} @ https://phbidlautdemo.prahu-hub.com/_resources/themes/prahutheme/javascript/custom/orderList.js?m=1788319233:427
[   22312ms] [LOG] [Manujo] penerima @ https://phbidlautdemo.prahu-hub.com/_resources/themes/prahutheme/javascript/custom/orderList.js?m=1788319233:648
[   22313ms] [LOG] {ID: 1453, status_order: DONE, JadwalID: 1846, ID_Order: 20260827-06502, dari_api: null} @ https://phbidlautdemo.prahu-hub.com/_resources/themes/prahutheme/javascript/custom/orderList.js?m=1788319233:427
[   22313ms] [LOG] [Manujo] penerima @ https://phbidlautdemo.prahu-hub.com/_resources/themes/prahutheme/javascript/custom/orderList.js?m=1788319233:648
[   22313ms] [LOG] {ID: 1452, status_order: DONE, JadwalID: 1844, ID_Order: 20260827-06501, dari_api: null} @ https://phbidlautdemo.prahu-hub.com/_resources/themes/prahutheme/javascript/custom/orderList.js?m=1788319233:427
[   22313ms] [LOG] [Ik Bitung] penerima @ https://phbidlautdemo.prahu-hub.com/_resources/themes/prahutheme/javascript/custom/orderList.js?m=1788319233:648
[   22314ms] [LOG] {ID: 1451, status_order: DONE, JadwalID: 1845, ID_Order: 20260826-06507, dari_api: null} @ https://phbidlautdemo.prahu-hub.com/_resources/themes/prahutheme/javascript/custom/orderList.js?m=1788319233:427
[   22314ms] [LOG] [Ik Bitung] penerima @ https://phbidlautdemo.prahu-hub.com/_resources/themes/prahutheme/javascript/custom/orderList.js?m=1788319233:648
[   22314ms] [LOG] {ID: 1450, status_order: PENDING, JadwalID: 1844, ID_Order: 20260826-06506, dari_api: null} @ https://phbidlautdemo.prahu-hub.com/_resources/themes/prahutheme/javascript/custom/orderList.js?m=1788319233:427
[   22314ms] [LOG] [Ik Bitung] penerima @ https://phbidlautdemo.prahu-hub.com/_resources/themes/prahutheme/javascript/custom/orderList.js?m=1788319233:648
[   22314ms] [LOG] {ID: 1449, status_order: DONE, JadwalID: 1839, ID_Order: 20260826-06505, dari_api: null} @ https://phbidlautdemo.prahu-hub.com/_resources/themes/prahutheme/javascript/custom/orderList.js?m=1788319233:427
[   22315ms] [LOG] [Ik Bitung] penerima @ https://phbidlautdemo.prahu-hub.com/_resources/themes/prahutheme/javascript/custom/orderList.js?m=1788319233:648
[   22315ms] [LOG] {ID: 1448, status_order: DONE, JadwalID: 1851, ID_Order: 20260826-06504, dari_api: null} @ https://phbidlautdemo.prahu-hub.com/_resources/themes/prahutheme/javascript/custom/orderList.js?m=1788319233:427
[   22315ms] [LOG] [Ik Bitung] penerima @ https://phbidlautdemo.prahu-hub.com/_resources/themes/prahutheme/javascript/custom/orderList.js?m=1788319233:648
[   22316ms] [LOG] {ID: 1447, status_order: DONE, JadwalID: 1839, ID_Order: 20260826-06503, dari_api: null} @ https://phbidlautdemo.prahu-hub.com/_resources/themes/prahutheme/javascript/custom/orderList.js?m=1788319233:427
[   22316ms] [LOG] [Ik Bitung] penerima @ https://phbidlautdemo.prahu-hub.com/_resources/themes/prahutheme/javascript/custom/orderList.js?m=1788319233:648
[   22316ms] [LOG] {ID: 1446, status_order: DONE, JadwalID: 1839, ID_Order: 20260826-06502, dari_api: null} @ https://phbidlautdemo.prahu-hub.com/_resources/themes/prahutheme/javascript/custom/orderList.js?m=1788319233:427
[   22317ms] [LOG] [Ik Bitung] penerima @ https://phbidlautdemo.prahu-hub.com/_resources/themes/prahutheme/javascript/custom/orderList.js?m=1788319233:648
[   22317ms] [LOG] {ID: 1445, status_order: DONE, JadwalID: 1839, ID_Order: 20260826-06501, dari_api: null} @ https://phbidlautdemo.prahu-hub.com/_resources/themes/prahutheme/javascript/custom/orderList.js?m=1788319233:427
[   22317ms] [LOG] [Ik Bitung] penerima @ https://phbidlautdemo.prahu-hub.com/_resources/themes/prahutheme/javascript/custom/orderList.js?m=1788319233:648
[   22318ms] [LOG] {ID: 1444, status_order: DONE, JadwalID: 1830, ID_Order: 20260822-08505, dari_api: null} @ https://phbidlautdemo.prahu-hub.com/_resources/themes/prahutheme/javascript/custom/orderList.js?m=1788319233:427
[   22318ms] [LOG] [Roni] penerima @ https://phbidlautdemo.prahu-hub.com/_resources/themes/prahutheme/javascript/custom/orderList.js?m=1788319233:648
[   22318ms] [LOG] {ID: 1443, status_order: DONE, JadwalID: 1830, ID_Order: 20260822-08504, dari_api: null} @ https://phbidlautdemo.prahu-hub.com/_resources/themes/prahutheme/javascript/custom/orderList.js?m=1788319233:427
[   22318ms] [LOG] [Roni] penerima @ https://phbidlautdemo.prahu-hub.com/_resources/themes/prahutheme/javascript/custom/orderList.js?m=1788319233:648
[   22319ms] [LOG] {ID: 1442, status_order: DONE, JadwalID: 1830, ID_Order: 20260822-08503, dari_api: null} @ https://phbidlautdemo.prahu-hub.com/_resources/themes/prahutheme/javascript/custom/orderList.js?m=1788319233:427
[   22319ms] [LOG] [Roni] penerima @ https://phbidlautdemo.prahu-hub.com/_resources/themes/prahutheme/javascript/custom/orderList.js?m=1788319233:648
[   22319ms] [LOG] {ID: 1441, status_order: DONE, JadwalID: 1835, ID_Order: 20260822-08502, dari_api: null} @ https://phbidlautdemo.prahu-hub.com/_resources/themes/prahutheme/javascript/custom/orderList.js?m=1788319233:427
[   22320ms] [LOG] [050505500] penerima @ https://phbidlautdemo.prahu-hub.com/_resources/themes/prahutheme/javascript/custom/orderList.js?m=1788319233:648
[   22320ms] [LOG] {ID: 1440, status_order: DONE, JadwalID: 1830, ID_Order: 20260822-08501, dari_api: null} @ https://phbidlautdemo.prahu-hub.com/_resources/themes/prahutheme/javascript/custom/orderList.js?m=1788319233:427
[   22320ms] [LOG] [Roni] penerima @ https://phbidlautdemo.prahu-hub.com/_resources/themes/prahutheme/javascript/custom/orderList.js?m=1788319233:648
[   22320ms] [LOG] {ID: 1439, status_order: PACKING_LIST, JadwalID: 1830, ID_Order: 20260821-08504, dari_api: null} @ https://phbidlautdemo.prahu-hub.com/_resources/themes/prahutheme/javascript/custom/orderList.js?m=1788319233:427
[   22321ms] [LOG] [Roni] penerima @ https://phbidlautdemo.prahu-hub.com/_resources/themes/prahutheme/javascript/custom/orderList.js?m=1788319233:648
[   22321ms] [LOG] {ID: 1438, status_order: KONFIRMASI_UNIT, JadwalID: 1831, ID_Order: 20260821-08503, dari_api: null} @ https://phbidlautdemo.prahu-hub.com/_resources/themes/prahutheme/javascript/custom/orderList.js?m=1788319233:427
[   22321ms] [LOG] [Roni] penerima @ https://phbidlautdemo.prahu-hub.com/_resources/themes/prahutheme/javascript/custom/orderList.js?m=1788319233:648
[   22321ms] [LOG] {ID: 1437, status_order: CANCEL, JadwalID: 1831, ID_Order: 20260821-08502, dari_api: null} @ https://phbidlautdemo.prahu-hub.com/_resources/themes/prahutheme/javascript/custom/orderList.js?m=1788319233:427
[   22321ms] [LOG] [Roni] penerima @ https://phbidlautdemo.prahu-hub.com/_resources/themes/prahutheme/javascript/custom/orderList.js?m=1788319233:648
[   22322ms] [LOG] {ID: 1436, status_order: KONFIRMASI_UNIT, JadwalID: 1831, ID_Order: 20260821-08501, dari_api: null} @ https://phbidlautdemo.prahu-hub.com/_resources/themes/prahutheme/javascript/custom/orderList.js?m=1788319233:427
[   22322ms] [LOG] [Roni] penerima @ https://phbidlautdemo.prahu-hub.com/_resources/themes/prahutheme/javascript/custom/orderList.js?m=1788319233:648
[   22322ms] [LOG] {ID: 1435, status_order: DONE, JadwalID: 1828, ID_Order: 20260820-06504, dari_api: null} @ https://phbidlautdemo.prahu-hub.com/_resources/themes/prahutheme/javascript/custom/orderList.js?m=1788319233:427
[   22322ms] [LOG] [Ik Bitung] penerima @ https://phbidlautdemo.prahu-hub.com/_resources/themes/prahutheme/javascript/custom/orderList.js?m=1788319233:648
[   22323ms] [LOG] {ID: 1434, status_order: KONFIRMASI_UNIT, JadwalID: 1829, ID_Order: 20260820-08503, dari_api: null} @ https://phbidlautdemo.prahu-hub.com/_resources/themes/prahutheme/javascript/custom/orderList.js?m=1788319233:427
[   22323ms] [LOG] [-] penerima @ https://phbidlautdemo.prahu-hub.com/_resources/themes/prahutheme/javascript/custom/orderList.js?m=1788319233:648
[   22323ms] [LOG] {ID: 1433, status_order: CANCEL, JadwalID: 1828, ID_Order: 20260820-06502, dari_api: null} @ https://phbidlautdemo.prahu-hub.com/_resources/themes/prahutheme/javascript/custom/orderList.js?m=1788319233:427
[   22323ms] [LOG] [Ik Bitung] penerima @ https://phbidlautdemo.prahu-hub.com/_resources/themes/prahutheme/javascript/custom/orderList.js?m=1788319233:648
[   22324ms] [LOG] {ID: 1432, status_order: CANCEL, JadwalID: 1824, ID_Order: 20260820-06501, dari_api: YES} @ https://phbidlautdemo.prahu-hub.com/_resources/themes/prahutheme/javascript/custom/orderList.js?m=1788319233:427
[   22324ms] [LOG] [Ik Bitung] penerima @ https://phbidlautdemo.prahu-hub.com/_resources/themes/prahutheme/javascript/custom/orderList.js?m=1788319233:648
[   22324ms] [LOG] {ID: 1431, status_order: KONFIRMASI_UNIT, JadwalID: 1819, ID_Order: 20260818-08502, dari_api: null} @ https://phbidlautdemo.prahu-hub.com/_resources/themes/prahutheme/javascript/custom/orderList.js?m=1788319233:427
[   22324ms] [LOG] [Rian] penerima @ https://phbidlautdemo.prahu-hub.com/_resources/themes/prahutheme/javascript/custom/orderList.js?m=1788319233:648
[   22324ms] [LOG] {ID: 1430, status_order: KONFIRMASI_UNIT, JadwalID: 1817, ID_Order: 20260818-08501, dari_api: null} @ https://phbidlautdemo.prahu-hub.com/_resources/themes/prahutheme/javascript/custom/orderList.js?m=1788319233:427
[   22325ms] [LOG] [Rian] penerima @ https://phbidlautdemo.prahu-hub.com/_resources/themes/prahutheme/javascript/custom/orderList.js?m=1788319233:648
[   22325ms] [LOG] {ID: 1429, status_order: DONE, JadwalID: 1815, ID_Order: 20260811-06501, dari_api: YES} @ https://phbidlautdemo.prahu-hub.com/_resources/themes/prahutheme/javascript/custom/orderList.js?m=1788319233:427
[   22325ms] [LOG] [IKHSAN JAYA, IKHSAN JAYA, IKHSAN JAYA] penerima @ https://phbidlautdemo.prahu-hub.com/_resources/themes/prahutheme/javascript/custom/orderList.js?m=1788319233:648
[   22325ms] [LOG] {ID: 1428, status_order: DONE, JadwalID: 1814, ID_Order: 20260807-06501, dari_api: YES} @ https://phbidlautdemo.prahu-hub.com/_resources/themes/prahutheme/javascript/custom/orderList.js?m=1788319233:427
[   22325ms] [LOG] [Ik Bitung] penerima @ https://phbidlautdemo.prahu-hub.com/_resources/themes/prahutheme/javascript/custom/orderList.js?m=1788319233:648
[   22326ms] [LOG] {ID: 1427, status_order: KONFIRMASI_UNIT, JadwalID: 1809, ID_Order: 20260806-06503, dari_api: YES} @ https://phbidlautdemo.prahu-hub.com/_resources/themes/prahutheme/javascript/custom/orderList.js?m=1788319233:427
[   22326ms] [LOG]  penerima @ https://phbidlautdemo.prahu-hub.com/_resources/themes/prahutheme/javascript/custom/orderList.js?m=1788319233:648
[   22326ms] [LOG] {ID: 1426, status_order: PENDING, JadwalID: 1809, ID_Order: 20260806-06502, dari_api: YES} @ https://phbidlautdemo.prahu-hub.com/_resources/themes/prahutheme/javascript/custom/orderList.js?m=1788319233:427
[   22326ms] [LOG]  penerima @ https://phbidlautdemo.prahu-hub.com/_resources/themes/prahutheme/javascript/custom/orderList.js?m=1788319233:648
[   22326ms] [LOG] {ID: 1425, status_order: PENDING, JadwalID: 1809, ID_Order: 20260806-06501, dari_api: YES} @ https://phbidlautdemo.prahu-hub.com/_resources/themes/prahutheme/javascript/custom/orderList.js?m=1788319233:427
[   22326ms] [LOG]  penerima @ https://phbidlautdemo.prahu-hub.com/_resources/themes/prahutheme/javascript/custom/orderList.js?m=1788319233:648
[   22326ms] [LOG] {ID: 1424, status_order: PACKING_LIST, JadwalID: 1806, ID_Order: 20260805-26301, dari_api: null} @ https://phbidlautdemo.prahu-hub.com/_resources/themes/prahutheme/javascript/custom/orderList.js?m=1788319233:427
[   22327ms] [LOG] [Budi] penerima @ https://phbidlautdemo.prahu-hub.com/_resources/themes/prahutheme/javascript/custom/orderList.js?m=1788319233:648
[   22327ms] [LOG] {ID: 1423, status_order: PENDING, JadwalID: 1794, ID_Order: 20260713-06503, dari_api: null} @ https://phbidlautdemo.prahu-hub.com/_resources/themes/prahutheme/javascript/custom/orderList.js?m=1788319233:427
[   22327ms] [LOG] [Ik Bitung] penerima @ https://phbidlautdemo.prahu-hub.com/_resources/themes/prahutheme/javascript/custom/orderList.js?m=1788319233:648
[   22327ms] [LOG] {ID: 1422, status_order: REJECTED, JadwalID: 1794, ID_Order: 20260713-06502, dari_api: null} @ https://phbidlautdemo.prahu-hub.com/_resources/themes/prahutheme/javascript/custom/orderList.js?m=1788319233:427
[   22327ms] [LOG] [Ik Bitung] penerima @ https://phbidlautdemo.prahu-hub.com/_resources/themes/prahutheme/javascript/custom/orderList.js?m=1788319233:648
[   22328ms] [LOG] {ID: 1421, status_order: DONE, JadwalID: 1795, ID_Order: 20260713-06501, dari_api: null} @ https://phbidlautdemo.prahu-hub.com/_resources/themes/prahutheme/javascript/custom/orderList.js?m=1788319233:427
[   22328ms] [LOG] [Ik Bitung] penerima @ https://phbidlautdemo.prahu-hub.com/_resources/themes/prahutheme/javascript/custom/orderList.js?m=1788319233:648
[   22328ms] [LOG] {ID: 1420, status_order: DONE, JadwalID: 1785, ID_Order: 20260629-06501, dari_api: null} @ https://phbidlautdemo.prahu-hub.com/_resources/themes/prahutheme/javascript/custom/orderList.js?m=1788319233:427
[   22328ms] [LOG] [PT. Perkasa Adi Makmur Sentosa, PT. Tridatu Jaya, PT. Indajaya] penerima @ https://phbidlautdemo.prahu-hub.com/_resources/themes/prahutheme/javascript/custom/orderList.js?m=1788319233:648
[   22328ms] [LOG] {ID: 1419, status_order: KONFIRMASI_UNIT, JadwalID: 1790, ID_Order: 20260627-06504, dari_api: null} @ https://phbidlautdemo.prahu-hub.com/_resources/themes/prahutheme/javascript/custom/orderList.js?m=1788319233:427
[   22329ms] [LOG] [Ik Bitung] penerima @ https://phbidlautdemo.prahu-hub.com/_resources/themes/prahutheme/javascript/custom/orderList.js?m=1788319233:648
[   22329ms] [LOG] {ID: 1418, status_order: PENDING, JadwalID: 1790, ID_Order: 20260627-06503, dari_api: null} @ https://phbidlautdemo.prahu-hub.com/_resources/themes/prahutheme/javascript/custom/orderList.js?m=1788319233:427
[   22329ms] [LOG] [Ik Bitung] penerima @ https://phbidlautdemo.prahu-hub.com/_resources/themes/prahutheme/javascript/custom/orderList.js?m=1788319233:648
[   22330ms] [LOG] {ID: 1417, status_order: CANCEL, JadwalID: 1789, ID_Order: 20260627-06502, dari_api: null} @ https://phbidlautdemo.prahu-hub.com/_resources/themes/prahutheme/javascript/custom/orderList.js?m=1788319233:427
[   22330ms] [LOG] [Ik Bitung] penerima @ https://phbidlautdemo.prahu-hub.com/_resources/themes/prahutheme/javascript/custom/orderList.js?m=1788319233:648
[   22330ms] [LOG] {ID: 1416, status_order: DONE, JadwalID: 1789, ID_Order: 20260627-06501, dari_api: YES} @ https://phbidlautdemo.prahu-hub.com/_resources/themes/prahutheme/javascript/custom/orderList.js?m=1788319233:427
[   22330ms] [LOG] [Ik Bitung] penerima @ https://phbidlautdemo.prahu-hub.com/_resources/themes/prahutheme/javascript/custom/orderList.js?m=1788319233:648
[   22331ms] [LOG] {ID: 1415, status_order: KONFIRMASI_UNIT, JadwalID: 1785, ID_Order: 20260626-06501, dari_api: null} @ https://phbidlautdemo.prahu-hub.com/_resources/themes/prahutheme/javascript/custom/orderList.js?m=1788319233:427
[   22331ms] [LOG] [PT. Perkasa Adi Makmur Sentosa, PT. Tridatu Jaya, PT. Indajaya] penerima @ https://phbidlautdemo.prahu-hub.com/_resources/themes/prahutheme/javascript/custom/orderList.js?m=1788319233:648
[   22331ms] [LOG] {ID: 1414, status_order: DONE, JadwalID: 1787, ID_Order: 20260625-02604, dari_api: null} @ https://phbidlautdemo.prahu-hub.com/_resources/themes/prahutheme/javascript/custom/orderList.js?m=1788319233:427
[   22331ms] [LOG] [PT. Astra Honda Motor, PT. Astra Yamaha Motor, PT. Astra Kawasaki Motor] penerima @ https://phbidlautdemo.prahu-hub.com/_resources/themes/prahutheme/javascript/custom/orderList.js?m=1788319233:648
[   22332ms] [LOG] {ID: 1413, status_order: CANCEL, JadwalID: 1786, ID_Order: 20260625-06503, dari_api: null} @ https://phbidlautdemo.prahu-hub.com/_resources/themes/prahutheme/javascript/custom/orderList.js?m=1788319233:427
[   22332ms] [LOG] [PT. Perkasa Adi Makmur Sentosa, PT. Tridatu Jaya, PT. Indajaya] penerima @ https://phbidlautdemo.prahu-hub.com/_resources/themes/prahutheme/javascript/custom/orderList.js?m=1788319233:648
[   22332ms] [LOG] {ID: 1412, status_order: DONE, JadwalID: 1780, ID_Order: 20260625-02602, dari_api: null} @ https://phbidlautdemo.prahu-hub.com/_resources/themes/prahutheme/javascript/custom/orderList.js?m=1788319233:427
[   22333ms] [LOG] [Suyanto] penerima @ https://phbidlautdemo.prahu-hub.com/_resources/themes/prahutheme/javascript/custom/orderList.js?m=1788319233:648
[   22333ms] [LOG] {ID: 1411, status_order: CANCEL_SHIPPED, JadwalID: 1778, ID_Order: 20260625-06501, dari_api: null} @ https://phbidlautdemo.prahu-hub.com/_resources/themes/prahutheme/javascript/custom/orderList.js?m=1788319233:427
[   22333ms] [LOG] [PT. Perkasa Adi Makmur Sentosa, PT. Tridatu Jaya, PT. Indajaya] penerima @ https://phbidlautdemo.prahu-hub.com/_resources/themes/prahutheme/javascript/custom/orderList.js?m=1788319233:648
[   22333ms] [LOG] {ID: 1410, status_order: DONE, JadwalID: 1777, ID_Order: 20260624-06501, dari_api: null} @ https://phbidlautdemo.prahu-hub.com/_resources/themes/prahutheme/javascript/custom/orderList.js?m=1788319233:427
[   22334ms] [LOG] [PT. Perkasa Adi Makmur Sentosa, PT. Tridatu Jaya, PT. Indajaya] penerima @ https://phbidlautdemo.prahu-hub.com/_resources/themes/prahutheme/javascript/custom/orderList.js?m=1788319233:648
[   22334ms] [LOG] {ID: 1408, status_order: DONE, JadwalID: 1774, ID_Order: 20260615-06501, dari_api: null} @ https://phbidlautdemo.prahu-hub.com/_resources/themes/prahutheme/javascript/custom/orderList.js?m=1788319233:427
[   22334ms] [LOG] [PIC Tujuan QA] penerima @ https://phbidlautdemo.prahu-hub.com/_resources/themes/prahutheme/javascript/custom/orderList.js?m=1788319233:648
[   22334ms] [LOG] {ID: 1407, status_order: DONE, JadwalID: 1773, ID_Order: 20260611-30801, dari_api: null} @ https://phbidlautdemo.prahu-hub.com/_resources/themes/prahutheme/javascript/custom/orderList.js?m=1788319233:427
[   22335ms] [LOG] [Eko Nugraha] penerima @ https://phbidlautdemo.prahu-hub.com/_resources/themes/prahutheme/javascript/custom/orderList.js?m=1788319233:648
[   22335ms] [LOG] {ID: 1406, status_order: DONE, JadwalID: 1760, ID_Order: 20260603-26302, dari_api: null} @ https://phbidlautdemo.prahu-hub.com/_resources/themes/prahutheme/javascript/custom/orderList.js?m=1788319233:427
[   22335ms] [LOG] [Budi] penerima @ https://phbidlautdemo.prahu-hub.com/_resources/themes/prahutheme/javascript/custom/orderList.js?m=1788319233:648
[   22335ms] [LOG] {ID: 1405, status_order: DONE, JadwalID: 1759, ID_Order: 20260603-26301, dari_api: null} @ https://phbidlautdemo.prahu-hub.com/_resources/themes/prahutheme/javascript/custom/orderList.js?m=1788319233:427
[   22336ms] [LOG] [Budi] penerima @ https://phbidlautdemo.prahu-hub.com/_resources/themes/prahutheme/javascript/custom/orderList.js?m=1788319233:648
[   22336ms] [LOG] {ID: 1404, status_order: PENDING, JadwalID: 1758, ID_Order: 20260528-06503, dari_api: null} @ https://phbidlautdemo.prahu-hub.com/_resources/themes/prahutheme/javascript/custom/orderList.js?m=1788319233:427
[   22336ms] [LOG] [PT. Perkasa Adi Makmur Sentosa, PT. Tridatu Jaya, PT. Indajaya] penerima @ https://phbidlautdemo.prahu-hub.com/_resources/themes/prahutheme/javascript/custom/orderList.js?m=1788319233:648
[   22336ms] [LOG] {ID: 1403, status_order: DONE, JadwalID: 1756, ID_Order: 20260528-06502, dari_api: null} @ https://phbidlautdemo.prahu-hub.com/_resources/themes/prahutheme/javascript/custom/orderList.js?m=1788319233:427
[   22336ms] [LOG] [PT. Perkasa Adi Makmur Sentosa, PT. Tridatu Jaya, PT. Indajaya] penerima @ https://phbidlautdemo.prahu-hub.com/_resources/themes/prahutheme/javascript/custom/orderList.js?m=1788319233:648
[   22337ms] [LOG] {ID: 1402, status_order: DONE, JadwalID: 1755, ID_Order: 20260528-06501, dari_api: null} @ https://phbidlautdemo.prahu-hub.com/_resources/themes/prahutheme/javascript/custom/orderList.js?m=1788319233:427
[   22337ms] [LOG] [PT. Perkasa Adi Makmur Sentosa, PT. Tridatu Jaya, PT. Indajaya] penerima @ https://phbidlautdemo.prahu-hub.com/_resources/themes/prahutheme/javascript/custom/orderList.js?m=1788319233:648
[   22337ms] [LOG] {ID: 1401, status_order: DONE, JadwalID: 1752, ID_Order: 20260526-02603, dari_api: null} @ https://phbidlautdemo.prahu-hub.com/_resources/themes/prahutheme/javascript/custom/orderList.js?m=1788319233:427
[   22337ms] [LOG] [Pras Tujuan] penerima @ https://phbidlautdemo.prahu-hub.com/_resources/themes/prahutheme/javascript/custom/orderList.js?m=1788319233:648
[   22338ms] [LOG] {ID: 1400, status_order: CANCEL, JadwalID: 1682, ID_Order: 20260526-02602, dari_api: null} @ https://phbidlautdemo.prahu-hub.com/_resources/themes/prahutheme/javascript/custom/orderList.js?m=1788319233:427
[   22338ms] [LOG] [Pras Tujuan] penerima @ https://phbidlautdemo.prahu-hub.com/_resources/themes/prahutheme/javascript/custom/orderList.js?m=1788319233:648
[   22338ms] [LOG] {ID: 1399, status_order: CANCEL_SHIPPED, JadwalID: 1751, ID_Order: 20260526-02601, dari_api: null} @ https://phbidlautdemo.prahu-hub.com/_resources/themes/prahutheme/javascript/custom/orderList.js?m=1788319233:427
[   22338ms] [LOG] [Pras Tujuan] penerima @ https://phbidlautdemo.prahu-hub.com/_resources/themes/prahutheme/javascript/custom/orderList.js?m=1788319233:648
[   22338ms] [LOG] {ID: 1398, status_order: CANCEL, JadwalID: 1748, ID_Order: 20260521-08506, dari_api: null} @ https://phbidlautdemo.prahu-hub.com/_resources/themes/prahutheme/javascript/custom/orderList.js?m=1788319233:427
[   22338ms] [LOG] [Farid] penerima @ https://phbidlautdemo.prahu-hub.com/_resources/themes/prahutheme/javascript/custom/orderList.js?m=1788319233:648
[   22339ms] [LOG] {ID: 1397, status_order: DONE, JadwalID: 1742, ID_Order: 20260521-27705, dari_api: null} @ https://phbidlautdemo.prahu-hub.com/_resources/themes/prahutheme/javascript/custom/orderList.js?m=1788319233:427
[   22339ms] [LOG] [Toni Kurniawan] penerima @ https://phbidlautdemo.prahu-hub.com/_resources/themes/prahutheme/javascript/custom/orderList.js?m=1788319233:648
[   22339ms] [LOG] {ID: 1396, status_order: DONE, JadwalID: 1747, ID_Order: 20260521-27704, dari_api: null} @ https://phbidlautdemo.prahu-hub.com/_resources/themes/prahutheme/javascript/custom/orderList.js?m=1788319233:427
[   22339ms] [LOG] [Toni Kurniawan] penerima @ https://phbidlautdemo.prahu-hub.com/_resources/themes/prahutheme/javascript/custom/orderList.js?m=1788319233:648
[   22340ms] [LOG] {ID: 1395, status_order: DONE, JadwalID: 1746, ID_Order: 20260521-26303, dari_api: null} @ https://phbidlautdemo.prahu-hub.com/_resources/themes/prahutheme/javascript/custom/orderList.js?m=1788319233:427
[   22340ms] [LOG] [Budi] penerima @ https://phbidlautdemo.prahu-hub.com/_resources/themes/prahutheme/javascript/custom/orderList.js?m=1788319233:648
[   22340ms] [LOG] {ID: 1394, status_order: CANCEL, JadwalID: 1736, ID_Order: 20260521-26302, dari_api: null} @ https://phbidlautdemo.prahu-hub.com/_resources/themes/prahutheme/javascript/custom/orderList.js?m=1788319233:427
[   22340ms] [LOG] [Budi] penerima @ https://phbidlautdemo.prahu-hub.com/_resources/themes/prahutheme/javascript/custom/orderList.js?m=1788319233:648
[   22341ms] [LOG] {ID: 1393, status_order: REJECTED, JadwalID: 1736, ID_Order: 20260521-26301, dari_api: null} @ https://phbidlautdemo.prahu-hub.com/_resources/themes/prahutheme/javascript/custom/orderList.js?m=1788319233:427
[   22341ms] [LOG] [Budi] penerima @ https://phbidlautdemo.prahu-hub.com/_resources/themes/prahutheme/javascript/custom/orderList.js?m=1788319233:648
[   22341ms] [LOG] {ID: 1392, status_order: DONE, JadwalID: 1740, ID_Order: 20260520-27705, dari_api: null} @ https://phbidlautdemo.prahu-hub.com/_resources/themes/prahutheme/javascript/custom/orderList.js?m=1788319233:427
[   22341ms] [LOG] [Toni Kurniawan] penerima @ https://phbidlautdemo.prahu-hub.com/_resources/themes/prahutheme/javascript/custom/orderList.js?m=1788319233:648
[   22342ms] [LOG] {ID: 1391, status_order: DONE, JadwalID: 1803, ID_Order: 20260520-26304, dari_api: null} @ https://phbidlautdemo.prahu-hub.com/_resources/themes/prahutheme/javascript/custom/orderList.js?m=1788319233:427
[   22342ms] [LOG] [Budi] penerima @ https://phbidlautdemo.prahu-hub.com/_resources/themes/prahutheme/javascript/custom/orderList.js?m=1788319233:648
[   22342ms] [LOG] {ID: 1390, status_order: DONE, JadwalID: 1735, ID_Order: 20260520-26303, dari_api: null} @ https://phbidlautdemo.prahu-hub.com/_resources/themes/prahutheme/javascript/custom/orderList.js?m=1788319233:427
[   22342ms] [LOG] [Budi] penerima @ https://phbidlautdemo.prahu-hub.com/_resources/themes/prahutheme/javascript/custom/orderList.js?m=1788319233:648
[   22343ms] [LOG] {ID: 1389, status_order: DONE, JadwalID: 1717, ID_Order: 20260520-27702, dari_api: null} @ https://phbidlautdemo.prahu-hub.com/_resources/themes/prahutheme/javascript/custom/orderList.js?m=1788319233:427
[   22343ms] [LOG] [Toni Kurniawan] penerima @ https://phbidlautdemo.prahu-hub.com/_resources/themes/prahutheme/javascript/custom/orderList.js?m=1788319233:648
[   22343ms] [LOG] {ID: 1388, status_order: DONE, JadwalID: 1732, ID_Order: 20260520-26301, dari_api: null} @ https://phbidlautdemo.prahu-hub.com/_resources/themes/prahutheme/javascript/custom/orderList.js?m=1788319233:427
[   22344ms] [LOG] [Budi] penerima @ https://phbidlautdemo.prahu-hub.com/_resources/themes/prahutheme/javascript/custom/orderList.js?m=1788319233:648
[   22344ms] [LOG] {ID: 1387, status_order: DONE, JadwalID: 1731, ID_Order: 20260518-08503, dari_api: null} @ https://phbidlautdemo.prahu-hub.com/_resources/themes/prahutheme/javascript/custom/orderList.js?m=1788319233:427
[   22344ms] [LOG] [a, =] penerima @ https://phbidlautdemo.prahu-hub.com/_resources/themes/prahutheme/javascript/custom/orderList.js?m=1788319233:648
[   22344ms] [LOG] {ID: 1386, status_order: CANCEL, JadwalID: 1730, ID_Order: 20260518-08502, dari_api: null} @ https://phbidlautdemo.prahu-hub.com/_resources/themes/prahutheme/javascript/custom/orderList.js?m=1788319233:427
[   22345ms] [LOG] [a, =] penerima @ https://phbidlautdemo.prahu-hub.com/_resources/themes/prahutheme/javascript/custom/orderList.js?m=1788319233:648
[   22345ms] [LOG] {ID: 1385, status_order: REJECTED, JadwalID: 1730, ID_Order: 20260518-08501, dari_api: null} @ https://phbidlautdemo.prahu-hub.com/_resources/themes/prahutheme/javascript/custom/orderList.js?m=1788319233:427
[   22345ms] [LOG] [a, www] penerima @ https://phbidlautdemo.prahu-hub.com/_resources/themes/prahutheme/javascript/custom/orderList.js?m=1788319233:648
[   22345ms] [LOG] {ID: 1384, status_order: DONE, JadwalID: 1727, ID_Order: 20260516-08501, dari_api: null} @ https://phbidlautdemo.prahu-hub.com/_resources/themes/prahutheme/javascript/custom/orderList.js?m=1788319233:427
[   22346ms] [LOG] [iuytr] penerima @ https://phbidlautdemo.prahu-hub.com/_resources/themes/prahutheme/javascript/custom/orderList.js?m=1788319233:648
[   22346ms] [LOG] {ID: 1383, status_order: CANCEL_SHIPPED, JadwalID: 1716, ID_Order: 20260505-27701, dari_api: null} @ https://phbidlautdemo.prahu-hub.com/_resources/themes/prahutheme/javascript/custom/orderList.js?m=1788319233:427
[   22346ms] [LOG] [Toni Kurniawan] penerima @ https://phbidlautdemo.prahu-hub.com/_resources/themes/prahutheme/javascript/custom/orderList.js?m=1788319233:648
[   22346ms] [LOG] {ID: 1382, status_order: DONE, JadwalID: 1718, ID_Order: 20260427-06502, dari_api: null} @ https://phbidlautdemo.prahu-hub.com/_resources/themes/prahutheme/javascript/custom/orderList.js?m=1788319233:427
[   22347ms] [LOG] [PT. Indomarco Prismatama - Jl. Lintas Sumatera Kel…1 || Pak Hariadi - Ketua TKBM Stabat 082166285795, Stock Point Indogrosir Mdn 1 (MEGAH DAYA INTI HARA…n Krio, Kel. Sunggal Deli Serdang, Sumatera Utara, CV. ALTAQNIA BANGKA ENGINEERING Simpang BTN, Jl. T…mali, Kabupaten Bangka, Kepulauan Bangka Belitung] penerima @ https://phbidlautdemo.prahu-hub.com/_resources/themes/prahutheme/javascript/custom/orderList.js?m=1788319233:648
[   22347ms] [LOG] {ID: 1381, status_order: DONE, JadwalID: 1718, ID_Order: 20260427-06501, dari_api: null} @ https://phbidlautdemo.prahu-hub.com/_resources/themes/prahutheme/javascript/custom/orderList.js?m=1788319233:427
[   22347ms] [LOG] [PT. Perkasa Adi Makmur Sentosa, PT. Tridatu Jaya, PT. Indajaya] penerima @ https://phbidlautdemo.prahu-hub.com/_resources/themes/prahutheme/javascript/custom/orderList.js?m=1788319233:648
[   22347ms] [LOG] {ID: 1380, status_order: DONE, JadwalID: 1717, ID_Order: 20260425-27702, dari_api: null} @ https://phbidlautdemo.prahu-hub.com/_resources/themes/prahutheme/javascript/custom/orderList.js?m=1788319233:427
[   22348ms] [LOG] [Toni Kurniawan] penerima @ https://phbidlautdemo.prahu-hub.com/_resources/themes/prahutheme/javascript/custom/orderList.js?m=1788319233:648
[   22348ms] [LOG] {ID: 1379, status_order: DONE, JadwalID: 1716, ID_Order: 20260425-27701, dari_api: null} @ https://phbidlautdemo.prahu-hub.com/_resources/themes/prahutheme/javascript/custom/orderList.js?m=1788319233:427
[   22348ms] [LOG] [Toni Kurniawan] penerima @ https://phbidlautdemo.prahu-hub.com/_resources/themes/prahutheme/javascript/custom/orderList.js?m=1788319233:648
[   22348ms] [LOG] {ID: 1378, status_order: SHIPPER_VALIDATED, JadwalID: 1715, ID_Order: 20260423-26301, dari_api: null} @ https://phbidlautdemo.prahu-hub.com/_resources/themes/prahutheme/javascript/custom/orderList.js?m=1788319233:427
[   22349ms] [LOG] [Budi] penerima @ https://phbidlautdemo.prahu-hub.com/_resources/themes/prahutheme/javascript/custom/orderList.js?m=1788319233:648
[   22349ms] [LOG] {ID: 1377, status_order: KONFIRMASI_UNIT, JadwalID: 1715, ID_Order: 20260421-26304, dari_api: null} @ https://phbidlautdemo.prahu-hub.com/_resources/themes/prahutheme/javascript/custom/orderList.js?m=1788319233:427
[   22350ms] [LOG] [Budi] penerima @ https://phbidlautdemo.prahu-hub.com/_resources/themes/prahutheme/javascript/custom/orderList.js?m=1788319233:648
[   22350ms] [LOG] {ID: 1376, status_order: DONE, JadwalID: 1702, ID_Order: 20260421-06503, dari_api: null} @ https://phbidlautdemo.prahu-hub.com/_resources/themes/prahutheme/javascript/custom/orderList.js?m=1788319233:427
[   22350ms] [LOG] [Ik Bitung] penerima @ https://phbidlautdemo.prahu-hub.com/_resources/themes/prahutheme/javascript/custom/orderList.js?m=1788319233:648
[   22350ms] [LOG] {ID: 1375, status_order: SHIPPER_VALIDATED, JadwalID: 1702, ID_Order: 20260421-06502, dari_api: null} @ https://phbidlautdemo.prahu-hub.com/_resources/themes/prahutheme/javascript/custom/orderList.js?m=1788319233:427
[   22351ms] [LOG] [Ik Bitung] penerima @ https://phbidlautdemo.prahu-hub.com/_resources/themes/prahutheme/javascript/custom/orderList.js?m=1788319233:648
[   22351ms] [LOG] {ID: 1374, status_order: KONFIRMASI_UNIT, JadwalID: 1715, ID_Order: 20260421-26301, dari_api: null} @ https://phbidlautdemo.prahu-hub.com/_resources/themes/prahutheme/javascript/custom/orderList.js?m=1788319233:427
[   22351ms] [LOG] [Budi] penerima @ https://phbidlautdemo.prahu-hub.com/_resources/themes/prahutheme/javascript/custom/orderList.js?m=1788319233:648
[   22351ms] [LOG] {ID: 1373, status_order: DONE, JadwalID: 1702, ID_Order: 20260420-06501, dari_api: null} @ https://phbidlautdemo.prahu-hub.com/_resources/themes/prahutheme/javascript/custom/orderList.js?m=1788319233:427
[   22352ms] [LOG] [Ik Bitung] penerima @ https://phbidlautdemo.prahu-hub.com/_resources/themes/prahutheme/javascript/custom/orderList.js?m=1788319233:648
[   22352ms] [LOG] {ID: 1372, status_order: SHIPPER_VALIDATED, JadwalID: 1710, ID_Order: 20260418-05922, dari_api: null} @ https://phbidlautdemo.prahu-hub.com/_resources/themes/prahutheme/javascript/custom/orderList.js?m=1788319233:427
[   22352ms] [LOG] [Majribah] penerima @ https://phbidlautdemo.prahu-hub.com/_resources/themes/prahutheme/javascript/custom/orderList.js?m=1788319233:648
[   22353ms] [LOG] {ID: 1371, status_order: PACKING_LIST, JadwalID: 1709, ID_Order: 20260418-05921, dari_api: null} @ https://phbidlautdemo.prahu-hub.com/_resources/themes/prahutheme/javascript/custom/orderList.js?m=1788319233:427
[   22353ms] [LOG] [Majribah] penerima @ https://phbidlautdemo.prahu-hub.com/_resources/themes/prahutheme/javascript/custom/orderList.js?m=1788319233:648
[   22353ms] [LOG] {ID: 1370, status_order: PACKING_LIST, JadwalID: 1708, ID_Order: 20260418-05920, dari_api: null} @ https://phbidlautdemo.prahu-hub.com/_resources/themes/prahutheme/javascript/custom/orderList.js?m=1788319233:427
[   22353ms] [LOG] [Majribah] penerima @ https://phbidlautdemo.prahu-hub.com/_resources/themes/prahutheme/javascript/custom/orderList.js?m=1788319233:648
[   22354ms] [LOG] {ID: 1369, status_order: PACKING_LIST, JadwalID: 1711, ID_Order: 20260418-05919, dari_api: null} @ https://phbidlautdemo.prahu-hub.com/_resources/themes/prahutheme/javascript/custom/orderList.js?m=1788319233:427
[   22354ms] [LOG] [Majribah] penerima @ https://phbidlautdemo.prahu-hub.com/_resources/themes/prahutheme/javascript/custom/orderList.js?m=1788319233:648
[   22354ms] [LOG] {ID: 1368, status_order: PACKING_LIST, JadwalID: 1710, ID_Order: 20260418-05918, dari_api: null} @ https://phbidlautdemo.prahu-hub.com/_resources/themes/prahutheme/javascript/custom/orderList.js?m=1788319233:427
[   22354ms] [LOG] [Majribah] penerima @ https://phbidlautdemo.prahu-hub.com/_resources/themes/prahutheme/javascript/custom/orderList.js?m=1788319233:648
[   22355ms] [LOG] {ID: 1367, status_order: PACKING_LIST, JadwalID: 1709, ID_Order: 20260418-05917, dari_api: null} @ https://phbidlautdemo.prahu-hub.com/_resources/themes/prahutheme/javascript/custom/orderList.js?m=1788319233:427
[   22355ms] [LOG] [Majribah] penerima @ https://phbidlautdemo.prahu-hub.com/_resources/themes/prahutheme/javascript/custom/orderList.js?m=1788319233:648
[   22355ms] [LOG] {ID: 1366, status_order: PACKING_LIST, JadwalID: 1708, ID_Order: 20260418-05916, dari_api: null} @ https://phbidlautdemo.prahu-hub.com/_resources/themes/prahutheme/javascript/custom/orderList.js?m=1788319233:427
[   22355ms] [LOG] [Majribah] penerima @ https://phbidlautdemo.prahu-hub.com/_resources/themes/prahutheme/javascript/custom/orderList.js?m=1788319233:648
[   22355ms] [LOG] {ID: 1365, status_order: PACKING_LIST, JadwalID: 1711, ID_Order: 20260418-05915, dari_api: null} @ https://phbidlautdemo.prahu-hub.com/_resources/themes/prahutheme/javascript/custom/orderList.js?m=1788319233:427
[   22356ms] [LOG] [Majribah] penerima @ https://phbidlautdemo.prahu-hub.com/_resources/themes/prahutheme/javascript/custom/orderList.js?m=1788319233:648
[   22433ms] [LOG] [Object, Object, Object, Object, Object, Object, Object, Object, Object, Object, Object, Object, Object, Object, Object, Object, Object, Object, Object, Object, Object, Object, Object, Object, Object, Object, Object, Object, Object, Object, Object, Object, Object, Object, Object, Object, Object, Object, Object, Object, Object, Object, Object, Object, Object, Object, Object, Object, Object, Object, Object, Object, Object, Object, Object, Object, Object, Object, Object, Object, Object, Object, Object, Object, Object, Object, Object, Object, Object, Object, Object, Object, Object, Object, Object, Object, Object, Object, Object, Object, Object, Object, Object, Object, Object, Object, Object, Object, Object, Object, Object, Object, Object, Object, Object, Object, Object, Object, Object, Object] @ https://phbidlautdemo.prahu-hub.com/_resources/themes/prahutheme/javascript/custom/orderList.js?m=1788319233:40
[   22433ms] [LOG] {ID: 1465, status_order: KONFIRMASI_UNIT, JadwalID: 1870, ID_Order: 20260904-06501, dari_api: null} @ https://phbidlautdemo.prahu-hub.com/_resources/themes/prahutheme/javascript/custom/orderList.js?m=1788319233:46
[   22433ms] [LOG] [Manujo] penerima @ https://phbidlautdemo.prahu-hub.com/_resources/themes/prahutheme/javascript/custom/orderList.js?m=1788319233:261
[   22433ms] [LOG] {ID: 1464, status_order: PACKING_LIST, JadwalID: 1891, ID_Order: 20260829-06504, dari_api: null} @ https://phbidlautdemo.prahu-hub.com/_resources/themes/prahutheme/javascript/custom/orderList.js?m=1788319233:46
[   22434ms] [LOG] [Manujo] penerima @ https://phbidlautdemo.prahu-hub.com/_resources/themes/prahutheme/javascript/custom/orderList.js?m=1788319233:261
[   22434ms] [LOG] {ID: 1463, status_order: PENDING, JadwalID: 1868, ID_Order: 20260829-02603, dari_api: null} @ https://phbidlautdemo.prahu-hub.com/_resources/themes/prahutheme/javascript/custom/orderList.js?m=1788319233:46
[   22434ms] [LOG] [Suyanto] penerima @ https://phbidlautdemo.prahu-hub.com/_resources/themes/prahutheme/javascript/custom/orderList.js?m=1788319233:261
[   22434ms] [LOG] {ID: 1462, status_order: PENDING, JadwalID: 1863, ID_Order: 20260829-02602, dari_api: null} @ https://phbidlautdemo.prahu-hub.com/_resources/themes/prahutheme/javascript/custom/orderList.js?m=1788319233:46
[   22434ms] [LOG] [Pras Tujuan] penerima @ https://phbidlautdemo.prahu-hub.com/_resources/themes/prahutheme/javascript/custom/orderList.js?m=1788319233:261
[   22435ms] [LOG] {ID: 1461, status_order: CANCEL, JadwalID: 1869, ID_Order: 20260829-06501, dari_api: null} @ https://phbidlautdemo.prahu-hub.com/_resources/themes/prahutheme/javascript/custom/orderList.js?m=1788319233:46
[   22435ms] [LOG] [Manujo] penerima @ https://phbidlautdemo.prahu-hub.com/_resources/themes/prahutheme/javascript/custom/orderList.js?m=1788319233:261
[   22435ms] [LOG] {ID: 1460, status_order: KONFIRMASI_UNIT, JadwalID: 1862, ID_Order: 20260828-06506, dari_api: null} @ https://phbidlautdemo.prahu-hub.com/_resources/themes/prahutheme/javascript/custom/orderList.js?m=1788319233:46
[   22435ms] [LOG] [Manujo] penerima @ https://phbidlautdemo.prahu-hub.com/_resources/themes/prahutheme/javascript/custom/orderList.js?m=1788319233:261
[   22436ms] [LOG] {ID: 1459, status_order: CANCEL, JadwalID: 1846, ID_Order: 20260828-06505, dari_api: null} @ https://phbidlautdemo.prahu-hub.com/_resources/themes/prahutheme/javascript/custom/orderList.js?m=1788319233:46
[   22436ms] [LOG] [Manujo] penerima @ https://phbidlautdemo.prahu-hub.com/_resources/themes/prahutheme/javascript/custom/orderList.js?m=1788319233:261
[   22436ms] [LOG] {ID: 1458, status_order: DONE, JadwalID: 1846, ID_Order: 20260828-06504, dari_api: null} @ https://phbidlautdemo.prahu-hub.com/_resources/themes/prahutheme/javascript/custom/orderList.js?m=1788319233:46
[   22436ms] [LOG] [Manujo] penerima @ https://phbidlautdemo.prahu-hub.com/_resources/themes/prahutheme/javascript/custom/orderList.js?m=1788319233:261
[   22437ms] [LOG] {ID: 1457, status_order: PACKING_LIST, JadwalID: 1848, ID_Order: 20260828-08503, dari_api: null} @ https://phbidlautdemo.prahu-hub.com/_resources/themes/prahutheme/javascript/custom/orderList.js?m=1788319233:46
[   22437ms] [LOG] [050505500] penerima @ https://phbidlautdemo.prahu-hub.com/_resources/themes/prahutheme/javascript/custom/orderList.js?m=1788319233:261
[   22440ms] [LOG] {ID: 1456, status_order: DONE, JadwalID: 1853, ID_Order: 20260828-02602, dari_api: null} @ https://phbidlautdemo.prahu-hub.com/_resources/themes/prahutheme/javascript/custom/orderList.js?m=1788319233:46
[   22440ms] [LOG] [Pras Tujuan] penerima @ https://phbidlautdemo.prahu-hub.com/_resources/themes/prahutheme/javascript/custom/orderList.js?m=1788319233:261
[   22440ms] [LOG] {ID: 1455, status_order: DONE, JadwalID: 1848, ID_Order: 20260828-08501, dari_api: null} @ https://phbidlautdemo.prahu-hub.com/_resources/themes/prahutheme/javascript/custom/orderList.js?m=1788319233:46
[   22441ms] [LOG] [050505500] penerima @ https://phbidlautdemo.prahu-hub.com/_resources/themes/prahutheme/javascript/custom/orderList.js?m=1788319233:261
[   22441ms] [LOG] {ID: 1454, status_order: SHIPPER_VALIDATED, JadwalID: 1846, ID_Order: 20260827-06503, dari_api: null} @ https://phbidlautdemo.prahu-hub.com/_resources/themes/prahutheme/javascript/custom/orderList.js?m=1788319233:46
[   22441ms] [LOG] [Manujo] penerima @ https://phbidlautdemo.prahu-hub.com/_resources/themes/prahutheme/javascript/custom/orderList.js?m=1788319233:261
[   22441ms] [LOG] {ID: 1453, status_order: DONE, JadwalID: 1846, ID_Order: 20260827-06502, dari_api: null} @ https://phbidlautdemo.prahu-hub.com/_resources/themes/prahutheme/javascript/custom/orderList.js?m=1788319233:46
[   22441ms] [LOG] [Manujo] penerima @ https://phbidlautdemo.prahu-hub.com/_resources/themes/prahutheme/javascript/custom/orderList.js?m=1788319233:261
[   22441ms] [LOG] {ID: 1452, status_order: DONE, JadwalID: 1844, ID_Order: 20260827-06501, dari_api: null} @ https://phbidlautdemo.prahu-hub.com/_resources/themes/prahutheme/javascript/custom/orderList.js?m=1788319233:46
[   22442ms] [LOG] [Ik Bitung] penerima @ https://phbidlautdemo.prahu-hub.com/_resources/themes/prahutheme/javascript/custom/orderList.js?m=1788319233:261
[   22442ms] [LOG] {ID: 1451, status_order: DONE, JadwalID: 1845, ID_Order: 20260826-06507, dari_api: null} @ https://phbidlautdemo.prahu-hub.com/_resources/themes/prahutheme/javascript/custom/orderList.js?m=1788319233:46
[   22442ms] [LOG] [Ik Bitung] penerima @ https://phbidlautdemo.prahu-hub.com/_resources/themes/prahutheme/javascript/custom/orderList.js?m=1788319233:261
[   22442ms] [LOG] {ID: 1450, status_order: PENDING, JadwalID: 1844, ID_Order: 20260826-06506, dari_api: null} @ https://phbidlautdemo.prahu-hub.com/_resources/themes/prahutheme/javascript/custom/orderList.js?m=1788319233:46
[   22442ms] [LOG] [Ik Bitung] penerima @ https://phbidlautdemo.prahu-hub.com/_resources/themes/prahutheme/javascript/custom/orderList.js?m=1788319233:261
[   22442ms] [LOG] {ID: 1449, status_order: DONE, JadwalID: 1839, ID_Order: 20260826-06505, dari_api: null} @ https://phbidlautdemo.prahu-hub.com/_resources/themes/prahutheme/javascript/custom/orderList.js?m=1788319233:46
[   22442ms] [LOG] [Ik Bitung] penerima @ https://phbidlautdemo.prahu-hub.com/_resources/themes/prahutheme/javascript/custom/orderList.js?m=1788319233:261
[   22443ms] [LOG] {ID: 1448, status_order: DONE, JadwalID: 1851, ID_Order: 20260826-06504, dari_api: null} @ https://phbidlautdemo.prahu-hub.com/_resources/themes/prahutheme/javascript/custom/orderList.js?m=1788319233:46
[   22443ms] [LOG] [Ik Bitung] penerima @ https://phbidlautdemo.prahu-hub.com/_resources/themes/prahutheme/javascript/custom/orderList.js?m=1788319233:261
[   22443ms] [LOG] {ID: 1447, status_order: DONE, JadwalID: 1839, ID_Order: 20260826-06503, dari_api: null} @ https://phbidlautdemo.prahu-hub.com/_resources/themes/prahutheme/javascript/custom/orderList.js?m=1788319233:46
[   22443ms] [LOG] [Ik Bitung] penerima @ https://phbidlautdemo.prahu-hub.com/_resources/themes/prahutheme/javascript/custom/orderList.js?m=1788319233:261
[   22443ms] [LOG] {ID: 1446, status_order: DONE, JadwalID: 1839, ID_Order: 20260826-06502, dari_api: null} @ https://phbidlautdemo.prahu-hub.com/_resources/themes/prahutheme/javascript/custom/orderList.js?m=1788319233:46
[   22443ms] [LOG] [Ik Bitung] penerima @ https://phbidlautdemo.prahu-hub.com/_resources/themes/prahutheme/javascript/custom/orderList.js?m=1788319233:261
[   22444ms] [LOG] {ID: 1445, status_order: DONE, JadwalID: 1839, ID_Order: 20260826-06501, dari_api: null} @ https://phbidlautdemo.prahu-hub.com/_resources/themes/prahutheme/javascript/custom/orderList.js?m=1788319233:46
[   22444ms] [LOG] [Ik Bitung] penerima @ https://phbidlautdemo.prahu-hub.com/_resources/themes/prahutheme/javascript/custom/orderList.js?m=1788319233:261
[   22444ms] [LOG] {ID: 1444, status_order: DONE, JadwalID: 1830, ID_Order: 20260822-08505, dari_api: null} @ https://phbidlautdemo.prahu-hub.com/_resources/themes/prahutheme/javascript/custom/orderList.js?m=1788319233:46
[   22444ms] [LOG] [Roni] penerima @ https://phbidlautdemo.prahu-hub.com/_resources/themes/prahutheme/javascript/custom/orderList.js?m=1788319233:261
[   22444ms] [LOG] {ID: 1443, status_order: DONE, JadwalID: 1830, ID_Order: 20260822-08504, dari_api: null} @ https://phbidlautdemo.prahu-hub.com/_resources/themes/prahutheme/javascript/custom/orderList.js?m=1788319233:46
[   22444ms] [LOG] [Roni] penerima @ https://phbidlautdemo.prahu-hub.com/_resources/themes/prahutheme/javascript/custom/orderList.js?m=1788319233:261
[   22444ms] [LOG] {ID: 1442, status_order: DONE, JadwalID: 1830, ID_Order: 20260822-08503, dari_api: null} @ https://phbidlautdemo.prahu-hub.com/_resources/themes/prahutheme/javascript/custom/orderList.js?m=1788319233:46
[   22445ms] [LOG] [Roni] penerima @ https://phbidlautdemo.prahu-hub.com/_resources/themes/prahutheme/javascript/custom/orderList.js?m=1788319233:261
[   22445ms] [LOG] {ID: 1441, status_order: DONE, JadwalID: 1835, ID_Order: 20260822-08502, dari_api: null} @ https://phbidlautdemo.prahu-hub.com/_resources/themes/prahutheme/javascript/custom/orderList.js?m=1788319233:46
[   22445ms] [LOG] [050505500] penerima @ https://phbidlautdemo.prahu-hub.com/_resources/themes/prahutheme/javascript/custom/orderList.js?m=1788319233:261
[   22445ms] [LOG] {ID: 1440, status_order: DONE, JadwalID: 1830, ID_Order: 20260822-08501, dari_api: null} @ https://phbidlautdemo.prahu-hub.com/_resources/themes/prahutheme/javascript/custom/orderList.js?m=1788319233:46
[   22445ms] [LOG] [Roni] penerima @ https://phbidlautdemo.prahu-hub.com/_resources/themes/prahutheme/javascript/custom/orderList.js?m=1788319233:261
[   22445ms] [LOG] {ID: 1439, status_order: PACKING_LIST, JadwalID: 1830, ID_Order: 20260821-08504, dari_api: null} @ https://phbidlautdemo.prahu-hub.com/_resources/themes/prahutheme/javascript/custom/orderList.js?m=1788319233:46
[   22446ms] [LOG] [Roni] penerima @ https://phbidlautdemo.prahu-hub.com/_resources/themes/prahutheme/javascript/custom/orderList.js?m=1788319233:261
[   22446ms] [LOG] {ID: 1438, status_order: KONFIRMASI_UNIT, JadwalID: 1831, ID_Order: 20260821-08503, dari_api: null} @ https://phbidlautdemo.prahu-hub.com/_resources/themes/prahutheme/javascript/custom/orderList.js?m=1788319233:46
[   22446ms] [LOG] [Roni] penerima @ https://phbidlautdemo.prahu-hub.com/_resources/themes/prahutheme/javascript/custom/orderList.js?m=1788319233:261
[   22446ms] [LOG] {ID: 1437, status_order: CANCEL, JadwalID: 1831, ID_Order: 20260821-08502, dari_api: null} @ https://phbidlautdemo.prahu-hub.com/_resources/themes/prahutheme/javascript/custom/orderList.js?m=1788319233:46
[   22446ms] [LOG] [Roni] penerima @ https://phbidlautdemo.prahu-hub.com/_resources/themes/prahutheme/javascript/custom/orderList.js?m=1788319233:261
[   22446ms] [LOG] {ID: 1436, status_order: KONFIRMASI_UNIT, JadwalID: 1831, ID_Order: 20260821-08501, dari_api: null} @ https://phbidlautdemo.prahu-hub.com/_resources/themes/prahutheme/javascript/custom/orderList.js?m=1788319233:46
[   22446ms] [LOG] [Roni] penerima @ https://phbidlautdemo.prahu-hub.com/_resources/themes/prahutheme/javascript/custom/orderList.js?m=1788319233:261
[   22447ms] [LOG] {ID: 1435, status_order: DONE, JadwalID: 1828, ID_Order: 20260820-06504, dari_api: null} @ https://phbidlautdemo.prahu-hub.com/_resources/themes/prahutheme/javascript/custom/orderList.js?m=1788319233:46
[   22447ms] [LOG] [Ik Bitung] penerima @ https://phbidlautdemo.prahu-hub.com/_resources/themes/prahutheme/javascript/custom/orderList.js?m=1788319233:261
[   22447ms] [LOG] {ID: 1434, status_order: KONFIRMASI_UNIT, JadwalID: 1829, ID_Order: 20260820-08503, dari_api: null} @ https://phbidlautdemo.prahu-hub.com/_resources/themes/prahutheme/javascript/custom/orderList.js?m=1788319233:46
[   22447ms] [LOG] [-] penerima @ https://phbidlautdemo.prahu-hub.com/_resources/themes/prahutheme/javascript/custom/orderList.js?m=1788319233:261
[   22447ms] [LOG] {ID: 1433, status_order: CANCEL, JadwalID: 1828, ID_Order: 20260820-06502, dari_api: null} @ https://phbidlautdemo.prahu-hub.com/_resources/themes/prahutheme/javascript/custom/orderList.js?m=1788319233:46
[   22447ms] [LOG] [Ik Bitung] penerima @ https://phbidlautdemo.prahu-hub.com/_resources/themes/prahutheme/javascript/custom/orderList.js?m=1788319233:261
[   22448ms] [LOG] {ID: 1432, status_order: CANCEL, JadwalID: 1824, ID_Order: 20260820-06501, dari_api: YES} @ https://phbidlautdemo.prahu-hub.com/_resources/themes/prahutheme/javascript/custom/orderList.js?m=1788319233:46
[   22448ms] [LOG] [Ik Bitung] penerima @ https://phbidlautdemo.prahu-hub.com/_resources/themes/prahutheme/javascript/custom/orderList.js?m=1788319233:261
[   22448ms] [LOG] {ID: 1431, status_order: KONFIRMASI_UNIT, JadwalID: 1819, ID_Order: 20260818-08502, dari_api: null} @ https://phbidlautdemo.prahu-hub.com/_resources/themes/prahutheme/javascript/custom/orderList.js?m=1788319233:46
[   22448ms] [LOG] [Rian] penerima @ https://phbidlautdemo.prahu-hub.com/_resources/themes/prahutheme/javascript/custom/orderList.js?m=1788319233:261
[   22448ms] [LOG] {ID: 1430, status_order: KONFIRMASI_UNIT, JadwalID: 1817, ID_Order: 20260818-08501, dari_api: null} @ https://phbidlautdemo.prahu-hub.com/_resources/themes/prahutheme/javascript/custom/orderList.js?m=1788319233:46
[   22448ms] [LOG] [Rian] penerima @ https://phbidlautdemo.prahu-hub.com/_resources/themes/prahutheme/javascript/custom/orderList.js?m=1788319233:261
[   22449ms] [LOG] {ID: 1429, status_order: DONE, JadwalID: 1815, ID_Order: 20260811-06501, dari_api: YES} @ https://phbidlautdemo.prahu-hub.com/_resources/themes/prahutheme/javascript/custom/orderList.js?m=1788319233:46
[   22449ms] [LOG] [IKHSAN JAYA, IKHSAN JAYA, IKHSAN JAYA] penerima @ https://phbidlautdemo.prahu-hub.com/_resources/themes/prahutheme/javascript/custom/orderList.js?m=1788319233:261
[   22449ms] [LOG] {ID: 1428, status_order: DONE, JadwalID: 1814, ID_Order: 20260807-06501, dari_api: YES} @ https://phbidlautdemo.prahu-hub.com/_resources/themes/prahutheme/javascript/custom/orderList.js?m=1788319233:46
[   22449ms] [LOG] [Ik Bitung] penerima @ https://phbidlautdemo.prahu-hub.com/_resources/themes/prahutheme/javascript/custom/orderList.js?m=1788319233:261
[   22450ms] [LOG] {ID: 1427, status_order: KONFIRMASI_UNIT, JadwalID: 1809, ID_Order: 20260806-06503, dari_api: YES} @ https://phbidlautdemo.prahu-hub.com/_resources/themes/prahutheme/javascript/custom/orderList.js?m=1788319233:46
[   22450ms] [LOG]  penerima @ https://phbidlautdemo.prahu-hub.com/_resources/themes/prahutheme/javascript/custom/orderList.js?m=1788319233:261
[   22450ms] [LOG] {ID: 1426, status_order: PENDING, JadwalID: 1809, ID_Order: 20260806-06502, dari_api: YES} @ https://phbidlautdemo.prahu-hub.com/_resources/themes/prahutheme/javascript/custom/orderList.js?m=1788319233:46
[   22450ms] [LOG]  penerima @ https://phbidlautdemo.prahu-hub.com/_resources/themes/prahutheme/javascript/custom/orderList.js?m=1788319233:261
[   22450ms] [LOG] {ID: 1425, status_order: PENDING, JadwalID: 1809, ID_Order: 20260806-06501, dari_api: YES} @ https://phbidlautdemo.prahu-hub.com/_resources/themes/prahutheme/javascript/custom/orderList.js?m=1788319233:46
[   22450ms] [LOG]  penerima @ https://phbidlautdemo.prahu-hub.com/_resources/themes/prahutheme/javascript/custom/orderList.js?m=1788319233:261
[   22450ms] [LOG] {ID: 1424, status_order: PACKING_LIST, JadwalID: 1806, ID_Order: 20260805-26301, dari_api: null} @ https://phbidlautdemo.prahu-hub.com/_resources/themes/prahutheme/javascript/custom/orderList.js?m=1788319233:46
[   22450ms] [LOG] [Budi] penerima @ https://phbidlautdemo.prahu-hub.com/_resources/themes/prahutheme/javascript/custom/orderList.js?m=1788319233:261
[   22450ms] [LOG] {ID: 1423, status_order: PENDING, JadwalID: 1794, ID_Order: 20260713-06503, dari_api: null} @ https://phbidlautdemo.prahu-hub.com/_resources/themes/prahutheme/javascript/custom/orderList.js?m=1788319233:46
[   22451ms] [LOG] [Ik Bitung] penerima @ https://phbidlautdemo.prahu-hub.com/_resources/themes/prahutheme/javascript/custom/orderList.js?m=1788319233:261
[   22451ms] [LOG] {ID: 1422, status_order: REJECTED, JadwalID: 1794, ID_Order: 20260713-06502, dari_api: null} @ https://phbidlautdemo.prahu-hub.com/_resources/themes/prahutheme/javascript/custom/orderList.js?m=1788319233:46
[   22451ms] [LOG] [Ik Bitung] penerima @ https://phbidlautdemo.prahu-hub.com/_resources/themes/prahutheme/javascript/custom/orderList.js?m=1788319233:261
[   22451ms] [LOG] {ID: 1421, status_order: DONE, JadwalID: 1795, ID_Order: 20260713-06501, dari_api: null} @ https://phbidlautdemo.prahu-hub.com/_resources/themes/prahutheme/javascript/custom/orderList.js?m=1788319233:46
[   22452ms] [LOG] [Ik Bitung] penerima @ https://phbidlautdemo.prahu-hub.com/_resources/themes/prahutheme/javascript/custom/orderList.js?m=1788319233:261
[   22452ms] [LOG] {ID: 1420, status_order: DONE, JadwalID: 1785, ID_Order: 20260629-06501, dari_api: null} @ https://phbidlautdemo.prahu-hub.com/_resources/themes/prahutheme/javascript/custom/orderList.js?m=1788319233:46
[   22452ms] [LOG] [PT. Perkasa Adi Makmur Sentosa, PT. Tridatu Jaya, PT. Indajaya] penerima @ https://phbidlautdemo.prahu-hub.com/_resources/themes/prahutheme/javascript/custom/orderList.js?m=1788319233:261
[   22452ms] [LOG] {ID: 1419, status_order: KONFIRMASI_UNIT, JadwalID: 1790, ID_Order: 20260627-06504, dari_api: null} @ https://phbidlautdemo.prahu-hub.com/_resources/themes/prahutheme/javascript/custom/orderList.js?m=1788319233:46
[   22452ms] [LOG] [Ik Bitung] penerima @ https://phbidlautdemo.prahu-hub.com/_resources/themes/prahutheme/javascript/custom/orderList.js?m=1788319233:261
[   22452ms] [LOG] {ID: 1418, status_order: PENDING, JadwalID: 1790, ID_Order: 20260627-06503, dari_api: null} @ https://phbidlautdemo.prahu-hub.com/_resources/themes/prahutheme/javascript/custom/orderList.js?m=1788319233:46
[   22453ms] [LOG] [Ik Bitung] penerima @ https://phbidlautdemo.prahu-hub.com/_resources/themes/prahutheme/javascript/custom/orderList.js?m=1788319233:261
[   22453ms] [LOG] {ID: 1417, status_order: CANCEL, JadwalID: 1789, ID_Order: 20260627-06502, dari_api: null} @ https://phbidlautdemo.prahu-hub.com/_resources/themes/prahutheme/javascript/custom/orderList.js?m=1788319233:46
[   22453ms] [LOG] [Ik Bitung] penerima @ https://phbidlautdemo.prahu-hub.com/_resources/themes/prahutheme/javascript/custom/orderList.js?m=1788319233:261
[   22453ms] [LOG] {ID: 1416, status_order: DONE, JadwalID: 1789, ID_Order: 20260627-06501, dari_api: YES} @ https://phbidlautdemo.prahu-hub.com/_resources/themes/prahutheme/javascript/custom/orderList.js?m=1788319233:46
[   22453ms] [LOG] [Ik Bitung] penerima @ https://phbidlautdemo.prahu-hub.com/_resources/themes/prahutheme/javascript/custom/orderList.js?m=1788319233:261
[   22453ms] [LOG] {ID: 1415, status_order: KONFIRMASI_UNIT, JadwalID: 1785, ID_Order: 20260626-06501, dari_api: null} @ https://phbidlautdemo.prahu-hub.com/_resources/themes/prahutheme/javascript/custom/orderList.js?m=1788319233:46
[   22454ms] [LOG] [PT. Perkasa Adi Makmur Sentosa, PT. Tridatu Jaya, PT. Indajaya] penerima @ https://phbidlautdemo.prahu-hub.com/_resources/themes/prahutheme/javascript/custom/orderList.js?m=1788319233:261
[   22454ms] [LOG] {ID: 1414, status_order: DONE, JadwalID: 1787, ID_Order: 20260625-02604, dari_api: null} @ https://phbidlautdemo.prahu-hub.com/_resources/themes/prahutheme/javascript/custom/orderList.js?m=1788319233:46
[   22454ms] [LOG] [PT. Astra Honda Motor, PT. Astra Yamaha Motor, PT. Astra Kawasaki Motor] penerima @ https://phbidlautdemo.prahu-hub.com/_resources/themes/prahutheme/javascript/custom/orderList.js?m=1788319233:261
[   22454ms] [LOG] {ID: 1413, status_order: CANCEL, JadwalID: 1786, ID_Order: 20260625-06503, dari_api: null} @ https://phbidlautdemo.prahu-hub.com/_resources/themes/prahutheme/javascript/custom/orderList.js?m=1788319233:46
[   22454ms] [LOG] [PT. Perkasa Adi Makmur Sentosa, PT. Tridatu Jaya, PT. Indajaya] penerima @ https://phbidlautdemo.prahu-hub.com/_resources/themes/prahutheme/javascript/custom/orderList.js?m=1788319233:261
[   22454ms] [LOG] {ID: 1412, status_order: DONE, JadwalID: 1780, ID_Order: 20260625-02602, dari_api: null} @ https://phbidlautdemo.prahu-hub.com/_resources/themes/prahutheme/javascript/custom/orderList.js?m=1788319233:46
[   22455ms] [LOG] [Suyanto] penerima @ https://phbidlautdemo.prahu-hub.com/_resources/themes/prahutheme/javascript/custom/orderList.js?m=1788319233:261
[   22455ms] [LOG] {ID: 1411, status_order: CANCEL_SHIPPED, JadwalID: 1778, ID_Order: 20260625-06501, dari_api: null} @ https://phbidlautdemo.prahu-hub.com/_resources/themes/prahutheme/javascript/custom/orderList.js?m=1788319233:46
[   22455ms] [LOG] [PT. Perkasa Adi Makmur Sentosa, PT. Tridatu Jaya, PT. Indajaya] penerima @ https://phbidlautdemo.prahu-hub.com/_resources/themes/prahutheme/javascript/custom/orderList.js?m=1788319233:261
[   22455ms] [LOG] {ID: 1410, status_order: DONE, JadwalID: 1777, ID_Order: 20260624-06501, dari_api: null} @ https://phbidlautdemo.prahu-hub.com/_resources/themes/prahutheme/javascript/custom/orderList.js?m=1788319233:46
[   22455ms] [LOG] [PT. Perkasa Adi Makmur Sentosa, PT. Tridatu Jaya, PT. Indajaya] penerima @ https://phbidlautdemo.prahu-hub.com/_resources/themes/prahutheme/javascript/custom/orderList.js?m=1788319233:261
[   22456ms] [LOG] {ID: 1408, status_order: DONE, JadwalID: 1774, ID_Order: 20260615-06501, dari_api: null} @ https://phbidlautdemo.prahu-hub.com/_resources/themes/prahutheme/javascript/custom/orderList.js?m=1788319233:46
[   22456ms] [LOG] [PIC Tujuan QA] penerima @ https://phbidlautdemo.prahu-hub.com/_resources/themes/prahutheme/javascript/custom/orderList.js?m=1788319233:261
[   22456ms] [LOG] {ID: 1407, status_order: DONE, JadwalID: 1773, ID_Order: 20260611-30801, dari_api: null} @ https://phbidlautdemo.prahu-hub.com/_resources/themes/prahutheme/javascript/custom/orderList.js?m=1788319233:46
[   22456ms] [LOG] [Eko Nugraha] penerima @ https://phbidlautdemo.prahu-hub.com/_resources/themes/prahutheme/javascript/custom/orderList.js?m=1788319233:261
[   22456ms] [LOG] {ID: 1406, status_order: DONE, JadwalID: 1760, ID_Order: 20260603-26302, dari_api: null} @ https://phbidlautdemo.prahu-hub.com/_resources/themes/prahutheme/javascript/custom/orderList.js?m=1788319233:46
[   22457ms] [LOG] [Budi] penerima @ https://phbidlautdemo.prahu-hub.com/_resources/themes/prahutheme/javascript/custom/orderList.js?m=1788319233:261
[   22457ms] [LOG] {ID: 1405, status_order: DONE, JadwalID: 1759, ID_Order: 20260603-26301, dari_api: null} @ https://phbidlautdemo.prahu-hub.com/_resources/themes/prahutheme/javascript/custom/orderList.js?m=1788319233:46
[   22457ms] [LOG] [Budi] penerima @ https://phbidlautdemo.prahu-hub.com/_resources/themes/prahutheme/javascript/custom/orderList.js?m=1788319233:261
[   22457ms] [LOG] {ID: 1404, status_order: PENDING, JadwalID: 1758, ID_Order: 20260528-06503, dari_api: null} @ https://phbidlautdemo.prahu-hub.com/_resources/themes/prahutheme/javascript/custom/orderList.js?m=1788319233:46
[   22457ms] [LOG] [PT. Perkasa Adi Makmur Sentosa, PT. Tridatu Jaya, PT. Indajaya] penerima @ https://phbidlautdemo.prahu-hub.com/_resources/themes/prahutheme/javascript/custom/orderList.js?m=1788319233:261
[   22457ms] [LOG] {ID: 1403, status_order: DONE, JadwalID: 1756, ID_Order: 20260528-06502, dari_api: null} @ https://phbidlautdemo.prahu-hub.com/_resources/themes/prahutheme/javascript/custom/orderList.js?m=1788319233:46
[   22457ms] [LOG] [PT. Perkasa Adi Makmur Sentosa, PT. Tridatu Jaya, PT. Indajaya] penerima @ https://phbidlautdemo.prahu-hub.com/_resources/themes/prahutheme/javascript/custom/orderList.js?m=1788319233:261
[   22458ms] [LOG] {ID: 1402, status_order: DONE, JadwalID: 1755, ID_Order: 20260528-06501, dari_api: null} @ https://phbidlautdemo.prahu-hub.com/_resources/themes/prahutheme/javascript/custom/orderList.js?m=1788319233:46
[   22458ms] [LOG] [PT. Perkasa Adi Makmur Sentosa, PT. Tridatu Jaya, PT. Indajaya] penerima @ https://phbidlautdemo.prahu-hub.com/_resources/themes/prahutheme/javascript/custom/orderList.js?m=1788319233:261
[   22458ms] [LOG] {ID: 1401, status_order: DONE, JadwalID: 1752, ID_Order: 20260526-02603, dari_api: null} @ https://phbidlautdemo.prahu-hub.com/_resources/themes/prahutheme/javascript/custom/orderList.js?m=1788319233:46
[   22458ms] [LOG] [Pras Tujuan] penerima @ https://phbidlautdemo.prahu-hub.com/_resources/themes/prahutheme/javascript/custom/orderList.js?m=1788319233:261
[   22458ms] [LOG] {ID: 1400, status_order: CANCEL, JadwalID: 1682, ID_Order: 20260526-02602, dari_api: null} @ https://phbidlautdemo.prahu-hub.com/_resources/themes/prahutheme/javascript/custom/orderList.js?m=1788319233:46
[   22459ms] [LOG] [Pras Tujuan] penerima @ https://phbidlautdemo.prahu-hub.com/_resources/themes/prahutheme/javascript/custom/orderList.js?m=1788319233:261
[   22459ms] [LOG] {ID: 1399, status_order: CANCEL_SHIPPED, JadwalID: 1751, ID_Order: 20260526-02601, dari_api: null} @ https://phbidlautdemo.prahu-hub.com/_resources/themes/prahutheme/javascript/custom/orderList.js?m=1788319233:46
[   22459ms] [LOG] [Pras Tujuan] penerima @ https://phbidlautdemo.prahu-hub.com/_resources/themes/prahutheme/javascript/custom/orderList.js?m=1788319233:261
[   22459ms] [LOG] {ID: 1398, status_order: CANCEL, JadwalID: 1748, ID_Order: 20260521-08506, dari_api: null} @ https://phbidlautdemo.prahu-hub.com/_resources/themes/prahutheme/javascript/custom/orderList.js?m=1788319233:46
[   22459ms] [LOG] [Farid] penerima @ https://phbidlautdemo.prahu-hub.com/_resources/themes/prahutheme/javascript/custom/orderList.js?m=1788319233:261
[   22459ms] [LOG] {ID: 1397, status_order: DONE, JadwalID: 1742, ID_Order: 20260521-27705, dari_api: null} @ https://phbidlautdemo.prahu-hub.com/_resources/themes/prahutheme/javascript/custom/orderList.js?m=1788319233:46
[   22459ms] [LOG] [Toni Kurniawan] penerima @ https://phbidlautdemo.prahu-hub.com/_resources/themes/prahutheme/javascript/custom/orderList.js?m=1788319233:261
[   22460ms] [LOG] {ID: 1396, status_order: DONE, JadwalID: 1747, ID_Order: 20260521-27704, dari_api: null} @ https://phbidlautdemo.prahu-hub.com/_resources/themes/prahutheme/javascript/custom/orderList.js?m=1788319233:46
[   22460ms] [LOG] [Toni Kurniawan] penerima @ https://phbidlautdemo.prahu-hub.com/_resources/themes/prahutheme/javascript/custom/orderList.js?m=1788319233:261
[   22460ms] [LOG] {ID: 1395, status_order: DONE, JadwalID: 1746, ID_Order: 20260521-26303, dari_api: null} @ https://phbidlautdemo.prahu-hub.com/_resources/themes/prahutheme/javascript/custom/orderList.js?m=1788319233:46
[   22460ms] [LOG] [Budi] penerima @ https://phbidlautdemo.prahu-hub.com/_resources/themes/prahutheme/javascript/custom/orderList.js?m=1788319233:261
[   22460ms] [LOG] {ID: 1394, status_order: CANCEL, JadwalID: 1736, ID_Order: 20260521-26302, dari_api: null} @ https://phbidlautdemo.prahu-hub.com/_resources/themes/prahutheme/javascript/custom/orderList.js?m=1788319233:46
[   22460ms] [LOG] [Budi] penerima @ https://phbidlautdemo.prahu-hub.com/_resources/themes/prahutheme/javascript/custom/orderList.js?m=1788319233:261
[   22461ms] [LOG] {ID: 1393, status_order: REJECTED, JadwalID: 1736, ID_Order: 20260521-26301, dari_api: null} @ https://phbidlautdemo.prahu-hub.com/_resources/themes/prahutheme/javascript/custom/orderList.js?m=1788319233:46
[   22461ms] [LOG] [Budi] penerima @ https://phbidlautdemo.prahu-hub.com/_resources/themes/prahutheme/javascript/custom/orderList.js?m=1788319233:261
[   22461ms] [LOG] {ID: 1392, status_order: DONE, JadwalID: 1740, ID_Order: 20260520-27705, dari_api: null} @ https://phbidlautdemo.prahu-hub.com/_resources/themes/prahutheme/javascript/custom/orderList.js?m=1788319233:46
[   22461ms] [LOG] [Toni Kurniawan] penerima @ https://phbidlautdemo.prahu-hub.com/_resources/themes/prahutheme/javascript/custom/orderList.js?m=1788319233:261
[   22461ms] [LOG] {ID: 1391, status_order: DONE, JadwalID: 1803, ID_Order: 20260520-26304, dari_api: null} @ https://phbidlautdemo.prahu-hub.com/_resources/themes/prahutheme/javascript/custom/orderList.js?m=1788319233:46
[   22461ms] [LOG] [Budi] penerima @ https://phbidlautdemo.prahu-hub.com/_resources/themes/prahutheme/javascript/custom/orderList.js?m=1788319233:261
[   22462ms] [LOG] {ID: 1390, status_order: DONE, JadwalID: 1735, ID_Order: 20260520-26303, dari_api: null} @ https://phbidlautdemo.prahu-hub.com/_resources/themes/prahutheme/javascript/custom/orderList.js?m=1788319233:46
[   22462ms] [LOG] [Budi] penerima @ https://phbidlautdemo.prahu-hub.com/_resources/themes/prahutheme/javascript/custom/orderList.js?m=1788319233:261
[   22462ms] [LOG] {ID: 1389, status_order: DONE, JadwalID: 1717, ID_Order: 20260520-27702, dari_api: null} @ https://phbidlautdemo.prahu-hub.com/_resources/themes/prahutheme/javascript/custom/orderList.js?m=1788319233:46
[   22462ms] [LOG] [Toni Kurniawan] penerima @ https://phbidlautdemo.prahu-hub.com/_resources/themes/prahutheme/javascript/custom/orderList.js?m=1788319233:261
[   22462ms] [LOG] {ID: 1388, status_order: DONE, JadwalID: 1732, ID_Order: 20260520-26301, dari_api: null} @ https://phbidlautdemo.prahu-hub.com/_resources/themes/prahutheme/javascript/custom/orderList.js?m=1788319233:46
[   22462ms] [LOG] [Budi] penerima @ https://phbidlautdemo.prahu-hub.com/_resources/themes/prahutheme/javascript/custom/orderList.js?m=1788319233:261
[   22462ms] [LOG] {ID: 1387, status_order: DONE, JadwalID: 1731, ID_Order: 20260518-08503, dari_api: null} @ https://phbidlautdemo.prahu-hub.com/_resources/themes/prahutheme/javascript/custom/orderList.js?m=1788319233:46
[   22463ms] [LOG] [a, =] penerima @ https://phbidlautdemo.prahu-hub.com/_resources/themes/prahutheme/javascript/custom/orderList.js?m=1788319233:261
[   22463ms] [LOG] {ID: 1386, status_order: CANCEL, JadwalID: 1730, ID_Order: 20260518-08502, dari_api: null} @ https://phbidlautdemo.prahu-hub.com/_resources/themes/prahutheme/javascript/custom/orderList.js?m=1788319233:46
[   22463ms] [LOG] [a, =] penerima @ https://phbidlautdemo.prahu-hub.com/_resources/themes/prahutheme/javascript/custom/orderList.js?m=1788319233:261
[   22463ms] [LOG] {ID: 1385, status_order: REJECTED, JadwalID: 1730, ID_Order: 20260518-08501, dari_api: null} @ https://phbidlautdemo.prahu-hub.com/_resources/themes/prahutheme/javascript/custom/orderList.js?m=1788319233:46
[   22463ms] [LOG] [a, www] penerima @ https://phbidlautdemo.prahu-hub.com/_resources/themes/prahutheme/javascript/custom/orderList.js?m=1788319233:261
[   22463ms] [LOG] {ID: 1384, status_order: DONE, JadwalID: 1727, ID_Order: 20260516-08501, dari_api: null} @ https://phbidlautdemo.prahu-hub.com/_resources/themes/prahutheme/javascript/custom/orderList.js?m=1788319233:46
[   22464ms] [LOG] [iuytr] penerima @ https://phbidlautdemo.prahu-hub.com/_resources/themes/prahutheme/javascript/custom/orderList.js?m=1788319233:261
[   22464ms] [LOG] {ID: 1383, status_order: CANCEL_SHIPPED, JadwalID: 1716, ID_Order: 20260505-27701, dari_api: null} @ https://phbidlautdemo.prahu-hub.com/_resources/themes/prahutheme/javascript/custom/orderList.js?m=1788319233:46
[   22464ms] [LOG] [Toni Kurniawan] penerima @ https://phbidlautdemo.prahu-hub.com/_resources/themes/prahutheme/javascript/custom/orderList.js?m=1788319233:261
[   22464ms] [LOG] {ID: 1382, status_order: DONE, JadwalID: 1718, ID_Order: 20260427-06502, dari_api: null} @ https://phbidlautdemo.prahu-hub.com/_resources/themes/prahutheme/javascript/custom/orderList.js?m=1788319233:46
[   22464ms] [LOG] [PT. Indomarco Prismatama - Jl. Lintas Sumatera Kel…1 || Pak Hariadi - Ketua TKBM Stabat 082166285795, Stock Point Indogrosir Mdn 1 (MEGAH DAYA INTI HARA…n Krio, Kel. Sunggal Deli Serdang, Sumatera Utara, CV. ALTAQNIA BANGKA ENGINEERING Simpang BTN, Jl. T…mali, Kabupaten Bangka, Kepulauan Bangka Belitung] penerima @ https://phbidlautdemo.prahu-hub.com/_resources/themes/prahutheme/javascript/custom/orderList.js?m=1788319233:261
[   22464ms] [LOG] {ID: 1381, status_order: DONE, JadwalID: 1718, ID_Order: 20260427-06501, dari_api: null} @ https://phbidlautdemo.prahu-hub.com/_resources/themes/prahutheme/javascript/custom/orderList.js?m=1788319233:46
[   22465ms] [LOG] [PT. Perkasa Adi Makmur Sentosa, PT. Tridatu Jaya, PT. Indajaya] penerima @ https://phbidlautdemo.prahu-hub.com/_resources/themes/prahutheme/javascript/custom/orderList.js?m=1788319233:261
[   22465ms] [LOG] {ID: 1380, status_order: DONE, JadwalID: 1717, ID_Order: 20260425-27702, dari_api: null} @ https://phbidlautdemo.prahu-hub.com/_resources/themes/prahutheme/javascript/custom/orderList.js?m=1788319233:46
[   22466ms] [LOG] [Toni Kurniawan] penerima @ https://phbidlautdemo.prahu-hub.com/_resources/themes/prahutheme/javascript/custom/orderList.js?m=1788319233:261
[   22467ms] [LOG] {ID: 1379, status_order: DONE, JadwalID: 1716, ID_Order: 20260425-27701, dari_api: null} @ https://phbidlautdemo.prahu-hub.com/_resources/themes/prahutheme/javascript/custom/orderList.js?m=1788319233:46
[   22467ms] [LOG] [Toni Kurniawan] penerima @ https://phbidlautdemo.prahu-hub.com/_resources/themes/prahutheme/javascript/custom/orderList.js?m=1788319233:261
[   22468ms] [LOG] {ID: 1378, status_order: SHIPPER_VALIDATED, JadwalID: 1715, ID_Order: 20260423-26301, dari_api: null} @ https://phbidlautdemo.prahu-hub.com/_resources/themes/prahutheme/javascript/custom/orderList.js?m=1788319233:46
[   22468ms] [LOG] [Budi] penerima @ https://phbidlautdemo.prahu-hub.com/_resources/themes/prahutheme/javascript/custom/orderList.js?m=1788319233:261
[   22468ms] [LOG] {ID: 1377, status_order: KONFIRMASI_UNIT, JadwalID: 1715, ID_Order: 20260421-26304, dari_api: null} @ https://phbidlautdemo.prahu-hub.com/_resources/themes/prahutheme/javascript/custom/orderList.js?m=1788319233:46
[   22468ms] [LOG] [Budi] penerima @ https://phbidlautdemo.prahu-hub.com/_resources/themes/prahutheme/javascript/custom/orderList.js?m=1788319233:261
[   22469ms] [LOG] {ID: 1376, status_order: DONE, JadwalID: 1702, ID_Order: 20260421-06503, dari_api: null} @ https://phbidlautdemo.prahu-hub.com/_resources/themes/prahutheme/javascript/custom/orderList.js?m=1788319233:46
[   22469ms] [LOG] [Ik Bitung] penerima @ https://phbidlautdemo.prahu-hub.com/_resources/themes/prahutheme/javascript/custom/orderList.js?m=1788319233:261
[   22469ms] [LOG] {ID: 1375, status_order: SHIPPER_VALIDATED, JadwalID: 1702, ID_Order: 20260421-06502, dari_api: null} @ https://phbidlautdemo.prahu-hub.com/_resources/themes/prahutheme/javascript/custom/orderList.js?m=1788319233:46
[   22469ms] [LOG] [Ik Bitung] penerima @ https://phbidlautdemo.prahu-hub.com/_resources/themes/prahutheme/javascript/custom/orderList.js?m=1788319233:261
[   22470ms] [LOG] {ID: 1374, status_order: KONFIRMASI_UNIT, JadwalID: 1715, ID_Order: 20260421-26301, dari_api: null} @ https://phbidlautdemo.prahu-hub.com/_resources/themes/prahutheme/javascript/custom/orderList.js?m=1788319233:46
[   22470ms] [LOG] [Budi] penerima @ https://phbidlautdemo.prahu-hub.com/_resources/themes/prahutheme/javascript/custom/orderList.js?m=1788319233:261
[   22470ms] [LOG] {ID: 1373, status_order: DONE, JadwalID: 1702, ID_Order: 20260420-06501, dari_api: null} @ https://phbidlautdemo.prahu-hub.com/_resources/themes/prahutheme/javascript/custom/orderList.js?m=1788319233:46
[   22471ms] [LOG] [Ik Bitung] penerima @ https://phbidlautdemo.prahu-hub.com/_resources/themes/prahutheme/javascript/custom/orderList.js?m=1788319233:261
[   22471ms] [LOG] {ID: 1372, status_order: SHIPPER_VALIDATED, JadwalID: 1710, ID_Order: 20260418-05922, dari_api: null} @ https://phbidlautdemo.prahu-hub.com/_resources/themes/prahutheme/javascript/custom/orderList.js?m=1788319233:46
[   22471ms] [LOG] [Majribah] penerima @ https://phbidlautdemo.prahu-hub.com/_resources/themes/prahutheme/javascript/custom/orderList.js?m=1788319233:261
[   22472ms] [LOG] {ID: 1371, status_order: PACKING_LIST, JadwalID: 1709, ID_Order: 20260418-05921, dari_api: null} @ https://phbidlautdemo.prahu-hub.com/_resources/themes/prahutheme/javascript/custom/orderList.js?m=1788319233:46
[   22472ms] [LOG] [Majribah] penerima @ https://phbidlautdemo.prahu-hub.com/_resources/themes/prahutheme/javascript/custom/orderList.js?m=1788319233:261
[   22472ms] [LOG] {ID: 1370, status_order: PACKING_LIST, JadwalID: 1708, ID_Order: 20260418-05920, dari_api: null} @ https://phbidlautdemo.prahu-hub.com/_resources/themes/prahutheme/javascript/custom/orderList.js?m=1788319233:46
[   22472ms] [LOG] [Majribah] penerima @ https://phbidlautdemo.prahu-hub.com/_resources/themes/prahutheme/javascript/custom/orderList.js?m=1788319233:261
[   22473ms] [LOG] {ID: 1369, status_order: PACKING_LIST, JadwalID: 1711, ID_Order: 20260418-05919, dari_api: null} @ https://phbidlautdemo.prahu-hub.com/_resources/themes/prahutheme/javascript/custom/orderList.js?m=1788319233:46
[   22473ms] [LOG] [Majribah] penerima @ https://phbidlautdemo.prahu-hub.com/_resources/themes/prahutheme/javascript/custom/orderList.js?m=1788319233:261
[   22474ms] [LOG] {ID: 1368, status_order: PACKING_LIST, JadwalID: 1710, ID_Order: 20260418-05918, dari_api: null} @ https://phbidlautdemo.prahu-hub.com/_resources/themes/prahutheme/javascript/custom/orderList.js?m=1788319233:46
[   22474ms] [LOG] [Majribah] penerima @ https://phbidlautdemo.prahu-hub.com/_resources/themes/prahutheme/javascript/custom/orderList.js?m=1788319233:261
[   22475ms] [LOG] {ID: 1367, status_order: PACKING_LIST, JadwalID: 1709, ID_Order: 20260418-05917, dari_api: null} @ https://phbidlautdemo.prahu-hub.com/_resources/themes/prahutheme/javascript/custom/orderList.js?m=1788319233:46
[   22475ms] [LOG] [Majribah] penerima @ https://phbidlautdemo.prahu-hub.com/_resources/themes/prahutheme/javascript/custom/orderList.js?m=1788319233:261
[   22475ms] [LOG] {ID: 1366, status_order: PACKING_LIST, JadwalID: 1708, ID_Order: 20260418-05916, dari_api: null} @ https://phbidlautdemo.prahu-hub.com/_resources/themes/prahutheme/javascript/custom/orderList.js?m=1788319233:46
[   22475ms] [LOG] [Majribah] penerima @ https://phbidlautdemo.prahu-hub.com/_resources/themes/prahutheme/javascript/custom/orderList.js?m=1788319233:261
[   22475ms] [LOG] {ID: 1365, status_order: PACKING_LIST, JadwalID: 1711, ID_Order: 20260418-05915, dari_api: null} @ https://phbidlautdemo.prahu-hub.com/_resources/themes/prahutheme/javascript/custom/orderList.js?m=1788319233:46
[   22476ms] [LOG] [Majribah] penerima @ https://phbidlautdemo.prahu-hub.com/_resources/themes/prahutheme/javascript/custom/orderList.js?m=1788319233:261
[   22595ms] [LOG] 1453 @ https://phbidlautdemo.prahu-hub.com/_resources/themes/prahutheme/javascript/custom/orderList.js?m=1788319233:916
[   22595ms] [LOG] 1453 countView1 1 pageNow 100 limitView1 @ https://phbidlautdemo.prahu-hub.com/_resources/themes/prahutheme/javascript/custom/orderList.js?m=1788319233:918
[   22595ms] [LOG] 100 @ https://phbidlautdemo.prahu-hub.com/_resources/themes/prahutheme/javascript/custom/orderList.js?m=1788319233:924
[   22595ms] [LOG] 1453 jumlah data @ https://phbidlautdemo.prahu-hub.com/_resources/themes/prahutheme/javascript/custom/orderList.js?m=1788319233:879
[   22595ms] [LOG] 15 @ https://phbidlautdemo.prahu-hub.com/_resources/themes/prahutheme/javascript/custom/orderList.js?m=1788319233:881
[   22595ms] [LOG] 15 1 pageCount & pageNow @ https://phbidlautdemo.prahu-hub.com/_resources/themes/prahutheme/javascript/custom/orderList.js?m=1788319233:810
[   22598ms] [LOG] 200 xhrglobal @ https://phbidlautdemo.prahu-hub.com/order/orderlist:8566
[   23749ms] [LOG] Connected @ https://phbidlautdemo.prahu-hub.com/order/orderlist:8685
[   25152ms] [LOG] Connected @ https://phbidlautdemo.prahu-hub.com/order/orderlist:8685
[   36167ms] [LOG] Connected @ https://phbidlautdemo.prahu-hub.com/order/orderlist:8685
[   41505ms] [LOG] Connected @ https://phbidlautdemo.prahu-hub.com/order/orderlist:8685
[   49454ms] [LOG] Connected @ https://phbidlautdemo.prahu-hub.com/order/orderlist:8685
