[    1543ms] ReferenceError: dete is not defined
    at https://phbidlautdemo.prahu-hub.com/user/login:1465:5
[    3528ms] TypeError: Failed to execute 'observe' on 'IntersectionObserver': parameter 1 is not of type 'Element'.
    at https://phbidlautdemo.prahu-hub.com/user/login:1932:14
[    3551ms] [VERBOSE] [DOM] Input elements should have autocomplete attributes (suggested: "current-password"): (More info: https://goo.gl/9p2vKq) %o @ https://phbidlautdemo.prahu-hub.com/user/login:0
[    3553ms] [LOG] 0 @ https://phbidlautdemo.prahu-hub.com/user/login:1426
[    3554ms] [LOG] undefined scr @ https://phbidlautdemo.prahu-hub.com/user/login:1430
[   14791ms] [LOG] ddd @ https://phbidlautdemo.prahu-hub.com/user/login:1525
[   18269ms] [LOG] {pesan: SHIPPER, status: 1, user_aktif: 1, ParentID: 0, redirect: } @ https://phbidlautdemo.prahu-hub.com/user/login:1558
[   18269ms] [LOG] {pesan: SHIPPER, status: 1, user_aktif: 1, ParentID: 0, redirect: } a @ https://phbidlautdemo.prahu-hub.com/user/login:1560
[   19795ms] Cannot use import statement outside a module
[   19806ms] ReferenceError: Chart is not defined
    at https://phbidlautdemo.prahu-hub.com/_resources/themes/prahutheme/js/scripts-init/charts/chartjs.js:8:13
[   20103ms] Unexpected token '<'
[   20103ms] Unexpected token '<'
[   20186ms] Uncaught TypeError: expect element to be DOM Element, but got null
    at n.init (https://cdnjs.cloudflare.com/ajax/libs/smooth-scrollbar/8.5.2/smooth-scrollbar.js:24:264)
    at <anonymous> (https://phbidlautdemo.prahu-hub.com/lelang/carirute:6551:14)
[   20212ms] [LOG] undefinednamanya @ https://phbidlautdemo.prahu-hub.com/lelang/carirute:2149
[   20230ms] [LOG] undefined @ https://phbidlautdemo.prahu-hub.com/lelang/carirute:6904
[   20230ms] [LOG] undefined @ https://phbidlautdemo.prahu-hub.com/lelang/carirute:6904
[   20230ms] [LOG] undefined @ https://phbidlautdemo.prahu-hub.com/lelang/carirute:6904
[   20230ms] [LOG] Masukkan Nomor Lelang @ https://phbidlautdemo.prahu-hub.com/lelang/carirute:6904
[   20230ms] [LOG] undefined @ https://phbidlautdemo.prahu-hub.com/lelang/carirute:6904
[   20231ms] [LOG] WebSocket connection @ https://phbidlautdemo.prahu-hub.com/lelang/carirute:6947
[   20233ms] [LOG] WebSocket connection attempting... @ https://phbidlautdemo.prahu-hub.com/lelang/carirute:7025
[   20945ms] [TABLE] {UI version: 8.4.1, Core version: 8.4.0, Build: NC8xMi8yMDIyfDRkZTU3MmExYg==, WebViewer Server: false, Full API: false} @ https://phbidlautdemo.prahu-hub.com/_resources/themes/prahutheme/javascript/PDFView/lib/ui/webviewer-ui.min.js:270
[   21116ms] [VERBOSE] [DOM] Password forms should have (optionally hidden) username fields for accessibility: (More info: https://goo.gl/9p2vKq) %o @ https://phbidlautdemo.prahu-hub.com/_resources/themes/prahutheme/javascript/PDFView/lib/ui/index.html#a=1&disabledElements=downloadButton%2CprintButton%2ClanguageButton&filepicker=0&pdfnet=0&enableRedaction=0&enableMeasurement=0&pageHistory=1&notesInLeftPanel=0&singleServerMode=false&selectAnnotationOnCreation=0&autoFocusNoteOnAnnotationSelection=1&id=1&basePath=%2Flelang%2Fcarirute:0
[   21215ms] [LOG] WebSocket connected @ https://phbidlautdemo.prahu-hub.com/lelang/carirute:6956
[   21263ms] [LOG] update_dashboard_order_laut @ https://phbidlautdemo.prahu-hub.com/lelang/carirute:6997
[   21294ms] [LOG] Connected @ https://phbidlautdemo.prahu-hub.com/lelang/carirute:6997
[   21338ms] [LOG] 200 xhrglobal @ https://phbidlautdemo.prahu-hub.com/lelang/carirute:6878
[   21385ms] [LOG] 200 xhrglobal @ https://phbidlautdemo.prahu-hub.com/lelang/carirute:6878
[   21599ms] [LOG] Connected @ https://phbidlautdemo.prahu-hub.com/lelang/carirute:6997
[   21643ms] [LOG] Connected @ https://phbidlautdemo.prahu-hub.com/lelang/carirute:6997
[   22213ms] TypeError: $(...).DataTable is not a function
    at https://phbidlautdemo.prahu-hub.com/_resources/themes/prahutheme/js/scripts-init/tables.js:7:23
[   33947ms] [LOG] Connected @ https://phbidlautdemo.prahu-hub.com/lelang/carirute:6997
[   41227ms] [LOG] Connected @ https://phbidlautdemo.prahu-hub.com/lelang/carirute:6997
[   44811ms] [LOG] Connected @ https://phbidlautdemo.prahu-hub.com/lelang/carirute:6997
[   47143ms] [LOG] Connected @ https://phbidlautdemo.prahu-hub.com/lelang/carirute:6997
[   49001ms] [LOG] Connected @ https://phbidlautdemo.prahu-hub.com/lelang/carirute:6997
[   51134ms] [LOG] Connected @ https://phbidlautdemo.prahu-hub.com/lelang/carirute:6997
[   51437ms] [LOG] Connected @ https://phbidlautdemo.prahu-hub.com/lelang/carirute:6997
[   53244ms] [LOG] Connected @ https://phbidlautdemo.prahu-hub.com/lelang/carirute:6997
[   56009ms] Cannot use import statement outside a module
[   56020ms] ReferenceError: Chart is not defined
    at https://phbidlautdemo.prahu-hub.com/_resources/themes/prahutheme/js/scripts-init/charts/chartjs.js:8:13
[   56275ms] Unexpected token '<'
[   56276ms] Unexpected token '<'
[   56338ms] Uncaught TypeError: expect element to be DOM Element, but got null
    at n.init (https://cdnjs.cloudflare.com/ajax/libs/smooth-scrollbar/8.5.2/smooth-scrollbar.js:24:264)
    at <anonymous> (https://phbidlautdemo.prahu-hub.com/lelang/carirute:6551:14)
[   56431ms] [LOG] undefinednamanya @ https://phbidlautdemo.prahu-hub.com/lelang/carirute:2149
[   56446ms] [LOG] undefined @ https://phbidlautdemo.prahu-hub.com/lelang/carirute:6904
[   56446ms] [LOG] undefined @ https://phbidlautdemo.prahu-hub.com/lelang/carirute:6904
[   56446ms] [LOG] undefined @ https://phbidlautdemo.prahu-hub.com/lelang/carirute:6904
[   56446ms] [LOG] Masukkan Nomor Lelang @ https://phbidlautdemo.prahu-hub.com/lelang/carirute:6904
[   56446ms] [LOG] undefined @ https://phbidlautdemo.prahu-hub.com/lelang/carirute:6904
[   56447ms] [LOG] WebSocket connection @ https://phbidlautdemo.prahu-hub.com/lelang/carirute:6947
[   56447ms] [LOG] WebSocket connection attempting... @ https://phbidlautdemo.prahu-hub.com/lelang/carirute:7025
[   56473ms] [TABLE] {UI version: 8.4.1, Core version: 8.4.0, Build: NC8xMi8yMDIyfDRkZTU3MmExYg==, WebViewer Server: false, Full API: false} @ https://phbidlautdemo.prahu-hub.com/_resources/themes/prahutheme/javascript/PDFView/lib/ui/webviewer-ui.min.js:270
[   56651ms] [VERBOSE] [DOM] Password forms should have (optionally hidden) username fields for accessibility: (More info: https://goo.gl/9p2vKq) %o @ https://phbidlautdemo.prahu-hub.com/_resources/themes/prahutheme/javascript/PDFView/lib/ui/index.html#a=1&disabledElements=downloadButton%2CprintButton%2ClanguageButton&filepicker=0&pdfnet=0&enableRedaction=0&enableMeasurement=0&pageHistory=1&notesInLeftPanel=0&singleServerMode=false&selectAnnotationOnCreation=0&autoFocusNoteOnAnnotationSelection=1&id=1&basePath=%2Flelang%2Fcarirute:0
[   56652ms] [LOG] WebSocket connected @ https://phbidlautdemo.prahu-hub.com/lelang/carirute:6956
[   56775ms] [LOG] update_dashboard_order_laut @ https://phbidlautdemo.prahu-hub.com/lelang/carirute:6997
[   56781ms] [LOG] 200 xhrglobal @ https://phbidlautdemo.prahu-hub.com/lelang/carirute:6878
[   56781ms] [LOG] updateNotif.58-23 @ https://phbidlautdemo.prahu-hub.com/lelang/carirute:6997
[   56782ms] [LOG] notif_badge_show.58-23 @ https://phbidlautdemo.prahu-hub.com/lelang/carirute:6997
[   56782ms] [LOG] Connected @ https://phbidlautdemo.prahu-hub.com/lelang/carirute:6997
[   56848ms] [LOG] 200 xhrglobal @ https://phbidlautdemo.prahu-hub.com/lelang/carirute:6878
[   57895ms] [LOG] Connected @ https://phbidlautdemo.prahu-hub.com/lelang/carirute:6997
[   58429ms] TypeError: $(...).DataTable is not a function
    at https://phbidlautdemo.prahu-hub.com/_resources/themes/prahutheme/js/scripts-init/tables.js:7:23
[   58654ms] [LOG] Connected @ https://phbidlautdemo.prahu-hub.com/lelang/carirute:6997
[   60588ms] Cannot use import statement outside a module
[   60602ms] ReferenceError: Chart is not defined
    at https://phbidlautdemo.prahu-hub.com/_resources/themes/prahutheme/js/scripts-init/charts/chartjs.js:8:13
[   60852ms] Unexpected token '<'
[   60854ms] Unexpected token '<'
[   60889ms] Uncaught TypeError: expect element to be DOM Element, but got null
    at n.init (https://cdnjs.cloudflare.com/ajax/libs/smooth-scrollbar/8.5.2/smooth-scrollbar.js:24:264)
    at <anonymous> (https://phbidlautdemo.prahu-hub.com/home/notification:5651:14)
[   60907ms] [LOG] unread all @ https://phbidlautdemo.prahu-hub.com/_resources/themes/prahutheme/javascript/custom/notification.js?m=1787970752:299
[   60912ms] [LOG] undefinednamanya @ https://phbidlautdemo.prahu-hub.com/home/notification:1878
[   60917ms] [LOG] undefined @ https://phbidlautdemo.prahu-hub.com/home/notification:6004
[   60917ms] [LOG] undefined @ https://phbidlautdemo.prahu-hub.com/home/notification:6004
[   60917ms] [LOG] WebSocket connection @ https://phbidlautdemo.prahu-hub.com/home/notification:6047
[   60918ms] [LOG] WebSocket connection attempting... @ https://phbidlautdemo.prahu-hub.com/home/notification:6125
[   61013ms] [LOG] WebSocket connected @ https://phbidlautdemo.prahu-hub.com/home/notification:6056
[   61016ms] [LOG] update_dashboard_order_laut @ https://phbidlautdemo.prahu-hub.com/home/notification:6097
[   61040ms] [LOG] Connected @ https://phbidlautdemo.prahu-hub.com/home/notification:6097
[   61150ms] [LOG] dariajax jumlah= 176 @ https://phbidlautdemo.prahu-hub.com/_resources/themes/prahutheme/javascript/custom/notification.js?m=1787970752:336
[   61150ms] [LOG] dariajax countView1 = 176 @ https://phbidlautdemo.prahu-hub.com/_resources/themes/prahutheme/javascript/custom/notification.js?m=1787970752:337
[   61150ms] [LOG] dariajax countView__= 176 @ https://phbidlautdemo.prahu-hub.com/_resources/themes/prahutheme/javascript/custom/notification.js?m=1787970752:340
[   61158ms] [LOG] mobile render ok @ https://phbidlautdemo.prahu-hub.com/_resources/themes/prahutheme/javascript/custom/notification.js?m=1787970752:344
[   61159ms] [LOG] countView1 =  176 @ https://phbidlautdemo.prahu-hub.com/_resources/themes/prahutheme/javascript/custom/notification.js?m=1787970752:272
[   61159ms] [LOG] pageNow Info_1 =  1 @ https://phbidlautdemo.prahu-hub.com/_resources/themes/prahutheme/javascript/custom/notification.js?m=1787970752:273
[   61159ms] [LOG] start Info =  1 @ https://phbidlautdemo.prahu-hub.com/_resources/themes/prahutheme/javascript/custom/notification.js?m=1787970752:283
[   61160ms] [LOG] pageNow Info_2 =  1 @ https://phbidlautdemo.prahu-hub.com/_resources/themes/prahutheme/javascript/custom/notification.js?m=1787970752:284
[   61160ms] [LOG] limitView1 Info =  50 @ https://phbidlautdemo.prahu-hub.com/_resources/themes/prahutheme/javascript/custom/notification.js?m=1787970752:285
[   61160ms] [LOG] total =  176 @ https://phbidlautdemo.prahu-hub.com/_resources/themes/prahutheme/javascript/custom/notification.js?m=1787970752:258
[   61161ms] [LOG] paginate =1 @ https://phbidlautdemo.prahu-hub.com/_resources/themes/prahutheme/javascript/custom/notification.js?m=1787970752:237
[   61161ms] [LOG] pageNow_ =1 @ https://phbidlautdemo.prahu-hub.com/_resources/themes/prahutheme/javascript/custom/notification.js?m=1787970752:238
[   61161ms] [LOG] createPagination=1 @ https://phbidlautdemo.prahu-hub.com/_resources/themes/prahutheme/javascript/custom/notification.js?m=1787970752:183
[   61162ms] [LOG] 200 xhrglobal @ https://phbidlautdemo.prahu-hub.com/home/notification:5978
[   61284ms] [LOG] 200 xhrglobal @ https://phbidlautdemo.prahu-hub.com/home/notification:5978
[   61349ms] [LOG] 200 xhrglobal @ https://phbidlautdemo.prahu-hub.com/home/notification:5978
[   62419ms] [LOG] Connected @ https://phbidlautdemo.prahu-hub.com/home/notification:6097
[   62921ms] TypeError: $(...).DataTable is not a function
    at https://phbidlautdemo.prahu-hub.com/_resources/themes/prahutheme/js/scripts-init/tables.js:7:23
[   64417ms] Cannot use import statement outside a module
[   64434ms] ReferenceError: Chart is not defined
    at https://phbidlautdemo.prahu-hub.com/_resources/themes/prahutheme/js/scripts-init/charts/chartjs.js:8:13
[   64510ms] Unexpected token '<'
[   64626ms] Unexpected token '<'
[   64670ms] Uncaught TypeError: expect element to be DOM Element, but got null
    at n.init (https://cdnjs.cloudflare.com/ajax/libs/smooth-scrollbar/8.5.2/smooth-scrollbar.js:24:264)
    at <anonymous> (https://phbidlautdemo.prahu-hub.com/lelang/carirute:6551:14)
[   64728ms] [LOG] undefinednamanya @ https://phbidlautdemo.prahu-hub.com/lelang/carirute:2149
[   64736ms] [LOG] undefined @ https://phbidlautdemo.prahu-hub.com/lelang/carirute:6904
[   64736ms] [LOG] undefined @ https://phbidlautdemo.prahu-hub.com/lelang/carirute:6904
[   64736ms] [LOG] undefined @ https://phbidlautdemo.prahu-hub.com/lelang/carirute:6904
[   64736ms] [LOG] Masukkan Nomor Lelang @ https://phbidlautdemo.prahu-hub.com/lelang/carirute:6904
[   64736ms] [LOG] undefined @ https://phbidlautdemo.prahu-hub.com/lelang/carirute:6904
[   64737ms] [LOG] WebSocket connection @ https://phbidlautdemo.prahu-hub.com/lelang/carirute:6947
[   64737ms] [LOG] WebSocket connection attempting... @ https://phbidlautdemo.prahu-hub.com/lelang/carirute:7025
[   64769ms] [TABLE] {UI version: 8.4.1, Core version: 8.4.0, Build: NC8xMi8yMDIyfDRkZTU3MmExYg==, WebViewer Server: false, Full API: false} @ https://phbidlautdemo.prahu-hub.com/_resources/themes/prahutheme/javascript/PDFView/lib/ui/webviewer-ui.min.js:270
[   64878ms] [VERBOSE] [DOM] Password forms should have (optionally hidden) username fields for accessibility: (More info: https://goo.gl/9p2vKq) %o @ https://phbidlautdemo.prahu-hub.com/_resources/themes/prahutheme/javascript/PDFView/lib/ui/index.html#a=1&disabledElements=downloadButton%2CprintButton%2ClanguageButton&filepicker=0&pdfnet=0&enableRedaction=0&enableMeasurement=0&pageHistory=1&notesInLeftPanel=0&singleServerMode=false&selectAnnotationOnCreation=0&autoFocusNoteOnAnnotationSelection=1&id=1&basePath=%2Flelang%2Fcarirute:0
[   64962ms] [LOG] WebSocket connected @ https://phbidlautdemo.prahu-hub.com/lelang/carirute:6956
[   64967ms] [LOG] update_dashboard_order_laut @ https://phbidlautdemo.prahu-hub.com/lelang/carirute:6997
[   64990ms] [LOG] Connected @ https://phbidlautdemo.prahu-hub.com/lelang/carirute:6997
[   65085ms] [LOG] 200 xhrglobal @ https://phbidlautdemo.prahu-hub.com/lelang/carirute:6878
[   65125ms] [LOG] 200 xhrglobal @ https://phbidlautdemo.prahu-hub.com/lelang/carirute:6878
[   66700ms] [LOG] Connected @ https://phbidlautdemo.prahu-hub.com/lelang/carirute:6997
[   66748ms] TypeError: $(...).DataTable is not a function
    at https://phbidlautdemo.prahu-hub.com/_resources/themes/prahutheme/js/scripts-init/tables.js:7:23
[   68208ms] Cannot use import statement outside a module
[   68237ms] ReferenceError: Chart is not defined
    at https://phbidlautdemo.prahu-hub.com/_resources/themes/prahutheme/js/scripts-init/charts/chartjs.js:8:13
[   68271ms] Unexpected token '<'
[   68408ms] Unexpected token '<'
[   68531ms] Unexpected token '<'
[   68528ms] [LOG] WebSocket mbconn @ https://phbidlautdemo.prahu-hub.com/home/dashboardorder:5351
[   68529ms] [LOG] on going... @ https://phbidlautdemo.prahu-hub.com/home/dashboardorder:5373
[   68546ms] Uncaught TypeError: expect element to be DOM Element, but got null
    at n.init (https://cdnjs.cloudflare.com/ajax/libs/smooth-scrollbar/8.5.2/smooth-scrollbar.js:24:264)
    at <anonymous> (https://phbidlautdemo.prahu-hub.com/home/dashboardorder:6050:14)
[   68561ms] [LOG] DASHBOARDnamanya @ https://phbidlautdemo.prahu-hub.com/home/dashboardorder:1878
[   68600ms] [LOG] 29/07/2026 @ https://phbidlautdemo.prahu-hub.com/home/dashboardorder:5313
[   68600ms] [LOG] 29/08/2026 @ https://phbidlautdemo.prahu-hub.com/home/dashboardorder:5314
[   68631ms] [LOG] DD/MM/YYYY @ https://phbidlautdemo.prahu-hub.com/home/dashboardorder:6403
[   68633ms] [LOG] DD/MM/YYYY @ https://phbidlautdemo.prahu-hub.com/home/dashboardorder:6403
[   68634ms] [LOG] undefined @ https://phbidlautdemo.prahu-hub.com/home/dashboardorder:6403
[   68636ms] [LOG] WebSocket connection @ https://phbidlautdemo.prahu-hub.com/home/dashboardorder:6446
[   68636ms] [LOG] WebSocket connection attempting... @ https://phbidlautdemo.prahu-hub.com/home/dashboardorder:6524
[   68702ms] [LOG] 200 xhrglobal @ https://phbidlautdemo.prahu-hub.com/home/dashboardorder:6377
[   68706ms] [LOG] konak @ https://phbidlautdemo.prahu-hub.com/home/dashboardorder:5362
[   68706ms] [LOG] update_dashboard_order_laut mbdebug @ https://phbidlautdemo.prahu-hub.com/home/dashboardorder:5368
[   68712ms] [LOG] 200 xhrglobal @ https://phbidlautdemo.prahu-hub.com/home/dashboardorder:6377
[   68734ms] [LOG] Connected mbdebug @ https://phbidlautdemo.prahu-hub.com/home/dashboardorder:5368
[   68743ms] [LOG] WebSocket connected @ https://phbidlautdemo.prahu-hub.com/home/dashboardorder:6455
[   68744ms] [LOG] update_dashboard_order_laut @ https://phbidlautdemo.prahu-hub.com/home/dashboardorder:6496
[   68770ms] [LOG] Connected mbdebug @ https://phbidlautdemo.prahu-hub.com/home/dashboardorder:5368
[   68770ms] [LOG] Connected @ https://phbidlautdemo.prahu-hub.com/home/dashboardorder:6496
[   69047ms] [LOG] 11 sukses setelah pagination attr jumlah data @ https://phbidlautdemo.prahu-hub.com/_resources/themes/prahutheme/javascript/custom/dashboardorder.js?m=1787970752:301
[   69049ms] [LOG] [Object, Object, Object, Object, Object, Object, Object, Object, Object, Object, Object, Object, Object, Object, Object, Object, Object] @ https://phbidlautdemo.prahu-hub.com/_resources/themes/prahutheme/javascript/custom/dashboardorder.js?m=1787970752:14
[   69059ms] [LOG] 11 @ https://phbidlautdemo.prahu-hub.com/_resources/themes/prahutheme/javascript/custom/dashboardorder.js?m=1787970752:238
[   69059ms] [LOG] 11 jumlah data di info @ https://phbidlautdemo.prahu-hub.com/_resources/themes/prahutheme/javascript/custom/dashboardorder.js?m=1787970752:239
[   69060ms] [LOG] 11 jumlah data @ https://phbidlautdemo.prahu-hub.com/_resources/themes/prahutheme/javascript/custom/dashboardorder.js?m=1787970752:200
[   69061ms] [LOG] 1 page jumlah @ https://phbidlautdemo.prahu-hub.com/_resources/themes/prahutheme/javascript/custom/dashboardorder.js?m=1787970752:202
[   69062ms] [LOG] 1 1 pageCount & pageNow @ https://phbidlautdemo.prahu-hub.com/_resources/themes/prahutheme/javascript/custom/dashboardorder.js?m=1787970752:130
[   69077ms] [LOG] 200 xhrglobal @ https://phbidlautdemo.prahu-hub.com/home/dashboardorder:6377
[   69156ms] [LOG] 200 xhrglobal @ https://phbidlautdemo.prahu-hub.com/home/dashboardorder:6377
[   69406ms] [LOG] 11 sukses setelah pagination attr jumlah data @ https://phbidlautdemo.prahu-hub.com/_resources/themes/prahutheme/javascript/custom/dashboardorder.js?m=1787970752:301
[   69407ms] [LOG] [Object, Object, Object, Object, Object, Object, Object, Object, Object, Object, Object, Object, Object, Object, Object, Object, Object] @ https://phbidlautdemo.prahu-hub.com/_resources/themes/prahutheme/javascript/custom/dashboardorder.js?m=1787970752:14
[   69416ms] [LOG] 11 @ https://phbidlautdemo.prahu-hub.com/_resources/themes/prahutheme/javascript/custom/dashboardorder.js?m=1787970752:238
[   69416ms] [LOG] 11 jumlah data di info @ https://phbidlautdemo.prahu-hub.com/_resources/themes/prahutheme/javascript/custom/dashboardorder.js?m=1787970752:239
[   69417ms] [LOG] 11 jumlah data @ https://phbidlautdemo.prahu-hub.com/_resources/themes/prahutheme/javascript/custom/dashboardorder.js?m=1787970752:200
[   69417ms] [LOG] 1 page jumlah @ https://phbidlautdemo.prahu-hub.com/_resources/themes/prahutheme/javascript/custom/dashboardorder.js?m=1787970752:202
[   69418ms] [LOG] 1 1 pageCount & pageNow @ https://phbidlautdemo.prahu-hub.com/_resources/themes/prahutheme/javascript/custom/dashboardorder.js?m=1787970752:130
[   69432ms] [LOG] 200 xhrglobal @ https://phbidlautdemo.prahu-hub.com/home/dashboardorder:6377
[   69460ms] [LOG] 200 xhrglobal @ https://phbidlautdemo.prahu-hub.com/home/dashboardorder:6377
[   69522ms] [LOG] 200 xhrglobal @ https://phbidlautdemo.prahu-hub.com/home/dashboardorder:6377
[   69907ms] [LOG] 11 sukses setelah pagination attr jumlah data @ https://phbidlautdemo.prahu-hub.com/_resources/themes/prahutheme/javascript/custom/dashboardorder.js?m=1787970752:301
[   69907ms] [LOG] [Object, Object, Object, Object, Object, Object, Object, Object, Object, Object, Object, Object, Object, Object, Object, Object, Object] @ https://phbidlautdemo.prahu-hub.com/_resources/themes/prahutheme/javascript/custom/dashboardorder.js?m=1787970752:14
[   69910ms] [LOG] 11 @ https://phbidlautdemo.prahu-hub.com/_resources/themes/prahutheme/javascript/custom/dashboardorder.js?m=1787970752:238
[   69910ms] [LOG] 11 jumlah data di info @ https://phbidlautdemo.prahu-hub.com/_resources/themes/prahutheme/javascript/custom/dashboardorder.js?m=1787970752:239
[   69910ms] [LOG] 11 jumlah data @ https://phbidlautdemo.prahu-hub.com/_resources/themes/prahutheme/javascript/custom/dashboardorder.js?m=1787970752:200
[   69910ms] [LOG] 1 page jumlah @ https://phbidlautdemo.prahu-hub.com/_resources/themes/prahutheme/javascript/custom/dashboardorder.js?m=1787970752:202
[   69910ms] [LOG] 1 1 pageCount & pageNow @ https://phbidlautdemo.prahu-hub.com/_resources/themes/prahutheme/javascript/custom/dashboardorder.js?m=1787970752:130
[   69913ms] [LOG] 200 xhrglobal @ https://phbidlautdemo.prahu-hub.com/home/dashboardorder:6377
[   69914ms] [LOG] 11 jumlah data @ https://phbidlautdemo.prahu-hub.com/_resources/themes/prahutheme/javascript/custom/dashboardorder.js?m=1787970752:200
[   69914ms] [LOG] 1 page jumlah @ https://phbidlautdemo.prahu-hub.com/_resources/themes/prahutheme/javascript/custom/dashboardorder.js?m=1787970752:202
[   69914ms] [LOG] 1 1 pageCount & pageNow @ https://phbidlautdemo.prahu-hub.com/_resources/themes/prahutheme/javascript/custom/dashboardorder.js?m=1787970752:130
[   69914ms] [LOG] 11 @ https://phbidlautdemo.prahu-hub.com/_resources/themes/prahutheme/javascript/custom/dashboardorder.js?m=1787970752:238
[   69914ms] [LOG] 11 jumlah data di info @ https://phbidlautdemo.prahu-hub.com/_resources/themes/prahutheme/javascript/custom/dashboardorder.js?m=1787970752:239
[   69915ms] [LOG] 11 jumlah data @ https://phbidlautdemo.prahu-hub.com/_resources/themes/prahutheme/javascript/custom/dashboardorder.js?m=1787970752:200
[   69915ms] [LOG] 1 page jumlah @ https://phbidlautdemo.prahu-hub.com/_resources/themes/prahutheme/javascript/custom/dashboardorder.js?m=1787970752:202
[   69915ms] [LOG] 1 1 pageCount & pageNow @ https://phbidlautdemo.prahu-hub.com/_resources/themes/prahutheme/javascript/custom/dashboardorder.js?m=1787970752:130
[   69915ms] [LOG] 11 @ https://phbidlautdemo.prahu-hub.com/_resources/themes/prahutheme/javascript/custom/dashboardorder.js?m=1787970752:238
[   69915ms] [LOG] 11 jumlah data di info @ https://phbidlautdemo.prahu-hub.com/_resources/themes/prahutheme/javascript/custom/dashboardorder.js?m=1787970752:239
[   70568ms] TypeError: $(...).DataTable is not a function
    at https://phbidlautdemo.prahu-hub.com/_resources/themes/prahutheme/js/scripts-init/tables.js:7:23
[   71987ms] Cannot use import statement outside a module
[   71993ms] ReferenceError: Chart is not defined
    at https://phbidlautdemo.prahu-hub.com/_resources/themes/prahutheme/js/scripts-init/charts/chartjs.js:8:13
[   72038ms] Unexpected token '<'
[   72150ms] Unexpected token '<'
[   72207ms] [LOG] Invalid Date min @ https://phbidlautdemo.prahu-hub.com/home/dashboardpengiriman:5579
[   72208ms] [LOG] Invalid Date min @ https://phbidlautdemo.prahu-hub.com/home/dashboardpengiriman:5619
[   72208ms] [LOG] WebSocket mbconn @ https://phbidlautdemo.prahu-hub.com/home/dashboardpengiriman:5835
[   72208ms] [LOG] on going... @ https://phbidlautdemo.prahu-hub.com/home/dashboardpengiriman:5859
[   72268ms] Uncaught TypeError: expect element to be DOM Element, but got null
    at n.init (https://cdnjs.cloudflare.com/ajax/libs/smooth-scrollbar/8.5.2/smooth-scrollbar.js:24:264)
    at <anonymous> (https://phbidlautdemo.prahu-hub.com/home/dashboardpengiriman:6357:14)
[   72284ms] [LOG] DASHBOARDnamanya @ https://phbidlautdemo.prahu-hub.com/home/dashboardpengiriman:1877
[   72305ms] [LOG] DD/MM/YYYY @ https://phbidlautdemo.prahu-hub.com/home/dashboardpengiriman:6710
[   72305ms] [LOG] DD/MM/YYYY @ https://phbidlautdemo.prahu-hub.com/home/dashboardpengiriman:6710
[   72306ms] [LOG] DD/MM/YYYY @ https://phbidlautdemo.prahu-hub.com/home/dashboardpengiriman:6710
[   72306ms] [LOG] DD/MM/YYYY @ https://phbidlautdemo.prahu-hub.com/home/dashboardpengiriman:6710
[   72307ms] [LOG] WebSocket connection @ https://phbidlautdemo.prahu-hub.com/home/dashboardpengiriman:6753
[   72307ms] [LOG] WebSocket connection attempting... @ https://phbidlautdemo.prahu-hub.com/home/dashboardpengiriman:6831
[   72313ms] [LOG] konak @ https://phbidlautdemo.prahu-hub.com/home/dashboardpengiriman:5846
[   72316ms] [LOG] update_dashboard_order_laut mbdebug @ https://phbidlautdemo.prahu-hub.com/home/dashboardpengiriman:5852
[   72317ms] [LOG] update_dashboard_order_laut @ https://phbidlautdemo.prahu-hub.com/home/dashboardpengiriman:5854
[   72344ms] [LOG] Connected mbdebug @ https://phbidlautdemo.prahu-hub.com/home/dashboardpengiriman:5852
[   72395ms] [LOG] 200 xhrglobal @ https://phbidlautdemo.prahu-hub.com/home/dashboardpengiriman:6684
[   72420ms] [LOG] WebSocket connected @ https://phbidlautdemo.prahu-hub.com/home/dashboardpengiriman:6762
[   72427ms] [LOG] update_dashboard_order_laut @ https://phbidlautdemo.prahu-hub.com/home/dashboardpengiriman:6803
[   72436ms] [LOG] 200 xhrglobal @ https://phbidlautdemo.prahu-hub.com/home/dashboardpengiriman:6684
[   72448ms] [LOG] Connected @ https://phbidlautdemo.prahu-hub.com/home/dashboardpengiriman:6803
[   72449ms] [LOG] Connected mbdebug @ https://phbidlautdemo.prahu-hub.com/home/dashboardpengiriman:5852
[   72526ms] [LOG] 200 xhrglobal @ https://phbidlautdemo.prahu-hub.com/home/dashboardpengiriman:6684
[   72564ms] [LOG] 200 xhrglobal @ https://phbidlautdemo.prahu-hub.com/home/dashboardpengiriman:6684
[   72646ms] [LOG] County data successfully loaded. @ https://phbidlautdemo.prahu-hub.com/home/dashboardpengiriman:5141
[   72646ms] [LOG] [Object, Object, Object, Object] @ https://phbidlautdemo.prahu-hub.com/home/dashboardpengiriman:5142
[   72655ms] [LOG] 200 xhrglobal @ https://phbidlautdemo.prahu-hub.com/home/dashboardpengiriman:6684
[   72716ms] [LOG] 200 xhrglobal @ https://phbidlautdemo.prahu-hub.com/home/dashboardpengiriman:6684
[   72764ms] [LOG] 200 xhrglobal @ https://phbidlautdemo.prahu-hub.com/home/dashboardpengiriman:6684
[   72834ms] [LOG] County data successfully loaded. @ https://phbidlautdemo.prahu-hub.com/home/dashboardpengiriman:5885
[   72835ms] [LOG] aam [Object, Object, Object, Object] @ https://phbidlautdemo.prahu-hub.com/home/dashboardpengiriman:5887
[   72837ms] [LOG] jumnya [10, 1, 1, 1] @ https://phbidlautdemo.prahu-hub.com/home/dashboardpengiriman:5901
[   72877ms] [LOG] dn @ https://phbidlautdemo.prahu-hub.com/home/dashboardpengiriman:5903
[   72878ms] [LOG] 200 xhrglobal @ https://phbidlautdemo.prahu-hub.com/home/dashboardpengiriman:6684
[   72996ms] [LOG] County data successfully loaded. @ https://phbidlautdemo.prahu-hub.com/home/dashboardpengiriman:5885
[   72997ms] [LOG] aam [Object, Object, Object, Object] @ https://phbidlautdemo.prahu-hub.com/home/dashboardpengiriman:5887
[   72998ms] [LOG] jumnya [10, 1, 1, 1] @ https://phbidlautdemo.prahu-hub.com/home/dashboardpengiriman:5901
[   73011ms] [LOG] dn @ https://phbidlautdemo.prahu-hub.com/home/dashboardpengiriman:5903
[   73011ms] [LOG] 200 xhrglobal @ https://phbidlautdemo.prahu-hub.com/home/dashboardpengiriman:6684
[   73060ms] [LOG] County data successfully loaded. @ https://phbidlautdemo.prahu-hub.com/home/dashboardpengiriman:5141
[   73061ms] [LOG] [Object, Object, Object, Object] @ https://phbidlautdemo.prahu-hub.com/home/dashboardpengiriman:5142
[   73068ms] [LOG] 200 xhrglobal @ https://phbidlautdemo.prahu-hub.com/home/dashboardpengiriman:6684
[   73647ms] [LOG] Connected mbdebug @ https://phbidlautdemo.prahu-hub.com/home/dashboardpengiriman:5852
[   73648ms] [LOG] Connected @ https://phbidlautdemo.prahu-hub.com/home/dashboardpengiriman:6803
[   74294ms] TypeError: $(...).DataTable is not a function
    at https://phbidlautdemo.prahu-hub.com/_resources/themes/prahutheme/js/scripts-init/tables.js:7:23
[   74654ms] [LOG] Connected @ https://phbidlautdemo.prahu-hub.com/home/dashboardpengiriman:6803
[   74654ms] [LOG] Connected mbdebug @ https://phbidlautdemo.prahu-hub.com/home/dashboardpengiriman:5852
[   75746ms] Cannot use import statement outside a module
[   75774ms] ReferenceError: Chart is not defined
    at https://phbidlautdemo.prahu-hub.com/_resources/themes/prahutheme/js/scripts-init/charts/chartjs.js:8:13
[   75845ms] Unexpected token '<'
[   75953ms] Unexpected token '<'
[   75997ms] Uncaught TypeError: expect element to be DOM Element, but got null
    at n.init (https://cdnjs.cloudflare.com/ajax/libs/smooth-scrollbar/8.5.2/smooth-scrollbar.js:24:264)
    at <anonymous> (https://phbidlautdemo.prahu-hub.com/dashboardanalitik/ringkasan:5283:14)
[   76009ms] [LOG] DASHBOARDnamanya @ https://phbidlautdemo.prahu-hub.com/dashboardanalitik/ringkasan:1878
[   76019ms] [LOG] DD/MM/YYYY @ https://phbidlautdemo.prahu-hub.com/dashboardanalitik/ringkasan:5636
[   76019ms] [LOG] DD/MM/YYYY @ https://phbidlautdemo.prahu-hub.com/dashboardanalitik/ringkasan:5636
[   76020ms] [LOG] WebSocket connection @ https://phbidlautdemo.prahu-hub.com/dashboardanalitik/ringkasan:5679
[   76020ms] [LOG] WebSocket connection attempting... @ https://phbidlautdemo.prahu-hub.com/dashboardanalitik/ringkasan:5757
[   76151ms] [LOG] WebSocket connected @ https://phbidlautdemo.prahu-hub.com/dashboardanalitik/ringkasan:5688
[   76157ms] [LOG] update_dashboard_order_laut @ https://phbidlautdemo.prahu-hub.com/dashboardanalitik/ringkasan:5729
[   76188ms] [LOG] Connected @ https://phbidlautdemo.prahu-hub.com/dashboardanalitik/ringkasan:5729
[   76281ms] [LOG] 200 xhrglobal @ https://phbidlautdemo.prahu-hub.com/dashboardanalitik/ringkasan:5610
[   76316ms] [LOG] 200 xhrglobal @ https://phbidlautdemo.prahu-hub.com/dashboardanalitik/ringkasan:5610
[   76377ms] [LOG] 200 xhrglobal @ https://phbidlautdemo.prahu-hub.com/dashboardanalitik/ringkasan:5610
[   78006ms] [LOG] Connected @ https://phbidlautdemo.prahu-hub.com/dashboardanalitik/ringkasan:5729
[   78023ms] TypeError: $(...).DataTable is not a function
    at https://phbidlautdemo.prahu-hub.com/_resources/themes/prahutheme/js/scripts-init/tables.js:7:23
[   79779ms] Cannot use import statement outside a module
[   79794ms] ReferenceError: Chart is not defined
    at https://phbidlautdemo.prahu-hub.com/_resources/themes/prahutheme/js/scripts-init/charts/chartjs.js:8:13
[   79998ms] Unexpected token '<'
[   80001ms] Unexpected token '<'
[   80034ms] Uncaught TypeError: expect element to be DOM Element, but got null
    at n.init (https://cdnjs.cloudflare.com/ajax/libs/smooth-scrollbar/8.5.2/smooth-scrollbar.js:24:264)
    at <anonymous> (https://phbidlautdemo.prahu-hub.com/home/analitikscsr:5953:14)
[   80044ms] ReferenceError: selectEl is not defined
    at HTMLDocument.<anonymous> (https://phbidlautdemo.prahu-hub.com/home/analitikscsr:4563:3)
[   80046ms] ReferenceError: selectEl is not defined
    at HTMLDocument.<anonymous> (https://phbidlautdemo.prahu-hub.com/home/analitikscsr:5138:3)
[   80057ms] [LOG] Laporannamanya @ https://phbidlautdemo.prahu-hub.com/home/analitikscsr:1877
[   80067ms] [LOG] DD/MM/YYYY @ https://phbidlautdemo.prahu-hub.com/home/analitikscsr:6306
[   80067ms] [LOG] DD/MM/YYYY @ https://phbidlautdemo.prahu-hub.com/home/analitikscsr:6306
[   80068ms] [LOG] Search... @ https://phbidlautdemo.prahu-hub.com/home/analitikscsr:6306
[   80068ms] [LOG] Search... @ https://phbidlautdemo.prahu-hub.com/home/analitikscsr:6306
[   80068ms] [LOG] undefined @ https://phbidlautdemo.prahu-hub.com/home/analitikscsr:6306
[   80069ms] [LOG] WebSocket connection @ https://phbidlautdemo.prahu-hub.com/home/analitikscsr:6349
[   80070ms] [LOG] WebSocket connection attempting... @ https://phbidlautdemo.prahu-hub.com/home/analitikscsr:6427
[   80165ms] [LOG] WebSocket connected @ https://phbidlautdemo.prahu-hub.com/home/analitikscsr:6358
[   80167ms] [LOG] update_dashboard_order_laut @ https://phbidlautdemo.prahu-hub.com/home/analitikscsr:6399
[   80193ms] [LOG] Connected @ https://phbidlautdemo.prahu-hub.com/home/analitikscsr:6399
[   80280ms] [LOG] 200 xhrglobal @ https://phbidlautdemo.prahu-hub.com/home/analitikscsr:6280
[   80351ms] [LOG] 200 xhrglobal @ https://phbidlautdemo.prahu-hub.com/home/analitikscsr:6280
[   82070ms] TypeError: $(...).DataTable is not a function
    at https://phbidlautdemo.prahu-hub.com/_resources/themes/prahutheme/js/scripts-init/tables.js:7:23
[   83622ms] Cannot use import statement outside a module
[   83640ms] ReferenceError: Chart is not defined
    at https://phbidlautdemo.prahu-hub.com/_resources/themes/prahutheme/js/scripts-init/charts/chartjs.js:8:13
[   83784ms] Unexpected token '<'
[   83784ms] Unexpected token '<'
[   83819ms] Uncaught TypeError: expect element to be DOM Element, but got null
    at n.init (https://cdnjs.cloudflare.com/ajax/libs/smooth-scrollbar/8.5.2/smooth-scrollbar.js:24:264)
    at <anonymous> (https://phbidlautdemo.prahu-hub.com/analitik/analitikfcu:6001:14)
[   83826ms] ReferenceError: selectEl is not defined
    at HTMLDocument.<anonymous> (https://phbidlautdemo.prahu-hub.com/analitik/analitikfcu:4923:3)
[   83827ms] ReferenceError: selectEl is not defined
    at HTMLDocument.<anonymous> (https://phbidlautdemo.prahu-hub.com/analitik/analitikfcu:5177:3)
[   83840ms] [LOG] Laporannamanya @ https://phbidlautdemo.prahu-hub.com/analitik/analitikfcu:1877
[   83846ms] [LOG] DD/MM/YYYY @ https://phbidlautdemo.prahu-hub.com/analitik/analitikfcu:6354
[   83846ms] [LOG] DD/MM/YYYY @ https://phbidlautdemo.prahu-hub.com/analitik/analitikfcu:6354
[   83847ms] [LOG] Search... @ https://phbidlautdemo.prahu-hub.com/analitik/analitikfcu:6354
[   83847ms] [LOG] Search... @ https://phbidlautdemo.prahu-hub.com/analitik/analitikfcu:6354
[   83847ms] [LOG] Search... @ https://phbidlautdemo.prahu-hub.com/analitik/analitikfcu:6354
[   83847ms] [LOG] undefined @ https://phbidlautdemo.prahu-hub.com/analitik/analitikfcu:6354
[   83848ms] [LOG] WebSocket connection @ https://phbidlautdemo.prahu-hub.com/analitik/analitikfcu:6397
[   83849ms] [LOG] WebSocket connection attempting... @ https://phbidlautdemo.prahu-hub.com/analitik/analitikfcu:6475
[   83948ms] [LOG] WebSocket connected @ https://phbidlautdemo.prahu-hub.com/analitik/analitikfcu:6406
[   83962ms] [LOG] update_dashboard_order_laut @ https://phbidlautdemo.prahu-hub.com/analitik/analitikfcu:6447
[   83975ms] [LOG] Connected @ https://phbidlautdemo.prahu-hub.com/analitik/analitikfcu:6447
[   83996ms] [LOG] Connected @ https://phbidlautdemo.prahu-hub.com/analitik/analitikfcu:6447
[   84058ms] [LOG] 200 xhrglobal @ https://phbidlautdemo.prahu-hub.com/analitik/analitikfcu:6328
[   84104ms] [LOG] 200 xhrglobal @ https://phbidlautdemo.prahu-hub.com/analitik/analitikfcu:6328
[   85845ms] TypeError: $(...).DataTable is not a function
    at https://phbidlautdemo.prahu-hub.com/_resources/themes/prahutheme/js/scripts-init/tables.js:7:23
[   87255ms] Cannot use import statement outside a module
[   87276ms] ReferenceError: Chart is not defined
    at https://phbidlautdemo.prahu-hub.com/_resources/themes/prahutheme/js/scripts-init/charts/chartjs.js:8:13
[   87323ms] Unexpected token '<'
[   87470ms] Unexpected token '<'
[   87508ms] Uncaught TypeError: expect element to be DOM Element, but got null
    at n.init (https://cdnjs.cloudflare.com/ajax/libs/smooth-scrollbar/8.5.2/smooth-scrollbar.js:24:264)
    at <anonymous> (https://phbidlautdemo.prahu-hub.com/analitik/analitikotdr:5748:14)
[   87513ms] ReferenceError: selectEl is not defined
    at HTMLDocument.<anonymous> (https://phbidlautdemo.prahu-hub.com/analitik/analitikotdr:4634:3)
[   87524ms] [LOG] Laporannamanya @ https://phbidlautdemo.prahu-hub.com/analitik/analitikotdr:1877
[   87528ms] [LOG] DD/MM/YYYY @ https://phbidlautdemo.prahu-hub.com/analitik/analitikotdr:6101
[   87528ms] [LOG] DD/MM/YYYY @ https://phbidlautdemo.prahu-hub.com/analitik/analitikotdr:6101
[   87528ms] [LOG] Search... @ https://phbidlautdemo.prahu-hub.com/analitik/analitikotdr:6101
[   87528ms] [LOG] Search... @ https://phbidlautdemo.prahu-hub.com/analitik/analitikotdr:6101
[   87528ms] [LOG] undefined @ https://phbidlautdemo.prahu-hub.com/analitik/analitikotdr:6101
[   87529ms] [LOG] WebSocket connection @ https://phbidlautdemo.prahu-hub.com/analitik/analitikotdr:6144
[   87529ms] [LOG] WebSocket connection attempting... @ https://phbidlautdemo.prahu-hub.com/analitik/analitikotdr:6222
[   87642ms] [LOG] WebSocket connected @ https://phbidlautdemo.prahu-hub.com/analitik/analitikotdr:6153
[   87647ms] [LOG] update_dashboard_order_laut @ https://phbidlautdemo.prahu-hub.com/analitik/analitikotdr:6194
[   87671ms] [LOG] Connected @ https://phbidlautdemo.prahu-hub.com/analitik/analitikotdr:6194
[   87768ms] [LOG] 200 xhrglobal @ https://phbidlautdemo.prahu-hub.com/analitik/analitikotdr:6075
[   87839ms] [LOG] 200 xhrglobal @ https://phbidlautdemo.prahu-hub.com/analitik/analitikotdr:6075
[   88984ms] [LOG] Connected @ https://phbidlautdemo.prahu-hub.com/analitik/analitikotdr:6194
[   89089ms] [LOG] Connected @ https://phbidlautdemo.prahu-hub.com/analitik/analitikotdr:6194
[   89543ms] TypeError: $(...).DataTable is not a function
    at https://phbidlautdemo.prahu-hub.com/_resources/themes/prahutheme/js/scripts-init/tables.js:7:23
[   90950ms] [LOG] Connected @ https://phbidlautdemo.prahu-hub.com/analitik/analitikotdr:6194
[   91912ms] Cannot use import statement outside a module
[   91917ms] ReferenceError: Chart is not defined
    at https://phbidlautdemo.prahu-hub.com/_resources/themes/prahutheme/js/scripts-init/charts/chartjs.js:8:13
[   92029ms] Unexpected token '<'
[   92149ms] Unexpected token '<'
[   92193ms] Uncaught TypeError: expect element to be DOM Element, but got null
    at n.init (https://cdnjs.cloudflare.com/ajax/libs/smooth-scrollbar/8.5.2/smooth-scrollbar.js:24:264)
    at <anonymous> (https://phbidlautdemo.prahu-hub.com/home/analitikshipmentaccuracy:6349:14)
[   92199ms] ReferenceError: selectEl is not defined
    at HTMLDocument.<anonymous> (https://phbidlautdemo.prahu-hub.com/home/analitikshipmentaccuracy:4736:3)
[   92203ms] ReferenceError: selectEl is not defined
    at HTMLDocument.<anonymous> (https://phbidlautdemo.prahu-hub.com/home/analitikshipmentaccuracy:5075:3)
[   92205ms] ReferenceError: selectEl is not defined
    at HTMLDocument.<anonymous> (https://phbidlautdemo.prahu-hub.com/home/analitikshipmentaccuracy:5412:3)
[   92214ms] [LOG] Laporannamanya @ https://phbidlautdemo.prahu-hub.com/home/analitikshipmentaccuracy:1877
[   92221ms] [LOG] DD/MM/YYYY @ https://phbidlautdemo.prahu-hub.com/home/analitikshipmentaccuracy:6702
[   92221ms] [LOG] DD/MM/YYYY @ https://phbidlautdemo.prahu-hub.com/home/analitikshipmentaccuracy:6702
[   92222ms] [LOG] Search... @ https://phbidlautdemo.prahu-hub.com/home/analitikshipmentaccuracy:6702
[   92222ms] [LOG] Search... @ https://phbidlautdemo.prahu-hub.com/home/analitikshipmentaccuracy:6702
[   92222ms] [LOG] Search... @ https://phbidlautdemo.prahu-hub.com/home/analitikshipmentaccuracy:6702
[   92222ms] [LOG] undefined @ https://phbidlautdemo.prahu-hub.com/home/analitikshipmentaccuracy:6702
[   92223ms] [LOG] WebSocket connection @ https://phbidlautdemo.prahu-hub.com/home/analitikshipmentaccuracy:6745
[   92223ms] [LOG] WebSocket connection attempting... @ https://phbidlautdemo.prahu-hub.com/home/analitikshipmentaccuracy:6823
[   92327ms] [LOG] WebSocket connected @ https://phbidlautdemo.prahu-hub.com/home/analitikshipmentaccuracy:6754
[   92334ms] [LOG] update_dashboard_order_laut @ https://phbidlautdemo.prahu-hub.com/home/analitikshipmentaccuracy:6795
[   92355ms] [LOG] Connected @ https://phbidlautdemo.prahu-hub.com/home/analitikshipmentaccuracy:6795
[   92438ms] [LOG] 200 xhrglobal @ https://phbidlautdemo.prahu-hub.com/home/analitikshipmentaccuracy:6676
[   92487ms] [LOG] 200 xhrglobal @ https://phbidlautdemo.prahu-hub.com/home/analitikshipmentaccuracy:6676
[   93222ms] [LOG] Connected @ https://phbidlautdemo.prahu-hub.com/home/analitikshipmentaccuracy:6795
[   94234ms] TypeError: $(...).DataTable is not a function
    at https://phbidlautdemo.prahu-hub.com/_resources/themes/prahutheme/js/scripts-init/tables.js:7:23
[   95167ms] [LOG] Connected @ https://phbidlautdemo.prahu-hub.com/home/analitikshipmentaccuracy:6795
[   96167ms] Cannot use import statement outside a module
[   96180ms] ReferenceError: Chart is not defined
    at https://phbidlautdemo.prahu-hub.com/_resources/themes/prahutheme/js/scripts-init/charts/chartjs.js:8:13
[   96287ms] Unexpected token '<'
[   96431ms] Unexpected token '<'
[   96470ms] Uncaught TypeError: expect element to be DOM Element, but got null
    at n.init (https://cdnjs.cloudflare.com/ajax/libs/smooth-scrollbar/8.5.2/smooth-scrollbar.js:24:264)
    at <anonymous> (https://phbidlautdemo.prahu-hub.com/lelang/listlelang?tab=semua-lelang:5750:14)
[   96496ms] [LOG] Pengajuan Lelangnamanya @ https://phbidlautdemo.prahu-hub.com/lelang/listlelang?tab=semua-lelang:1878
[   96503ms] [LOG] undefined @ https://phbidlautdemo.prahu-hub.com/lelang/listlelang?tab=semua-lelang:6103
[   96504ms] [LOG] undefined @ https://phbidlautdemo.prahu-hub.com/lelang/listlelang?tab=semua-lelang:6103
[   96504ms] [LOG] Masukkan Nomor Lelang @ https://phbidlautdemo.prahu-hub.com/lelang/listlelang?tab=semua-lelang:6103
[   96504ms] [LOG] DD/MM/YYYY @ https://phbidlautdemo.prahu-hub.com/lelang/listlelang?tab=semua-lelang:6103
[   96504ms] [LOG] DD/MM/YYYY @ https://phbidlautdemo.prahu-hub.com/lelang/listlelang?tab=semua-lelang:6103
[   96504ms] [LOG] DD/MM/YYYY @ https://phbidlautdemo.prahu-hub.com/lelang/listlelang?tab=semua-lelang:6103
[   96504ms] [LOG] DD/MM/YYYY @ https://phbidlautdemo.prahu-hub.com/lelang/listlelang?tab=semua-lelang:6103
[   96504ms] [LOG] undefined @ https://phbidlautdemo.prahu-hub.com/lelang/listlelang?tab=semua-lelang:6103
[   96504ms] [LOG] undefined @ https://phbidlautdemo.prahu-hub.com/lelang/listlelang?tab=semua-lelang:6103
[   96505ms] [LOG] Masukkan Nama Bank @ https://phbidlautdemo.prahu-hub.com/lelang/listlelang?tab=semua-lelang:6103
[   96505ms] [LOG] undefined @ https://phbidlautdemo.prahu-hub.com/lelang/listlelang?tab=semua-lelang:6103
[   96506ms] [LOG] WebSocket connection @ https://phbidlautdemo.prahu-hub.com/lelang/listlelang?tab=semua-lelang:6146
[   96506ms] [LOG] WebSocket connection attempting... @ https://phbidlautdemo.prahu-hub.com/lelang/listlelang?tab=semua-lelang:6224
[   96606ms] [LOG] WebSocket connected @ https://phbidlautdemo.prahu-hub.com/lelang/listlelang?tab=semua-lelang:6155
[   96610ms] [LOG] update_dashboard_order_laut @ https://phbidlautdemo.prahu-hub.com/lelang/listlelang?tab=semua-lelang:6196
[   96633ms] [LOG] Connected @ https://phbidlautdemo.prahu-hub.com/lelang/listlelang?tab=semua-lelang:6196
[   97112ms] [LOG] Connected @ https://phbidlautdemo.prahu-hub.com/lelang/listlelang?tab=semua-lelang:6196
[   98504ms] [LOG] [Object, Object, Object, Object, Object, Object, Object, Object, Object, Object, Object, Object, Object, Object, Object, Object, Object, Object, Object, Object] @ https://phbidlautdemo.prahu-hub.com/_resources/themes/prahutheme/javascript/custom/listLelang.js?m=1787970752:14
[   98519ms] [LOG] 355 @ https://phbidlautdemo.prahu-hub.com/_resources/themes/prahutheme/javascript/custom/listLelang.js?m=1787970752:818
[   98519ms] [LOG] 355 countView1 1 pageNow 20 limitView1 @ https://phbidlautdemo.prahu-hub.com/_resources/themes/prahutheme/javascript/custom/listLelang.js?m=1787970752:820
[   98519ms] [LOG] 20 @ https://phbidlautdemo.prahu-hub.com/_resources/themes/prahutheme/javascript/custom/listLelang.js?m=1787970752:826
[   98521ms] [LOG] 355 jumlah data @ https://phbidlautdemo.prahu-hub.com/_resources/themes/prahutheme/javascript/custom/listLelang.js?m=1787970752:779
[   98521ms] [LOG] 18 @ https://phbidlautdemo.prahu-hub.com/_resources/themes/prahutheme/javascript/custom/listLelang.js?m=1787970752:781
[   98522ms] [LOG] 18 1 pageCount & pageNow @ https://phbidlautdemo.prahu-hub.com/_resources/themes/prahutheme/javascript/custom/listLelang.js?m=1787970752:704
[   98534ms] [LOG] 200 xhrglobal @ https://phbidlautdemo.prahu-hub.com/lelang/listlelang?tab=semua-lelang:6077
[   98571ms] ReferenceError: renderTooltipHarga is not defined
    at https://phbidlautdemo.prahu-hub.com/_resources/themes/prahutheme/javascript/custom/listLelang.js?m=1787970752:1049:9
[   98575ms] TypeError: $(...).DataTable is not a function
    at https://phbidlautdemo.prahu-hub.com/_resources/themes/prahutheme/js/scripts-init/tables.js:7:23
[   98623ms] [LOG] 200 xhrglobal @ https://phbidlautdemo.prahu-hub.com/lelang/listlelang?tab=semua-lelang:6077
[   98699ms] [LOG] 200 xhrglobal @ https://phbidlautdemo.prahu-hub.com/lelang/listlelang?tab=semua-lelang:6077
[   99416ms] [LOG] Connected @ https://phbidlautdemo.prahu-hub.com/lelang/listlelang?tab=semua-lelang:6196
[  100237ms] Cannot use import statement outside a module
[  100252ms] ReferenceError: Chart is not defined
    at https://phbidlautdemo.prahu-hub.com/_resources/themes/prahutheme/js/scripts-init/charts/chartjs.js:8:13
[  100342ms] Unexpected token '<'
[  100474ms] Unexpected token '<'
[  100501ms] Uncaught TypeError: expect element to be DOM Element, but got null
    at n.init (https://cdnjs.cloudflare.com/ajax/libs/smooth-scrollbar/8.5.2/smooth-scrollbar.js:24:264)
    at <anonymous> (https://phbidlautdemo.prahu-hub.com/lelang/pengajuannego:5804:14)
[  100536ms] [LOG] NEGOnamanya @ https://phbidlautdemo.prahu-hub.com/lelang/pengajuannego:1878
[  100542ms] [LOG] undefined @ https://phbidlautdemo.prahu-hub.com/lelang/pengajuannego:6157
[  100542ms] [LOG] Masukkan Nomor Lelang @ https://phbidlautdemo.prahu-hub.com/lelang/pengajuannego:6157
[  100543ms] [LOG] Masukkan Nama Transporter @ https://phbidlautdemo.prahu-hub.com/lelang/pengajuannego:6157
[  100543ms] [LOG] Harga Awal @ https://phbidlautdemo.prahu-hub.com/lelang/pengajuannego:6157
[  100543ms] [LOG] DD/MM/YYYY @ https://phbidlautdemo.prahu-hub.com/lelang/pengajuannego:6157
[  100543ms] [LOG] DD/MM/YYYY @ https://phbidlautdemo.prahu-hub.com/lelang/pengajuannego:6157
[  100543ms] [LOG] Harga Awal @ https://phbidlautdemo.prahu-hub.com/lelang/pengajuannego:6157
[  100544ms] [LOG] Masukkan Nego Harga @ https://phbidlautdemo.prahu-hub.com/lelang/pengajuannego:6157
[  100544ms] [LOG] Masukkan Harga Baru @ https://phbidlautdemo.prahu-hub.com/lelang/pengajuannego:6157
[  100544ms] [LOG] Masukkan Jumlah Nego @ https://phbidlautdemo.prahu-hub.com/lelang/pengajuannego:6157
[  100545ms] [LOG] WebSocket connection @ https://phbidlautdemo.prahu-hub.com/lelang/pengajuannego:6200
[  100545ms] [LOG] WebSocket connection attempting... @ https://phbidlautdemo.prahu-hub.com/lelang/pengajuannego:6278
[  100643ms] [LOG] WebSocket connected @ https://phbidlautdemo.prahu-hub.com/lelang/pengajuannego:6209
[  100645ms] [LOG] update_dashboard_order_laut @ https://phbidlautdemo.prahu-hub.com/lelang/pengajuannego:6250
[  100668ms] [LOG] Connected @ https://phbidlautdemo.prahu-hub.com/lelang/pengajuannego:6250
[  101378ms] [LOG] Connected @ https://phbidlautdemo.prahu-hub.com/lelang/pengajuannego:6250
[  102544ms] TypeError: $(...).DataTable is not a function
    at https://phbidlautdemo.prahu-hub.com/_resources/themes/prahutheme/js/scripts-init/tables.js:7:23
[  103351ms] [LOG] 200 xhrglobal @ https://phbidlautdemo.prahu-hub.com/lelang/pengajuannego:6131
[  103449ms] [LOG] 200 xhrglobal @ https://phbidlautdemo.prahu-hub.com/lelang/pengajuannego:6131
[  103519ms] [LOG] 200 xhrglobal @ https://phbidlautdemo.prahu-hub.com/lelang/pengajuannego:6131
[  103861ms] [LOG] Connected @ https://phbidlautdemo.prahu-hub.com/lelang/pengajuannego:6250
[  104736ms] Cannot use import statement outside a module
[  104754ms] ReferenceError: Chart is not defined
    at https://phbidlautdemo.prahu-hub.com/_resources/themes/prahutheme/js/scripts-init/charts/chartjs.js:8:13
[  104755ms] Unexpected token '<'
[  105054ms] Unexpected token '<'
[  105121ms] Uncaught TypeError: expect element to be DOM Element, but got null
    at n.init (https://cdnjs.cloudflare.com/ajax/libs/smooth-scrollbar/8.5.2/smooth-scrollbar.js:24:264)
    at <anonymous> (https://phbidlautdemo.prahu-hub.com/order/OrderList:7811:14)
[  105144ms] [LOG] 1 @ https://phbidlautdemo.prahu-hub.com/_resources/themes/prahutheme/javascript/custom/orderList.js?m=1787970752:939
[  105145ms] [LOG] 20 @ https://phbidlautdemo.prahu-hub.com/_resources/themes/prahutheme/javascript/custom/orderList.js?m=1787970752:940
[  105151ms] [LOG] Daftar Ordernamanya @ https://phbidlautdemo.prahu-hub.com/order/OrderList:2146
[  105166ms] [LOG] Masukkan ID Order @ https://phbidlautdemo.prahu-hub.com/order/OrderList:8164
[  105166ms] [LOG] undefined @ https://phbidlautdemo.prahu-hub.com/order/OrderList:8164
[  105166ms] [LOG] Masukkan Nomor Lelang @ https://phbidlautdemo.prahu-hub.com/order/OrderList:8164
[  105167ms] [LOG] Masukkan Nama Transporter @ https://phbidlautdemo.prahu-hub.com/order/OrderList:8164
[  105167ms] [LOG] DD/MM/YYYY - DD/MM/YYYY @ https://phbidlautdemo.prahu-hub.com/order/OrderList:8164
[  105167ms] [LOG] Masukkan No. Kontainer @ https://phbidlautdemo.prahu-hub.com/order/OrderList:8164
[  105167ms] [LOG] DD/MM/YYYY - DD/MM/YYYY @ https://phbidlautdemo.prahu-hub.com/order/OrderList:8164
[  105167ms] [LOG] DD/MM/YYYY -  DD/MM/YYYY @ https://phbidlautdemo.prahu-hub.com/order/OrderList:8164
[  105167ms] [LOG] Search... @ https://phbidlautdemo.prahu-hub.com/order/OrderList:8164
[  105167ms] [LOG] Search... @ https://phbidlautdemo.prahu-hub.com/order/OrderList:8164
[  105168ms] [LOG] undefined @ https://phbidlautdemo.prahu-hub.com/order/OrderList:8164
[  105168ms] [LOG] Masukkan Nama Kapal @ https://phbidlautdemo.prahu-hub.com/order/OrderList:8164
[  105168ms] [LOG] DD/MM/YYYY @ https://phbidlautdemo.prahu-hub.com/order/OrderList:8164
[  105168ms] [LOG] Masukkan Jumlah @ https://phbidlautdemo.prahu-hub.com/order/OrderList:8164
[  105168ms] [LOG] Masukkan Nama Penerima Barang @ https://phbidlautdemo.prahu-hub.com/order/OrderList:8164
[  105168ms] [LOG] Search... @ https://phbidlautdemo.prahu-hub.com/order/OrderList:8164
[  105168ms] [LOG] Masukkan Nomor Referensi @ https://phbidlautdemo.prahu-hub.com/order/OrderList:8164
[  105169ms] [LOG] undefined @ https://phbidlautdemo.prahu-hub.com/order/OrderList:8164
[  105169ms] [LOG] Masukkan Harga Baru @ https://phbidlautdemo.prahu-hub.com/order/OrderList:8164
[  105169ms] [LOG] undefined @ https://phbidlautdemo.prahu-hub.com/order/OrderList:8164
[  105170ms] [LOG] WebSocket connection @ https://phbidlautdemo.prahu-hub.com/order/OrderList:8207
[  105170ms] [LOG] WebSocket connection attempting... @ https://phbidlautdemo.prahu-hub.com/order/OrderList:8285
[  105276ms] [LOG] WebSocket connected @ https://phbidlautdemo.prahu-hub.com/order/OrderList:8216
[  105278ms] [LOG] update_dashboard_order_laut @ https://phbidlautdemo.prahu-hub.com/order/OrderList:8257
[  105308ms] [LOG] Connected @ https://phbidlautdemo.prahu-hub.com/order/OrderList:8257
[  105488ms] [LOG] Connected @ https://phbidlautdemo.prahu-hub.com/order/OrderList:8257
[  106203ms] [LOG] Connected @ https://phbidlautdemo.prahu-hub.com/order/OrderList:8257
[  106396ms] [LOG] Connected @ https://phbidlautdemo.prahu-hub.com/order/OrderList:8257
[  107160ms] TypeError: $(...).DataTable is not a function
    at https://phbidlautdemo.prahu-hub.com/_resources/themes/prahutheme/js/scripts-init/tables.js:7:23
[  107342ms] [LOG] Connected @ https://phbidlautdemo.prahu-hub.com/order/OrderList:8257
[  107529ms] [LOG] Connected @ https://phbidlautdemo.prahu-hub.com/order/OrderList:8257
[  107698ms] [LOG] Connected @ https://phbidlautdemo.prahu-hub.com/order/OrderList:8257
[  107904ms] [LOG] datanya20 @ https://phbidlautdemo.prahu-hub.com/_resources/themes/prahutheme/javascript/custom/orderList.js?m=1787970752:986
[  107909ms] [LOG] [Object, Object, Object, Object, Object, Object, Object, Object, Object, Object, Object, Object, Object, Object, Object, Object, Object, Object, Object, Object] @ https://phbidlautdemo.prahu-hub.com/_resources/themes/prahutheme/javascript/custom/orderList.js?m=1787970752:421
[  107915ms] [LOG] {ID: 1461, status_order: PENDING, JadwalID: 1854, ID_Order: 20260829-06501, dari_api: null} @ https://phbidlautdemo.prahu-hub.com/_resources/themes/prahutheme/javascript/custom/orderList.js?m=1787970752:427
[  107916ms] [LOG] [Manujo] penerima @ https://phbidlautdemo.prahu-hub.com/_resources/themes/prahutheme/javascript/custom/orderList.js?m=1787970752:648
[  107917ms] [LOG] {ID: 1460, status_order: KONFIRMASI_UNIT, JadwalID: 1855, ID_Order: 20260828-06506, dari_api: null} @ https://phbidlautdemo.prahu-hub.com/_resources/themes/prahutheme/javascript/custom/orderList.js?m=1787970752:427
[  107918ms] [LOG] [Manujo] penerima @ https://phbidlautdemo.prahu-hub.com/_resources/themes/prahutheme/javascript/custom/orderList.js?m=1787970752:648
[  107919ms] [LOG] {ID: 1459, status_order: CANCEL, JadwalID: 1846, ID_Order: 20260828-06505, dari_api: null} @ https://phbidlautdemo.prahu-hub.com/_resources/themes/prahutheme/javascript/custom/orderList.js?m=1787970752:427
[  107919ms] [LOG] [Manujo] penerima @ https://phbidlautdemo.prahu-hub.com/_resources/themes/prahutheme/javascript/custom/orderList.js?m=1787970752:648
[  107921ms] [LOG] {ID: 1458, status_order: KONFIRMASI_UNIT, JadwalID: 1846, ID_Order: 20260828-06504, dari_api: null} @ https://phbidlautdemo.prahu-hub.com/_resources/themes/prahutheme/javascript/custom/orderList.js?m=1787970752:427
[  107921ms] [LOG] [Manujo] penerima @ https://phbidlautdemo.prahu-hub.com/_resources/themes/prahutheme/javascript/custom/orderList.js?m=1787970752:648
[  107922ms] [LOG] {ID: 1454, status_order: SHIPPER_VALIDATED, JadwalID: 1846, ID_Order: 20260827-06503, dari_api: null} @ https://phbidlautdemo.prahu-hub.com/_resources/themes/prahutheme/javascript/custom/orderList.js?m=1787970752:427
[  107925ms] [LOG] [Manujo] penerima @ https://phbidlautdemo.prahu-hub.com/_resources/themes/prahutheme/javascript/custom/orderList.js?m=1787970752:648
[  107926ms] [LOG] {ID: 1453, status_order: DONE, JadwalID: 1846, ID_Order: 20260827-06502, dari_api: null} @ https://phbidlautdemo.prahu-hub.com/_resources/themes/prahutheme/javascript/custom/orderList.js?m=1787970752:427
[  107927ms] [LOG] [Manujo] penerima @ https://phbidlautdemo.prahu-hub.com/_resources/themes/prahutheme/javascript/custom/orderList.js?m=1787970752:648
[  107927ms] [LOG] {ID: 1452, status_order: DONE, JadwalID: 1844, ID_Order: 20260827-06501, dari_api: null} @ https://phbidlautdemo.prahu-hub.com/_resources/themes/prahutheme/javascript/custom/orderList.js?m=1787970752:427
[  107928ms] [LOG] [Ik Bitung] penerima @ https://phbidlautdemo.prahu-hub.com/_resources/themes/prahutheme/javascript/custom/orderList.js?m=1787970752:648
[  107928ms] [LOG] {ID: 1451, status_order: DONE, JadwalID: 1845, ID_Order: 20260826-06507, dari_api: null} @ https://phbidlautdemo.prahu-hub.com/_resources/themes/prahutheme/javascript/custom/orderList.js?m=1787970752:427
[  107929ms] [LOG] [Ik Bitung] penerima @ https://phbidlautdemo.prahu-hub.com/_resources/themes/prahutheme/javascript/custom/orderList.js?m=1787970752:648
[  107930ms] [LOG] {ID: 1450, status_order: PENDING, JadwalID: 1844, ID_Order: 20260826-06506, dari_api: null} @ https://phbidlautdemo.prahu-hub.com/_resources/themes/prahutheme/javascript/custom/orderList.js?m=1787970752:427
[  107931ms] [LOG] [Ik Bitung] penerima @ https://phbidlautdemo.prahu-hub.com/_resources/themes/prahutheme/javascript/custom/orderList.js?m=1787970752:648
[  107931ms] [LOG] {ID: 1449, status_order: DONE, JadwalID: 1839, ID_Order: 20260826-06505, dari_api: null} @ https://phbidlautdemo.prahu-hub.com/_resources/themes/prahutheme/javascript/custom/orderList.js?m=1787970752:427
[  107932ms] [LOG] [Ik Bitung] penerima @ https://phbidlautdemo.prahu-hub.com/_resources/themes/prahutheme/javascript/custom/orderList.js?m=1787970752:648
[  107932ms] [LOG] {ID: 1448, status_order: DONE, JadwalID: 1851, ID_Order: 20260826-06504, dari_api: null} @ https://phbidlautdemo.prahu-hub.com/_resources/themes/prahutheme/javascript/custom/orderList.js?m=1787970752:427
[  107933ms] [LOG] [Ik Bitung] penerima @ https://phbidlautdemo.prahu-hub.com/_resources/themes/prahutheme/javascript/custom/orderList.js?m=1787970752:648
[  107934ms] [LOG] {ID: 1447, status_order: DONE, JadwalID: 1839, ID_Order: 20260826-06503, dari_api: null} @ https://phbidlautdemo.prahu-hub.com/_resources/themes/prahutheme/javascript/custom/orderList.js?m=1787970752:427
[  107934ms] [LOG] [Ik Bitung] penerima @ https://phbidlautdemo.prahu-hub.com/_resources/themes/prahutheme/javascript/custom/orderList.js?m=1787970752:648
[  107934ms] [LOG] {ID: 1446, status_order: DONE, JadwalID: 1839, ID_Order: 20260826-06502, dari_api: null} @ https://phbidlautdemo.prahu-hub.com/_resources/themes/prahutheme/javascript/custom/orderList.js?m=1787970752:427
[  107935ms] [LOG] [Ik Bitung] penerima @ https://phbidlautdemo.prahu-hub.com/_resources/themes/prahutheme/javascript/custom/orderList.js?m=1787970752:648
[  107935ms] [LOG] {ID: 1445, status_order: DONE, JadwalID: 1839, ID_Order: 20260826-06501, dari_api: null} @ https://phbidlautdemo.prahu-hub.com/_resources/themes/prahutheme/javascript/custom/orderList.js?m=1787970752:427
[  107935ms] [LOG] [Ik Bitung] penerima @ https://phbidlautdemo.prahu-hub.com/_resources/themes/prahutheme/javascript/custom/orderList.js?m=1787970752:648
[  107936ms] [LOG] {ID: 1435, status_order: DONE, JadwalID: 1828, ID_Order: 20260820-06504, dari_api: null} @ https://phbidlautdemo.prahu-hub.com/_resources/themes/prahutheme/javascript/custom/orderList.js?m=1787970752:427
[  107936ms] [LOG] [Ik Bitung] penerima @ https://phbidlautdemo.prahu-hub.com/_resources/themes/prahutheme/javascript/custom/orderList.js?m=1787970752:648
[  107937ms] [LOG] {ID: 1433, status_order: CANCEL, JadwalID: 1828, ID_Order: 20260820-06502, dari_api: null} @ https://phbidlautdemo.prahu-hub.com/_resources/themes/prahutheme/javascript/custom/orderList.js?m=1787970752:427
[  107937ms] [LOG] [Ik Bitung] penerima @ https://phbidlautdemo.prahu-hub.com/_resources/themes/prahutheme/javascript/custom/orderList.js?m=1787970752:648
[  107938ms] [LOG] {ID: 1432, status_order: CANCEL, JadwalID: 1824, ID_Order: 20260820-06501, dari_api: YES} @ https://phbidlautdemo.prahu-hub.com/_resources/themes/prahutheme/javascript/custom/orderList.js?m=1787970752:427
[  107938ms] [LOG] [Ik Bitung] penerima @ https://phbidlautdemo.prahu-hub.com/_resources/themes/prahutheme/javascript/custom/orderList.js?m=1787970752:648
[  107939ms] [LOG] {ID: 1429, status_order: DONE, JadwalID: 1815, ID_Order: 20260811-06501, dari_api: YES} @ https://phbidlautdemo.prahu-hub.com/_resources/themes/prahutheme/javascript/custom/orderList.js?m=1787970752:427
[  107941ms] [LOG] [IKHSAN JAYA, IKHSAN JAYA, IKHSAN JAYA] penerima @ https://phbidlautdemo.prahu-hub.com/_resources/themes/prahutheme/javascript/custom/orderList.js?m=1787970752:648
[  107941ms] [LOG] {ID: 1428, status_order: DONE, JadwalID: 1814, ID_Order: 20260807-06501, dari_api: YES} @ https://phbidlautdemo.prahu-hub.com/_resources/themes/prahutheme/javascript/custom/orderList.js?m=1787970752:427
[  107942ms] [LOG] [Ik Bitung] penerima @ https://phbidlautdemo.prahu-hub.com/_resources/themes/prahutheme/javascript/custom/orderList.js?m=1787970752:648
[  107943ms] [LOG] {ID: 1427, status_order: KONFIRMASI_UNIT, JadwalID: 1809, ID_Order: 20260806-06503, dari_api: YES} @ https://phbidlautdemo.prahu-hub.com/_resources/themes/prahutheme/javascript/custom/orderList.js?m=1787970752:427
[  107943ms] [LOG]  penerima @ https://phbidlautdemo.prahu-hub.com/_resources/themes/prahutheme/javascript/custom/orderList.js?m=1787970752:648
[  107962ms] [LOG] [Object, Object, Object, Object, Object, Object, Object, Object, Object, Object, Object, Object, Object, Object, Object, Object, Object, Object, Object, Object] @ https://phbidlautdemo.prahu-hub.com/_resources/themes/prahutheme/javascript/custom/orderList.js?m=1787970752:40
[  107964ms] [LOG] {ID: 1461, status_order: PENDING, JadwalID: 1854, ID_Order: 20260829-06501, dari_api: null} @ https://phbidlautdemo.prahu-hub.com/_resources/themes/prahutheme/javascript/custom/orderList.js?m=1787970752:46
[  107964ms] [LOG] [Manujo] penerima @ https://phbidlautdemo.prahu-hub.com/_resources/themes/prahutheme/javascript/custom/orderList.js?m=1787970752:261
[  107965ms] [LOG] {ID: 1460, status_order: KONFIRMASI_UNIT, JadwalID: 1855, ID_Order: 20260828-06506, dari_api: null} @ https://phbidlautdemo.prahu-hub.com/_resources/themes/prahutheme/javascript/custom/orderList.js?m=1787970752:46
[  107965ms] [LOG] [Manujo] penerima @ https://phbidlautdemo.prahu-hub.com/_resources/themes/prahutheme/javascript/custom/orderList.js?m=1787970752:261
[  107965ms] [LOG] {ID: 1459, status_order: CANCEL, JadwalID: 1846, ID_Order: 20260828-06505, dari_api: null} @ https://phbidlautdemo.prahu-hub.com/_resources/themes/prahutheme/javascript/custom/orderList.js?m=1787970752:46
[  107965ms] [LOG] [Manujo] penerima @ https://phbidlautdemo.prahu-hub.com/_resources/themes/prahutheme/javascript/custom/orderList.js?m=1787970752:261
[  107965ms] [LOG] {ID: 1458, status_order: KONFIRMASI_UNIT, JadwalID: 1846, ID_Order: 20260828-06504, dari_api: null} @ https://phbidlautdemo.prahu-hub.com/_resources/themes/prahutheme/javascript/custom/orderList.js?m=1787970752:46
[  107966ms] [LOG] [Manujo] penerima @ https://phbidlautdemo.prahu-hub.com/_resources/themes/prahutheme/javascript/custom/orderList.js?m=1787970752:261
[  107966ms] [LOG] {ID: 1454, status_order: SHIPPER_VALIDATED, JadwalID: 1846, ID_Order: 20260827-06503, dari_api: null} @ https://phbidlautdemo.prahu-hub.com/_resources/themes/prahutheme/javascript/custom/orderList.js?m=1787970752:46
[  107966ms] [LOG] [Manujo] penerima @ https://phbidlautdemo.prahu-hub.com/_resources/themes/prahutheme/javascript/custom/orderList.js?m=1787970752:261
[  107966ms] [LOG] {ID: 1453, status_order: DONE, JadwalID: 1846, ID_Order: 20260827-06502, dari_api: null} @ https://phbidlautdemo.prahu-hub.com/_resources/themes/prahutheme/javascript/custom/orderList.js?m=1787970752:46
[  107967ms] [LOG] [Manujo] penerima @ https://phbidlautdemo.prahu-hub.com/_resources/themes/prahutheme/javascript/custom/orderList.js?m=1787970752:261
[  107967ms] [LOG] {ID: 1452, status_order: DONE, JadwalID: 1844, ID_Order: 20260827-06501, dari_api: null} @ https://phbidlautdemo.prahu-hub.com/_resources/themes/prahutheme/javascript/custom/orderList.js?m=1787970752:46
[  107967ms] [LOG] [Ik Bitung] penerima @ https://phbidlautdemo.prahu-hub.com/_resources/themes/prahutheme/javascript/custom/orderList.js?m=1787970752:261
[  107968ms] [LOG] {ID: 1451, status_order: DONE, JadwalID: 1845, ID_Order: 20260826-06507, dari_api: null} @ https://phbidlautdemo.prahu-hub.com/_resources/themes/prahutheme/javascript/custom/orderList.js?m=1787970752:46
[  107968ms] [LOG] [Ik Bitung] penerima @ https://phbidlautdemo.prahu-hub.com/_resources/themes/prahutheme/javascript/custom/orderList.js?m=1787970752:261
[  107968ms] [LOG] {ID: 1450, status_order: PENDING, JadwalID: 1844, ID_Order: 20260826-06506, dari_api: null} @ https://phbidlautdemo.prahu-hub.com/_resources/themes/prahutheme/javascript/custom/orderList.js?m=1787970752:46
[  107968ms] [LOG] [Ik Bitung] penerima @ https://phbidlautdemo.prahu-hub.com/_resources/themes/prahutheme/javascript/custom/orderList.js?m=1787970752:261
[  107968ms] [LOG] {ID: 1449, status_order: DONE, JadwalID: 1839, ID_Order: 20260826-06505, dari_api: null} @ https://phbidlautdemo.prahu-hub.com/_resources/themes/prahutheme/javascript/custom/orderList.js?m=1787970752:46
[  107969ms] [LOG] [Ik Bitung] penerima @ https://phbidlautdemo.prahu-hub.com/_resources/themes/prahutheme/javascript/custom/orderList.js?m=1787970752:261
[  107969ms] [LOG] {ID: 1448, status_order: DONE, JadwalID: 1851, ID_Order: 20260826-06504, dari_api: null} @ https://phbidlautdemo.prahu-hub.com/_resources/themes/prahutheme/javascript/custom/orderList.js?m=1787970752:46
[  107969ms] [LOG] [Ik Bitung] penerima @ https://phbidlautdemo.prahu-hub.com/_resources/themes/prahutheme/javascript/custom/orderList.js?m=1787970752:261
[  107969ms] [LOG] {ID: 1447, status_order: DONE, JadwalID: 1839, ID_Order: 20260826-06503, dari_api: null} @ https://phbidlautdemo.prahu-hub.com/_resources/themes/prahutheme/javascript/custom/orderList.js?m=1787970752:46
[  107969ms] [LOG] [Ik Bitung] penerima @ https://phbidlautdemo.prahu-hub.com/_resources/themes/prahutheme/javascript/custom/orderList.js?m=1787970752:261
[  107970ms] [LOG] {ID: 1446, status_order: DONE, JadwalID: 1839, ID_Order: 20260826-06502, dari_api: null} @ https://phbidlautdemo.prahu-hub.com/_resources/themes/prahutheme/javascript/custom/orderList.js?m=1787970752:46
[  107970ms] [LOG] [Ik Bitung] penerima @ https://phbidlautdemo.prahu-hub.com/_resources/themes/prahutheme/javascript/custom/orderList.js?m=1787970752:261
[  107970ms] [LOG] {ID: 1445, status_order: DONE, JadwalID: 1839, ID_Order: 20260826-06501, dari_api: null} @ https://phbidlautdemo.prahu-hub.com/_resources/themes/prahutheme/javascript/custom/orderList.js?m=1787970752:46
[  107970ms] [LOG] [Ik Bitung] penerima @ https://phbidlautdemo.prahu-hub.com/_resources/themes/prahutheme/javascript/custom/orderList.js?m=1787970752:261
[  107970ms] [LOG] {ID: 1435, status_order: DONE, JadwalID: 1828, ID_Order: 20260820-06504, dari_api: null} @ https://phbidlautdemo.prahu-hub.com/_resources/themes/prahutheme/javascript/custom/orderList.js?m=1787970752:46
[  107971ms] [LOG] [Ik Bitung] penerima @ https://phbidlautdemo.prahu-hub.com/_resources/themes/prahutheme/javascript/custom/orderList.js?m=1787970752:261
[  107971ms] [LOG] {ID: 1433, status_order: CANCEL, JadwalID: 1828, ID_Order: 20260820-06502, dari_api: null} @ https://phbidlautdemo.prahu-hub.com/_resources/themes/prahutheme/javascript/custom/orderList.js?m=1787970752:46
[  107971ms] [LOG] [Ik Bitung] penerima @ https://phbidlautdemo.prahu-hub.com/_resources/themes/prahutheme/javascript/custom/orderList.js?m=1787970752:261
[  107971ms] [LOG] {ID: 1432, status_order: CANCEL, JadwalID: 1824, ID_Order: 20260820-06501, dari_api: YES} @ https://phbidlautdemo.prahu-hub.com/_resources/themes/prahutheme/javascript/custom/orderList.js?m=1787970752:46
[  107972ms] [LOG] [Ik Bitung] penerima @ https://phbidlautdemo.prahu-hub.com/_resources/themes/prahutheme/javascript/custom/orderList.js?m=1787970752:261
[  107972ms] [LOG] {ID: 1429, status_order: DONE, JadwalID: 1815, ID_Order: 20260811-06501, dari_api: YES} @ https://phbidlautdemo.prahu-hub.com/_resources/themes/prahutheme/javascript/custom/orderList.js?m=1787970752:46
[  107972ms] [LOG] [IKHSAN JAYA, IKHSAN JAYA, IKHSAN JAYA] penerima @ https://phbidlautdemo.prahu-hub.com/_resources/themes/prahutheme/javascript/custom/orderList.js?m=1787970752:261
[  107973ms] [LOG] {ID: 1428, status_order: DONE, JadwalID: 1814, ID_Order: 20260807-06501, dari_api: YES} @ https://phbidlautdemo.prahu-hub.com/_resources/themes/prahutheme/javascript/custom/orderList.js?m=1787970752:46
[  107973ms] [LOG] [Ik Bitung] penerima @ https://phbidlautdemo.prahu-hub.com/_resources/themes/prahutheme/javascript/custom/orderList.js?m=1787970752:261
[  107974ms] [LOG] {ID: 1427, status_order: KONFIRMASI_UNIT, JadwalID: 1809, ID_Order: 20260806-06503, dari_api: YES} @ https://phbidlautdemo.prahu-hub.com/_resources/themes/prahutheme/javascript/custom/orderList.js?m=1787970752:46
[  107974ms] [LOG]  penerima @ https://phbidlautdemo.prahu-hub.com/_resources/themes/prahutheme/javascript/custom/orderList.js?m=1787970752:261
[  107985ms] [LOG] 604 @ https://phbidlautdemo.prahu-hub.com/_resources/themes/prahutheme/javascript/custom/orderList.js?m=1787970752:916
[  107985ms] [LOG] 604 countView1 1 pageNow 20 limitView1 @ https://phbidlautdemo.prahu-hub.com/_resources/themes/prahutheme/javascript/custom/orderList.js?m=1787970752:918
[  107986ms] [LOG] 20 @ https://phbidlautdemo.prahu-hub.com/_resources/themes/prahutheme/javascript/custom/orderList.js?m=1787970752:924
[  107986ms] [LOG] 604 jumlah data @ https://phbidlautdemo.prahu-hub.com/_resources/themes/prahutheme/javascript/custom/orderList.js?m=1787970752:879
[  107986ms] [LOG] 31 @ https://phbidlautdemo.prahu-hub.com/_resources/themes/prahutheme/javascript/custom/orderList.js?m=1787970752:881
[  107987ms] [LOG] 31 1 pageCount & pageNow @ https://phbidlautdemo.prahu-hub.com/_resources/themes/prahutheme/javascript/custom/orderList.js?m=1787970752:810
[  107988ms] [LOG] 200 xhrglobal @ https://phbidlautdemo.prahu-hub.com/order/OrderList:8138
[  108026ms] [LOG] 200 xhrglobal @ https://phbidlautdemo.prahu-hub.com/order/OrderList:8138
[  108037ms] [LOG] 200 xhrglobal @ https://phbidlautdemo.prahu-hub.com/order/OrderList:8138
[  109475ms] Cannot use import statement outside a module
[  109499ms] ReferenceError: Chart is not defined
    at https://phbidlautdemo.prahu-hub.com/_resources/themes/prahutheme/js/scripts-init/charts/chartjs.js:8:13
[  109499ms] Unexpected token '<'
[  109538ms] Unexpected token '<'
[  109563ms] Uncaught TypeError: expect element to be DOM Element, but got null
    at n.init (https://cdnjs.cloudflare.com/ajax/libs/smooth-scrollbar/8.5.2/smooth-scrollbar.js:24:264)
    at <anonymous> (https://phbidlautdemo.prahu-hub.com/analitik/datajenismuatan:5354:14)
[  109590ms] [LOG] Masternamanya @ https://phbidlautdemo.prahu-hub.com/analitik/datajenismuatan:1879
[  109594ms] [LOG] Masukkan Jenis Muatan @ https://phbidlautdemo.prahu-hub.com/analitik/datajenismuatan:5707
[  109595ms] [LOG] Isi Kemasan @ https://phbidlautdemo.prahu-hub.com/analitik/datajenismuatan:5707
[  109595ms] [LOG] Berat (Kg) @ https://phbidlautdemo.prahu-hub.com/analitik/datajenismuatan:5707
[  109595ms] [LOG] undefined @ https://phbidlautdemo.prahu-hub.com/analitik/datajenismuatan:5707
[  109595ms] [LOG] undefined @ https://phbidlautdemo.prahu-hub.com/analitik/datajenismuatan:5707
[  109595ms] [LOG] Masukkan Jenis Muatan @ https://phbidlautdemo.prahu-hub.com/analitik/datajenismuatan:5707
[  109595ms] [LOG] Masukkan Jenis Muatan @ https://phbidlautdemo.prahu-hub.com/analitik/datajenismuatan:5707
[  109597ms] [LOG] Isi Kemasan @ https://phbidlautdemo.prahu-hub.com/analitik/datajenismuatan:5707
[  109597ms] [LOG] Berat per Kemasan @ https://phbidlautdemo.prahu-hub.com/analitik/datajenismuatan:5707
[  109599ms] [LOG] WebSocket connection @ https://phbidlautdemo.prahu-hub.com/analitik/datajenismuatan:5750
[  109599ms] [LOG] WebSocket connection attempting... @ https://phbidlautdemo.prahu-hub.com/analitik/datajenismuatan:5828
[  109706ms] [LOG] WebSocket connected @ https://phbidlautdemo.prahu-hub.com/analitik/datajenismuatan:5759
[  109707ms] [LOG] update_dashboard_order_laut @ https://phbidlautdemo.prahu-hub.com/analitik/datajenismuatan:5800
[  109734ms] [LOG] Connected @ https://phbidlautdemo.prahu-hub.com/analitik/datajenismuatan:5800
[  109829ms] [LOG] Connected @ https://phbidlautdemo.prahu-hub.com/analitik/datajenismuatan:5800
[  110980ms] [LOG] 200 xhrglobal @ https://phbidlautdemo.prahu-hub.com/analitik/datajenismuatan:5681
[  111026ms] ReferenceError: renderTooltipHarga is not defined
    at https://phbidlautdemo.prahu-hub.com/_resources/themes/prahutheme/javascript/custom/datajenismuatan.js?m=1787970752:552:9
[  111093ms] [LOG] 200 xhrglobal @ https://phbidlautdemo.prahu-hub.com/analitik/datajenismuatan:5681
[  111143ms] [LOG] 200 xhrglobal @ https://phbidlautdemo.prahu-hub.com/analitik/datajenismuatan:5681
[  111628ms] TypeError: $(...).DataTable is not a function
    at https://phbidlautdemo.prahu-hub.com/_resources/themes/prahutheme/js/scripts-init/tables.js:7:23
[  111793ms] [LOG] Connected @ https://phbidlautdemo.prahu-hub.com/analitik/datajenismuatan:5800
[  113240ms] Cannot use import statement outside a module
[  113248ms] ReferenceError: Chart is not defined
    at https://phbidlautdemo.prahu-hub.com/_resources/themes/prahutheme/js/scripts-init/charts/chartjs.js:8:13
[  113248ms] Unexpected token '<'
[  113463ms] Unexpected token '<'
[  113485ms] Uncaught TypeError: expect element to be DOM Element, but got null
    at n.init (https://cdnjs.cloudflare.com/ajax/libs/smooth-scrollbar/8.5.2/smooth-scrollbar.js:24:264)
    at <anonymous> (https://phbidlautdemo.prahu-hub.com/analitik/hargabarang:5084:14)
[  113497ms] [LOG] Masternamanya @ https://phbidlautdemo.prahu-hub.com/analitik/hargabarang:1878
[  113500ms] [LOG] Masukkan Nama Jenis Muatan @ https://phbidlautdemo.prahu-hub.com/analitik/hargabarang:5437
[  113500ms] [LOG] undefined @ https://phbidlautdemo.prahu-hub.com/analitik/hargabarang:5437
[  113500ms] [LOG] undefined @ https://phbidlautdemo.prahu-hub.com/analitik/hargabarang:5437
[  113501ms] [LOG] WebSocket connection @ https://phbidlautdemo.prahu-hub.com/analitik/hargabarang:5480
[  113502ms] [LOG] WebSocket connection attempting... @ https://phbidlautdemo.prahu-hub.com/analitik/hargabarang:5558
[  113605ms] [LOG] WebSocket connected @ https://phbidlautdemo.prahu-hub.com/analitik/hargabarang:5489
[  113619ms] [LOG] update_dashboard_order_laut @ https://phbidlautdemo.prahu-hub.com/analitik/hargabarang:5530
[  113634ms] [LOG] Connected @ https://phbidlautdemo.prahu-hub.com/analitik/hargabarang:5530
[  113821ms] [LOG] Connected @ https://phbidlautdemo.prahu-hub.com/analitik/hargabarang:5530
[  114752ms] [LOG] 200 xhrglobal @ https://phbidlautdemo.prahu-hub.com/analitik/hargabarang:5411
[  114754ms] ReferenceError: renderTooltipHarga is not defined
    at https://phbidlautdemo.prahu-hub.com/_resources/themes/prahutheme/javascript/custom/hargabarang.js?m=1787970752:385:9
[  115506ms] TypeError: $(...).DataTable is not a function
    at https://phbidlautdemo.prahu-hub.com/_resources/themes/prahutheme/js/scripts-init/tables.js:7:23
[  115643ms] [LOG] 200 xhrglobal @ https://phbidlautdemo.prahu-hub.com/analitik/hargabarang:5411
[  115810ms] [LOG] 200 xhrglobal @ https://phbidlautdemo.prahu-hub.com/analitik/hargabarang:5411
[  116103ms] [LOG] Connected @ https://phbidlautdemo.prahu-hub.com/analitik/hargabarang:5530
[  118020ms] Cannot use import statement outside a module
[  118049ms] ReferenceError: Chart is not defined
    at https://phbidlautdemo.prahu-hub.com/_resources/themes/prahutheme/js/scripts-init/charts/chartjs.js:8:13
[  118049ms] Unexpected token '<'
[  118050ms] Unexpected token '<'
[  118092ms] Uncaught TypeError: expect element to be DOM Element, but got null
    at n.init (https://cdnjs.cloudflare.com/ajax/libs/smooth-scrollbar/8.5.2/smooth-scrollbar.js:24:264)
    at <anonymous> (https://phbidlautdemo.prahu-hub.com/lelang/carijadwal:5530:14)
[  118135ms] [LOG] jadwalnamanya @ https://phbidlautdemo.prahu-hub.com/lelang/carijadwal:1877
[  118144ms] [LOG] DD/MM/YYYY @ https://phbidlautdemo.prahu-hub.com/lelang/carijadwal:5883
[  118146ms] [LOG] WebSocket connection @ https://phbidlautdemo.prahu-hub.com/lelang/carijadwal:5926
[  118147ms] [LOG] WebSocket connection attempting... @ https://phbidlautdemo.prahu-hub.com/lelang/carijadwal:6004
[  118243ms] [LOG] WebSocket connected @ https://phbidlautdemo.prahu-hub.com/lelang/carijadwal:5935
[  118247ms] [LOG] update_dashboard_order_laut @ https://phbidlautdemo.prahu-hub.com/lelang/carijadwal:5976
[  118270ms] [LOG] Connected @ https://phbidlautdemo.prahu-hub.com/lelang/carijadwal:5976
[  118368ms] [LOG] 200 xhrglobal @ https://phbidlautdemo.prahu-hub.com/lelang/carijadwal:5857
[  118384ms] [LOG] Connected @ https://phbidlautdemo.prahu-hub.com/lelang/carijadwal:5976
[  118428ms] [LOG] 200 xhrglobal @ https://phbidlautdemo.prahu-hub.com/lelang/carijadwal:5857
[  118440ms] [LOG] Connected @ https://phbidlautdemo.prahu-hub.com/lelang/carijadwal:5976
[  120158ms] TypeError: $(...).DataTable is not a function
    at https://phbidlautdemo.prahu-hub.com/_resources/themes/prahutheme/js/scripts-init/tables.js:7:23
[  120437ms] [LOG] Connected @ https://phbidlautdemo.prahu-hub.com/lelang/carijadwal:5976
[  121694ms] Cannot use import statement outside a module
[  121699ms] ReferenceError: Chart is not defined
    at https://phbidlautdemo.prahu-hub.com/_resources/themes/prahutheme/js/scripts-init/charts/chartjs.js:8:13
[  121814ms] Unexpected token '<'
[  121932ms] Unexpected token '<'
[  121964ms] Uncaught TypeError: expect element to be DOM Element, but got null
    at n.init (https://cdnjs.cloudflare.com/ajax/libs/smooth-scrollbar/8.5.2/smooth-scrollbar.js:24:264)
    at <anonymous> (https://phbidlautdemo.prahu-hub.com/home/history_lelang:5190:14)
[  121982ms] [LOG] Laporannamanya @ https://phbidlautdemo.prahu-hub.com/home/history_lelang:1877
[  121986ms] [LOG] DD/MM/YYYY @ https://phbidlautdemo.prahu-hub.com/home/history_lelang:5543
[  121987ms] [LOG] DD/MM/YYYY @ https://phbidlautdemo.prahu-hub.com/home/history_lelang:5543
[  121987ms] [LOG] undefined @ https://phbidlautdemo.prahu-hub.com/home/history_lelang:5543
[  121987ms] [LOG] WebSocket connection @ https://phbidlautdemo.prahu-hub.com/home/history_lelang:5586
[  121988ms] [LOG] WebSocket connection attempting... @ https://phbidlautdemo.prahu-hub.com/home/history_lelang:5664
[  122084ms] [LOG] WebSocket connected @ https://phbidlautdemo.prahu-hub.com/home/history_lelang:5595
[  122088ms] [LOG] update_dashboard_order_laut @ https://phbidlautdemo.prahu-hub.com/home/history_lelang:5636
[  122112ms] [LOG] Connected @ https://phbidlautdemo.prahu-hub.com/home/history_lelang:5636
[  122188ms] [LOG] 200 xhrglobal @ https://phbidlautdemo.prahu-hub.com/home/history_lelang:5517
[  122237ms] [LOG] 200 xhrglobal @ https://phbidlautdemo.prahu-hub.com/home/history_lelang:5517
[  122517ms] [LOG] Connected @ https://phbidlautdemo.prahu-hub.com/home/history_lelang:5636
[  123984ms] TypeError: $(...).DataTable is not a function
    at https://phbidlautdemo.prahu-hub.com/_resources/themes/prahutheme/js/scripts-init/tables.js:7:23
[  124457ms] [LOG] Connected @ https://phbidlautdemo.prahu-hub.com/home/history_lelang:5636
[  125364ms] Cannot use import statement outside a module
[  125388ms] ReferenceError: Chart is not defined
    at https://phbidlautdemo.prahu-hub.com/_resources/themes/prahutheme/js/scripts-init/charts/chartjs.js:8:13
[  125551ms] Unexpected token '<'
[  125551ms] Unexpected token '<'
[  125579ms] Uncaught TypeError: expect element to be DOM Element, but got null
    at n.init (https://cdnjs.cloudflare.com/ajax/libs/smooth-scrollbar/8.5.2/smooth-scrollbar.js:24:264)
    at <anonymous> (https://phbidlautdemo.prahu-hub.com/home/laporanlogistik:5243:14)
[  125594ms] [LOG] Laporannamanya @ https://phbidlautdemo.prahu-hub.com/home/laporanlogistik:1877
[  125598ms] [LOG] DD/MM/YYYY @ https://phbidlautdemo.prahu-hub.com/home/laporanlogistik:5596
[  125599ms] [LOG] DD/MM/YYYY @ https://phbidlautdemo.prahu-hub.com/home/laporanlogistik:5596
[  125599ms] [LOG] undefined @ https://phbidlautdemo.prahu-hub.com/home/laporanlogistik:5596
[  125599ms] [LOG] WebSocket connection @ https://phbidlautdemo.prahu-hub.com/home/laporanlogistik:5639
[  125600ms] [LOG] WebSocket connection attempting... @ https://phbidlautdemo.prahu-hub.com/home/laporanlogistik:5717
[  125713ms] [LOG] WebSocket connected @ https://phbidlautdemo.prahu-hub.com/home/laporanlogistik:5648
[  125722ms] [LOG] update_dashboard_order_laut @ https://phbidlautdemo.prahu-hub.com/home/laporanlogistik:5689
[  125743ms] [LOG] Connected @ https://phbidlautdemo.prahu-hub.com/home/laporanlogistik:5689
[  125893ms] [LOG] 200 xhrglobal @ https://phbidlautdemo.prahu-hub.com/home/laporanlogistik:5570
[  125937ms] [LOG] 200 xhrglobal @ https://phbidlautdemo.prahu-hub.com/home/laporanlogistik:5570
[  126417ms] [LOG] Connected @ https://phbidlautdemo.prahu-hub.com/home/laporanlogistik:5689
[  127607ms] TypeError: $(...).DataTable is not a function
    at https://phbidlautdemo.prahu-hub.com/_resources/themes/prahutheme/js/scripts-init/tables.js:7:23
[  129150ms] Cannot use import statement outside a module
[  129175ms] ReferenceError: Chart is not defined
    at https://phbidlautdemo.prahu-hub.com/_resources/themes/prahutheme/js/scripts-init/charts/chartjs.js:8:13
[  129201ms] Unexpected token '<'
[  129201ms] Unexpected token '<'
[  129225ms] Uncaught TypeError: expect element to be DOM Element, but got null
    at n.init (https://cdnjs.cloudflare.com/ajax/libs/smooth-scrollbar/8.5.2/smooth-scrollbar.js:24:264)
    at <anonymous> (https://phbidlautdemo.prahu-hub.com/home/hakaksesbidowner:5238:14)
[  129252ms] [LOG] Pengaturan Akunnamanya @ https://phbidlautdemo.prahu-hub.com/home/hakaksesbidowner:1878
[  129257ms] [LOG] Masukkan Nama Hak Akses @ https://phbidlautdemo.prahu-hub.com/home/hakaksesbidowner:5591
[  129257ms] [LOG] undefined @ https://phbidlautdemo.prahu-hub.com/home/hakaksesbidowner:5591
[  129257ms] [LOG] undefined @ https://phbidlautdemo.prahu-hub.com/home/hakaksesbidowner:5591
[  129258ms] [LOG] Masukkan Nama Kemasan @ https://phbidlautdemo.prahu-hub.com/home/hakaksesbidowner:5591
[  129258ms] [LOG] undefined @ https://phbidlautdemo.prahu-hub.com/home/hakaksesbidowner:5591
[  129258ms] [LOG] WebSocket connection @ https://phbidlautdemo.prahu-hub.com/home/hakaksesbidowner:5634
[  129259ms] [LOG] WebSocket connection attempting... @ https://phbidlautdemo.prahu-hub.com/home/hakaksesbidowner:5712
[  129358ms] [LOG] WebSocket connected @ https://phbidlautdemo.prahu-hub.com/home/hakaksesbidowner:5643
[  129361ms] [LOG] update_dashboard_order_laut @ https://phbidlautdemo.prahu-hub.com/home/hakaksesbidowner:5684
[  129388ms] [LOG] Connected @ https://phbidlautdemo.prahu-hub.com/home/hakaksesbidowner:5684
[  129410ms] [LOG] [Object, Object, Object, Object] @ https://phbidlautdemo.prahu-hub.com/_resources/themes/prahutheme/javascript/custom/hakaksesbidowner.js?m=1787970752:124
[  129417ms] [LOG] 4 @ https://phbidlautdemo.prahu-hub.com/_resources/themes/prahutheme/javascript/custom/hakaksesbidowner.js?m=1787970752:775
[  129418ms] [LOG] 4 countView1 1 pageNow 20 limitView1 @ https://phbidlautdemo.prahu-hub.com/_resources/themes/prahutheme/javascript/custom/hakaksesbidowner.js?m=1787970752:777
[  129419ms] [LOG] 4 @ https://phbidlautdemo.prahu-hub.com/_resources/themes/prahutheme/javascript/custom/hakaksesbidowner.js?m=1787970752:783
[  129420ms] [LOG] 4 jumlah data @ https://phbidlautdemo.prahu-hub.com/_resources/themes/prahutheme/javascript/custom/hakaksesbidowner.js?m=1787970752:740
[  129420ms] [LOG] 1 @ https://phbidlautdemo.prahu-hub.com/_resources/themes/prahutheme/javascript/custom/hakaksesbidowner.js?m=1787970752:742
[  129422ms] [LOG] 1 1 pageCount & pageNow @ https://phbidlautdemo.prahu-hub.com/_resources/themes/prahutheme/javascript/custom/hakaksesbidowner.js?m=1787970752:666
[  129424ms] [LOG] 200 xhrglobal @ https://phbidlautdemo.prahu-hub.com/home/hakaksesbidowner:5565
[  129425ms] [LOG] ce.fn.init stepItem @ https://phbidlautdemo.prahu-hub.com/_resources/themes/prahutheme/javascript/custom/hakaksesbidowner.js?m=1787970752:640
[  129535ms] [LOG] 200 xhrglobal @ https://phbidlautdemo.prahu-hub.com/home/hakaksesbidowner:5565
[  129595ms] [LOG] 200 xhrglobal @ https://phbidlautdemo.prahu-hub.com/home/hakaksesbidowner:5565
[  130460ms] [LOG] Connected @ https://phbidlautdemo.prahu-hub.com/home/hakaksesbidowner:5684
[  131255ms] TypeError: $(...).DataTable is not a function
    at https://phbidlautdemo.prahu-hub.com/_resources/themes/prahutheme/js/scripts-init/tables.js:7:23
[  133203ms] Cannot use import statement outside a module
[  133221ms] ReferenceError: Chart is not defined
    at https://phbidlautdemo.prahu-hub.com/_resources/themes/prahutheme/js/scripts-init/charts/chartjs.js:8:13
[  133222ms] Unexpected token '<'
[  133288ms] Unexpected token '<'
[  133339ms] Uncaught TypeError: expect element to be DOM Element, but got null
    at n.init (https://cdnjs.cloudflare.com/ajax/libs/smooth-scrollbar/8.5.2/smooth-scrollbar.js:24:264)
    at <anonymous> (https://phbidlautdemo.prahu-hub.com/home/subuserbidowner:5215:14)
[  133367ms] [LOG] Pengaturan Akunnamanya @ https://phbidlautdemo.prahu-hub.com/home/subuserbidowner:1878
[  133371ms] [LOG] Masukkan Nama Sub User @ https://phbidlautdemo.prahu-hub.com/home/subuserbidowner:5568
[  133371ms] [LOG] Masukkan Email @ https://phbidlautdemo.prahu-hub.com/home/subuserbidowner:5568
[  133371ms] [LOG] Masukkan Bagian Staff @ https://phbidlautdemo.prahu-hub.com/home/subuserbidowner:5568
[  133371ms] [LOG] undefined @ https://phbidlautdemo.prahu-hub.com/home/subuserbidowner:5568
[  133371ms] [LOG] undefined @ https://phbidlautdemo.prahu-hub.com/home/subuserbidowner:5568
[  133371ms] [LOG] Masukkan Nama Bank @ https://phbidlautdemo.prahu-hub.com/home/subuserbidowner:5568
[  133371ms] [LOG] undefined @ https://phbidlautdemo.prahu-hub.com/home/subuserbidowner:5568
[  133372ms] [LOG] WebSocket connection @ https://phbidlautdemo.prahu-hub.com/home/subuserbidowner:5611
[  133372ms] [LOG] WebSocket connection attempting... @ https://phbidlautdemo.prahu-hub.com/home/subuserbidowner:5689
[  133471ms] [LOG] WebSocket connected @ https://phbidlautdemo.prahu-hub.com/home/subuserbidowner:5620
[  133484ms] [LOG] update_dashboard_order_laut @ https://phbidlautdemo.prahu-hub.com/home/subuserbidowner:5661
[  133500ms] [LOG] Connected @ https://phbidlautdemo.prahu-hub.com/home/subuserbidowner:5661
[  133574ms] [LOG] [Object] @ https://phbidlautdemo.prahu-hub.com/_resources/themes/prahutheme/javascript/custom/subuserbidowner.js?m=1787970752:15
[  133576ms] [LOG] 1 @ https://phbidlautdemo.prahu-hub.com/_resources/themes/prahutheme/javascript/custom/subuserbidowner.js?m=1787970752:520
[  133577ms] [LOG] 1 countView1 1 pageNow 20 limitView1 @ https://phbidlautdemo.prahu-hub.com/_resources/themes/prahutheme/javascript/custom/subuserbidowner.js?m=1787970752:522
[  133577ms] [LOG] 1 @ https://phbidlautdemo.prahu-hub.com/_resources/themes/prahutheme/javascript/custom/subuserbidowner.js?m=1787970752:528
[  133578ms] [LOG] 1 jumlah data @ https://phbidlautdemo.prahu-hub.com/_resources/themes/prahutheme/javascript/custom/subuserbidowner.js?m=1787970752:483
[  133579ms] [LOG] 1 @ https://phbidlautdemo.prahu-hub.com/_resources/themes/prahutheme/javascript/custom/subuserbidowner.js?m=1787970752:485
[  133583ms] [LOG] 1 1 pageCount & pageNow @ https://phbidlautdemo.prahu-hub.com/_resources/themes/prahutheme/javascript/custom/subuserbidowner.js?m=1787970752:408
[  133588ms] [LOG] 200 xhrglobal @ https://phbidlautdemo.prahu-hub.com/home/subuserbidowner:5542
[  133728ms] [LOG] 200 xhrglobal @ https://phbidlautdemo.prahu-hub.com/home/subuserbidowner:5542
[  133771ms] [LOG] 200 xhrglobal @ https://phbidlautdemo.prahu-hub.com/home/subuserbidowner:5542
[  134479ms] [LOG] Connected @ https://phbidlautdemo.prahu-hub.com/home/subuserbidowner:5661
[  135371ms] TypeError: $(...).DataTable is not a function
    at https://phbidlautdemo.prahu-hub.com/_resources/themes/prahutheme/js/scripts-init/tables.js:7:23
[  136802ms] Cannot use import statement outside a module
[  136829ms] ReferenceError: Chart is not defined
    at https://phbidlautdemo.prahu-hub.com/_resources/themes/prahutheme/js/scripts-init/charts/chartjs.js:8:13
[  136881ms] Unexpected token '<'
[  137002ms] Unexpected token '<'
[  137035ms] Uncaught TypeError: expect element to be DOM Element, but got null
    at n.init (https://cdnjs.cloudflare.com/ajax/libs/smooth-scrollbar/8.5.2/smooth-scrollbar.js:24:264)
    at <anonymous> (https://phbidlautdemo.prahu-hub.com/home/preferenceNotifBidowner:5348:14)
[  137051ms] [LOG] Preference Notifnamanya @ https://phbidlautdemo.prahu-hub.com/home/preferenceNotifBidowner:1877
[  137058ms] [LOG] WebSocket connection @ https://phbidlautdemo.prahu-hub.com/home/preferenceNotifBidowner:5744
[  137058ms] [LOG] WebSocket connection attempting... @ https://phbidlautdemo.prahu-hub.com/home/preferenceNotifBidowner:5822
[  137219ms] [LOG] WebSocket connected @ https://phbidlautdemo.prahu-hub.com/home/preferenceNotifBidowner:5753
[  137221ms] [LOG] update_dashboard_order_laut @ https://phbidlautdemo.prahu-hub.com/home/preferenceNotifBidowner:5794
[  137247ms] [LOG] Connected @ https://phbidlautdemo.prahu-hub.com/home/preferenceNotifBidowner:5794
[  137325ms] [LOG] 200 xhrglobal @ https://phbidlautdemo.prahu-hub.com/home/preferenceNotifBidowner:5675
[  137373ms] [LOG] 200 xhrglobal @ https://phbidlautdemo.prahu-hub.com/home/preferenceNotifBidowner:5675
[  138677ms] [LOG] Connected @ https://phbidlautdemo.prahu-hub.com/home/preferenceNotifBidowner:5794
[  139058ms] TypeError: $(...).DataTable is not a function
    at https://phbidlautdemo.prahu-hub.com/_resources/themes/prahutheme/js/scripts-init/tables.js:7:23
[  140394ms] Cannot use import statement outside a module
[  140398ms] ReferenceError: Chart is not defined
    at https://phbidlautdemo.prahu-hub.com/_resources/themes/prahutheme/js/scripts-init/charts/chartjs.js:8:13
[  140512ms] Unexpected token '<'
[  140621ms] Unexpected token '<'
[  140650ms] Uncaught TypeError: expect element to be DOM Element, but got null
    at n.init (https://cdnjs.cloudflare.com/ajax/libs/smooth-scrollbar/8.5.2/smooth-scrollbar.js:24:264)
    at <anonymous> (https://phbidlautdemo.prahu-hub.com/home/akunsaya:5352:14)
[  140668ms] [LOG] Akun Sayanamanya @ https://phbidlautdemo.prahu-hub.com/home/akunsaya:1877
[  140674ms] [LOG] WebSocket connection @ https://phbidlautdemo.prahu-hub.com/home/akunsaya:5748
[  140675ms] [LOG] WebSocket connection attempting... @ https://phbidlautdemo.prahu-hub.com/home/akunsaya:5826
[  140782ms] [LOG] WebSocket connected @ https://phbidlautdemo.prahu-hub.com/home/akunsaya:5757
[  140784ms] [LOG] update_dashboard_order_laut @ https://phbidlautdemo.prahu-hub.com/home/akunsaya:5798
[  140809ms] [LOG] Connected @ https://phbidlautdemo.prahu-hub.com/home/akunsaya:5798
[  140943ms] [LOG] 200 xhrglobal @ https://phbidlautdemo.prahu-hub.com/home/akunsaya:5679
[  141001ms] [LOG] 200 xhrglobal @ https://phbidlautdemo.prahu-hub.com/home/akunsaya:5679
[  142626ms] [LOG] Connected @ https://phbidlautdemo.prahu-hub.com/home/akunsaya:5798
[  142705ms] TypeError: $(...).DataTable is not a function
    at https://phbidlautdemo.prahu-hub.com/_resources/themes/prahutheme/js/scripts-init/tables.js:7:23
[  145275ms] Cannot use import statement outside a module
[  145281ms] ReferenceError: Chart is not defined
    at https://phbidlautdemo.prahu-hub.com/_resources/themes/prahutheme/js/scripts-init/charts/chartjs.js:8:13
[  145540ms] Unexpected token '<'
[  145540ms] Unexpected token '<'
[  145556ms] Uncaught TypeError: expect element to be DOM Element, but got null
    at n.init (https://cdnjs.cloudflare.com/ajax/libs/smooth-scrollbar/8.5.2/smooth-scrollbar.js:24:264)
    at <anonymous> (https://phbidlautdemo.prahu-hub.com/lelang/buatlelang?newbook=1:13855:14)
[  145632ms] [LOG] undefinednamanya @ https://phbidlautdemo.prahu-hub.com/lelang/buatlelang?newbook=1:1879
[  145686ms] [LOG] Sat Aug 29 2026 09:35:32 GMT+0700 (Western Indonesia Time) @ https://phbidlautdemo.prahu-hub.com/lelang/buatlelang?newbook=1:11532
[  145762ms] [LOG] Masukkan Nomor Lelang @ https://phbidlautdemo.prahu-hub.com/lelang/buatlelang?newbook=1:14208
[  145763ms] [LOG] DD/MM/YYYY hh:mm @ https://phbidlautdemo.prahu-hub.com/lelang/buatlelang?newbook=1:14208
[  145763ms] [LOG] DD/MM/YYYY hh:mm @ https://phbidlautdemo.prahu-hub.com/lelang/buatlelang?newbook=1:14208
[  145763ms] [LOG] DD/MM/YYYY hh:mm @ https://phbidlautdemo.prahu-hub.com/lelang/buatlelang?newbook=1:14208
[  145763ms] [LOG] DD/MM/YYYY hh:mm @ https://phbidlautdemo.prahu-hub.com/lelang/buatlelang?newbook=1:14208
[  145763ms] [LOG] undefined @ https://phbidlautdemo.prahu-hub.com/lelang/buatlelang?newbook=1:14208
[  145763ms] [LOG] DD/MM/YYYY @ https://phbidlautdemo.prahu-hub.com/lelang/buatlelang?newbook=1:14208
[  145764ms] [LOG] DD/MM/YYYY @ https://phbidlautdemo.prahu-hub.com/lelang/buatlelang?newbook=1:14208
[  145764ms] [LOG] undefined @ https://phbidlautdemo.prahu-hub.com/lelang/buatlelang?newbook=1:14208
[  145764ms] [LOG] undefined @ https://phbidlautdemo.prahu-hub.com/lelang/buatlelang?newbook=1:14208
[  145764ms] [LOG] undefined @ https://phbidlautdemo.prahu-hub.com/lelang/buatlelang?newbook=1:14208
[  145764ms] [LOG] undefined @ https://phbidlautdemo.prahu-hub.com/lelang/buatlelang?newbook=1:14208
[  145764ms] [LOG] undefined @ https://phbidlautdemo.prahu-hub.com/lelang/buatlelang?newbook=1:14208
[  145764ms] [LOG] undefined @ https://phbidlautdemo.prahu-hub.com/lelang/buatlelang?newbook=1:14208
[  145764ms] [LOG] undefined @ https://phbidlautdemo.prahu-hub.com/lelang/buatlelang?newbook=1:14208
[  145765ms] [LOG] undefined @ https://phbidlautdemo.prahu-hub.com/lelang/buatlelang?newbook=1:14208
[  145765ms] [LOG] undefined @ https://phbidlautdemo.prahu-hub.com/lelang/buatlelang?newbook=1:14208
[  145765ms] [LOG] undefined @ https://phbidlautdemo.prahu-hub.com/lelang/buatlelang?newbook=1:14208
[  145765ms] [LOG] undefined @ https://phbidlautdemo.prahu-hub.com/lelang/buatlelang?newbook=1:14208
[  145765ms] [LOG] undefined @ https://phbidlautdemo.prahu-hub.com/lelang/buatlelang?newbook=1:14208
[  145765ms] [LOG] undefined @ https://phbidlautdemo.prahu-hub.com/lelang/buatlelang?newbook=1:14208
[  145765ms] [LOG] undefined @ https://phbidlautdemo.prahu-hub.com/lelang/buatlelang?newbook=1:14208
[  145765ms] [LOG] undefined @ https://phbidlautdemo.prahu-hub.com/lelang/buatlelang?newbook=1:14208
[  145765ms] [LOG] undefined @ https://phbidlautdemo.prahu-hub.com/lelang/buatlelang?newbook=1:14208
[  145765ms] [LOG] undefined @ https://phbidlautdemo.prahu-hub.com/lelang/buatlelang?newbook=1:14208
[  145765ms] [LOG] undefined @ https://phbidlautdemo.prahu-hub.com/lelang/buatlelang?newbook=1:14208
[  145765ms] [LOG] undefined @ https://phbidlautdemo.prahu-hub.com/lelang/buatlelang?newbook=1:14208
[  145765ms] [LOG] undefined @ https://phbidlautdemo.prahu-hub.com/lelang/buatlelang?newbook=1:14208
[  145765ms] [LOG] undefined @ https://phbidlautdemo.prahu-hub.com/lelang/buatlelang?newbook=1:14208
[  145765ms] [LOG] undefined @ https://phbidlautdemo.prahu-hub.com/lelang/buatlelang?newbook=1:14208
[  145765ms] [LOG] undefined @ https://phbidlautdemo.prahu-hub.com/lelang/buatlelang?newbook=1:14208
[  145765ms] [LOG] undefined @ https://phbidlautdemo.prahu-hub.com/lelang/buatlelang?newbook=1:14208
[  145766ms] [LOG] undefined @ https://phbidlautdemo.prahu-hub.com/lelang/buatlelang?newbook=1:14208
[  145766ms] [LOG] undefined @ https://phbidlautdemo.prahu-hub.com/lelang/buatlelang?newbook=1:14208
[  145766ms] [LOG] undefined @ https://phbidlautdemo.prahu-hub.com/lelang/buatlelang?newbook=1:14208
[  145766ms] [LOG] undefined @ https://phbidlautdemo.prahu-hub.com/lelang/buatlelang?newbook=1:14208
[  145766ms] [LOG] undefined @ https://phbidlautdemo.prahu-hub.com/lelang/buatlelang?newbook=1:14208
[  145766ms] [LOG] undefined @ https://phbidlautdemo.prahu-hub.com/lelang/buatlelang?newbook=1:14208
[  145766ms] [LOG] undefined @ https://phbidlautdemo.prahu-hub.com/lelang/buatlelang?newbook=1:14208
[  145766ms] [LOG] undefined @ https://phbidlautdemo.prahu-hub.com/lelang/buatlelang?newbook=1:14208
[  145766ms] [LOG] undefined @ https://phbidlautdemo.prahu-hub.com/lelang/buatlelang?newbook=1:14208
[  145766ms] [LOG] undefined @ https://phbidlautdemo.prahu-hub.com/lelang/buatlelang?newbook=1:14208
[  145766ms] [LOG] undefined @ https://phbidlautdemo.prahu-hub.com/lelang/buatlelang?newbook=1:14208
[  145766ms] [LOG] undefined @ https://phbidlautdemo.prahu-hub.com/lelang/buatlelang?newbook=1:14208
[  145766ms] [LOG] undefined @ https://phbidlautdemo.prahu-hub.com/lelang/buatlelang?newbook=1:14208
[  145766ms] [LOG] undefined @ https://phbidlautdemo.prahu-hub.com/lelang/buatlelang?newbook=1:14208
[  145766ms] [LOG] undefined @ https://phbidlautdemo.prahu-hub.com/lelang/buatlelang?newbook=1:14208
[  145766ms] [LOG] undefined @ https://phbidlautdemo.prahu-hub.com/lelang/buatlelang?newbook=1:14208
[  145767ms] [LOG] undefined @ https://phbidlautdemo.prahu-hub.com/lelang/buatlelang?newbook=1:14208
[  145767ms] [LOG] undefined @ https://phbidlautdemo.prahu-hub.com/lelang/buatlelang?newbook=1:14208
[  145767ms] [LOG] undefined @ https://phbidlautdemo.prahu-hub.com/lelang/buatlelang?newbook=1:14208
[  145767ms] [LOG] Masukkan Budget @ https://phbidlautdemo.prahu-hub.com/lelang/buatlelang?newbook=1:14208
[  145767ms] [LOG] undefined @ https://phbidlautdemo.prahu-hub.com/lelang/buatlelang?newbook=1:14208
[  145767ms] [LOG] undefined @ https://phbidlautdemo.prahu-hub.com/lelang/buatlelang?newbook=1:14208
[  145767ms] [LOG] undefined @ https://phbidlautdemo.prahu-hub.com/lelang/buatlelang?newbook=1:14208
[  145767ms] [LOG] Masukkan Dokumen Tambahan (Bila Ada) @ https://phbidlautdemo.prahu-hub.com/lelang/buatlelang?newbook=1:14208
[  145767ms] [LOG] undefined @ https://phbidlautdemo.prahu-hub.com/lelang/buatlelang?newbook=1:14208
[  145767ms] [LOG] undefined @ https://phbidlautdemo.prahu-hub.com/lelang/buatlelang?newbook=1:14208
[  145767ms] [LOG] undefined @ https://phbidlautdemo.prahu-hub.com/lelang/buatlelang?newbook=1:14208
[  145767ms] [LOG] Masukkan Nama PIC @ https://phbidlautdemo.prahu-hub.com/lelang/buatlelang?newbook=1:14208
[  145767ms] [LOG] Nomor Telp. @ https://phbidlautdemo.prahu-hub.com/lelang/buatlelang?newbook=1:14208
[  145767ms] [LOG] Masukkan Nama PIC @ https://phbidlautdemo.prahu-hub.com/lelang/buatlelang?newbook=1:14208
[  145767ms] [LOG] Nomor Telp. @ https://phbidlautdemo.prahu-hub.com/lelang/buatlelang?newbook=1:14208
[  145767ms] [LOG] Masukkan Nama PIC @ https://phbidlautdemo.prahu-hub.com/lelang/buatlelang?newbook=1:14208
[  145768ms] [LOG] Nomor Telp. @ https://phbidlautdemo.prahu-hub.com/lelang/buatlelang?newbook=1:14208
[  145768ms] [LOG] Masukkan Nama PIC @ https://phbidlautdemo.prahu-hub.com/lelang/buatlelang?newbook=1:14208
[  145768ms] [LOG] Nomor Telp. @ https://phbidlautdemo.prahu-hub.com/lelang/buatlelang?newbook=1:14208
[  145768ms] [LOG] Masukkan Nama PIC @ https://phbidlautdemo.prahu-hub.com/lelang/buatlelang?newbook=1:14208
[  145768ms] [LOG] Nomor Telp. @ https://phbidlautdemo.prahu-hub.com/lelang/buatlelang?newbook=1:14208
[  145768ms] [LOG] Anda Bisa Memilih Beberapa @ https://phbidlautdemo.prahu-hub.com/lelang/buatlelang?newbook=1:14208
[  145768ms] [LOG] Jumlah Berapa Unit / Berapa Kontainer @ https://phbidlautdemo.prahu-hub.com/lelang/buatlelang?newbook=1:14208
[  145769ms] [LOG] WebSocket connection @ https://phbidlautdemo.prahu-hub.com/lelang/buatlelang?newbook=1:14251
[  145769ms] [LOG] WebSocket connection attempting... @ https://phbidlautdemo.prahu-hub.com/lelang/buatlelang?newbook=1:14329
[  145867ms] [LOG] WebSocket connected @ https://phbidlautdemo.prahu-hub.com/lelang/buatlelang?newbook=1:14260
[  145869ms] [LOG] update_dashboard_order_laut @ https://phbidlautdemo.prahu-hub.com/lelang/buatlelang?newbook=1:14301
[  145894ms] [LOG] Connected @ https://phbidlautdemo.prahu-hub.com/lelang/buatlelang?newbook=1:14301
[  146022ms] [LOG] 200 xhrglobal @ https://phbidlautdemo.prahu-hub.com/lelang/buatlelang?newbook=1:14182
[  146097ms] [LOG] 200 xhrglobal @ https://phbidlautdemo.prahu-hub.com/lelang/buatlelang?newbook=1:14182
[  146617ms] [LOG] Connected @ https://phbidlautdemo.prahu-hub.com/lelang/buatlelang?newbook=1:14301
[  147677ms] TypeError: $(...).DataTable is not a function
    at https://phbidlautdemo.prahu-hub.com/_resources/themes/prahutheme/js/scripts-init/tables.js:7:23
[  147726ms] [LOG] Connected @ https://phbidlautdemo.prahu-hub.com/lelang/buatlelang?newbook=1:14301
[  148745ms] [LOG] Connected @ https://phbidlautdemo.prahu-hub.com/lelang/buatlelang?newbook=1:14301
[  151069ms] [LOG] Connected @ https://phbidlautdemo.prahu-hub.com/lelang/buatlelang?newbook=1:14301
[  153258ms] [LOG] Connected @ https://phbidlautdemo.prahu-hub.com/lelang/buatlelang?newbook=1:14301
[  155724ms] [LOG] Connected @ https://phbidlautdemo.prahu-hub.com/lelang/buatlelang?newbook=1:14301
[  157642ms] [LOG] Connected @ https://phbidlautdemo.prahu-hub.com/lelang/buatlelang?newbook=1:14301
[  159780ms] [LOG] Connected @ https://phbidlautdemo.prahu-hub.com/lelang/buatlelang?newbook=1:14301
[  159850ms] [LOG] Connected @ https://phbidlautdemo.prahu-hub.com/lelang/buatlelang?newbook=1:14301
[  160347ms] [LOG] Connected @ https://phbidlautdemo.prahu-hub.com/lelang/buatlelang?newbook=1:14301
[  161717ms] [LOG] Connected @ https://phbidlautdemo.prahu-hub.com/lelang/buatlelang?newbook=1:14301
[  163870ms] [LOG] Connected @ https://phbidlautdemo.prahu-hub.com/lelang/buatlelang?newbook=1:14301
[  164755ms] [LOG] Connected @ https://phbidlautdemo.prahu-hub.com/lelang/buatlelang?newbook=1:14301
[  165980ms] [LOG] Connected @ https://phbidlautdemo.prahu-hub.com/lelang/buatlelang?newbook=1:14301
[  167933ms] [LOG] Connected @ https://phbidlautdemo.prahu-hub.com/lelang/buatlelang?newbook=1:14301
[  170032ms] [LOG] Connected @ https://phbidlautdemo.prahu-hub.com/lelang/buatlelang?newbook=1:14301
[  170635ms] [LOG] notif_badge_show.293-232-274-254-252-224-163-58-66-23 @ https://phbidlautdemo.prahu-hub.com/lelang/buatlelang?newbook=1:14301
[  170641ms] [LOG] updateNotif.255-253-231-274-254-224-163-58-65-23 @ https://phbidlautdemo.prahu-hub.com/lelang/buatlelang?newbook=1:14301
[  170641ms] [LOG] Notif baru, fetching data... 10 true 65 @ https://phbidlautdemo.prahu-hub.com/lelang/buatlelang?newbook=1:14314
[  170639ms] ReferenceError: loadDataNotif is not defined
    at ConnectWebsocket.conn.onmessage (https://phbidlautdemo.prahu-hub.com/lelang/buatlelang?newbook=1:14316:29)
[  170649ms] [LOG] notif_badge_show.255-253-231-274-254-224-163-58-65-23 @ https://phbidlautdemo.prahu-hub.com/lelang/buatlelang?newbook=1:14301
[  170649ms] [LOG] Notif baru, fetching data... 10 true 65 @ https://phbidlautdemo.prahu-hub.com/lelang/buatlelang?newbook=1:14320
[  170657ms] [LOG] updateNotif.293-232-274-254-252-224-163-58-66-23 @ https://phbidlautdemo.prahu-hub.com/lelang/buatlelang?newbook=1:14301
[  172899ms] [LOG] Connected @ https://phbidlautdemo.prahu-hub.com/lelang/buatlelang?newbook=1:14301
[  177789ms] [LOG] Connected @ https://phbidlautdemo.prahu-hub.com/lelang/buatlelang?newbook=1:14301
[  179417ms] [LOG] Connected @ https://phbidlautdemo.prahu-hub.com/lelang/buatlelang?newbook=1:14301
[  179970ms] [LOG] Connected @ https://phbidlautdemo.prahu-hub.com/lelang/buatlelang?newbook=1:14301
[  181928ms] [LOG] Connected @ https://phbidlautdemo.prahu-hub.com/lelang/buatlelang?newbook=1:14301
[  182705ms] [LOG] Connected @ https://phbidlautdemo.prahu-hub.com/lelang/buatlelang?newbook=1:14301
[  184034ms] [LOG] Connected @ https://phbidlautdemo.prahu-hub.com/lelang/buatlelang?newbook=1:14301
[  186129ms] [LOG] Connected @ https://phbidlautdemo.prahu-hub.com/lelang/buatlelang?newbook=1:14301
[  188079ms] [LOG] Connected @ https://phbidlautdemo.prahu-hub.com/lelang/buatlelang?newbook=1:14301
[  190069ms] [LOG] Connected @ https://phbidlautdemo.prahu-hub.com/lelang/buatlelang?newbook=1:14301
[  190088ms] [LOG] Connected @ https://phbidlautdemo.prahu-hub.com/lelang/buatlelang?newbook=1:14301
[  192547ms] [LOG] Connected @ https://phbidlautdemo.prahu-hub.com/lelang/buatlelang?newbook=1:14301
[  192994ms] [LOG] Connected @ https://phbidlautdemo.prahu-hub.com/lelang/buatlelang?newbook=1:14301
[  193814ms] [LOG] Connected @ https://phbidlautdemo.prahu-hub.com/lelang/buatlelang?newbook=1:14301
[  194588ms] [LOG] Connected @ https://phbidlautdemo.prahu-hub.com/lelang/buatlelang?newbook=1:14301
[  196631ms] [LOG] Connected @ https://phbidlautdemo.prahu-hub.com/lelang/buatlelang?newbook=1:14301
[  197811ms] [LOG] Connected @ https://phbidlautdemo.prahu-hub.com/lelang/buatlelang?newbook=1:14301
[  198586ms] [LOG] Connected @ https://phbidlautdemo.prahu-hub.com/lelang/buatlelang?newbook=1:14301
[  202267ms] [LOG] Connected @ https://phbidlautdemo.prahu-hub.com/lelang/buatlelang?newbook=1:14301
[  202471ms] [LOG] Connected @ https://phbidlautdemo.prahu-hub.com/lelang/buatlelang?newbook=1:14301
[  204224ms] [LOG] Connected @ https://phbidlautdemo.prahu-hub.com/lelang/buatlelang?newbook=1:14301
[  204279ms] [LOG] Connected @ https://phbidlautdemo.prahu-hub.com/lelang/buatlelang?newbook=1:14301
[  204484ms] [LOG] Connected @ https://phbidlautdemo.prahu-hub.com/lelang/buatlelang?newbook=1:14301
[  204725ms] [LOG] Connected @ https://phbidlautdemo.prahu-hub.com/lelang/buatlelang?newbook=1:14301
[  206208ms] [LOG] Connected @ https://phbidlautdemo.prahu-hub.com/lelang/buatlelang?newbook=1:14301
[  207277ms] [LOG] Connected @ https://phbidlautdemo.prahu-hub.com/lelang/buatlelang?newbook=1:14301
[  207730ms] [LOG] Connected @ https://phbidlautdemo.prahu-hub.com/lelang/buatlelang?newbook=1:14301
[  208173ms] [LOG] Connected @ https://phbidlautdemo.prahu-hub.com/lelang/buatlelang?newbook=1:14301
[  210180ms] [LOG] Connected @ https://phbidlautdemo.prahu-hub.com/lelang/buatlelang?newbook=1:14301
[  211795ms] [LOG] Connected @ https://phbidlautdemo.prahu-hub.com/lelang/buatlelang?newbook=1:14301
[  212028ms] [LOG] notif_badge_show.916-374-846-838-926-887-886-675-937-935-914-900-876-820-796-795-783-764-704-689-688-685-642-641-640-639-638-631-628-627-626-625-624-623-622-621-613-459-366-778-485-905-836-890-713-465-862-904-909-395-754-407-133-129-537-176-398-789-869-356-158-371-291-860-481-612-731-23 @ https://phbidlautdemo.prahu-hub.com/lelang/buatlelang?newbook=1:14301
[  212032ms] [LOG] updateNotif.916-374-846-838-926-887-886-675-937-935-914-900-876-820-796-795-783-764-704-689-688-685-642-641-640-639-638-631-628-627-626-625-624-623-622-621-613-459-366-778-485-905-836-890-713-465-862-904-909-395-754-407-133-129-537-176-398-789-869-356-158-371-291-860-481-612-731-23 @ https://phbidlautdemo.prahu-hub.com/lelang/buatlelang?newbook=1:14301
[  212238ms] [LOG] Connected @ https://phbidlautdemo.prahu-hub.com/lelang/buatlelang?newbook=1:14301
[  214008ms] [LOG] Connected @ https://phbidlautdemo.prahu-hub.com/lelang/buatlelang?newbook=1:14301
[  214342ms] [LOG] Connected @ https://phbidlautdemo.prahu-hub.com/lelang/buatlelang?newbook=1:14301
[  215984ms] [LOG] Connected @ https://phbidlautdemo.prahu-hub.com/lelang/buatlelang?newbook=1:14301
[  217405ms] [LOG] Connected @ https://phbidlautdemo.prahu-hub.com/lelang/buatlelang?newbook=1:14301
[  219159ms] [LOG] Connected @ https://phbidlautdemo.prahu-hub.com/lelang/buatlelang?newbook=1:14301
[  220008ms] [LOG] Connected @ https://phbidlautdemo.prahu-hub.com/lelang/buatlelang?newbook=1:14301
[  220941ms] [LOG] Connected @ https://phbidlautdemo.prahu-hub.com/lelang/buatlelang?newbook=1:14301
[  222898ms] [LOG] Connected @ https://phbidlautdemo.prahu-hub.com/lelang/buatlelang?newbook=1:14301
[  223595ms] [LOG] Connected @ https://phbidlautdemo.prahu-hub.com/lelang/buatlelang?newbook=1:14301
[  223776ms] [LOG] Connected @ https://phbidlautdemo.prahu-hub.com/lelang/buatlelang?newbook=1:14301
[  224673ms] [LOG] Connected @ https://phbidlautdemo.prahu-hub.com/lelang/buatlelang?newbook=1:14301
[  225549ms] [LOG] Connected @ https://phbidlautdemo.prahu-hub.com/lelang/buatlelang?newbook=1:14301
[  227414ms] [LOG] Connected @ https://phbidlautdemo.prahu-hub.com/lelang/buatlelang?newbook=1:14301
[  231368ms] [LOG] Connected @ https://phbidlautdemo.prahu-hub.com/lelang/buatlelang?newbook=1:14301
[  232358ms] [LOG] Connected @ https://phbidlautdemo.prahu-hub.com/lelang/buatlelang?newbook=1:14301
[  234486ms] [LOG] Connected @ https://phbidlautdemo.prahu-hub.com/lelang/buatlelang?newbook=1:14301
[  234598ms] [LOG] Connected @ https://phbidlautdemo.prahu-hub.com/lelang/buatlelang?newbook=1:14301
[  235634ms] [LOG] Connected @ https://phbidlautdemo.prahu-hub.com/lelang/buatlelang?newbook=1:14301
[  236616ms] [LOG] Connected @ https://phbidlautdemo.prahu-hub.com/lelang/buatlelang?newbook=1:14301
[  238795ms] [LOG] Connected @ https://phbidlautdemo.prahu-hub.com/lelang/buatlelang?newbook=1:14301
[  239340ms] [LOG] Connected @ https://phbidlautdemo.prahu-hub.com/lelang/buatlelang?newbook=1:14301
[  240781ms] [LOG] Connected @ https://phbidlautdemo.prahu-hub.com/lelang/buatlelang?newbook=1:14301
[  242695ms] [LOG] Connected @ https://phbidlautdemo.prahu-hub.com/lelang/buatlelang?newbook=1:14301
[  243002ms] [LOG] Connected @ https://phbidlautdemo.prahu-hub.com/lelang/buatlelang?newbook=1:14301
[  245132ms] [LOG] Connected @ https://phbidlautdemo.prahu-hub.com/lelang/buatlelang?newbook=1:14301
[  246625ms] [LOG] Connected @ https://phbidlautdemo.prahu-hub.com/lelang/buatlelang?newbook=1:14301
[  247974ms] [LOG] Connected @ https://phbidlautdemo.prahu-hub.com/lelang/buatlelang?newbook=1:14301
[  249916ms] [LOG] Connected @ https://phbidlautdemo.prahu-hub.com/lelang/buatlelang?newbook=1:14301
[  250363ms] [LOG] Connected @ https://phbidlautdemo.prahu-hub.com/lelang/buatlelang?newbook=1:14301
[  251907ms] [LOG] Connected @ https://phbidlautdemo.prahu-hub.com/lelang/buatlelang?newbook=1:14301
[  253075ms] [LOG] Connected @ https://phbidlautdemo.prahu-hub.com/lelang/buatlelang?newbook=1:14301
[  253882ms] [LOG] Connected @ https://phbidlautdemo.prahu-hub.com/lelang/buatlelang?newbook=1:14301
[  254325ms] [LOG] Connected @ https://phbidlautdemo.prahu-hub.com/lelang/buatlelang?newbook=1:14301
[  255046ms] [LOG] Connected @ https://phbidlautdemo.prahu-hub.com/lelang/buatlelang?newbook=1:14301
[  256056ms] [LOG] Connected @ https://phbidlautdemo.prahu-hub.com/lelang/buatlelang?newbook=1:14301
[  258488ms] [LOG] Connected @ https://phbidlautdemo.prahu-hub.com/lelang/buatlelang?newbook=1:14301
[  259085ms] [LOG] Connected @ https://phbidlautdemo.prahu-hub.com/lelang/buatlelang?newbook=1:14301
[  260497ms] [LOG] Connected @ https://phbidlautdemo.prahu-hub.com/lelang/buatlelang?newbook=1:14301
[  262272ms] [LOG] Connected @ https://phbidlautdemo.prahu-hub.com/lelang/buatlelang?newbook=1:14301
[  263211ms] [LOG] Connected @ https://phbidlautdemo.prahu-hub.com/lelang/buatlelang?newbook=1:14301
[  263987ms] [LOG] Connected @ https://phbidlautdemo.prahu-hub.com/lelang/buatlelang?newbook=1:14301
[  265516ms] [LOG] Connected @ https://phbidlautdemo.prahu-hub.com/lelang/buatlelang?newbook=1:14301
[  265650ms] [LOG] Connected @ https://phbidlautdemo.prahu-hub.com/lelang/buatlelang?newbook=1:14301
[  267298ms] [LOG] Connected @ https://phbidlautdemo.prahu-hub.com/lelang/buatlelang?newbook=1:14301
[  267399ms] [LOG] Connected @ https://phbidlautdemo.prahu-hub.com/lelang/buatlelang?newbook=1:14301
[  269154ms] [LOG] Connected @ https://phbidlautdemo.prahu-hub.com/lelang/buatlelang?newbook=1:14301
[  270118ms] [LOG] Connected @ https://phbidlautdemo.prahu-hub.com/lelang/buatlelang?newbook=1:14301
[  271161ms] [LOG] Connected @ https://phbidlautdemo.prahu-hub.com/lelang/buatlelang?newbook=1:14301
[  273197ms] [LOG] Connected @ https://phbidlautdemo.prahu-hub.com/lelang/buatlelang?newbook=1:14301
[  274994ms] [LOG] Connected @ https://phbidlautdemo.prahu-hub.com/lelang/buatlelang?newbook=1:14301
[  278874ms] [LOG] Connected @ https://phbidlautdemo.prahu-hub.com/lelang/buatlelang?newbook=1:14301
[  282728ms] [LOG] Connected @ https://phbidlautdemo.prahu-hub.com/lelang/buatlelang?newbook=1:14301
[  286803ms] [LOG] Connected @ https://phbidlautdemo.prahu-hub.com/lelang/buatlelang?newbook=1:14301
[  290568ms] [LOG] Connected @ https://phbidlautdemo.prahu-hub.com/lelang/buatlelang?newbook=1:14301
[  294895ms] [LOG] Connected @ https://phbidlautdemo.prahu-hub.com/lelang/buatlelang?newbook=1:14301
[  298799ms] [LOG] Connected @ https://phbidlautdemo.prahu-hub.com/lelang/buatlelang?newbook=1:14301
[  302623ms] [LOG] Connected @ https://phbidlautdemo.prahu-hub.com/lelang/buatlelang?newbook=1:14301
[  306271ms] [LOG] Connected @ https://phbidlautdemo.prahu-hub.com/lelang/buatlelang?newbook=1:14301
[  308765ms] [LOG] Connected @ https://phbidlautdemo.prahu-hub.com/lelang/buatlelang?newbook=1:14301
[  310145ms] [LOG] Connected @ https://phbidlautdemo.prahu-hub.com/lelang/buatlelang?newbook=1:14301
[  314908ms] [LOG] Connected @ https://phbidlautdemo.prahu-hub.com/lelang/buatlelang?newbook=1:14301
[  315057ms] [LOG] Connected @ https://phbidlautdemo.prahu-hub.com/lelang/buatlelang?newbook=1:14301
[  318992ms] [LOG] Connected @ https://phbidlautdemo.prahu-hub.com/lelang/buatlelang?newbook=1:14301
[  322762ms] [LOG] Connected @ https://phbidlautdemo.prahu-hub.com/lelang/buatlelang?newbook=1:14301
[  322898ms] [LOG] Connected @ https://phbidlautdemo.prahu-hub.com/lelang/buatlelang?newbook=1:14301
[  326839ms] [LOG] Connected @ https://phbidlautdemo.prahu-hub.com/lelang/buatlelang?newbook=1:14301
[  330363ms] [LOG] Connected @ https://phbidlautdemo.prahu-hub.com/lelang/buatlelang?newbook=1:14301
[  330947ms] [LOG] Connected @ https://phbidlautdemo.prahu-hub.com/lelang/buatlelang?newbook=1:14301
[  332828ms] [LOG] Connected @ https://phbidlautdemo.prahu-hub.com/lelang/buatlelang?newbook=1:14301
[  333522ms] [LOG] Connected @ https://phbidlautdemo.prahu-hub.com/lelang/buatlelang?newbook=1:14301
[  334357ms] [LOG] Connected @ https://phbidlautdemo.prahu-hub.com/lelang/buatlelang?newbook=1:14301
[  334580ms] [LOG] Connected @ https://phbidlautdemo.prahu-hub.com/lelang/buatlelang?newbook=1:14301
[  338560ms] [LOG] Connected @ https://phbidlautdemo.prahu-hub.com/lelang/buatlelang?newbook=1:14301
[  342778ms] [LOG] Connected @ https://phbidlautdemo.prahu-hub.com/lelang/buatlelang?newbook=1:14301
[  343103ms] [LOG] Connected @ https://phbidlautdemo.prahu-hub.com/lelang/buatlelang?newbook=1:14301
[  352911ms] [LOG] Connected @ https://phbidlautdemo.prahu-hub.com/lelang/buatlelang?newbook=1:14301
[  353549ms] [LOG] Connected @ https://phbidlautdemo.prahu-hub.com/lelang/buatlelang?newbook=1:14301
[  362888ms] [LOG] Connected @ https://phbidlautdemo.prahu-hub.com/lelang/buatlelang?newbook=1:14301
[  364476ms] [LOG] Connected @ https://phbidlautdemo.prahu-hub.com/lelang/buatlelang?newbook=1:14301
[  366714ms] [LOG] Connected @ https://phbidlautdemo.prahu-hub.com/lelang/buatlelang?newbook=1:14301
[  371167ms] [LOG] Connected @ https://phbidlautdemo.prahu-hub.com/lelang/buatlelang?newbook=1:14301
[  374917ms] [LOG] Connected @ https://phbidlautdemo.prahu-hub.com/lelang/buatlelang?newbook=1:14301
[  375751ms] [LOG] Connected @ https://phbidlautdemo.prahu-hub.com/lelang/buatlelang?newbook=1:14301
[  380161ms] [LOG] Connected @ https://phbidlautdemo.prahu-hub.com/lelang/buatlelang?newbook=1:14301
[  383284ms] [LOG] Connected @ https://phbidlautdemo.prahu-hub.com/lelang/buatlelang?newbook=1:14301
[  383637ms] [LOG] Connected @ https://phbidlautdemo.prahu-hub.com/lelang/buatlelang?newbook=1:14301
[  387889ms] [LOG] Connected @ https://phbidlautdemo.prahu-hub.com/lelang/buatlelang?newbook=1:14301
