[    1410ms] Cannot use import statement outside a module
[    1422ms] ReferenceError: Chart is not defined
    at https://phbidlautdemo.prahu-hub.com/_resources/themes/prahutheme/js/scripts-init/charts/chartjs.js:8:13
[    1632ms] Unexpected token '<'
[    1633ms] Unexpected token '<'
[    1704ms] Uncaught TypeError: expect element to be DOM Element, but got null
    at n.init (https://cdnjs.cloudflare.com/ajax/libs/smooth-scrollbar/8.5.2/smooth-scrollbar.js:24:264)
    at <anonymous> (https://phbidlautdemo.prahu-hub.com/order/orderlist:8239:14)
[    1729ms] [LOG] 1 @ https://phbidlautdemo.prahu-hub.com/_resources/themes/prahutheme/javascript/custom/orderList.js?m=1788319233:939
[    1729ms] [LOG] 20 @ https://phbidlautdemo.prahu-hub.com/_resources/themes/prahutheme/javascript/custom/orderList.js?m=1788319233:940
[    1736ms] [LOG] Daftar Ordernamanya @ https://phbidlautdemo.prahu-hub.com/order/orderlist:2308
[    1759ms] [LOG] Masukkan ID Order @ https://phbidlautdemo.prahu-hub.com/order/orderlist:8592
[    1759ms] [LOG] undefined @ https://phbidlautdemo.prahu-hub.com/order/orderlist:8592
[    1759ms] [LOG] Masukkan Nomor Lelang @ https://phbidlautdemo.prahu-hub.com/order/orderlist:8592
[    1760ms] [LOG] DD/MM/YYYY - DD/MM/YYYY @ https://phbidlautdemo.prahu-hub.com/order/orderlist:8592
[    1760ms] [LOG] Masukkan No. Kontainer @ https://phbidlautdemo.prahu-hub.com/order/orderlist:8592
[    1760ms] [LOG] DD/MM/YYYY - DD/MM/YYYY @ https://phbidlautdemo.prahu-hub.com/order/orderlist:8592
[    1760ms] [LOG] DD/MM/YYYY -  DD/MM/YYYY @ https://phbidlautdemo.prahu-hub.com/order/orderlist:8592
[    1760ms] [LOG] Search... @ https://phbidlautdemo.prahu-hub.com/order/orderlist:8592
[    1760ms] [LOG] Search... @ https://phbidlautdemo.prahu-hub.com/order/orderlist:8592
[    1760ms] [LOG] undefined @ https://phbidlautdemo.prahu-hub.com/order/orderlist:8592
[    1760ms] [LOG] Masukkan Nama Kapal @ https://phbidlautdemo.prahu-hub.com/order/orderlist:8592
[    1760ms] [LOG] DD/MM/YYYY @ https://phbidlautdemo.prahu-hub.com/order/orderlist:8592
[    1760ms] [LOG] Masukkan Jumlah @ https://phbidlautdemo.prahu-hub.com/order/orderlist:8592
[    1760ms] [LOG] Masukkan Nama Penerima Barang @ https://phbidlautdemo.prahu-hub.com/order/orderlist:8592
[    1760ms] [LOG] Search... @ https://phbidlautdemo.prahu-hub.com/order/orderlist:8592
[    1760ms] [LOG] Masukkan Nomor Referensi @ https://phbidlautdemo.prahu-hub.com/order/orderlist:8592
[    1761ms] [LOG] undefined @ https://phbidlautdemo.prahu-hub.com/order/orderlist:8592
[    1761ms] [LOG] Masukkan Harga Baru @ https://phbidlautdemo.prahu-hub.com/order/orderlist:8592
[    1761ms] [LOG] undefined @ https://phbidlautdemo.prahu-hub.com/order/orderlist:8592
[    1762ms] [LOG] WebSocket connection @ https://phbidlautdemo.prahu-hub.com/order/orderlist:8635
[    1762ms] [LOG] WebSocket connection attempting... @ https://phbidlautdemo.prahu-hub.com/order/orderlist:8713
[    1875ms] [LOG] WebSocket connected @ https://phbidlautdemo.prahu-hub.com/order/orderlist:8644
[    1880ms] [LOG] update_dashboard_order_laut @ https://phbidlautdemo.prahu-hub.com/order/orderlist:8685
[    1903ms] [LOG] Connected @ https://phbidlautdemo.prahu-hub.com/order/orderlist:8685
[    3755ms] TypeError: $(...).DataTable is not a function
    at https://phbidlautdemo.prahu-hub.com/_resources/themes/prahutheme/js/scripts-init/tables.js:7:23
[    4416ms] [LOG] datanya20 @ https://phbidlautdemo.prahu-hub.com/_resources/themes/prahutheme/javascript/custom/orderList.js?m=1788319233:986
[    4417ms] [LOG] [Object, Object, Object, Object, Object, Object, Object, Object, Object, Object, Object, Object, Object, Object, Object, Object, Object, Object, Object, Object] @ https://phbidlautdemo.prahu-hub.com/_resources/themes/prahutheme/javascript/custom/orderList.js?m=1788319233:421
[    4418ms] [LOG] {ID: 1465, status_order: KONFIRMASI_UNIT, JadwalID: 1870, ID_Order: 20260904-06501, dari_api: null} @ https://phbidlautdemo.prahu-hub.com/_resources/themes/prahutheme/javascript/custom/orderList.js?m=1788319233:427
[    4418ms] [LOG] [Manujo] penerima @ https://phbidlautdemo.prahu-hub.com/_resources/themes/prahutheme/javascript/custom/orderList.js?m=1788319233:648
[    4418ms] [LOG] {ID: 1464, status_order: PACKING_LIST, JadwalID: 1891, ID_Order: 20260829-06504, dari_api: null} @ https://phbidlautdemo.prahu-hub.com/_resources/themes/prahutheme/javascript/custom/orderList.js?m=1788319233:427
[    4418ms] [LOG] [Manujo] penerima @ https://phbidlautdemo.prahu-hub.com/_resources/themes/prahutheme/javascript/custom/orderList.js?m=1788319233:648
[    4418ms] [LOG] {ID: 1463, status_order: PENDING, JadwalID: 1868, ID_Order: 20260829-02603, dari_api: null} @ https://phbidlautdemo.prahu-hub.com/_resources/themes/prahutheme/javascript/custom/orderList.js?m=1788319233:427
[    4419ms] [LOG] [Suyanto] penerima @ https://phbidlautdemo.prahu-hub.com/_resources/themes/prahutheme/javascript/custom/orderList.js?m=1788319233:648
[    4419ms] [LOG] {ID: 1462, status_order: PENDING, JadwalID: 1863, ID_Order: 20260829-02602, dari_api: null} @ https://phbidlautdemo.prahu-hub.com/_resources/themes/prahutheme/javascript/custom/orderList.js?m=1788319233:427
[    4419ms] [LOG] [Pras Tujuan] penerima @ https://phbidlautdemo.prahu-hub.com/_resources/themes/prahutheme/javascript/custom/orderList.js?m=1788319233:648
[    4419ms] [LOG] {ID: 1461, status_order: CANCEL, JadwalID: 1869, ID_Order: 20260829-06501, dari_api: null} @ https://phbidlautdemo.prahu-hub.com/_resources/themes/prahutheme/javascript/custom/orderList.js?m=1788319233:427
[    4419ms] [LOG] [Manujo] penerima @ https://phbidlautdemo.prahu-hub.com/_resources/themes/prahutheme/javascript/custom/orderList.js?m=1788319233:648
[    4419ms] [LOG] {ID: 1460, status_order: KONFIRMASI_UNIT, JadwalID: 1862, ID_Order: 20260828-06506, dari_api: null} @ https://phbidlautdemo.prahu-hub.com/_resources/themes/prahutheme/javascript/custom/orderList.js?m=1788319233:427
[    4419ms] [LOG] [Manujo] penerima @ https://phbidlautdemo.prahu-hub.com/_resources/themes/prahutheme/javascript/custom/orderList.js?m=1788319233:648
[    4420ms] [LOG] {ID: 1459, status_order: CANCEL, JadwalID: 1846, ID_Order: 20260828-06505, dari_api: null} @ https://phbidlautdemo.prahu-hub.com/_resources/themes/prahutheme/javascript/custom/orderList.js?m=1788319233:427
[    4420ms] [LOG] [Manujo] penerima @ https://phbidlautdemo.prahu-hub.com/_resources/themes/prahutheme/javascript/custom/orderList.js?m=1788319233:648
[    4420ms] [LOG] {ID: 1458, status_order: DONE, JadwalID: 1846, ID_Order: 20260828-06504, dari_api: null} @ https://phbidlautdemo.prahu-hub.com/_resources/themes/prahutheme/javascript/custom/orderList.js?m=1788319233:427
[    4420ms] [LOG] [Manujo] penerima @ https://phbidlautdemo.prahu-hub.com/_resources/themes/prahutheme/javascript/custom/orderList.js?m=1788319233:648
[    4420ms] [LOG] {ID: 1457, status_order: PACKING_LIST, JadwalID: 1848, ID_Order: 20260828-08503, dari_api: null} @ https://phbidlautdemo.prahu-hub.com/_resources/themes/prahutheme/javascript/custom/orderList.js?m=1788319233:427
[    4421ms] [LOG] [050505500] penerima @ https://phbidlautdemo.prahu-hub.com/_resources/themes/prahutheme/javascript/custom/orderList.js?m=1788319233:648
[    4421ms] [LOG] {ID: 1456, status_order: DONE, JadwalID: 1853, ID_Order: 20260828-02602, dari_api: null} @ https://phbidlautdemo.prahu-hub.com/_resources/themes/prahutheme/javascript/custom/orderList.js?m=1788319233:427
[    4421ms] [LOG] [Pras Tujuan] penerima @ https://phbidlautdemo.prahu-hub.com/_resources/themes/prahutheme/javascript/custom/orderList.js?m=1788319233:648
[    4421ms] [LOG] {ID: 1455, status_order: DONE, JadwalID: 1848, ID_Order: 20260828-08501, dari_api: null} @ https://phbidlautdemo.prahu-hub.com/_resources/themes/prahutheme/javascript/custom/orderList.js?m=1788319233:427
[    4421ms] [LOG] [050505500] penerima @ https://phbidlautdemo.prahu-hub.com/_resources/themes/prahutheme/javascript/custom/orderList.js?m=1788319233:648
[    4422ms] [LOG] {ID: 1454, status_order: SHIPPER_VALIDATED, JadwalID: 1846, ID_Order: 20260827-06503, dari_api: null} @ https://phbidlautdemo.prahu-hub.com/_resources/themes/prahutheme/javascript/custom/orderList.js?m=1788319233:427
[    4422ms] [LOG] [Manujo] penerima @ https://phbidlautdemo.prahu-hub.com/_resources/themes/prahutheme/javascript/custom/orderList.js?m=1788319233:648
[    4422ms] [LOG] {ID: 1453, status_order: DONE, JadwalID: 1846, ID_Order: 20260827-06502, dari_api: null} @ https://phbidlautdemo.prahu-hub.com/_resources/themes/prahutheme/javascript/custom/orderList.js?m=1788319233:427
[    4422ms] [LOG] [Manujo] penerima @ https://phbidlautdemo.prahu-hub.com/_resources/themes/prahutheme/javascript/custom/orderList.js?m=1788319233:648
[    4422ms] [LOG] {ID: 1452, status_order: DONE, JadwalID: 1844, ID_Order: 20260827-06501, dari_api: null} @ https://phbidlautdemo.prahu-hub.com/_resources/themes/prahutheme/javascript/custom/orderList.js?m=1788319233:427
[    4422ms] [LOG] [Ik Bitung] penerima @ https://phbidlautdemo.prahu-hub.com/_resources/themes/prahutheme/javascript/custom/orderList.js?m=1788319233:648
[    4423ms] [LOG] {ID: 1451, status_order: DONE, JadwalID: 1845, ID_Order: 20260826-06507, dari_api: null} @ https://phbidlautdemo.prahu-hub.com/_resources/themes/prahutheme/javascript/custom/orderList.js?m=1788319233:427
[    4423ms] [LOG] [Ik Bitung] penerima @ https://phbidlautdemo.prahu-hub.com/_resources/themes/prahutheme/javascript/custom/orderList.js?m=1788319233:648
[    4423ms] [LOG] {ID: 1450, status_order: PENDING, JadwalID: 1844, ID_Order: 20260826-06506, dari_api: null} @ https://phbidlautdemo.prahu-hub.com/_resources/themes/prahutheme/javascript/custom/orderList.js?m=1788319233:427
[    4424ms] [LOG] [Ik Bitung] penerima @ https://phbidlautdemo.prahu-hub.com/_resources/themes/prahutheme/javascript/custom/orderList.js?m=1788319233:648
[    4424ms] [LOG] {ID: 1449, status_order: DONE, JadwalID: 1839, ID_Order: 20260826-06505, dari_api: null} @ https://phbidlautdemo.prahu-hub.com/_resources/themes/prahutheme/javascript/custom/orderList.js?m=1788319233:427
[    4424ms] [LOG] [Ik Bitung] penerima @ https://phbidlautdemo.prahu-hub.com/_resources/themes/prahutheme/javascript/custom/orderList.js?m=1788319233:648
[    4425ms] [LOG] {ID: 1448, status_order: DONE, JadwalID: 1851, ID_Order: 20260826-06504, dari_api: null} @ https://phbidlautdemo.prahu-hub.com/_resources/themes/prahutheme/javascript/custom/orderList.js?m=1788319233:427
[    4425ms] [LOG] [Ik Bitung] penerima @ https://phbidlautdemo.prahu-hub.com/_resources/themes/prahutheme/javascript/custom/orderList.js?m=1788319233:648
[    4425ms] [LOG] {ID: 1447, status_order: DONE, JadwalID: 1839, ID_Order: 20260826-06503, dari_api: null} @ https://phbidlautdemo.prahu-hub.com/_resources/themes/prahutheme/javascript/custom/orderList.js?m=1788319233:427
[    4426ms] [LOG] [Ik Bitung] penerima @ https://phbidlautdemo.prahu-hub.com/_resources/themes/prahutheme/javascript/custom/orderList.js?m=1788319233:648
[    4426ms] [LOG] {ID: 1446, status_order: DONE, JadwalID: 1839, ID_Order: 20260826-06502, dari_api: null} @ https://phbidlautdemo.prahu-hub.com/_resources/themes/prahutheme/javascript/custom/orderList.js?m=1788319233:427
[    4427ms] [LOG] [Ik Bitung] penerima @ https://phbidlautdemo.prahu-hub.com/_resources/themes/prahutheme/javascript/custom/orderList.js?m=1788319233:648
[    4441ms] [LOG] [Object, Object, Object, Object, Object, Object, Object, Object, Object, Object, Object, Object, Object, Object, Object, Object, Object, Object, Object, Object] @ https://phbidlautdemo.prahu-hub.com/_resources/themes/prahutheme/javascript/custom/orderList.js?m=1788319233:40
[    4442ms] [LOG] {ID: 1465, status_order: KONFIRMASI_UNIT, JadwalID: 1870, ID_Order: 20260904-06501, dari_api: null} @ https://phbidlautdemo.prahu-hub.com/_resources/themes/prahutheme/javascript/custom/orderList.js?m=1788319233:46
[    4443ms] [LOG] [Manujo] penerima @ https://phbidlautdemo.prahu-hub.com/_resources/themes/prahutheme/javascript/custom/orderList.js?m=1788319233:261
[    4443ms] [LOG] {ID: 1464, status_order: PACKING_LIST, JadwalID: 1891, ID_Order: 20260829-06504, dari_api: null} @ https://phbidlautdemo.prahu-hub.com/_resources/themes/prahutheme/javascript/custom/orderList.js?m=1788319233:46
[    4443ms] [LOG] [Manujo] penerima @ https://phbidlautdemo.prahu-hub.com/_resources/themes/prahutheme/javascript/custom/orderList.js?m=1788319233:261
[    4444ms] [LOG] {ID: 1463, status_order: PENDING, JadwalID: 1868, ID_Order: 20260829-02603, dari_api: null} @ https://phbidlautdemo.prahu-hub.com/_resources/themes/prahutheme/javascript/custom/orderList.js?m=1788319233:46
[    4444ms] [LOG] [Suyanto] penerima @ https://phbidlautdemo.prahu-hub.com/_resources/themes/prahutheme/javascript/custom/orderList.js?m=1788319233:261
[    4444ms] [LOG] {ID: 1462, status_order: PENDING, JadwalID: 1863, ID_Order: 20260829-02602, dari_api: null} @ https://phbidlautdemo.prahu-hub.com/_resources/themes/prahutheme/javascript/custom/orderList.js?m=1788319233:46
[    4444ms] [LOG] [Pras Tujuan] penerima @ https://phbidlautdemo.prahu-hub.com/_resources/themes/prahutheme/javascript/custom/orderList.js?m=1788319233:261
[    4445ms] [LOG] {ID: 1461, status_order: CANCEL, JadwalID: 1869, ID_Order: 20260829-06501, dari_api: null} @ https://phbidlautdemo.prahu-hub.com/_resources/themes/prahutheme/javascript/custom/orderList.js?m=1788319233:46
[    4445ms] [LOG] [Manujo] penerima @ https://phbidlautdemo.prahu-hub.com/_resources/themes/prahutheme/javascript/custom/orderList.js?m=1788319233:261
[    4445ms] [LOG] {ID: 1460, status_order: KONFIRMASI_UNIT, JadwalID: 1862, ID_Order: 20260828-06506, dari_api: null} @ https://phbidlautdemo.prahu-hub.com/_resources/themes/prahutheme/javascript/custom/orderList.js?m=1788319233:46
[    4445ms] [LOG] [Manujo] penerima @ https://phbidlautdemo.prahu-hub.com/_resources/themes/prahutheme/javascript/custom/orderList.js?m=1788319233:261
[    4445ms] [LOG] {ID: 1459, status_order: CANCEL, JadwalID: 1846, ID_Order: 20260828-06505, dari_api: null} @ https://phbidlautdemo.prahu-hub.com/_resources/themes/prahutheme/javascript/custom/orderList.js?m=1788319233:46
[    4446ms] [LOG] [Manujo] penerima @ https://phbidlautdemo.prahu-hub.com/_resources/themes/prahutheme/javascript/custom/orderList.js?m=1788319233:261
[    4446ms] [LOG] {ID: 1458, status_order: DONE, JadwalID: 1846, ID_Order: 20260828-06504, dari_api: null} @ https://phbidlautdemo.prahu-hub.com/_resources/themes/prahutheme/javascript/custom/orderList.js?m=1788319233:46
[    4446ms] [LOG] [Manujo] penerima @ https://phbidlautdemo.prahu-hub.com/_resources/themes/prahutheme/javascript/custom/orderList.js?m=1788319233:261
[    4446ms] [LOG] {ID: 1457, status_order: PACKING_LIST, JadwalID: 1848, ID_Order: 20260828-08503, dari_api: null} @ https://phbidlautdemo.prahu-hub.com/_resources/themes/prahutheme/javascript/custom/orderList.js?m=1788319233:46
[    4446ms] [LOG] [050505500] penerima @ https://phbidlautdemo.prahu-hub.com/_resources/themes/prahutheme/javascript/custom/orderList.js?m=1788319233:261
[    4447ms] [LOG] {ID: 1456, status_order: DONE, JadwalID: 1853, ID_Order: 20260828-02602, dari_api: null} @ https://phbidlautdemo.prahu-hub.com/_resources/themes/prahutheme/javascript/custom/orderList.js?m=1788319233:46
[    4447ms] [LOG] [Pras Tujuan] penerima @ https://phbidlautdemo.prahu-hub.com/_resources/themes/prahutheme/javascript/custom/orderList.js?m=1788319233:261
[    4447ms] [LOG] {ID: 1455, status_order: DONE, JadwalID: 1848, ID_Order: 20260828-08501, dari_api: null} @ https://phbidlautdemo.prahu-hub.com/_resources/themes/prahutheme/javascript/custom/orderList.js?m=1788319233:46
[    4447ms] [LOG] [050505500] penerima @ https://phbidlautdemo.prahu-hub.com/_resources/themes/prahutheme/javascript/custom/orderList.js?m=1788319233:261
[    4447ms] [LOG] {ID: 1454, status_order: SHIPPER_VALIDATED, JadwalID: 1846, ID_Order: 20260827-06503, dari_api: null} @ https://phbidlautdemo.prahu-hub.com/_resources/themes/prahutheme/javascript/custom/orderList.js?m=1788319233:46
[    4447ms] [LOG] [Manujo] penerima @ https://phbidlautdemo.prahu-hub.com/_resources/themes/prahutheme/javascript/custom/orderList.js?m=1788319233:261
[    4447ms] [LOG] {ID: 1453, status_order: DONE, JadwalID: 1846, ID_Order: 20260827-06502, dari_api: null} @ https://phbidlautdemo.prahu-hub.com/_resources/themes/prahutheme/javascript/custom/orderList.js?m=1788319233:46
[    4448ms] [LOG] [Manujo] penerima @ https://phbidlautdemo.prahu-hub.com/_resources/themes/prahutheme/javascript/custom/orderList.js?m=1788319233:261
[    4448ms] [LOG] {ID: 1452, status_order: DONE, JadwalID: 1844, ID_Order: 20260827-06501, dari_api: null} @ https://phbidlautdemo.prahu-hub.com/_resources/themes/prahutheme/javascript/custom/orderList.js?m=1788319233:46
[    4448ms] [LOG] [Ik Bitung] penerima @ https://phbidlautdemo.prahu-hub.com/_resources/themes/prahutheme/javascript/custom/orderList.js?m=1788319233:261
[    4448ms] [LOG] {ID: 1451, status_order: DONE, JadwalID: 1845, ID_Order: 20260826-06507, dari_api: null} @ https://phbidlautdemo.prahu-hub.com/_resources/themes/prahutheme/javascript/custom/orderList.js?m=1788319233:46
[    4448ms] [LOG] [Ik Bitung] penerima @ https://phbidlautdemo.prahu-hub.com/_resources/themes/prahutheme/javascript/custom/orderList.js?m=1788319233:261
[    4448ms] [LOG] {ID: 1450, status_order: PENDING, JadwalID: 1844, ID_Order: 20260826-06506, dari_api: null} @ https://phbidlautdemo.prahu-hub.com/_resources/themes/prahutheme/javascript/custom/orderList.js?m=1788319233:46
[    4449ms] [LOG] [Ik Bitung] penerima @ https://phbidlautdemo.prahu-hub.com/_resources/themes/prahutheme/javascript/custom/orderList.js?m=1788319233:261
[    4449ms] [LOG] {ID: 1449, status_order: DONE, JadwalID: 1839, ID_Order: 20260826-06505, dari_api: null} @ https://phbidlautdemo.prahu-hub.com/_resources/themes/prahutheme/javascript/custom/orderList.js?m=1788319233:46
[    4449ms] [LOG] [Ik Bitung] penerima @ https://phbidlautdemo.prahu-hub.com/_resources/themes/prahutheme/javascript/custom/orderList.js?m=1788319233:261
[    4449ms] [LOG] {ID: 1448, status_order: DONE, JadwalID: 1851, ID_Order: 20260826-06504, dari_api: null} @ https://phbidlautdemo.prahu-hub.com/_resources/themes/prahutheme/javascript/custom/orderList.js?m=1788319233:46
[    4449ms] [LOG] [Ik Bitung] penerima @ https://phbidlautdemo.prahu-hub.com/_resources/themes/prahutheme/javascript/custom/orderList.js?m=1788319233:261
[    4449ms] [LOG] {ID: 1447, status_order: DONE, JadwalID: 1839, ID_Order: 20260826-06503, dari_api: null} @ https://phbidlautdemo.prahu-hub.com/_resources/themes/prahutheme/javascript/custom/orderList.js?m=1788319233:46
[    4450ms] [LOG] [Ik Bitung] penerima @ https://phbidlautdemo.prahu-hub.com/_resources/themes/prahutheme/javascript/custom/orderList.js?m=1788319233:261
[    4450ms] [LOG] {ID: 1446, status_order: DONE, JadwalID: 1839, ID_Order: 20260826-06502, dari_api: null} @ https://phbidlautdemo.prahu-hub.com/_resources/themes/prahutheme/javascript/custom/orderList.js?m=1788319233:46
[    4450ms] [LOG] [Ik Bitung] penerima @ https://phbidlautdemo.prahu-hub.com/_resources/themes/prahutheme/javascript/custom/orderList.js?m=1788319233:261
[    4466ms] [LOG] 1453 @ https://phbidlautdemo.prahu-hub.com/_resources/themes/prahutheme/javascript/custom/orderList.js?m=1788319233:916
[    4466ms] [LOG] 1453 countView1 1 pageNow 20 limitView1 @ https://phbidlautdemo.prahu-hub.com/_resources/themes/prahutheme/javascript/custom/orderList.js?m=1788319233:918
[    4466ms] [LOG] 20 @ https://phbidlautdemo.prahu-hub.com/_resources/themes/prahutheme/javascript/custom/orderList.js?m=1788319233:924
[    4466ms] [LOG] 1453 jumlah data @ https://phbidlautdemo.prahu-hub.com/_resources/themes/prahutheme/javascript/custom/orderList.js?m=1788319233:879
[    4466ms] [LOG] 73 @ https://phbidlautdemo.prahu-hub.com/_resources/themes/prahutheme/javascript/custom/orderList.js?m=1788319233:881
[    4467ms] [LOG] 73 1 pageCount & pageNow @ https://phbidlautdemo.prahu-hub.com/_resources/themes/prahutheme/javascript/custom/orderList.js?m=1788319233:810
[    4468ms] [LOG] 200 xhrglobal @ https://phbidlautdemo.prahu-hub.com/order/orderlist:8566
[    4592ms] [LOG] 200 xhrglobal @ https://phbidlautdemo.prahu-hub.com/order/orderlist:8566
[    4658ms] [LOG] 200 xhrglobal @ https://phbidlautdemo.prahu-hub.com/order/orderlist:8566
[    7873ms] [LOG] Connected @ https://phbidlautdemo.prahu-hub.com/order/orderlist:8685
[   26240ms] [LOG] Connected @ https://phbidlautdemo.prahu-hub.com/order/orderlist:8685
[   30329ms] [LOG] Connected @ https://phbidlautdemo.prahu-hub.com/order/orderlist:8685
[   38434ms] [LOG] Connected @ https://phbidlautdemo.prahu-hub.com/order/orderlist:8685
[   44070ms] [LOG] Connected @ https://phbidlautdemo.prahu-hub.com/order/orderlist:8685
[   48967ms] [LOG] Connected @ https://phbidlautdemo.prahu-hub.com/order/orderlist:8685
[   61539ms] [LOG] Connected @ https://phbidlautdemo.prahu-hub.com/order/orderlist:8685
[   68958ms] [LOG] 1453 jumlah data @ https://phbidlautdemo.prahu-hub.com/_resources/themes/prahutheme/javascript/custom/orderList.js?m=1788319233:879
[   68958ms] [LOG] 15 @ https://phbidlautdemo.prahu-hub.com/_resources/themes/prahutheme/javascript/custom/orderList.js?m=1788319233:881
[   68958ms] [LOG] 15 1 pageCount & pageNow @ https://phbidlautdemo.prahu-hub.com/_resources/themes/prahutheme/javascript/custom/orderList.js?m=1788319233:810
[   68959ms] [LOG] 1453 @ https://phbidlautdemo.prahu-hub.com/_resources/themes/prahutheme/javascript/custom/orderList.js?m=1788319233:916
[   68959ms] [LOG] 1453 countView1 1 pageNow 100 limitView1 @ https://phbidlautdemo.prahu-hub.com/_resources/themes/prahutheme/javascript/custom/orderList.js?m=1788319233:918
[   68959ms] [LOG] 100 @ https://phbidlautdemo.prahu-hub.com/_resources/themes/prahutheme/javascript/custom/orderList.js?m=1788319233:924
[   68959ms] [LOG] 1 @ https://phbidlautdemo.prahu-hub.com/_resources/themes/prahutheme/javascript/custom/orderList.js?m=1788319233:939
[   68960ms] [LOG] 100 @ https://phbidlautdemo.prahu-hub.com/_resources/themes/prahutheme/javascript/custom/orderList.js?m=1788319233:940
[   80672ms] [LOG] datanya100 @ https://phbidlautdemo.prahu-hub.com/_resources/themes/prahutheme/javascript/custom/orderList.js?m=1788319233:986
[   80672ms] [LOG] [Object, Object, Object, Object, Object, Object, Object, Object, Object, Object, Object, Object, Object, Object, Object, Object, Object, Object, Object, Object, Object, Object, Object, Object, Object, Object, Object, Object, Object, Object, Object, Object, Object, Object, Object, Object, Object, Object, Object, Object, Object, Object, Object, Object, Object, Object, Object, Object, Object, Object, Object, Object, Object, Object, Object, Object, Object, Object, Object, Object, Object, Object, Object, Object, Object, Object, Object, Object, Object, Object, Object, Object, Object, Object, Object, Object, Object, Object, Object, Object, Object, Object, Object, Object, Object, Object, Object, Object, Object, Object, Object, Object, Object, Object, Object, Object, Object, Object, Object, Object] @ https://phbidlautdemo.prahu-hub.com/_resources/themes/prahutheme/javascript/custom/orderList.js?m=1788319233:421
[   80676ms] [LOG] {ID: 1465, status_order: KONFIRMASI_UNIT, JadwalID: 1870, ID_Order: 20260904-06501, dari_api: null} @ https://phbidlautdemo.prahu-hub.com/_resources/themes/prahutheme/javascript/custom/orderList.js?m=1788319233:427
[   80676ms] [LOG] [Manujo] penerima @ https://phbidlautdemo.prahu-hub.com/_resources/themes/prahutheme/javascript/custom/orderList.js?m=1788319233:648
[   80677ms] [LOG] {ID: 1464, status_order: PACKING_LIST, JadwalID: 1891, ID_Order: 20260829-06504, dari_api: null} @ https://phbidlautdemo.prahu-hub.com/_resources/themes/prahutheme/javascript/custom/orderList.js?m=1788319233:427
[   80677ms] [LOG] [Manujo] penerima @ https://phbidlautdemo.prahu-hub.com/_resources/themes/prahutheme/javascript/custom/orderList.js?m=1788319233:648
[   80678ms] [LOG] {ID: 1463, status_order: PENDING, JadwalID: 1868, ID_Order: 20260829-02603, dari_api: null} @ https://phbidlautdemo.prahu-hub.com/_resources/themes/prahutheme/javascript/custom/orderList.js?m=1788319233:427
[   80678ms] [LOG] [Suyanto] penerima @ https://phbidlautdemo.prahu-hub.com/_resources/themes/prahutheme/javascript/custom/orderList.js?m=1788319233:648
[   80679ms] [LOG] {ID: 1462, status_order: PENDING, JadwalID: 1863, ID_Order: 20260829-02602, dari_api: null} @ https://phbidlautdemo.prahu-hub.com/_resources/themes/prahutheme/javascript/custom/orderList.js?m=1788319233:427
[   80679ms] [LOG] [Pras Tujuan] penerima @ https://phbidlautdemo.prahu-hub.com/_resources/themes/prahutheme/javascript/custom/orderList.js?m=1788319233:648
[   80679ms] [LOG] {ID: 1461, status_order: CANCEL, JadwalID: 1869, ID_Order: 20260829-06501, dari_api: null} @ https://phbidlautdemo.prahu-hub.com/_resources/themes/prahutheme/javascript/custom/orderList.js?m=1788319233:427
[   80680ms] [LOG] [Manujo] penerima @ https://phbidlautdemo.prahu-hub.com/_resources/themes/prahutheme/javascript/custom/orderList.js?m=1788319233:648
[   80680ms] [LOG] {ID: 1460, status_order: KONFIRMASI_UNIT, JadwalID: 1862, ID_Order: 20260828-06506, dari_api: null} @ https://phbidlautdemo.prahu-hub.com/_resources/themes/prahutheme/javascript/custom/orderList.js?m=1788319233:427
[   80680ms] [LOG] [Manujo] penerima @ https://phbidlautdemo.prahu-hub.com/_resources/themes/prahutheme/javascript/custom/orderList.js?m=1788319233:648
[   80681ms] [LOG] {ID: 1459, status_order: CANCEL, JadwalID: 1846, ID_Order: 20260828-06505, dari_api: null} @ https://phbidlautdemo.prahu-hub.com/_resources/themes/prahutheme/javascript/custom/orderList.js?m=1788319233:427
[   80681ms] [LOG] [Manujo] penerima @ https://phbidlautdemo.prahu-hub.com/_resources/themes/prahutheme/javascript/custom/orderList.js?m=1788319233:648
[   80682ms] [LOG] {ID: 1458, status_order: DONE, JadwalID: 1846, ID_Order: 20260828-06504, dari_api: null} @ https://phbidlautdemo.prahu-hub.com/_resources/themes/prahutheme/javascript/custom/orderList.js?m=1788319233:427
[   80682ms] [LOG] [Manujo] penerima @ https://phbidlautdemo.prahu-hub.com/_resources/themes/prahutheme/javascript/custom/orderList.js?m=1788319233:648
[   80682ms] [LOG] {ID: 1457, status_order: PACKING_LIST, JadwalID: 1848, ID_Order: 20260828-08503, dari_api: null} @ https://phbidlautdemo.prahu-hub.com/_resources/themes/prahutheme/javascript/custom/orderList.js?m=1788319233:427
[   80683ms] [LOG] [050505500] penerima @ https://phbidlautdemo.prahu-hub.com/_resources/themes/prahutheme/javascript/custom/orderList.js?m=1788319233:648
[   80683ms] [LOG] {ID: 1456, status_order: DONE, JadwalID: 1853, ID_Order: 20260828-02602, dari_api: null} @ https://phbidlautdemo.prahu-hub.com/_resources/themes/prahutheme/javascript/custom/orderList.js?m=1788319233:427
[   80683ms] [LOG] [Pras Tujuan] penerima @ https://phbidlautdemo.prahu-hub.com/_resources/themes/prahutheme/javascript/custom/orderList.js?m=1788319233:648
[   80684ms] [LOG] {ID: 1455, status_order: DONE, JadwalID: 1848, ID_Order: 20260828-08501, dari_api: null} @ https://phbidlautdemo.prahu-hub.com/_resources/themes/prahutheme/javascript/custom/orderList.js?m=1788319233:427
[   80684ms] [LOG] [050505500] penerima @ https://phbidlautdemo.prahu-hub.com/_resources/themes/prahutheme/javascript/custom/orderList.js?m=1788319233:648
[   80684ms] [LOG] {ID: 1454, status_order: SHIPPER_VALIDATED, JadwalID: 1846, ID_Order: 20260827-06503, dari_api: null} @ https://phbidlautdemo.prahu-hub.com/_resources/themes/prahutheme/javascript/custom/orderList.js?m=1788319233:427
[   80685ms] [LOG] [Manujo] penerima @ https://phbidlautdemo.prahu-hub.com/_resources/themes/prahutheme/javascript/custom/orderList.js?m=1788319233:648
[   80685ms] [LOG] {ID: 1453, status_order: DONE, JadwalID: 1846, ID_Order: 20260827-06502, dari_api: null} @ https://phbidlautdemo.prahu-hub.com/_resources/themes/prahutheme/javascript/custom/orderList.js?m=1788319233:427
[   80686ms] [LOG] [Manujo] penerima @ https://phbidlautdemo.prahu-hub.com/_resources/themes/prahutheme/javascript/custom/orderList.js?m=1788319233:648
[   80686ms] [LOG] {ID: 1452, status_order: DONE, JadwalID: 1844, ID_Order: 20260827-06501, dari_api: null} @ https://phbidlautdemo.prahu-hub.com/_resources/themes/prahutheme/javascript/custom/orderList.js?m=1788319233:427
[   80686ms] [LOG] [Ik Bitung] penerima @ https://phbidlautdemo.prahu-hub.com/_resources/themes/prahutheme/javascript/custom/orderList.js?m=1788319233:648
[   80687ms] [LOG] {ID: 1451, status_order: DONE, JadwalID: 1845, ID_Order: 20260826-06507, dari_api: null} @ https://phbidlautdemo.prahu-hub.com/_resources/themes/prahutheme/javascript/custom/orderList.js?m=1788319233:427
[   80687ms] [LOG] [Ik Bitung] penerima @ https://phbidlautdemo.prahu-hub.com/_resources/themes/prahutheme/javascript/custom/orderList.js?m=1788319233:648
[   80687ms] [LOG] {ID: 1450, status_order: PENDING, JadwalID: 1844, ID_Order: 20260826-06506, dari_api: null} @ https://phbidlautdemo.prahu-hub.com/_resources/themes/prahutheme/javascript/custom/orderList.js?m=1788319233:427
[   80687ms] [LOG] [Ik Bitung] penerima @ https://phbidlautdemo.prahu-hub.com/_resources/themes/prahutheme/javascript/custom/orderList.js?m=1788319233:648
[   80688ms] [LOG] {ID: 1449, status_order: DONE, JadwalID: 1839, ID_Order: 20260826-06505, dari_api: null} @ https://phbidlautdemo.prahu-hub.com/_resources/themes/prahutheme/javascript/custom/orderList.js?m=1788319233:427
[   80688ms] [LOG] [Ik Bitung] penerima @ https://phbidlautdemo.prahu-hub.com/_resources/themes/prahutheme/javascript/custom/orderList.js?m=1788319233:648
[   80688ms] [LOG] {ID: 1448, status_order: DONE, JadwalID: 1851, ID_Order: 20260826-06504, dari_api: null} @ https://phbidlautdemo.prahu-hub.com/_resources/themes/prahutheme/javascript/custom/orderList.js?m=1788319233:427
[   80688ms] [LOG] [Ik Bitung] penerima @ https://phbidlautdemo.prahu-hub.com/_resources/themes/prahutheme/javascript/custom/orderList.js?m=1788319233:648
[   80689ms] [LOG] {ID: 1447, status_order: DONE, JadwalID: 1839, ID_Order: 20260826-06503, dari_api: null} @ https://phbidlautdemo.prahu-hub.com/_resources/themes/prahutheme/javascript/custom/orderList.js?m=1788319233:427
[   80689ms] [LOG] [Ik Bitung] penerima @ https://phbidlautdemo.prahu-hub.com/_resources/themes/prahutheme/javascript/custom/orderList.js?m=1788319233:648
[   80689ms] [LOG] {ID: 1446, status_order: DONE, JadwalID: 1839, ID_Order: 20260826-06502, dari_api: null} @ https://phbidlautdemo.prahu-hub.com/_resources/themes/prahutheme/javascript/custom/orderList.js?m=1788319233:427
[   80690ms] [LOG] [Ik Bitung] penerima @ https://phbidlautdemo.prahu-hub.com/_resources/themes/prahutheme/javascript/custom/orderList.js?m=1788319233:648
[   80690ms] [LOG] {ID: 1445, status_order: DONE, JadwalID: 1839, ID_Order: 20260826-06501, dari_api: null} @ https://phbidlautdemo.prahu-hub.com/_resources/themes/prahutheme/javascript/custom/orderList.js?m=1788319233:427
[   80690ms] [LOG] [Ik Bitung] penerima @ https://phbidlautdemo.prahu-hub.com/_resources/themes/prahutheme/javascript/custom/orderList.js?m=1788319233:648
[   80690ms] [LOG] {ID: 1444, status_order: DONE, JadwalID: 1830, ID_Order: 20260822-08505, dari_api: null} @ https://phbidlautdemo.prahu-hub.com/_resources/themes/prahutheme/javascript/custom/orderList.js?m=1788319233:427
[   80692ms] [LOG] [Roni] penerima @ https://phbidlautdemo.prahu-hub.com/_resources/themes/prahutheme/javascript/custom/orderList.js?m=1788319233:648
[   80693ms] [LOG] {ID: 1443, status_order: DONE, JadwalID: 1830, ID_Order: 20260822-08504, dari_api: null} @ https://phbidlautdemo.prahu-hub.com/_resources/themes/prahutheme/javascript/custom/orderList.js?m=1788319233:427
[   80693ms] [LOG] [Roni] penerima @ https://phbidlautdemo.prahu-hub.com/_resources/themes/prahutheme/javascript/custom/orderList.js?m=1788319233:648
[   80694ms] [LOG] {ID: 1442, status_order: DONE, JadwalID: 1830, ID_Order: 20260822-08503, dari_api: null} @ https://phbidlautdemo.prahu-hub.com/_resources/themes/prahutheme/javascript/custom/orderList.js?m=1788319233:427
[   80694ms] [LOG] [Roni] penerima @ https://phbidlautdemo.prahu-hub.com/_resources/themes/prahutheme/javascript/custom/orderList.js?m=1788319233:648
[   80694ms] [LOG] {ID: 1441, status_order: DONE, JadwalID: 1835, ID_Order: 20260822-08502, dari_api: null} @ https://phbidlautdemo.prahu-hub.com/_resources/themes/prahutheme/javascript/custom/orderList.js?m=1788319233:427
[   80695ms] [LOG] [050505500] penerima @ https://phbidlautdemo.prahu-hub.com/_resources/themes/prahutheme/javascript/custom/orderList.js?m=1788319233:648
[   80695ms] [LOG] {ID: 1440, status_order: DONE, JadwalID: 1830, ID_Order: 20260822-08501, dari_api: null} @ https://phbidlautdemo.prahu-hub.com/_resources/themes/prahutheme/javascript/custom/orderList.js?m=1788319233:427
[   80695ms] [LOG] [Roni] penerima @ https://phbidlautdemo.prahu-hub.com/_resources/themes/prahutheme/javascript/custom/orderList.js?m=1788319233:648
[   80696ms] [LOG] {ID: 1439, status_order: PACKING_LIST, JadwalID: 1830, ID_Order: 20260821-08504, dari_api: null} @ https://phbidlautdemo.prahu-hub.com/_resources/themes/prahutheme/javascript/custom/orderList.js?m=1788319233:427
[   80696ms] [LOG] [Roni] penerima @ https://phbidlautdemo.prahu-hub.com/_resources/themes/prahutheme/javascript/custom/orderList.js?m=1788319233:648
[   80696ms] [LOG] {ID: 1438, status_order: KONFIRMASI_UNIT, JadwalID: 1831, ID_Order: 20260821-08503, dari_api: null} @ https://phbidlautdemo.prahu-hub.com/_resources/themes/prahutheme/javascript/custom/orderList.js?m=1788319233:427
[   80696ms] [LOG] [Roni] penerima @ https://phbidlautdemo.prahu-hub.com/_resources/themes/prahutheme/javascript/custom/orderList.js?m=1788319233:648
[   80697ms] [LOG] {ID: 1437, status_order: CANCEL, JadwalID: 1831, ID_Order: 20260821-08502, dari_api: null} @ https://phbidlautdemo.prahu-hub.com/_resources/themes/prahutheme/javascript/custom/orderList.js?m=1788319233:427
[   80697ms] [LOG] [Roni] penerima @ https://phbidlautdemo.prahu-hub.com/_resources/themes/prahutheme/javascript/custom/orderList.js?m=1788319233:648
[   80697ms] [LOG] {ID: 1436, status_order: KONFIRMASI_UNIT, JadwalID: 1831, ID_Order: 20260821-08501, dari_api: null} @ https://phbidlautdemo.prahu-hub.com/_resources/themes/prahutheme/javascript/custom/orderList.js?m=1788319233:427
[   80697ms] [LOG] [Roni] penerima @ https://phbidlautdemo.prahu-hub.com/_resources/themes/prahutheme/javascript/custom/orderList.js?m=1788319233:648
[   80697ms] [LOG] {ID: 1435, status_order: DONE, JadwalID: 1828, ID_Order: 20260820-06504, dari_api: null} @ https://phbidlautdemo.prahu-hub.com/_resources/themes/prahutheme/javascript/custom/orderList.js?m=1788319233:427
[   80698ms] [LOG] [Ik Bitung] penerima @ https://phbidlautdemo.prahu-hub.com/_resources/themes/prahutheme/javascript/custom/orderList.js?m=1788319233:648
[   80698ms] [LOG] {ID: 1434, status_order: KONFIRMASI_UNIT, JadwalID: 1829, ID_Order: 20260820-08503, dari_api: null} @ https://phbidlautdemo.prahu-hub.com/_resources/themes/prahutheme/javascript/custom/orderList.js?m=1788319233:427
[   80698ms] [LOG] [-] penerima @ https://phbidlautdemo.prahu-hub.com/_resources/themes/prahutheme/javascript/custom/orderList.js?m=1788319233:648
[   80698ms] [LOG] {ID: 1433, status_order: CANCEL, JadwalID: 1828, ID_Order: 20260820-06502, dari_api: null} @ https://phbidlautdemo.prahu-hub.com/_resources/themes/prahutheme/javascript/custom/orderList.js?m=1788319233:427
[   80698ms] [LOG] [Ik Bitung] penerima @ https://phbidlautdemo.prahu-hub.com/_resources/themes/prahutheme/javascript/custom/orderList.js?m=1788319233:648
[   80699ms] [LOG] {ID: 1432, status_order: CANCEL, JadwalID: 1824, ID_Order: 20260820-06501, dari_api: YES} @ https://phbidlautdemo.prahu-hub.com/_resources/themes/prahutheme/javascript/custom/orderList.js?m=1788319233:427
[   80699ms] [LOG] [Ik Bitung] penerima @ https://phbidlautdemo.prahu-hub.com/_resources/themes/prahutheme/javascript/custom/orderList.js?m=1788319233:648
[   80699ms] [LOG] {ID: 1431, status_order: KONFIRMASI_UNIT, JadwalID: 1819, ID_Order: 20260818-08502, dari_api: null} @ https://phbidlautdemo.prahu-hub.com/_resources/themes/prahutheme/javascript/custom/orderList.js?m=1788319233:427
[   80699ms] [LOG] [Rian] penerima @ https://phbidlautdemo.prahu-hub.com/_resources/themes/prahutheme/javascript/custom/orderList.js?m=1788319233:648
[   80699ms] [LOG] {ID: 1430, status_order: KONFIRMASI_UNIT, JadwalID: 1817, ID_Order: 20260818-08501, dari_api: null} @ https://phbidlautdemo.prahu-hub.com/_resources/themes/prahutheme/javascript/custom/orderList.js?m=1788319233:427
[   80700ms] [LOG] [Rian] penerima @ https://phbidlautdemo.prahu-hub.com/_resources/themes/prahutheme/javascript/custom/orderList.js?m=1788319233:648
[   80700ms] [LOG] {ID: 1429, status_order: DONE, JadwalID: 1815, ID_Order: 20260811-06501, dari_api: YES} @ https://phbidlautdemo.prahu-hub.com/_resources/themes/prahutheme/javascript/custom/orderList.js?m=1788319233:427
[   80700ms] [LOG] [IKHSAN JAYA, IKHSAN JAYA, IKHSAN JAYA] penerima @ https://phbidlautdemo.prahu-hub.com/_resources/themes/prahutheme/javascript/custom/orderList.js?m=1788319233:648
[   80700ms] [LOG] {ID: 1428, status_order: DONE, JadwalID: 1814, ID_Order: 20260807-06501, dari_api: YES} @ https://phbidlautdemo.prahu-hub.com/_resources/themes/prahutheme/javascript/custom/orderList.js?m=1788319233:427
[   80701ms] [LOG] [Ik Bitung] penerima @ https://phbidlautdemo.prahu-hub.com/_resources/themes/prahutheme/javascript/custom/orderList.js?m=1788319233:648
[   80701ms] [LOG] {ID: 1427, status_order: KONFIRMASI_UNIT, JadwalID: 1809, ID_Order: 20260806-06503, dari_api: YES} @ https://phbidlautdemo.prahu-hub.com/_resources/themes/prahutheme/javascript/custom/orderList.js?m=1788319233:427
[   80701ms] [LOG]  penerima @ https://phbidlautdemo.prahu-hub.com/_resources/themes/prahutheme/javascript/custom/orderList.js?m=1788319233:648
[   80701ms] [LOG] {ID: 1426, status_order: PENDING, JadwalID: 1809, ID_Order: 20260806-06502, dari_api: YES} @ https://phbidlautdemo.prahu-hub.com/_resources/themes/prahutheme/javascript/custom/orderList.js?m=1788319233:427
[   80702ms] [LOG]  penerima @ https://phbidlautdemo.prahu-hub.com/_resources/themes/prahutheme/javascript/custom/orderList.js?m=1788319233:648
[   80702ms] [LOG] {ID: 1425, status_order: PENDING, JadwalID: 1809, ID_Order: 20260806-06501, dari_api: YES} @ https://phbidlautdemo.prahu-hub.com/_resources/themes/prahutheme/javascript/custom/orderList.js?m=1788319233:427
[   80702ms] [LOG]  penerima @ https://phbidlautdemo.prahu-hub.com/_resources/themes/prahutheme/javascript/custom/orderList.js?m=1788319233:648
[   80702ms] [LOG] {ID: 1424, status_order: PACKING_LIST, JadwalID: 1806, ID_Order: 20260805-26301, dari_api: null} @ https://phbidlautdemo.prahu-hub.com/_resources/themes/prahutheme/javascript/custom/orderList.js?m=1788319233:427
[   80702ms] [LOG] [Budi] penerima @ https://phbidlautdemo.prahu-hub.com/_resources/themes/prahutheme/javascript/custom/orderList.js?m=1788319233:648
[   80703ms] [LOG] {ID: 1423, status_order: PENDING, JadwalID: 1794, ID_Order: 20260713-06503, dari_api: null} @ https://phbidlautdemo.prahu-hub.com/_resources/themes/prahutheme/javascript/custom/orderList.js?m=1788319233:427
[   80703ms] [LOG] [Ik Bitung] penerima @ https://phbidlautdemo.prahu-hub.com/_resources/themes/prahutheme/javascript/custom/orderList.js?m=1788319233:648
[   80703ms] [LOG] {ID: 1422, status_order: REJECTED, JadwalID: 1794, ID_Order: 20260713-06502, dari_api: null} @ https://phbidlautdemo.prahu-hub.com/_resources/themes/prahutheme/javascript/custom/orderList.js?m=1788319233:427
[   80704ms] [LOG] [Ik Bitung] penerima @ https://phbidlautdemo.prahu-hub.com/_resources/themes/prahutheme/javascript/custom/orderList.js?m=1788319233:648
[   80704ms] [LOG] {ID: 1421, status_order: DONE, JadwalID: 1795, ID_Order: 20260713-06501, dari_api: null} @ https://phbidlautdemo.prahu-hub.com/_resources/themes/prahutheme/javascript/custom/orderList.js?m=1788319233:427
[   80704ms] [LOG] [Ik Bitung] penerima @ https://phbidlautdemo.prahu-hub.com/_resources/themes/prahutheme/javascript/custom/orderList.js?m=1788319233:648
[   80704ms] [LOG] {ID: 1420, status_order: DONE, JadwalID: 1785, ID_Order: 20260629-06501, dari_api: null} @ https://phbidlautdemo.prahu-hub.com/_resources/themes/prahutheme/javascript/custom/orderList.js?m=1788319233:427
[   80704ms] [LOG] [PT. Perkasa Adi Makmur Sentosa, PT. Tridatu Jaya, PT. Indajaya] penerima @ https://phbidlautdemo.prahu-hub.com/_resources/themes/prahutheme/javascript/custom/orderList.js?m=1788319233:648
[   80705ms] [LOG] {ID: 1419, status_order: KONFIRMASI_UNIT, JadwalID: 1790, ID_Order: 20260627-06504, dari_api: null} @ https://phbidlautdemo.prahu-hub.com/_resources/themes/prahutheme/javascript/custom/orderList.js?m=1788319233:427
[   80705ms] [LOG] [Ik Bitung] penerima @ https://phbidlautdemo.prahu-hub.com/_resources/themes/prahutheme/javascript/custom/orderList.js?m=1788319233:648
[   80705ms] [LOG] {ID: 1418, status_order: PENDING, JadwalID: 1790, ID_Order: 20260627-06503, dari_api: null} @ https://phbidlautdemo.prahu-hub.com/_resources/themes/prahutheme/javascript/custom/orderList.js?m=1788319233:427
[   80705ms] [LOG] [Ik Bitung] penerima @ https://phbidlautdemo.prahu-hub.com/_resources/themes/prahutheme/javascript/custom/orderList.js?m=1788319233:648
[   80705ms] [LOG] {ID: 1417, status_order: CANCEL, JadwalID: 1789, ID_Order: 20260627-06502, dari_api: null} @ https://phbidlautdemo.prahu-hub.com/_resources/themes/prahutheme/javascript/custom/orderList.js?m=1788319233:427
[   80705ms] [LOG] [Ik Bitung] penerima @ https://phbidlautdemo.prahu-hub.com/_resources/themes/prahutheme/javascript/custom/orderList.js?m=1788319233:648
[   80706ms] [LOG] {ID: 1416, status_order: DONE, JadwalID: 1789, ID_Order: 20260627-06501, dari_api: YES} @ https://phbidlautdemo.prahu-hub.com/_resources/themes/prahutheme/javascript/custom/orderList.js?m=1788319233:427
[   80706ms] [LOG] [Ik Bitung] penerima @ https://phbidlautdemo.prahu-hub.com/_resources/themes/prahutheme/javascript/custom/orderList.js?m=1788319233:648
[   80706ms] [LOG] {ID: 1415, status_order: KONFIRMASI_UNIT, JadwalID: 1785, ID_Order: 20260626-06501, dari_api: null} @ https://phbidlautdemo.prahu-hub.com/_resources/themes/prahutheme/javascript/custom/orderList.js?m=1788319233:427
[   80706ms] [LOG] [PT. Perkasa Adi Makmur Sentosa, PT. Tridatu Jaya, PT. Indajaya] penerima @ https://phbidlautdemo.prahu-hub.com/_resources/themes/prahutheme/javascript/custom/orderList.js?m=1788319233:648
[   80706ms] [LOG] {ID: 1414, status_order: DONE, JadwalID: 1787, ID_Order: 20260625-02604, dari_api: null} @ https://phbidlautdemo.prahu-hub.com/_resources/themes/prahutheme/javascript/custom/orderList.js?m=1788319233:427
[   80707ms] [LOG] [PT. Astra Honda Motor, PT. Astra Yamaha Motor, PT. Astra Kawasaki Motor] penerima @ https://phbidlautdemo.prahu-hub.com/_resources/themes/prahutheme/javascript/custom/orderList.js?m=1788319233:648
[   80707ms] [LOG] {ID: 1413, status_order: CANCEL, JadwalID: 1786, ID_Order: 20260625-06503, dari_api: null} @ https://phbidlautdemo.prahu-hub.com/_resources/themes/prahutheme/javascript/custom/orderList.js?m=1788319233:427
[   80707ms] [LOG] [PT. Perkasa Adi Makmur Sentosa, PT. Tridatu Jaya, PT. Indajaya] penerima @ https://phbidlautdemo.prahu-hub.com/_resources/themes/prahutheme/javascript/custom/orderList.js?m=1788319233:648
[   80708ms] [LOG] {ID: 1412, status_order: DONE, JadwalID: 1780, ID_Order: 20260625-02602, dari_api: null} @ https://phbidlautdemo.prahu-hub.com/_resources/themes/prahutheme/javascript/custom/orderList.js?m=1788319233:427
[   80709ms] [LOG] [Suyanto] penerima @ https://phbidlautdemo.prahu-hub.com/_resources/themes/prahutheme/javascript/custom/orderList.js?m=1788319233:648
[   80709ms] [LOG] {ID: 1411, status_order: CANCEL_SHIPPED, JadwalID: 1778, ID_Order: 20260625-06501, dari_api: null} @ https://phbidlautdemo.prahu-hub.com/_resources/themes/prahutheme/javascript/custom/orderList.js?m=1788319233:427
[   80709ms] [LOG] [PT. Perkasa Adi Makmur Sentosa, PT. Tridatu Jaya, PT. Indajaya] penerima @ https://phbidlautdemo.prahu-hub.com/_resources/themes/prahutheme/javascript/custom/orderList.js?m=1788319233:648
[   80710ms] [LOG] {ID: 1410, status_order: DONE, JadwalID: 1777, ID_Order: 20260624-06501, dari_api: null} @ https://phbidlautdemo.prahu-hub.com/_resources/themes/prahutheme/javascript/custom/orderList.js?m=1788319233:427
[   80710ms] [LOG] [PT. Perkasa Adi Makmur Sentosa, PT. Tridatu Jaya, PT. Indajaya] penerima @ https://phbidlautdemo.prahu-hub.com/_resources/themes/prahutheme/javascript/custom/orderList.js?m=1788319233:648
[   80710ms] [LOG] {ID: 1408, status_order: DONE, JadwalID: 1774, ID_Order: 20260615-06501, dari_api: null} @ https://phbidlautdemo.prahu-hub.com/_resources/themes/prahutheme/javascript/custom/orderList.js?m=1788319233:427
[   80710ms] [LOG] [PIC Tujuan QA] penerima @ https://phbidlautdemo.prahu-hub.com/_resources/themes/prahutheme/javascript/custom/orderList.js?m=1788319233:648
[   80710ms] [LOG] {ID: 1407, status_order: DONE, JadwalID: 1773, ID_Order: 20260611-30801, dari_api: null} @ https://phbidlautdemo.prahu-hub.com/_resources/themes/prahutheme/javascript/custom/orderList.js?m=1788319233:427
[   80711ms] [LOG] [Eko Nugraha] penerima @ https://phbidlautdemo.prahu-hub.com/_resources/themes/prahutheme/javascript/custom/orderList.js?m=1788319233:648
[   80711ms] [LOG] {ID: 1406, status_order: DONE, JadwalID: 1760, ID_Order: 20260603-26302, dari_api: null} @ https://phbidlautdemo.prahu-hub.com/_resources/themes/prahutheme/javascript/custom/orderList.js?m=1788319233:427
[   80711ms] [LOG] [Budi] penerima @ https://phbidlautdemo.prahu-hub.com/_resources/themes/prahutheme/javascript/custom/orderList.js?m=1788319233:648
[   80711ms] [LOG] {ID: 1405, status_order: DONE, JadwalID: 1759, ID_Order: 20260603-26301, dari_api: null} @ https://phbidlautdemo.prahu-hub.com/_resources/themes/prahutheme/javascript/custom/orderList.js?m=1788319233:427
[   80711ms] [LOG] [Budi] penerima @ https://phbidlautdemo.prahu-hub.com/_resources/themes/prahutheme/javascript/custom/orderList.js?m=1788319233:648
[   80711ms] [LOG] {ID: 1404, status_order: PENDING, JadwalID: 1758, ID_Order: 20260528-06503, dari_api: null} @ https://phbidlautdemo.prahu-hub.com/_resources/themes/prahutheme/javascript/custom/orderList.js?m=1788319233:427
[   80712ms] [LOG] [PT. Perkasa Adi Makmur Sentosa, PT. Tridatu Jaya, PT. Indajaya] penerima @ https://phbidlautdemo.prahu-hub.com/_resources/themes/prahutheme/javascript/custom/orderList.js?m=1788319233:648
[   80712ms] [LOG] {ID: 1403, status_order: DONE, JadwalID: 1756, ID_Order: 20260528-06502, dari_api: null} @ https://phbidlautdemo.prahu-hub.com/_resources/themes/prahutheme/javascript/custom/orderList.js?m=1788319233:427
[   80712ms] [LOG] [PT. Perkasa Adi Makmur Sentosa, PT. Tridatu Jaya, PT. Indajaya] penerima @ https://phbidlautdemo.prahu-hub.com/_resources/themes/prahutheme/javascript/custom/orderList.js?m=1788319233:648
[   80712ms] [LOG] {ID: 1402, status_order: DONE, JadwalID: 1755, ID_Order: 20260528-06501, dari_api: null} @ https://phbidlautdemo.prahu-hub.com/_resources/themes/prahutheme/javascript/custom/orderList.js?m=1788319233:427
[   80713ms] [LOG] [PT. Perkasa Adi Makmur Sentosa, PT. Tridatu Jaya, PT. Indajaya] penerima @ https://phbidlautdemo.prahu-hub.com/_resources/themes/prahutheme/javascript/custom/orderList.js?m=1788319233:648
[   80713ms] [LOG] {ID: 1401, status_order: DONE, JadwalID: 1752, ID_Order: 20260526-02603, dari_api: null} @ https://phbidlautdemo.prahu-hub.com/_resources/themes/prahutheme/javascript/custom/orderList.js?m=1788319233:427
[   80713ms] [LOG] [Pras Tujuan] penerima @ https://phbidlautdemo.prahu-hub.com/_resources/themes/prahutheme/javascript/custom/orderList.js?m=1788319233:648
[   80713ms] [LOG] {ID: 1400, status_order: CANCEL, JadwalID: 1682, ID_Order: 20260526-02602, dari_api: null} @ https://phbidlautdemo.prahu-hub.com/_resources/themes/prahutheme/javascript/custom/orderList.js?m=1788319233:427
[   80713ms] [LOG] [Pras Tujuan] penerima @ https://phbidlautdemo.prahu-hub.com/_resources/themes/prahutheme/javascript/custom/orderList.js?m=1788319233:648
[   80713ms] [LOG] {ID: 1399, status_order: CANCEL_SHIPPED, JadwalID: 1751, ID_Order: 20260526-02601, dari_api: null} @ https://phbidlautdemo.prahu-hub.com/_resources/themes/prahutheme/javascript/custom/orderList.js?m=1788319233:427
[   80714ms] [LOG] [Pras Tujuan] penerima @ https://phbidlautdemo.prahu-hub.com/_resources/themes/prahutheme/javascript/custom/orderList.js?m=1788319233:648
[   80714ms] [LOG] {ID: 1398, status_order: CANCEL, JadwalID: 1748, ID_Order: 20260521-08506, dari_api: null} @ https://phbidlautdemo.prahu-hub.com/_resources/themes/prahutheme/javascript/custom/orderList.js?m=1788319233:427
[   80714ms] [LOG] [Farid] penerima @ https://phbidlautdemo.prahu-hub.com/_resources/themes/prahutheme/javascript/custom/orderList.js?m=1788319233:648
[   80714ms] [LOG] {ID: 1397, status_order: DONE, JadwalID: 1742, ID_Order: 20260521-27705, dari_api: null} @ https://phbidlautdemo.prahu-hub.com/_resources/themes/prahutheme/javascript/custom/orderList.js?m=1788319233:427
[   80714ms] [LOG] [Toni Kurniawan] penerima @ https://phbidlautdemo.prahu-hub.com/_resources/themes/prahutheme/javascript/custom/orderList.js?m=1788319233:648
[   80715ms] [LOG] {ID: 1396, status_order: DONE, JadwalID: 1747, ID_Order: 20260521-27704, dari_api: null} @ https://phbidlautdemo.prahu-hub.com/_resources/themes/prahutheme/javascript/custom/orderList.js?m=1788319233:427
[   80715ms] [LOG] [Toni Kurniawan] penerima @ https://phbidlautdemo.prahu-hub.com/_resources/themes/prahutheme/javascript/custom/orderList.js?m=1788319233:648
[   80715ms] [LOG] {ID: 1395, status_order: DONE, JadwalID: 1746, ID_Order: 20260521-26303, dari_api: null} @ https://phbidlautdemo.prahu-hub.com/_resources/themes/prahutheme/javascript/custom/orderList.js?m=1788319233:427
[   80715ms] [LOG] [Budi] penerima @ https://phbidlautdemo.prahu-hub.com/_resources/themes/prahutheme/javascript/custom/orderList.js?m=1788319233:648
[   80715ms] [LOG] {ID: 1394, status_order: CANCEL, JadwalID: 1736, ID_Order: 20260521-26302, dari_api: null} @ https://phbidlautdemo.prahu-hub.com/_resources/themes/prahutheme/javascript/custom/orderList.js?m=1788319233:427
[   80715ms] [LOG] [Budi] penerima @ https://phbidlautdemo.prahu-hub.com/_resources/themes/prahutheme/javascript/custom/orderList.js?m=1788319233:648
[   80716ms] [LOG] {ID: 1393, status_order: REJECTED, JadwalID: 1736, ID_Order: 20260521-26301, dari_api: null} @ https://phbidlautdemo.prahu-hub.com/_resources/themes/prahutheme/javascript/custom/orderList.js?m=1788319233:427
[   80716ms] [LOG] [Budi] penerima @ https://phbidlautdemo.prahu-hub.com/_resources/themes/prahutheme/javascript/custom/orderList.js?m=1788319233:648
[   80716ms] [LOG] {ID: 1392, status_order: DONE, JadwalID: 1740, ID_Order: 20260520-27705, dari_api: null} @ https://phbidlautdemo.prahu-hub.com/_resources/themes/prahutheme/javascript/custom/orderList.js?m=1788319233:427
[   80716ms] [LOG] [Toni Kurniawan] penerima @ https://phbidlautdemo.prahu-hub.com/_resources/themes/prahutheme/javascript/custom/orderList.js?m=1788319233:648
[   80716ms] [LOG] {ID: 1391, status_order: DONE, JadwalID: 1803, ID_Order: 20260520-26304, dari_api: null} @ https://phbidlautdemo.prahu-hub.com/_resources/themes/prahutheme/javascript/custom/orderList.js?m=1788319233:427
[   80716ms] [LOG] [Budi] penerima @ https://phbidlautdemo.prahu-hub.com/_resources/themes/prahutheme/javascript/custom/orderList.js?m=1788319233:648
[   80717ms] [LOG] {ID: 1390, status_order: DONE, JadwalID: 1735, ID_Order: 20260520-26303, dari_api: null} @ https://phbidlautdemo.prahu-hub.com/_resources/themes/prahutheme/javascript/custom/orderList.js?m=1788319233:427
[   80717ms] [LOG] [Budi] penerima @ https://phbidlautdemo.prahu-hub.com/_resources/themes/prahutheme/javascript/custom/orderList.js?m=1788319233:648
[   80717ms] [LOG] {ID: 1389, status_order: DONE, JadwalID: 1717, ID_Order: 20260520-27702, dari_api: null} @ https://phbidlautdemo.prahu-hub.com/_resources/themes/prahutheme/javascript/custom/orderList.js?m=1788319233:427
[   80717ms] [LOG] [Toni Kurniawan] penerima @ https://phbidlautdemo.prahu-hub.com/_resources/themes/prahutheme/javascript/custom/orderList.js?m=1788319233:648
[   80717ms] [LOG] {ID: 1388, status_order: DONE, JadwalID: 1732, ID_Order: 20260520-26301, dari_api: null} @ https://phbidlautdemo.prahu-hub.com/_resources/themes/prahutheme/javascript/custom/orderList.js?m=1788319233:427
[   80717ms] [LOG] [Budi] penerima @ https://phbidlautdemo.prahu-hub.com/_resources/themes/prahutheme/javascript/custom/orderList.js?m=1788319233:648
[   80718ms] [LOG] {ID: 1387, status_order: DONE, JadwalID: 1731, ID_Order: 20260518-08503, dari_api: null} @ https://phbidlautdemo.prahu-hub.com/_resources/themes/prahutheme/javascript/custom/orderList.js?m=1788319233:427
[   80718ms] [LOG] [a, =] penerima @ https://phbidlautdemo.prahu-hub.com/_resources/themes/prahutheme/javascript/custom/orderList.js?m=1788319233:648
[   80718ms] [LOG] {ID: 1386, status_order: CANCEL, JadwalID: 1730, ID_Order: 20260518-08502, dari_api: null} @ https://phbidlautdemo.prahu-hub.com/_resources/themes/prahutheme/javascript/custom/orderList.js?m=1788319233:427
[   80718ms] [LOG] [a, =] penerima @ https://phbidlautdemo.prahu-hub.com/_resources/themes/prahutheme/javascript/custom/orderList.js?m=1788319233:648
[   80719ms] [LOG] {ID: 1385, status_order: REJECTED, JadwalID: 1730, ID_Order: 20260518-08501, dari_api: null} @ https://phbidlautdemo.prahu-hub.com/_resources/themes/prahutheme/javascript/custom/orderList.js?m=1788319233:427
[   80719ms] [LOG] [a, www] penerima @ https://phbidlautdemo.prahu-hub.com/_resources/themes/prahutheme/javascript/custom/orderList.js?m=1788319233:648
[   80719ms] [LOG] {ID: 1384, status_order: DONE, JadwalID: 1727, ID_Order: 20260516-08501, dari_api: null} @ https://phbidlautdemo.prahu-hub.com/_resources/themes/prahutheme/javascript/custom/orderList.js?m=1788319233:427
[   80719ms] [LOG] [iuytr] penerima @ https://phbidlautdemo.prahu-hub.com/_resources/themes/prahutheme/javascript/custom/orderList.js?m=1788319233:648
[   80719ms] [LOG] {ID: 1383, status_order: CANCEL_SHIPPED, JadwalID: 1716, ID_Order: 20260505-27701, dari_api: null} @ https://phbidlautdemo.prahu-hub.com/_resources/themes/prahutheme/javascript/custom/orderList.js?m=1788319233:427
[   80719ms] [LOG] [Toni Kurniawan] penerima @ https://phbidlautdemo.prahu-hub.com/_resources/themes/prahutheme/javascript/custom/orderList.js?m=1788319233:648
[   80720ms] [LOG] {ID: 1382, status_order: DONE, JadwalID: 1718, ID_Order: 20260427-06502, dari_api: null} @ https://phbidlautdemo.prahu-hub.com/_resources/themes/prahutheme/javascript/custom/orderList.js?m=1788319233:427
[   80720ms] [LOG] [PT. Indomarco Prismatama - Jl. Lintas Sumatera Kel…1 || Pak Hariadi - Ketua TKBM Stabat 082166285795, Stock Point Indogrosir Mdn 1 (MEGAH DAYA INTI HARA…n Krio, Kel. Sunggal Deli Serdang, Sumatera Utara, CV. ALTAQNIA BANGKA ENGINEERING Simpang BTN, Jl. T…mali, Kabupaten Bangka, Kepulauan Bangka Belitung] penerima @ https://phbidlautdemo.prahu-hub.com/_resources/themes/prahutheme/javascript/custom/orderList.js?m=1788319233:648
[   80720ms] [LOG] {ID: 1381, status_order: DONE, JadwalID: 1718, ID_Order: 20260427-06501, dari_api: null} @ https://phbidlautdemo.prahu-hub.com/_resources/themes/prahutheme/javascript/custom/orderList.js?m=1788319233:427
[   80720ms] [LOG] [PT. Perkasa Adi Makmur Sentosa, PT. Tridatu Jaya, PT. Indajaya] penerima @ https://phbidlautdemo.prahu-hub.com/_resources/themes/prahutheme/javascript/custom/orderList.js?m=1788319233:648
[   80720ms] [LOG] {ID: 1380, status_order: DONE, JadwalID: 1717, ID_Order: 20260425-27702, dari_api: null} @ https://phbidlautdemo.prahu-hub.com/_resources/themes/prahutheme/javascript/custom/orderList.js?m=1788319233:427
[   80720ms] [LOG] [Toni Kurniawan] penerima @ https://phbidlautdemo.prahu-hub.com/_resources/themes/prahutheme/javascript/custom/orderList.js?m=1788319233:648
[   80721ms] [LOG] {ID: 1379, status_order: DONE, JadwalID: 1716, ID_Order: 20260425-27701, dari_api: null} @ https://phbidlautdemo.prahu-hub.com/_resources/themes/prahutheme/javascript/custom/orderList.js?m=1788319233:427
[   80721ms] [LOG] [Toni Kurniawan] penerima @ https://phbidlautdemo.prahu-hub.com/_resources/themes/prahutheme/javascript/custom/orderList.js?m=1788319233:648
[   80721ms] [LOG] {ID: 1378, status_order: SHIPPER_VALIDATED, JadwalID: 1715, ID_Order: 20260423-26301, dari_api: null} @ https://phbidlautdemo.prahu-hub.com/_resources/themes/prahutheme/javascript/custom/orderList.js?m=1788319233:427
[   80721ms] [LOG] [Budi] penerima @ https://phbidlautdemo.prahu-hub.com/_resources/themes/prahutheme/javascript/custom/orderList.js?m=1788319233:648
[   80721ms] [LOG] {ID: 1377, status_order: KONFIRMASI_UNIT, JadwalID: 1715, ID_Order: 20260421-26304, dari_api: null} @ https://phbidlautdemo.prahu-hub.com/_resources/themes/prahutheme/javascript/custom/orderList.js?m=1788319233:427
[   80721ms] [LOG] [Budi] penerima @ https://phbidlautdemo.prahu-hub.com/_resources/themes/prahutheme/javascript/custom/orderList.js?m=1788319233:648
[   80721ms] [LOG] {ID: 1376, status_order: DONE, JadwalID: 1702, ID_Order: 20260421-06503, dari_api: null} @ https://phbidlautdemo.prahu-hub.com/_resources/themes/prahutheme/javascript/custom/orderList.js?m=1788319233:427
[   80722ms] [LOG] [Ik Bitung] penerima @ https://phbidlautdemo.prahu-hub.com/_resources/themes/prahutheme/javascript/custom/orderList.js?m=1788319233:648
[   80722ms] [LOG] {ID: 1375, status_order: SHIPPER_VALIDATED, JadwalID: 1702, ID_Order: 20260421-06502, dari_api: null} @ https://phbidlautdemo.prahu-hub.com/_resources/themes/prahutheme/javascript/custom/orderList.js?m=1788319233:427
[   80722ms] [LOG] [Ik Bitung] penerima @ https://phbidlautdemo.prahu-hub.com/_resources/themes/prahutheme/javascript/custom/orderList.js?m=1788319233:648
[   80722ms] [LOG] {ID: 1374, status_order: KONFIRMASI_UNIT, JadwalID: 1715, ID_Order: 20260421-26301, dari_api: null} @ https://phbidlautdemo.prahu-hub.com/_resources/themes/prahutheme/javascript/custom/orderList.js?m=1788319233:427
[   80722ms] [LOG] [Budi] penerima @ https://phbidlautdemo.prahu-hub.com/_resources/themes/prahutheme/javascript/custom/orderList.js?m=1788319233:648
[   80722ms] [LOG] {ID: 1373, status_order: DONE, JadwalID: 1702, ID_Order: 20260420-06501, dari_api: null} @ https://phbidlautdemo.prahu-hub.com/_resources/themes/prahutheme/javascript/custom/orderList.js?m=1788319233:427
[   80723ms] [LOG] [Ik Bitung] penerima @ https://phbidlautdemo.prahu-hub.com/_resources/themes/prahutheme/javascript/custom/orderList.js?m=1788319233:648
[   80723ms] [LOG] {ID: 1372, status_order: SHIPPER_VALIDATED, JadwalID: 1710, ID_Order: 20260418-05922, dari_api: null} @ https://phbidlautdemo.prahu-hub.com/_resources/themes/prahutheme/javascript/custom/orderList.js?m=1788319233:427
[   80723ms] [LOG] [Majribah] penerima @ https://phbidlautdemo.prahu-hub.com/_resources/themes/prahutheme/javascript/custom/orderList.js?m=1788319233:648
[   80723ms] [LOG] {ID: 1371, status_order: PACKING_LIST, JadwalID: 1709, ID_Order: 20260418-05921, dari_api: null} @ https://phbidlautdemo.prahu-hub.com/_resources/themes/prahutheme/javascript/custom/orderList.js?m=1788319233:427
[   80723ms] [LOG] [Majribah] penerima @ https://phbidlautdemo.prahu-hub.com/_resources/themes/prahutheme/javascript/custom/orderList.js?m=1788319233:648
[   80723ms] [LOG] {ID: 1370, status_order: PACKING_LIST, JadwalID: 1708, ID_Order: 20260418-05920, dari_api: null} @ https://phbidlautdemo.prahu-hub.com/_resources/themes/prahutheme/javascript/custom/orderList.js?m=1788319233:427
[   80723ms] [LOG] [Majribah] penerima @ https://phbidlautdemo.prahu-hub.com/_resources/themes/prahutheme/javascript/custom/orderList.js?m=1788319233:648
[   80724ms] [LOG] {ID: 1369, status_order: PACKING_LIST, JadwalID: 1711, ID_Order: 20260418-05919, dari_api: null} @ https://phbidlautdemo.prahu-hub.com/_resources/themes/prahutheme/javascript/custom/orderList.js?m=1788319233:427
[   80724ms] [LOG] [Majribah] penerima @ https://phbidlautdemo.prahu-hub.com/_resources/themes/prahutheme/javascript/custom/orderList.js?m=1788319233:648
[   80725ms] [LOG] {ID: 1368, status_order: PACKING_LIST, JadwalID: 1710, ID_Order: 20260418-05918, dari_api: null} @ https://phbidlautdemo.prahu-hub.com/_resources/themes/prahutheme/javascript/custom/orderList.js?m=1788319233:427
[   80725ms] [LOG] [Majribah] penerima @ https://phbidlautdemo.prahu-hub.com/_resources/themes/prahutheme/javascript/custom/orderList.js?m=1788319233:648
[   80725ms] [LOG] {ID: 1367, status_order: PACKING_LIST, JadwalID: 1709, ID_Order: 20260418-05917, dari_api: null} @ https://phbidlautdemo.prahu-hub.com/_resources/themes/prahutheme/javascript/custom/orderList.js?m=1788319233:427
[   80726ms] [LOG] [Majribah] penerima @ https://phbidlautdemo.prahu-hub.com/_resources/themes/prahutheme/javascript/custom/orderList.js?m=1788319233:648
[   80726ms] [LOG] {ID: 1366, status_order: PACKING_LIST, JadwalID: 1708, ID_Order: 20260418-05916, dari_api: null} @ https://phbidlautdemo.prahu-hub.com/_resources/themes/prahutheme/javascript/custom/orderList.js?m=1788319233:427
[   80726ms] [LOG] [Majribah] penerima @ https://phbidlautdemo.prahu-hub.com/_resources/themes/prahutheme/javascript/custom/orderList.js?m=1788319233:648
[   80726ms] [LOG] {ID: 1365, status_order: PACKING_LIST, JadwalID: 1711, ID_Order: 20260418-05915, dari_api: null} @ https://phbidlautdemo.prahu-hub.com/_resources/themes/prahutheme/javascript/custom/orderList.js?m=1788319233:427
[   80726ms] [LOG] [Majribah] penerima @ https://phbidlautdemo.prahu-hub.com/_resources/themes/prahutheme/javascript/custom/orderList.js?m=1788319233:648
[   80823ms] [LOG] [Object, Object, Object, Object, Object, Object, Object, Object, Object, Object, Object, Object, Object, Object, Object, Object, Object, Object, Object, Object, Object, Object, Object, Object, Object, Object, Object, Object, Object, Object, Object, Object, Object, Object, Object, Object, Object, Object, Object, Object, Object, Object, Object, Object, Object, Object, Object, Object, Object, Object, Object, Object, Object, Object, Object, Object, Object, Object, Object, Object, Object, Object, Object, Object, Object, Object, Object, Object, Object, Object, Object, Object, Object, Object, Object, Object, Object, Object, Object, Object, Object, Object, Object, Object, Object, Object, Object, Object, Object, Object, Object, Object, Object, Object, Object, Object, Object, Object, Object, Object] @ https://phbidlautdemo.prahu-hub.com/_resources/themes/prahutheme/javascript/custom/orderList.js?m=1788319233:40
[   80823ms] [LOG] {ID: 1465, status_order: KONFIRMASI_UNIT, JadwalID: 1870, ID_Order: 20260904-06501, dari_api: null} @ https://phbidlautdemo.prahu-hub.com/_resources/themes/prahutheme/javascript/custom/orderList.js?m=1788319233:46
[   80824ms] [LOG] [Manujo] penerima @ https://phbidlautdemo.prahu-hub.com/_resources/themes/prahutheme/javascript/custom/orderList.js?m=1788319233:261
[   80824ms] [LOG] {ID: 1464, status_order: PACKING_LIST, JadwalID: 1891, ID_Order: 20260829-06504, dari_api: null} @ https://phbidlautdemo.prahu-hub.com/_resources/themes/prahutheme/javascript/custom/orderList.js?m=1788319233:46
[   80824ms] [LOG] [Manujo] penerima @ https://phbidlautdemo.prahu-hub.com/_resources/themes/prahutheme/javascript/custom/orderList.js?m=1788319233:261
[   80824ms] [LOG] {ID: 1463, status_order: PENDING, JadwalID: 1868, ID_Order: 20260829-02603, dari_api: null} @ https://phbidlautdemo.prahu-hub.com/_resources/themes/prahutheme/javascript/custom/orderList.js?m=1788319233:46
[   80825ms] [LOG] [Suyanto] penerima @ https://phbidlautdemo.prahu-hub.com/_resources/themes/prahutheme/javascript/custom/orderList.js?m=1788319233:261
[   80825ms] [LOG] {ID: 1462, status_order: PENDING, JadwalID: 1863, ID_Order: 20260829-02602, dari_api: null} @ https://phbidlautdemo.prahu-hub.com/_resources/themes/prahutheme/javascript/custom/orderList.js?m=1788319233:46
[   80826ms] [LOG] [Pras Tujuan] penerima @ https://phbidlautdemo.prahu-hub.com/_resources/themes/prahutheme/javascript/custom/orderList.js?m=1788319233:261
[   80826ms] [LOG] {ID: 1461, status_order: CANCEL, JadwalID: 1869, ID_Order: 20260829-06501, dari_api: null} @ https://phbidlautdemo.prahu-hub.com/_resources/themes/prahutheme/javascript/custom/orderList.js?m=1788319233:46
[   80826ms] [LOG] [Manujo] penerima @ https://phbidlautdemo.prahu-hub.com/_resources/themes/prahutheme/javascript/custom/orderList.js?m=1788319233:261
[   80826ms] [LOG] {ID: 1460, status_order: KONFIRMASI_UNIT, JadwalID: 1862, ID_Order: 20260828-06506, dari_api: null} @ https://phbidlautdemo.prahu-hub.com/_resources/themes/prahutheme/javascript/custom/orderList.js?m=1788319233:46
[   80826ms] [LOG] [Manujo] penerima @ https://phbidlautdemo.prahu-hub.com/_resources/themes/prahutheme/javascript/custom/orderList.js?m=1788319233:261
[   80826ms] [LOG] {ID: 1459, status_order: CANCEL, JadwalID: 1846, ID_Order: 20260828-06505, dari_api: null} @ https://phbidlautdemo.prahu-hub.com/_resources/themes/prahutheme/javascript/custom/orderList.js?m=1788319233:46
[   80827ms] [LOG] [Manujo] penerima @ https://phbidlautdemo.prahu-hub.com/_resources/themes/prahutheme/javascript/custom/orderList.js?m=1788319233:261
[   80827ms] [LOG] {ID: 1458, status_order: DONE, JadwalID: 1846, ID_Order: 20260828-06504, dari_api: null} @ https://phbidlautdemo.prahu-hub.com/_resources/themes/prahutheme/javascript/custom/orderList.js?m=1788319233:46
[   80827ms] [LOG] [Manujo] penerima @ https://phbidlautdemo.prahu-hub.com/_resources/themes/prahutheme/javascript/custom/orderList.js?m=1788319233:261
[   80827ms] [LOG] {ID: 1457, status_order: PACKING_LIST, JadwalID: 1848, ID_Order: 20260828-08503, dari_api: null} @ https://phbidlautdemo.prahu-hub.com/_resources/themes/prahutheme/javascript/custom/orderList.js?m=1788319233:46
[   80827ms] [LOG] [050505500] penerima @ https://phbidlautdemo.prahu-hub.com/_resources/themes/prahutheme/javascript/custom/orderList.js?m=1788319233:261
[   80835ms] [LOG] {ID: 1456, status_order: DONE, JadwalID: 1853, ID_Order: 20260828-02602, dari_api: null} @ https://phbidlautdemo.prahu-hub.com/_resources/themes/prahutheme/javascript/custom/orderList.js?m=1788319233:46
[   80836ms] [LOG] [Pras Tujuan] penerima @ https://phbidlautdemo.prahu-hub.com/_resources/themes/prahutheme/javascript/custom/orderList.js?m=1788319233:261
[   80836ms] [LOG] {ID: 1455, status_order: DONE, JadwalID: 1848, ID_Order: 20260828-08501, dari_api: null} @ https://phbidlautdemo.prahu-hub.com/_resources/themes/prahutheme/javascript/custom/orderList.js?m=1788319233:46
[   80836ms] [LOG] [050505500] penerima @ https://phbidlautdemo.prahu-hub.com/_resources/themes/prahutheme/javascript/custom/orderList.js?m=1788319233:261
[   80836ms] [LOG] {ID: 1454, status_order: SHIPPER_VALIDATED, JadwalID: 1846, ID_Order: 20260827-06503, dari_api: null} @ https://phbidlautdemo.prahu-hub.com/_resources/themes/prahutheme/javascript/custom/orderList.js?m=1788319233:46
[   80836ms] [LOG] [Manujo] penerima @ https://phbidlautdemo.prahu-hub.com/_resources/themes/prahutheme/javascript/custom/orderList.js?m=1788319233:261
[   80836ms] [LOG] {ID: 1453, status_order: DONE, JadwalID: 1846, ID_Order: 20260827-06502, dari_api: null} @ https://phbidlautdemo.prahu-hub.com/_resources/themes/prahutheme/javascript/custom/orderList.js?m=1788319233:46
[   80837ms] [LOG] [Manujo] penerima @ https://phbidlautdemo.prahu-hub.com/_resources/themes/prahutheme/javascript/custom/orderList.js?m=1788319233:261
[   80837ms] [LOG] {ID: 1452, status_order: DONE, JadwalID: 1844, ID_Order: 20260827-06501, dari_api: null} @ https://phbidlautdemo.prahu-hub.com/_resources/themes/prahutheme/javascript/custom/orderList.js?m=1788319233:46
[   80837ms] [LOG] [Ik Bitung] penerima @ https://phbidlautdemo.prahu-hub.com/_resources/themes/prahutheme/javascript/custom/orderList.js?m=1788319233:261
[   80837ms] [LOG] {ID: 1451, status_order: DONE, JadwalID: 1845, ID_Order: 20260826-06507, dari_api: null} @ https://phbidlautdemo.prahu-hub.com/_resources/themes/prahutheme/javascript/custom/orderList.js?m=1788319233:46
[   80837ms] [LOG] [Ik Bitung] penerima @ https://phbidlautdemo.prahu-hub.com/_resources/themes/prahutheme/javascript/custom/orderList.js?m=1788319233:261
[   80837ms] [LOG] {ID: 1450, status_order: PENDING, JadwalID: 1844, ID_Order: 20260826-06506, dari_api: null} @ https://phbidlautdemo.prahu-hub.com/_resources/themes/prahutheme/javascript/custom/orderList.js?m=1788319233:46
[   80837ms] [LOG] [Ik Bitung] penerima @ https://phbidlautdemo.prahu-hub.com/_resources/themes/prahutheme/javascript/custom/orderList.js?m=1788319233:261
[   80838ms] [LOG] {ID: 1449, status_order: DONE, JadwalID: 1839, ID_Order: 20260826-06505, dari_api: null} @ https://phbidlautdemo.prahu-hub.com/_resources/themes/prahutheme/javascript/custom/orderList.js?m=1788319233:46
[   80838ms] [LOG] [Ik Bitung] penerima @ https://phbidlautdemo.prahu-hub.com/_resources/themes/prahutheme/javascript/custom/orderList.js?m=1788319233:261
[   80838ms] [LOG] {ID: 1448, status_order: DONE, JadwalID: 1851, ID_Order: 20260826-06504, dari_api: null} @ https://phbidlautdemo.prahu-hub.com/_resources/themes/prahutheme/javascript/custom/orderList.js?m=1788319233:46
[   80838ms] [LOG] [Ik Bitung] penerima @ https://phbidlautdemo.prahu-hub.com/_resources/themes/prahutheme/javascript/custom/orderList.js?m=1788319233:261
[   80838ms] [LOG] {ID: 1447, status_order: DONE, JadwalID: 1839, ID_Order: 20260826-06503, dari_api: null} @ https://phbidlautdemo.prahu-hub.com/_resources/themes/prahutheme/javascript/custom/orderList.js?m=1788319233:46
[   80838ms] [LOG] [Ik Bitung] penerima @ https://phbidlautdemo.prahu-hub.com/_resources/themes/prahutheme/javascript/custom/orderList.js?m=1788319233:261
[   80839ms] [LOG] {ID: 1446, status_order: DONE, JadwalID: 1839, ID_Order: 20260826-06502, dari_api: null} @ https://phbidlautdemo.prahu-hub.com/_resources/themes/prahutheme/javascript/custom/orderList.js?m=1788319233:46
[   80839ms] [LOG] [Ik Bitung] penerima @ https://phbidlautdemo.prahu-hub.com/_resources/themes/prahutheme/javascript/custom/orderList.js?m=1788319233:261
[   80839ms] [LOG] {ID: 1445, status_order: DONE, JadwalID: 1839, ID_Order: 20260826-06501, dari_api: null} @ https://phbidlautdemo.prahu-hub.com/_resources/themes/prahutheme/javascript/custom/orderList.js?m=1788319233:46
[   80839ms] [LOG] [Ik Bitung] penerima @ https://phbidlautdemo.prahu-hub.com/_resources/themes/prahutheme/javascript/custom/orderList.js?m=1788319233:261
[   80839ms] [LOG] {ID: 1444, status_order: DONE, JadwalID: 1830, ID_Order: 20260822-08505, dari_api: null} @ https://phbidlautdemo.prahu-hub.com/_resources/themes/prahutheme/javascript/custom/orderList.js?m=1788319233:46
[   80839ms] [LOG] [Roni] penerima @ https://phbidlautdemo.prahu-hub.com/_resources/themes/prahutheme/javascript/custom/orderList.js?m=1788319233:261
[   80840ms] [LOG] {ID: 1443, status_order: DONE, JadwalID: 1830, ID_Order: 20260822-08504, dari_api: null} @ https://phbidlautdemo.prahu-hub.com/_resources/themes/prahutheme/javascript/custom/orderList.js?m=1788319233:46
[   80840ms] [LOG] [Roni] penerima @ https://phbidlautdemo.prahu-hub.com/_resources/themes/prahutheme/javascript/custom/orderList.js?m=1788319233:261
[   80840ms] [LOG] {ID: 1442, status_order: DONE, JadwalID: 1830, ID_Order: 20260822-08503, dari_api: null} @ https://phbidlautdemo.prahu-hub.com/_resources/themes/prahutheme/javascript/custom/orderList.js?m=1788319233:46
[   80840ms] [LOG] [Roni] penerima @ https://phbidlautdemo.prahu-hub.com/_resources/themes/prahutheme/javascript/custom/orderList.js?m=1788319233:261
[   80840ms] [LOG] {ID: 1441, status_order: DONE, JadwalID: 1835, ID_Order: 20260822-08502, dari_api: null} @ https://phbidlautdemo.prahu-hub.com/_resources/themes/prahutheme/javascript/custom/orderList.js?m=1788319233:46
[   80840ms] [LOG] [050505500] penerima @ https://phbidlautdemo.prahu-hub.com/_resources/themes/prahutheme/javascript/custom/orderList.js?m=1788319233:261
[   80840ms] [LOG] {ID: 1440, status_order: DONE, JadwalID: 1830, ID_Order: 20260822-08501, dari_api: null} @ https://phbidlautdemo.prahu-hub.com/_resources/themes/prahutheme/javascript/custom/orderList.js?m=1788319233:46
[   80841ms] [LOG] [Roni] penerima @ https://phbidlautdemo.prahu-hub.com/_resources/themes/prahutheme/javascript/custom/orderList.js?m=1788319233:261
[   80841ms] [LOG] {ID: 1439, status_order: PACKING_LIST, JadwalID: 1830, ID_Order: 20260821-08504, dari_api: null} @ https://phbidlautdemo.prahu-hub.com/_resources/themes/prahutheme/javascript/custom/orderList.js?m=1788319233:46
[   80841ms] [LOG] [Roni] penerima @ https://phbidlautdemo.prahu-hub.com/_resources/themes/prahutheme/javascript/custom/orderList.js?m=1788319233:261
[   80841ms] [LOG] {ID: 1438, status_order: KONFIRMASI_UNIT, JadwalID: 1831, ID_Order: 20260821-08503, dari_api: null} @ https://phbidlautdemo.prahu-hub.com/_resources/themes/prahutheme/javascript/custom/orderList.js?m=1788319233:46
[   80842ms] [LOG] [Roni] penerima @ https://phbidlautdemo.prahu-hub.com/_resources/themes/prahutheme/javascript/custom/orderList.js?m=1788319233:261
[   80842ms] [LOG] {ID: 1437, status_order: CANCEL, JadwalID: 1831, ID_Order: 20260821-08502, dari_api: null} @ https://phbidlautdemo.prahu-hub.com/_resources/themes/prahutheme/javascript/custom/orderList.js?m=1788319233:46
[   80842ms] [LOG] [Roni] penerima @ https://phbidlautdemo.prahu-hub.com/_resources/themes/prahutheme/javascript/custom/orderList.js?m=1788319233:261
[   80843ms] [LOG] {ID: 1436, status_order: KONFIRMASI_UNIT, JadwalID: 1831, ID_Order: 20260821-08501, dari_api: null} @ https://phbidlautdemo.prahu-hub.com/_resources/themes/prahutheme/javascript/custom/orderList.js?m=1788319233:46
[   80843ms] [LOG] [Roni] penerima @ https://phbidlautdemo.prahu-hub.com/_resources/themes/prahutheme/javascript/custom/orderList.js?m=1788319233:261
[   80843ms] [LOG] {ID: 1435, status_order: DONE, JadwalID: 1828, ID_Order: 20260820-06504, dari_api: null} @ https://phbidlautdemo.prahu-hub.com/_resources/themes/prahutheme/javascript/custom/orderList.js?m=1788319233:46
[   80843ms] [LOG] [Ik Bitung] penerima @ https://phbidlautdemo.prahu-hub.com/_resources/themes/prahutheme/javascript/custom/orderList.js?m=1788319233:261
[   80843ms] [LOG] {ID: 1434, status_order: KONFIRMASI_UNIT, JadwalID: 1829, ID_Order: 20260820-08503, dari_api: null} @ https://phbidlautdemo.prahu-hub.com/_resources/themes/prahutheme/javascript/custom/orderList.js?m=1788319233:46
[   80843ms] [LOG] [-] penerima @ https://phbidlautdemo.prahu-hub.com/_resources/themes/prahutheme/javascript/custom/orderList.js?m=1788319233:261
[   80844ms] [LOG] {ID: 1433, status_order: CANCEL, JadwalID: 1828, ID_Order: 20260820-06502, dari_api: null} @ https://phbidlautdemo.prahu-hub.com/_resources/themes/prahutheme/javascript/custom/orderList.js?m=1788319233:46
[   80844ms] [LOG] [Ik Bitung] penerima @ https://phbidlautdemo.prahu-hub.com/_resources/themes/prahutheme/javascript/custom/orderList.js?m=1788319233:261
[   80844ms] [LOG] {ID: 1432, status_order: CANCEL, JadwalID: 1824, ID_Order: 20260820-06501, dari_api: YES} @ https://phbidlautdemo.prahu-hub.com/_resources/themes/prahutheme/javascript/custom/orderList.js?m=1788319233:46
[   80844ms] [LOG] [Ik Bitung] penerima @ https://phbidlautdemo.prahu-hub.com/_resources/themes/prahutheme/javascript/custom/orderList.js?m=1788319233:261
[   80844ms] [LOG] {ID: 1431, status_order: KONFIRMASI_UNIT, JadwalID: 1819, ID_Order: 20260818-08502, dari_api: null} @ https://phbidlautdemo.prahu-hub.com/_resources/themes/prahutheme/javascript/custom/orderList.js?m=1788319233:46
[   80844ms] [LOG] [Rian] penerima @ https://phbidlautdemo.prahu-hub.com/_resources/themes/prahutheme/javascript/custom/orderList.js?m=1788319233:261
[   80844ms] [LOG] {ID: 1430, status_order: KONFIRMASI_UNIT, JadwalID: 1817, ID_Order: 20260818-08501, dari_api: null} @ https://phbidlautdemo.prahu-hub.com/_resources/themes/prahutheme/javascript/custom/orderList.js?m=1788319233:46
[   80845ms] [LOG] [Rian] penerima @ https://phbidlautdemo.prahu-hub.com/_resources/themes/prahutheme/javascript/custom/orderList.js?m=1788319233:261
[   80845ms] [LOG] {ID: 1429, status_order: DONE, JadwalID: 1815, ID_Order: 20260811-06501, dari_api: YES} @ https://phbidlautdemo.prahu-hub.com/_resources/themes/prahutheme/javascript/custom/orderList.js?m=1788319233:46
[   80845ms] [LOG] [IKHSAN JAYA, IKHSAN JAYA, IKHSAN JAYA] penerima @ https://phbidlautdemo.prahu-hub.com/_resources/themes/prahutheme/javascript/custom/orderList.js?m=1788319233:261
[   80845ms] [LOG] {ID: 1428, status_order: DONE, JadwalID: 1814, ID_Order: 20260807-06501, dari_api: YES} @ https://phbidlautdemo.prahu-hub.com/_resources/themes/prahutheme/javascript/custom/orderList.js?m=1788319233:46
[   80845ms] [LOG] [Ik Bitung] penerima @ https://phbidlautdemo.prahu-hub.com/_resources/themes/prahutheme/javascript/custom/orderList.js?m=1788319233:261
[   80846ms] [LOG] {ID: 1427, status_order: KONFIRMASI_UNIT, JadwalID: 1809, ID_Order: 20260806-06503, dari_api: YES} @ https://phbidlautdemo.prahu-hub.com/_resources/themes/prahutheme/javascript/custom/orderList.js?m=1788319233:46
[   80846ms] [LOG]  penerima @ https://phbidlautdemo.prahu-hub.com/_resources/themes/prahutheme/javascript/custom/orderList.js?m=1788319233:261
[   80846ms] [LOG] {ID: 1426, status_order: PENDING, JadwalID: 1809, ID_Order: 20260806-06502, dari_api: YES} @ https://phbidlautdemo.prahu-hub.com/_resources/themes/prahutheme/javascript/custom/orderList.js?m=1788319233:46
[   80846ms] [LOG]  penerima @ https://phbidlautdemo.prahu-hub.com/_resources/themes/prahutheme/javascript/custom/orderList.js?m=1788319233:261
[   80846ms] [LOG] {ID: 1425, status_order: PENDING, JadwalID: 1809, ID_Order: 20260806-06501, dari_api: YES} @ https://phbidlautdemo.prahu-hub.com/_resources/themes/prahutheme/javascript/custom/orderList.js?m=1788319233:46
[   80846ms] [LOG]  penerima @ https://phbidlautdemo.prahu-hub.com/_resources/themes/prahutheme/javascript/custom/orderList.js?m=1788319233:261
[   80846ms] [LOG] {ID: 1424, status_order: PACKING_LIST, JadwalID: 1806, ID_Order: 20260805-26301, dari_api: null} @ https://phbidlautdemo.prahu-hub.com/_resources/themes/prahutheme/javascript/custom/orderList.js?m=1788319233:46
[   80846ms] [LOG] [Budi] penerima @ https://phbidlautdemo.prahu-hub.com/_resources/themes/prahutheme/javascript/custom/orderList.js?m=1788319233:261
[   80846ms] [LOG] {ID: 1423, status_order: PENDING, JadwalID: 1794, ID_Order: 20260713-06503, dari_api: null} @ https://phbidlautdemo.prahu-hub.com/_resources/themes/prahutheme/javascript/custom/orderList.js?m=1788319233:46
[   80847ms] [LOG] [Ik Bitung] penerima @ https://phbidlautdemo.prahu-hub.com/_resources/themes/prahutheme/javascript/custom/orderList.js?m=1788319233:261
[   80847ms] [LOG] {ID: 1422, status_order: REJECTED, JadwalID: 1794, ID_Order: 20260713-06502, dari_api: null} @ https://phbidlautdemo.prahu-hub.com/_resources/themes/prahutheme/javascript/custom/orderList.js?m=1788319233:46
[   80847ms] [LOG] [Ik Bitung] penerima @ https://phbidlautdemo.prahu-hub.com/_resources/themes/prahutheme/javascript/custom/orderList.js?m=1788319233:261
[   80847ms] [LOG] {ID: 1421, status_order: DONE, JadwalID: 1795, ID_Order: 20260713-06501, dari_api: null} @ https://phbidlautdemo.prahu-hub.com/_resources/themes/prahutheme/javascript/custom/orderList.js?m=1788319233:46
[   80847ms] [LOG] [Ik Bitung] penerima @ https://phbidlautdemo.prahu-hub.com/_resources/themes/prahutheme/javascript/custom/orderList.js?m=1788319233:261
[   80847ms] [LOG] {ID: 1420, status_order: DONE, JadwalID: 1785, ID_Order: 20260629-06501, dari_api: null} @ https://phbidlautdemo.prahu-hub.com/_resources/themes/prahutheme/javascript/custom/orderList.js?m=1788319233:46
[   80848ms] [LOG] [PT. Perkasa Adi Makmur Sentosa, PT. Tridatu Jaya, PT. Indajaya] penerima @ https://phbidlautdemo.prahu-hub.com/_resources/themes/prahutheme/javascript/custom/orderList.js?m=1788319233:261
[   80848ms] [LOG] {ID: 1419, status_order: KONFIRMASI_UNIT, JadwalID: 1790, ID_Order: 20260627-06504, dari_api: null} @ https://phbidlautdemo.prahu-hub.com/_resources/themes/prahutheme/javascript/custom/orderList.js?m=1788319233:46
[   80848ms] [LOG] [Ik Bitung] penerima @ https://phbidlautdemo.prahu-hub.com/_resources/themes/prahutheme/javascript/custom/orderList.js?m=1788319233:261
[   80848ms] [LOG] {ID: 1418, status_order: PENDING, JadwalID: 1790, ID_Order: 20260627-06503, dari_api: null} @ https://phbidlautdemo.prahu-hub.com/_resources/themes/prahutheme/javascript/custom/orderList.js?m=1788319233:46
[   80848ms] [LOG] [Ik Bitung] penerima @ https://phbidlautdemo.prahu-hub.com/_resources/themes/prahutheme/javascript/custom/orderList.js?m=1788319233:261
[   80848ms] [LOG] {ID: 1417, status_order: CANCEL, JadwalID: 1789, ID_Order: 20260627-06502, dari_api: null} @ https://phbidlautdemo.prahu-hub.com/_resources/themes/prahutheme/javascript/custom/orderList.js?m=1788319233:46
[   80848ms] [LOG] [Ik Bitung] penerima @ https://phbidlautdemo.prahu-hub.com/_resources/themes/prahutheme/javascript/custom/orderList.js?m=1788319233:261
[   80849ms] [LOG] {ID: 1416, status_order: DONE, JadwalID: 1789, ID_Order: 20260627-06501, dari_api: YES} @ https://phbidlautdemo.prahu-hub.com/_resources/themes/prahutheme/javascript/custom/orderList.js?m=1788319233:46
[   80849ms] [LOG] [Ik Bitung] penerima @ https://phbidlautdemo.prahu-hub.com/_resources/themes/prahutheme/javascript/custom/orderList.js?m=1788319233:261
[   80849ms] [LOG] {ID: 1415, status_order: KONFIRMASI_UNIT, JadwalID: 1785, ID_Order: 20260626-06501, dari_api: null} @ https://phbidlautdemo.prahu-hub.com/_resources/themes/prahutheme/javascript/custom/orderList.js?m=1788319233:46
[   80849ms] [LOG] [PT. Perkasa Adi Makmur Sentosa, PT. Tridatu Jaya, PT. Indajaya] penerima @ https://phbidlautdemo.prahu-hub.com/_resources/themes/prahutheme/javascript/custom/orderList.js?m=1788319233:261
[   80849ms] [LOG] {ID: 1414, status_order: DONE, JadwalID: 1787, ID_Order: 20260625-02604, dari_api: null} @ https://phbidlautdemo.prahu-hub.com/_resources/themes/prahutheme/javascript/custom/orderList.js?m=1788319233:46
[   80849ms] [LOG] [PT. Astra Honda Motor, PT. Astra Yamaha Motor, PT. Astra Kawasaki Motor] penerima @ https://phbidlautdemo.prahu-hub.com/_resources/themes/prahutheme/javascript/custom/orderList.js?m=1788319233:261
[   80850ms] [LOG] {ID: 1413, status_order: CANCEL, JadwalID: 1786, ID_Order: 20260625-06503, dari_api: null} @ https://phbidlautdemo.prahu-hub.com/_resources/themes/prahutheme/javascript/custom/orderList.js?m=1788319233:46
[   80850ms] [LOG] [PT. Perkasa Adi Makmur Sentosa, PT. Tridatu Jaya, PT. Indajaya] penerima @ https://phbidlautdemo.prahu-hub.com/_resources/themes/prahutheme/javascript/custom/orderList.js?m=1788319233:261
[   80850ms] [LOG] {ID: 1412, status_order: DONE, JadwalID: 1780, ID_Order: 20260625-02602, dari_api: null} @ https://phbidlautdemo.prahu-hub.com/_resources/themes/prahutheme/javascript/custom/orderList.js?m=1788319233:46
[   80850ms] [LOG] [Suyanto] penerima @ https://phbidlautdemo.prahu-hub.com/_resources/themes/prahutheme/javascript/custom/orderList.js?m=1788319233:261
[   80850ms] [LOG] {ID: 1411, status_order: CANCEL_SHIPPED, JadwalID: 1778, ID_Order: 20260625-06501, dari_api: null} @ https://phbidlautdemo.prahu-hub.com/_resources/themes/prahutheme/javascript/custom/orderList.js?m=1788319233:46
[   80850ms] [LOG] [PT. Perkasa Adi Makmur Sentosa, PT. Tridatu Jaya, PT. Indajaya] penerima @ https://phbidlautdemo.prahu-hub.com/_resources/themes/prahutheme/javascript/custom/orderList.js?m=1788319233:261
[   80851ms] [LOG] {ID: 1410, status_order: DONE, JadwalID: 1777, ID_Order: 20260624-06501, dari_api: null} @ https://phbidlautdemo.prahu-hub.com/_resources/themes/prahutheme/javascript/custom/orderList.js?m=1788319233:46
[   80851ms] [LOG] [PT. Perkasa Adi Makmur Sentosa, PT. Tridatu Jaya, PT. Indajaya] penerima @ https://phbidlautdemo.prahu-hub.com/_resources/themes/prahutheme/javascript/custom/orderList.js?m=1788319233:261
[   80851ms] [LOG] {ID: 1408, status_order: DONE, JadwalID: 1774, ID_Order: 20260615-06501, dari_api: null} @ https://phbidlautdemo.prahu-hub.com/_resources/themes/prahutheme/javascript/custom/orderList.js?m=1788319233:46
[   80851ms] [LOG] [PIC Tujuan QA] penerima @ https://phbidlautdemo.prahu-hub.com/_resources/themes/prahutheme/javascript/custom/orderList.js?m=1788319233:261
[   80851ms] [LOG] {ID: 1407, status_order: DONE, JadwalID: 1773, ID_Order: 20260611-30801, dari_api: null} @ https://phbidlautdemo.prahu-hub.com/_resources/themes/prahutheme/javascript/custom/orderList.js?m=1788319233:46
[   80851ms] [LOG] [Eko Nugraha] penerima @ https://phbidlautdemo.prahu-hub.com/_resources/themes/prahutheme/javascript/custom/orderList.js?m=1788319233:261
[   80852ms] [LOG] {ID: 1406, status_order: DONE, JadwalID: 1760, ID_Order: 20260603-26302, dari_api: null} @ https://phbidlautdemo.prahu-hub.com/_resources/themes/prahutheme/javascript/custom/orderList.js?m=1788319233:46
[   80852ms] [LOG] [Budi] penerima @ https://phbidlautdemo.prahu-hub.com/_resources/themes/prahutheme/javascript/custom/orderList.js?m=1788319233:261
[   80852ms] [LOG] {ID: 1405, status_order: DONE, JadwalID: 1759, ID_Order: 20260603-26301, dari_api: null} @ https://phbidlautdemo.prahu-hub.com/_resources/themes/prahutheme/javascript/custom/orderList.js?m=1788319233:46
[   80852ms] [LOG] [Budi] penerima @ https://phbidlautdemo.prahu-hub.com/_resources/themes/prahutheme/javascript/custom/orderList.js?m=1788319233:261
[   80852ms] [LOG] {ID: 1404, status_order: PENDING, JadwalID: 1758, ID_Order: 20260528-06503, dari_api: null} @ https://phbidlautdemo.prahu-hub.com/_resources/themes/prahutheme/javascript/custom/orderList.js?m=1788319233:46
[   80852ms] [LOG] [PT. Perkasa Adi Makmur Sentosa, PT. Tridatu Jaya, PT. Indajaya] penerima @ https://phbidlautdemo.prahu-hub.com/_resources/themes/prahutheme/javascript/custom/orderList.js?m=1788319233:261
[   80853ms] [LOG] {ID: 1403, status_order: DONE, JadwalID: 1756, ID_Order: 20260528-06502, dari_api: null} @ https://phbidlautdemo.prahu-hub.com/_resources/themes/prahutheme/javascript/custom/orderList.js?m=1788319233:46
[   80853ms] [LOG] [PT. Perkasa Adi Makmur Sentosa, PT. Tridatu Jaya, PT. Indajaya] penerima @ https://phbidlautdemo.prahu-hub.com/_resources/themes/prahutheme/javascript/custom/orderList.js?m=1788319233:261
[   80853ms] [LOG] {ID: 1402, status_order: DONE, JadwalID: 1755, ID_Order: 20260528-06501, dari_api: null} @ https://phbidlautdemo.prahu-hub.com/_resources/themes/prahutheme/javascript/custom/orderList.js?m=1788319233:46
[   80853ms] [LOG] [PT. Perkasa Adi Makmur Sentosa, PT. Tridatu Jaya, PT. Indajaya] penerima @ https://phbidlautdemo.prahu-hub.com/_resources/themes/prahutheme/javascript/custom/orderList.js?m=1788319233:261
[   80853ms] [LOG] {ID: 1401, status_order: DONE, JadwalID: 1752, ID_Order: 20260526-02603, dari_api: null} @ https://phbidlautdemo.prahu-hub.com/_resources/themes/prahutheme/javascript/custom/orderList.js?m=1788319233:46
[   80853ms] [LOG] [Pras Tujuan] penerima @ https://phbidlautdemo.prahu-hub.com/_resources/themes/prahutheme/javascript/custom/orderList.js?m=1788319233:261
[   80853ms] [LOG] {ID: 1400, status_order: CANCEL, JadwalID: 1682, ID_Order: 20260526-02602, dari_api: null} @ https://phbidlautdemo.prahu-hub.com/_resources/themes/prahutheme/javascript/custom/orderList.js?m=1788319233:46
[   80854ms] [LOG] [Pras Tujuan] penerima @ https://phbidlautdemo.prahu-hub.com/_resources/themes/prahutheme/javascript/custom/orderList.js?m=1788319233:261
[   80854ms] [LOG] {ID: 1399, status_order: CANCEL_SHIPPED, JadwalID: 1751, ID_Order: 20260526-02601, dari_api: null} @ https://phbidlautdemo.prahu-hub.com/_resources/themes/prahutheme/javascript/custom/orderList.js?m=1788319233:46
[   80854ms] [LOG] [Pras Tujuan] penerima @ https://phbidlautdemo.prahu-hub.com/_resources/themes/prahutheme/javascript/custom/orderList.js?m=1788319233:261
[   80854ms] [LOG] {ID: 1398, status_order: CANCEL, JadwalID: 1748, ID_Order: 20260521-08506, dari_api: null} @ https://phbidlautdemo.prahu-hub.com/_resources/themes/prahutheme/javascript/custom/orderList.js?m=1788319233:46
[   80854ms] [LOG] [Farid] penerima @ https://phbidlautdemo.prahu-hub.com/_resources/themes/prahutheme/javascript/custom/orderList.js?m=1788319233:261
[   80854ms] [LOG] {ID: 1397, status_order: DONE, JadwalID: 1742, ID_Order: 20260521-27705, dari_api: null} @ https://phbidlautdemo.prahu-hub.com/_resources/themes/prahutheme/javascript/custom/orderList.js?m=1788319233:46
[   80854ms] [LOG] [Toni Kurniawan] penerima @ https://phbidlautdemo.prahu-hub.com/_resources/themes/prahutheme/javascript/custom/orderList.js?m=1788319233:261
[   80855ms] [LOG] {ID: 1396, status_order: DONE, JadwalID: 1747, ID_Order: 20260521-27704, dari_api: null} @ https://phbidlautdemo.prahu-hub.com/_resources/themes/prahutheme/javascript/custom/orderList.js?m=1788319233:46
[   80855ms] [LOG] [Toni Kurniawan] penerima @ https://phbidlautdemo.prahu-hub.com/_resources/themes/prahutheme/javascript/custom/orderList.js?m=1788319233:261
[   80855ms] [LOG] {ID: 1395, status_order: DONE, JadwalID: 1746, ID_Order: 20260521-26303, dari_api: null} @ https://phbidlautdemo.prahu-hub.com/_resources/themes/prahutheme/javascript/custom/orderList.js?m=1788319233:46
[   80855ms] [LOG] [Budi] penerima @ https://phbidlautdemo.prahu-hub.com/_resources/themes/prahutheme/javascript/custom/orderList.js?m=1788319233:261
[   80855ms] [LOG] {ID: 1394, status_order: CANCEL, JadwalID: 1736, ID_Order: 20260521-26302, dari_api: null} @ https://phbidlautdemo.prahu-hub.com/_resources/themes/prahutheme/javascript/custom/orderList.js?m=1788319233:46
[   80855ms] [LOG] [Budi] penerima @ https://phbidlautdemo.prahu-hub.com/_resources/themes/prahutheme/javascript/custom/orderList.js?m=1788319233:261
[   80855ms] [LOG] {ID: 1393, status_order: REJECTED, JadwalID: 1736, ID_Order: 20260521-26301, dari_api: null} @ https://phbidlautdemo.prahu-hub.com/_resources/themes/prahutheme/javascript/custom/orderList.js?m=1788319233:46
[   80856ms] [LOG] [Budi] penerima @ https://phbidlautdemo.prahu-hub.com/_resources/themes/prahutheme/javascript/custom/orderList.js?m=1788319233:261
[   80856ms] [LOG] {ID: 1392, status_order: DONE, JadwalID: 1740, ID_Order: 20260520-27705, dari_api: null} @ https://phbidlautdemo.prahu-hub.com/_resources/themes/prahutheme/javascript/custom/orderList.js?m=1788319233:46
[   80856ms] [LOG] [Toni Kurniawan] penerima @ https://phbidlautdemo.prahu-hub.com/_resources/themes/prahutheme/javascript/custom/orderList.js?m=1788319233:261
[   80856ms] [LOG] {ID: 1391, status_order: DONE, JadwalID: 1803, ID_Order: 20260520-26304, dari_api: null} @ https://phbidlautdemo.prahu-hub.com/_resources/themes/prahutheme/javascript/custom/orderList.js?m=1788319233:46
[   80856ms] [LOG] [Budi] penerima @ https://phbidlautdemo.prahu-hub.com/_resources/themes/prahutheme/javascript/custom/orderList.js?m=1788319233:261
[   80856ms] [LOG] {ID: 1390, status_order: DONE, JadwalID: 1735, ID_Order: 20260520-26303, dari_api: null} @ https://phbidlautdemo.prahu-hub.com/_resources/themes/prahutheme/javascript/custom/orderList.js?m=1788319233:46
[   80857ms] [LOG] [Budi] penerima @ https://phbidlautdemo.prahu-hub.com/_resources/themes/prahutheme/javascript/custom/orderList.js?m=1788319233:261
[   80857ms] [LOG] {ID: 1389, status_order: DONE, JadwalID: 1717, ID_Order: 20260520-27702, dari_api: null} @ https://phbidlautdemo.prahu-hub.com/_resources/themes/prahutheme/javascript/custom/orderList.js?m=1788319233:46
[   80857ms] [LOG] [Toni Kurniawan] penerima @ https://phbidlautdemo.prahu-hub.com/_resources/themes/prahutheme/javascript/custom/orderList.js?m=1788319233:261
[   80857ms] [LOG] {ID: 1388, status_order: DONE, JadwalID: 1732, ID_Order: 20260520-26301, dari_api: null} @ https://phbidlautdemo.prahu-hub.com/_resources/themes/prahutheme/javascript/custom/orderList.js?m=1788319233:46
[   80857ms] [LOG] [Budi] penerima @ https://phbidlautdemo.prahu-hub.com/_resources/themes/prahutheme/javascript/custom/orderList.js?m=1788319233:261
[   80857ms] [LOG] {ID: 1387, status_order: DONE, JadwalID: 1731, ID_Order: 20260518-08503, dari_api: null} @ https://phbidlautdemo.prahu-hub.com/_resources/themes/prahutheme/javascript/custom/orderList.js?m=1788319233:46
[   80857ms] [LOG] [a, =] penerima @ https://phbidlautdemo.prahu-hub.com/_resources/themes/prahutheme/javascript/custom/orderList.js?m=1788319233:261
[   80858ms] [LOG] {ID: 1386, status_order: CANCEL, JadwalID: 1730, ID_Order: 20260518-08502, dari_api: null} @ https://phbidlautdemo.prahu-hub.com/_resources/themes/prahutheme/javascript/custom/orderList.js?m=1788319233:46
[   80858ms] [LOG] [a, =] penerima @ https://phbidlautdemo.prahu-hub.com/_resources/themes/prahutheme/javascript/custom/orderList.js?m=1788319233:261
[   80859ms] [LOG] {ID: 1385, status_order: REJECTED, JadwalID: 1730, ID_Order: 20260518-08501, dari_api: null} @ https://phbidlautdemo.prahu-hub.com/_resources/themes/prahutheme/javascript/custom/orderList.js?m=1788319233:46
[   80859ms] [LOG] [a, www] penerima @ https://phbidlautdemo.prahu-hub.com/_resources/themes/prahutheme/javascript/custom/orderList.js?m=1788319233:261
[   80859ms] [LOG] {ID: 1384, status_order: DONE, JadwalID: 1727, ID_Order: 20260516-08501, dari_api: null} @ https://phbidlautdemo.prahu-hub.com/_resources/themes/prahutheme/javascript/custom/orderList.js?m=1788319233:46
[   80859ms] [LOG] [iuytr] penerima @ https://phbidlautdemo.prahu-hub.com/_resources/themes/prahutheme/javascript/custom/orderList.js?m=1788319233:261
[   80859ms] [LOG] {ID: 1383, status_order: CANCEL_SHIPPED, JadwalID: 1716, ID_Order: 20260505-27701, dari_api: null} @ https://phbidlautdemo.prahu-hub.com/_resources/themes/prahutheme/javascript/custom/orderList.js?m=1788319233:46
[   80860ms] [LOG] [Toni Kurniawan] penerima @ https://phbidlautdemo.prahu-hub.com/_resources/themes/prahutheme/javascript/custom/orderList.js?m=1788319233:261
[   80860ms] [LOG] {ID: 1382, status_order: DONE, JadwalID: 1718, ID_Order: 20260427-06502, dari_api: null} @ https://phbidlautdemo.prahu-hub.com/_resources/themes/prahutheme/javascript/custom/orderList.js?m=1788319233:46
[   80860ms] [LOG] [PT. Indomarco Prismatama - Jl. Lintas Sumatera Kel…1 || Pak Hariadi - Ketua TKBM Stabat 082166285795, Stock Point Indogrosir Mdn 1 (MEGAH DAYA INTI HARA…n Krio, Kel. Sunggal Deli Serdang, Sumatera Utara, CV. ALTAQNIA BANGKA ENGINEERING Simpang BTN, Jl. T…mali, Kabupaten Bangka, Kepulauan Bangka Belitung] penerima @ https://phbidlautdemo.prahu-hub.com/_resources/themes/prahutheme/javascript/custom/orderList.js?m=1788319233:261
[   80860ms] [LOG] {ID: 1381, status_order: DONE, JadwalID: 1718, ID_Order: 20260427-06501, dari_api: null} @ https://phbidlautdemo.prahu-hub.com/_resources/themes/prahutheme/javascript/custom/orderList.js?m=1788319233:46
[   80860ms] [LOG] [PT. Perkasa Adi Makmur Sentosa, PT. Tridatu Jaya, PT. Indajaya] penerima @ https://phbidlautdemo.prahu-hub.com/_resources/themes/prahutheme/javascript/custom/orderList.js?m=1788319233:261
[   80860ms] [LOG] {ID: 1380, status_order: DONE, JadwalID: 1717, ID_Order: 20260425-27702, dari_api: null} @ https://phbidlautdemo.prahu-hub.com/_resources/themes/prahutheme/javascript/custom/orderList.js?m=1788319233:46
[   80861ms] [LOG] [Toni Kurniawan] penerima @ https://phbidlautdemo.prahu-hub.com/_resources/themes/prahutheme/javascript/custom/orderList.js?m=1788319233:261
[   80861ms] [LOG] {ID: 1379, status_order: DONE, JadwalID: 1716, ID_Order: 20260425-27701, dari_api: null} @ https://phbidlautdemo.prahu-hub.com/_resources/themes/prahutheme/javascript/custom/orderList.js?m=1788319233:46
[   80861ms] [LOG] [Toni Kurniawan] penerima @ https://phbidlautdemo.prahu-hub.com/_resources/themes/prahutheme/javascript/custom/orderList.js?m=1788319233:261
[   80861ms] [LOG] {ID: 1378, status_order: SHIPPER_VALIDATED, JadwalID: 1715, ID_Order: 20260423-26301, dari_api: null} @ https://phbidlautdemo.prahu-hub.com/_resources/themes/prahutheme/javascript/custom/orderList.js?m=1788319233:46
[   80861ms] [LOG] [Budi] penerima @ https://phbidlautdemo.prahu-hub.com/_resources/themes/prahutheme/javascript/custom/orderList.js?m=1788319233:261
[   80861ms] [LOG] {ID: 1377, status_order: KONFIRMASI_UNIT, JadwalID: 1715, ID_Order: 20260421-26304, dari_api: null} @ https://phbidlautdemo.prahu-hub.com/_resources/themes/prahutheme/javascript/custom/orderList.js?m=1788319233:46
[   80861ms] [LOG] [Budi] penerima @ https://phbidlautdemo.prahu-hub.com/_resources/themes/prahutheme/javascript/custom/orderList.js?m=1788319233:261
[   80862ms] [LOG] {ID: 1376, status_order: DONE, JadwalID: 1702, ID_Order: 20260421-06503, dari_api: null} @ https://phbidlautdemo.prahu-hub.com/_resources/themes/prahutheme/javascript/custom/orderList.js?m=1788319233:46
[   80862ms] [LOG] [Ik Bitung] penerima @ https://phbidlautdemo.prahu-hub.com/_resources/themes/prahutheme/javascript/custom/orderList.js?m=1788319233:261
[   80862ms] [LOG] {ID: 1375, status_order: SHIPPER_VALIDATED, JadwalID: 1702, ID_Order: 20260421-06502, dari_api: null} @ https://phbidlautdemo.prahu-hub.com/_resources/themes/prahutheme/javascript/custom/orderList.js?m=1788319233:46
[   80862ms] [LOG] [Ik Bitung] penerima @ https://phbidlautdemo.prahu-hub.com/_resources/themes/prahutheme/javascript/custom/orderList.js?m=1788319233:261
[   80862ms] [LOG] {ID: 1374, status_order: KONFIRMASI_UNIT, JadwalID: 1715, ID_Order: 20260421-26301, dari_api: null} @ https://phbidlautdemo.prahu-hub.com/_resources/themes/prahutheme/javascript/custom/orderList.js?m=1788319233:46
[   80862ms] [LOG] [Budi] penerima @ https://phbidlautdemo.prahu-hub.com/_resources/themes/prahutheme/javascript/custom/orderList.js?m=1788319233:261
[   80863ms] [LOG] {ID: 1373, status_order: DONE, JadwalID: 1702, ID_Order: 20260420-06501, dari_api: null} @ https://phbidlautdemo.prahu-hub.com/_resources/themes/prahutheme/javascript/custom/orderList.js?m=1788319233:46
[   80863ms] [LOG] [Ik Bitung] penerima @ https://phbidlautdemo.prahu-hub.com/_resources/themes/prahutheme/javascript/custom/orderList.js?m=1788319233:261
[   80863ms] [LOG] {ID: 1372, status_order: SHIPPER_VALIDATED, JadwalID: 1710, ID_Order: 20260418-05922, dari_api: null} @ https://phbidlautdemo.prahu-hub.com/_resources/themes/prahutheme/javascript/custom/orderList.js?m=1788319233:46
[   80863ms] [LOG] [Majribah] penerima @ https://phbidlautdemo.prahu-hub.com/_resources/themes/prahutheme/javascript/custom/orderList.js?m=1788319233:261
[   80863ms] [LOG] {ID: 1371, status_order: PACKING_LIST, JadwalID: 1709, ID_Order: 20260418-05921, dari_api: null} @ https://phbidlautdemo.prahu-hub.com/_resources/themes/prahutheme/javascript/custom/orderList.js?m=1788319233:46
[   80863ms] [LOG] [Majribah] penerima @ https://phbidlautdemo.prahu-hub.com/_resources/themes/prahutheme/javascript/custom/orderList.js?m=1788319233:261
[   80864ms] [LOG] {ID: 1370, status_order: PACKING_LIST, JadwalID: 1708, ID_Order: 20260418-05920, dari_api: null} @ https://phbidlautdemo.prahu-hub.com/_resources/themes/prahutheme/javascript/custom/orderList.js?m=1788319233:46
[   80864ms] [LOG] [Majribah] penerima @ https://phbidlautdemo.prahu-hub.com/_resources/themes/prahutheme/javascript/custom/orderList.js?m=1788319233:261
[   80864ms] [LOG] {ID: 1369, status_order: PACKING_LIST, JadwalID: 1711, ID_Order: 20260418-05919, dari_api: null} @ https://phbidlautdemo.prahu-hub.com/_resources/themes/prahutheme/javascript/custom/orderList.js?m=1788319233:46
[   80864ms] [LOG] [Majribah] penerima @ https://phbidlautdemo.prahu-hub.com/_resources/themes/prahutheme/javascript/custom/orderList.js?m=1788319233:261
[   80864ms] [LOG] {ID: 1368, status_order: PACKING_LIST, JadwalID: 1710, ID_Order: 20260418-05918, dari_api: null} @ https://phbidlautdemo.prahu-hub.com/_resources/themes/prahutheme/javascript/custom/orderList.js?m=1788319233:46
[   80864ms] [LOG] [Majribah] penerima @ https://phbidlautdemo.prahu-hub.com/_resources/themes/prahutheme/javascript/custom/orderList.js?m=1788319233:261
[   80865ms] [LOG] {ID: 1367, status_order: PACKING_LIST, JadwalID: 1709, ID_Order: 20260418-05917, dari_api: null} @ https://phbidlautdemo.prahu-hub.com/_resources/themes/prahutheme/javascript/custom/orderList.js?m=1788319233:46
[   80865ms] [LOG] [Majribah] penerima @ https://phbidlautdemo.prahu-hub.com/_resources/themes/prahutheme/javascript/custom/orderList.js?m=1788319233:261
[   80865ms] [LOG] {ID: 1366, status_order: PACKING_LIST, JadwalID: 1708, ID_Order: 20260418-05916, dari_api: null} @ https://phbidlautdemo.prahu-hub.com/_resources/themes/prahutheme/javascript/custom/orderList.js?m=1788319233:46
[   80865ms] [LOG] [Majribah] penerima @ https://phbidlautdemo.prahu-hub.com/_resources/themes/prahutheme/javascript/custom/orderList.js?m=1788319233:261
[   80865ms] [LOG] {ID: 1365, status_order: PACKING_LIST, JadwalID: 1711, ID_Order: 20260418-05915, dari_api: null} @ https://phbidlautdemo.prahu-hub.com/_resources/themes/prahutheme/javascript/custom/orderList.js?m=1788319233:46
[   80865ms] [LOG] [Majribah] penerima @ https://phbidlautdemo.prahu-hub.com/_resources/themes/prahutheme/javascript/custom/orderList.js?m=1788319233:261
[   80948ms] [LOG] 1453 @ https://phbidlautdemo.prahu-hub.com/_resources/themes/prahutheme/javascript/custom/orderList.js?m=1788319233:916
[   80948ms] [LOG] 1453 countView1 1 pageNow 100 limitView1 @ https://phbidlautdemo.prahu-hub.com/_resources/themes/prahutheme/javascript/custom/orderList.js?m=1788319233:918
[   80948ms] [LOG] 100 @ https://phbidlautdemo.prahu-hub.com/_resources/themes/prahutheme/javascript/custom/orderList.js?m=1788319233:924
[   80948ms] [LOG] 1453 jumlah data @ https://phbidlautdemo.prahu-hub.com/_resources/themes/prahutheme/javascript/custom/orderList.js?m=1788319233:879
[   80948ms] [LOG] 15 @ https://phbidlautdemo.prahu-hub.com/_resources/themes/prahutheme/javascript/custom/orderList.js?m=1788319233:881
[   80948ms] [LOG] 15 1 pageCount & pageNow @ https://phbidlautdemo.prahu-hub.com/_resources/themes/prahutheme/javascript/custom/orderList.js?m=1788319233:810
[   80950ms] [LOG] 200 xhrglobal @ https://phbidlautdemo.prahu-hub.com/order/orderlist:8566
[   89461ms] [LOG] Connected @ https://phbidlautdemo.prahu-hub.com/order/orderlist:8685
[  171720ms] [LOG] Connected @ https://phbidlautdemo.prahu-hub.com/order/orderlist:8685
[  182326ms] [LOG] Connected @ https://phbidlautdemo.prahu-hub.com/order/orderlist:8685
[  197024ms] [LOG] Connected @ https://phbidlautdemo.prahu-hub.com/order/orderlist:8685
[  199806ms] [LOG] Connected @ https://phbidlautdemo.prahu-hub.com/order/orderlist:8685
[  213503ms] [LOG] Connected @ https://phbidlautdemo.prahu-hub.com/order/orderlist:8685
[  222680ms] [LOG] Connected @ https://phbidlautdemo.prahu-hub.com/order/orderlist:8685
[  232297ms] [LOG] Connected @ https://phbidlautdemo.prahu-hub.com/order/orderlist:8685
[  248299ms] [LOG] Connected @ https://phbidlautdemo.prahu-hub.com/order/orderlist:8685
[  256214ms] [LOG] Connected @ https://phbidlautdemo.prahu-hub.com/order/orderlist:8685
[  273786ms] [LOG] Connected @ https://phbidlautdemo.prahu-hub.com/order/orderlist:8685
[  275848ms] [LOG] Connected @ https://phbidlautdemo.prahu-hub.com/order/orderlist:8685
[  290351ms] [LOG] Connected @ https://phbidlautdemo.prahu-hub.com/order/orderlist:8685
[  312143ms] [LOG] Connected @ https://phbidlautdemo.prahu-hub.com/order/orderlist:8685
[  313431ms] [LOG] Connected @ https://phbidlautdemo.prahu-hub.com/order/orderlist:8685
[  316726ms] [LOG] 2 @ https://phbidlautdemo.prahu-hub.com/_resources/themes/prahutheme/javascript/custom/orderList.js?m=1788319233:1891
[  316726ms] [LOG] 1453 jumlah data @ https://phbidlautdemo.prahu-hub.com/_resources/themes/prahutheme/javascript/custom/orderList.js?m=1788319233:879
[  316727ms] [LOG] 15 @ https://phbidlautdemo.prahu-hub.com/_resources/themes/prahutheme/javascript/custom/orderList.js?m=1788319233:881
[  316727ms] [LOG] 15 2 pageCount & pageNow @ https://phbidlautdemo.prahu-hub.com/_resources/themes/prahutheme/javascript/custom/orderList.js?m=1788319233:810
[  316728ms] [LOG] 1453 @ https://phbidlautdemo.prahu-hub.com/_resources/themes/prahutheme/javascript/custom/orderList.js?m=1788319233:916
[  316728ms] [LOG] 1453 countView1 2 pageNow 100 limitView1 @ https://phbidlautdemo.prahu-hub.com/_resources/themes/prahutheme/javascript/custom/orderList.js?m=1788319233:918
[  316728ms] [LOG] 200 @ https://phbidlautdemo.prahu-hub.com/_resources/themes/prahutheme/javascript/custom/orderList.js?m=1788319233:924
[  316729ms] [LOG] 2 @ https://phbidlautdemo.prahu-hub.com/_resources/themes/prahutheme/javascript/custom/orderList.js?m=1788319233:939
[  316731ms] [LOG] 100 @ https://phbidlautdemo.prahu-hub.com/_resources/themes/prahutheme/javascript/custom/orderList.js?m=1788319233:940
[  320413ms] [LOG] Connected @ https://phbidlautdemo.prahu-hub.com/order/orderlist:8685
[  329625ms] [LOG] datanya100 @ https://phbidlautdemo.prahu-hub.com/_resources/themes/prahutheme/javascript/custom/orderList.js?m=1788319233:986
[  329628ms] [LOG] [Object, Object, Object, Object, Object, Object, Object, Object, Object, Object, Object, Object, Object, Object, Object, Object, Object, Object, Object, Object, Object, Object, Object, Object, Object, Object, Object, Object, Object, Object, Object, Object, Object, Object, Object, Object, Object, Object, Object, Object, Object, Object, Object, Object, Object, Object, Object, Object, Object, Object, Object, Object, Object, Object, Object, Object, Object, Object, Object, Object, Object, Object, Object, Object, Object, Object, Object, Object, Object, Object, Object, Object, Object, Object, Object, Object, Object, Object, Object, Object, Object, Object, Object, Object, Object, Object, Object, Object, Object, Object, Object, Object, Object, Object, Object, Object, Object, Object, Object, Object] @ https://phbidlautdemo.prahu-hub.com/_resources/themes/prahutheme/javascript/custom/orderList.js?m=1788319233:421
[  329630ms] [LOG] {ID: 1364, status_order: PACKING_LIST, JadwalID: 1710, ID_Order: 20260418-05914, dari_api: null} @ https://phbidlautdemo.prahu-hub.com/_resources/themes/prahutheme/javascript/custom/orderList.js?m=1788319233:427
[  329630ms] [LOG] [Majribah] penerima @ https://phbidlautdemo.prahu-hub.com/_resources/themes/prahutheme/javascript/custom/orderList.js?m=1788319233:648
[  329630ms] [LOG] {ID: 1363, status_order: PACKING_LIST, JadwalID: 1709, ID_Order: 20260418-05913, dari_api: null} @ https://phbidlautdemo.prahu-hub.com/_resources/themes/prahutheme/javascript/custom/orderList.js?m=1788319233:427
[  329633ms] [LOG] [Majribah] penerima @ https://phbidlautdemo.prahu-hub.com/_resources/themes/prahutheme/javascript/custom/orderList.js?m=1788319233:648
[  329633ms] [LOG] {ID: 1362, status_order: PACKING_LIST, JadwalID: 1708, ID_Order: 20260418-05912, dari_api: null} @ https://phbidlautdemo.prahu-hub.com/_resources/themes/prahutheme/javascript/custom/orderList.js?m=1788319233:427
[  329634ms] [LOG] [Majribah] penerima @ https://phbidlautdemo.prahu-hub.com/_resources/themes/prahutheme/javascript/custom/orderList.js?m=1788319233:648
[  329635ms] [LOG] {ID: 1361, status_order: PACKING_LIST, JadwalID: 1711, ID_Order: 20260418-05911, dari_api: null} @ https://phbidlautdemo.prahu-hub.com/_resources/themes/prahutheme/javascript/custom/orderList.js?m=1788319233:427
[  329635ms] [LOG] [Majribah] penerima @ https://phbidlautdemo.prahu-hub.com/_resources/themes/prahutheme/javascript/custom/orderList.js?m=1788319233:648
[  329637ms] [LOG] {ID: 1360, status_order: PACKING_LIST, JadwalID: 1710, ID_Order: 20260418-05910, dari_api: null} @ https://phbidlautdemo.prahu-hub.com/_resources/themes/prahutheme/javascript/custom/orderList.js?m=1788319233:427
[  329638ms] [LOG] [Majribah] penerima @ https://phbidlautdemo.prahu-hub.com/_resources/themes/prahutheme/javascript/custom/orderList.js?m=1788319233:648
[  329638ms] [LOG] {ID: 1359, status_order: PACKING_LIST, JadwalID: 1709, ID_Order: 20260418-05909, dari_api: null} @ https://phbidlautdemo.prahu-hub.com/_resources/themes/prahutheme/javascript/custom/orderList.js?m=1788319233:427
[  329639ms] [LOG] [Majribah] penerima @ https://phbidlautdemo.prahu-hub.com/_resources/themes/prahutheme/javascript/custom/orderList.js?m=1788319233:648
[  329639ms] [LOG] {ID: 1358, status_order: PACKING_LIST, JadwalID: 1708, ID_Order: 20260418-05908, dari_api: null} @ https://phbidlautdemo.prahu-hub.com/_resources/themes/prahutheme/javascript/custom/orderList.js?m=1788319233:427
[  329640ms] [LOG] [Majribah] penerima @ https://phbidlautdemo.prahu-hub.com/_resources/themes/prahutheme/javascript/custom/orderList.js?m=1788319233:648
[  329641ms] [LOG] {ID: 1357, status_order: PACKING_LIST, JadwalID: 1711, ID_Order: 20260418-05907, dari_api: null} @ https://phbidlautdemo.prahu-hub.com/_resources/themes/prahutheme/javascript/custom/orderList.js?m=1788319233:427
[  329641ms] [LOG] [Majribah] penerima @ https://phbidlautdemo.prahu-hub.com/_resources/themes/prahutheme/javascript/custom/orderList.js?m=1788319233:648
[  329642ms] [LOG] {ID: 1356, status_order: PACKING_LIST, JadwalID: 1710, ID_Order: 20260418-05906, dari_api: null} @ https://phbidlautdemo.prahu-hub.com/_resources/themes/prahutheme/javascript/custom/orderList.js?m=1788319233:427
[  329642ms] [LOG] [Majribah] penerima @ https://phbidlautdemo.prahu-hub.com/_resources/themes/prahutheme/javascript/custom/orderList.js?m=1788319233:648
[  329643ms] [LOG] {ID: 1355, status_order: PACKING_LIST, JadwalID: 1709, ID_Order: 20260418-05905, dari_api: null} @ https://phbidlautdemo.prahu-hub.com/_resources/themes/prahutheme/javascript/custom/orderList.js?m=1788319233:427
[  329643ms] [LOG] [Majribah] penerima @ https://phbidlautdemo.prahu-hub.com/_resources/themes/prahutheme/javascript/custom/orderList.js?m=1788319233:648
[  329643ms] [LOG] {ID: 1354, status_order: PACKING_LIST, JadwalID: 1708, ID_Order: 20260418-05904, dari_api: null} @ https://phbidlautdemo.prahu-hub.com/_resources/themes/prahutheme/javascript/custom/orderList.js?m=1788319233:427
[  329644ms] [LOG] [Majribah] penerima @ https://phbidlautdemo.prahu-hub.com/_resources/themes/prahutheme/javascript/custom/orderList.js?m=1788319233:648
[  329644ms] [LOG] {ID: 1353, status_order: PACKING_LIST, JadwalID: 1711, ID_Order: 20260418-05903, dari_api: null} @ https://phbidlautdemo.prahu-hub.com/_resources/themes/prahutheme/javascript/custom/orderList.js?m=1788319233:427
[  329644ms] [LOG] [Majribah] penerima @ https://phbidlautdemo.prahu-hub.com/_resources/themes/prahutheme/javascript/custom/orderList.js?m=1788319233:648
[  329645ms] [LOG] {ID: 1352, status_order: PACKING_LIST, JadwalID: 1710, ID_Order: 20260418-05902, dari_api: null} @ https://phbidlautdemo.prahu-hub.com/_resources/themes/prahutheme/javascript/custom/orderList.js?m=1788319233:427
[  329645ms] [LOG] [Majribah] penerima @ https://phbidlautdemo.prahu-hub.com/_resources/themes/prahutheme/javascript/custom/orderList.js?m=1788319233:648
[  329645ms] [LOG] {ID: 1351, status_order: PACKING_LIST, JadwalID: 1709, ID_Order: 20260418-05901, dari_api: null} @ https://phbidlautdemo.prahu-hub.com/_resources/themes/prahutheme/javascript/custom/orderList.js?m=1788319233:427
[  329646ms] [LOG] [Majribah] penerima @ https://phbidlautdemo.prahu-hub.com/_resources/themes/prahutheme/javascript/custom/orderList.js?m=1788319233:648
[  329646ms] [LOG] {ID: 1350, status_order: PACKING_LIST, JadwalID: 1709, ID_Order: 20260417-05917, dari_api: null} @ https://phbidlautdemo.prahu-hub.com/_resources/themes/prahutheme/javascript/custom/orderList.js?m=1788319233:427
[  329646ms] [LOG] [Majribah] penerima @ https://phbidlautdemo.prahu-hub.com/_resources/themes/prahutheme/javascript/custom/orderList.js?m=1788319233:648
[  329647ms] [LOG] {ID: 1349, status_order: PACKING_LIST, JadwalID: 1711, ID_Order: 20260417-05916, dari_api: null} @ https://phbidlautdemo.prahu-hub.com/_resources/themes/prahutheme/javascript/custom/orderList.js?m=1788319233:427
[  329647ms] [LOG] [Majribah] penerima @ https://phbidlautdemo.prahu-hub.com/_resources/themes/prahutheme/javascript/custom/orderList.js?m=1788319233:648
[  329650ms] [LOG] {ID: 1348, status_order: PACKING_LIST, JadwalID: 1709, ID_Order: 20260417-05915, dari_api: null} @ https://phbidlautdemo.prahu-hub.com/_resources/themes/prahutheme/javascript/custom/orderList.js?m=1788319233:427
[  329650ms] [LOG] [Majribah] penerima @ https://phbidlautdemo.prahu-hub.com/_resources/themes/prahutheme/javascript/custom/orderList.js?m=1788319233:648
[  329651ms] [LOG] {ID: 1347, status_order: PACKING_LIST, JadwalID: 1708, ID_Order: 20260417-05914, dari_api: null} @ https://phbidlautdemo.prahu-hub.com/_resources/themes/prahutheme/javascript/custom/orderList.js?m=1788319233:427
[  329651ms] [LOG] [Majribah] penerima @ https://phbidlautdemo.prahu-hub.com/_resources/themes/prahutheme/javascript/custom/orderList.js?m=1788319233:648
[  329652ms] [LOG] {ID: 1346, status_order: PACKING_LIST, JadwalID: 1709, ID_Order: 20260417-05913, dari_api: null} @ https://phbidlautdemo.prahu-hub.com/_resources/themes/prahutheme/javascript/custom/orderList.js?m=1788319233:427
[  329653ms] [LOG] [Majribah] penerima @ https://phbidlautdemo.prahu-hub.com/_resources/themes/prahutheme/javascript/custom/orderList.js?m=1788319233:648
[  329653ms] [LOG] {ID: 1345, status_order: PACKING_LIST, JadwalID: 1708, ID_Order: 20260417-05912, dari_api: null} @ https://phbidlautdemo.prahu-hub.com/_resources/themes/prahutheme/javascript/custom/orderList.js?m=1788319233:427
[  329654ms] [LOG] [Majribah] penerima @ https://phbidlautdemo.prahu-hub.com/_resources/themes/prahutheme/javascript/custom/orderList.js?m=1788319233:648
[  329654ms] [LOG] {ID: 1344, status_order: PACKING_LIST, JadwalID: 1708, ID_Order: 20260417-05911, dari_api: null} @ https://phbidlautdemo.prahu-hub.com/_resources/themes/prahutheme/javascript/custom/orderList.js?m=1788319233:427
[  329654ms] [LOG] [Majribah] penerima @ https://phbidlautdemo.prahu-hub.com/_resources/themes/prahutheme/javascript/custom/orderList.js?m=1788319233:648
[  329655ms] [LOG] {ID: 1343, status_order: PACKING_LIST, JadwalID: 1709, ID_Order: 20260417-05910, dari_api: null} @ https://phbidlautdemo.prahu-hub.com/_resources/themes/prahutheme/javascript/custom/orderList.js?m=1788319233:427
[  329655ms] [LOG] [Majribah] penerima @ https://phbidlautdemo.prahu-hub.com/_resources/themes/prahutheme/javascript/custom/orderList.js?m=1788319233:648
[  329656ms] [LOG] {ID: 1342, status_order: PACKING_LIST, JadwalID: 1708, ID_Order: 20260417-05909, dari_api: null} @ https://phbidlautdemo.prahu-hub.com/_resources/themes/prahutheme/javascript/custom/orderList.js?m=1788319233:427
[  329656ms] [LOG] [Majribah] penerima @ https://phbidlautdemo.prahu-hub.com/_resources/themes/prahutheme/javascript/custom/orderList.js?m=1788319233:648
[  329656ms] [LOG] {ID: 1341, status_order: PACKING_LIST, JadwalID: 1708, ID_Order: 20260417-05908, dari_api: null} @ https://phbidlautdemo.prahu-hub.com/_resources/themes/prahutheme/javascript/custom/orderList.js?m=1788319233:427
[  329656ms] [LOG] [Majribah] penerima @ https://phbidlautdemo.prahu-hub.com/_resources/themes/prahutheme/javascript/custom/orderList.js?m=1788319233:648
[  329657ms] [LOG] {ID: 1340, status_order: PACKING_LIST, JadwalID: 1709, ID_Order: 20260417-05907, dari_api: null} @ https://phbidlautdemo.prahu-hub.com/_resources/themes/prahutheme/javascript/custom/orderList.js?m=1788319233:427
[  329657ms] [LOG] [Majribah] penerima @ https://phbidlautdemo.prahu-hub.com/_resources/themes/prahutheme/javascript/custom/orderList.js?m=1788319233:648
[  329657ms] [LOG] {ID: 1339, status_order: PACKING_LIST, JadwalID: 1708, ID_Order: 20260417-05906, dari_api: null} @ https://phbidlautdemo.prahu-hub.com/_resources/themes/prahutheme/javascript/custom/orderList.js?m=1788319233:427
[  329658ms] [LOG] [Majribah] penerima @ https://phbidlautdemo.prahu-hub.com/_resources/themes/prahutheme/javascript/custom/orderList.js?m=1788319233:648
[  329658ms] [LOG] {ID: 1338, status_order: PACKING_LIST, JadwalID: 1709, ID_Order: 20260417-05905, dari_api: null} @ https://phbidlautdemo.prahu-hub.com/_resources/themes/prahutheme/javascript/custom/orderList.js?m=1788319233:427
[  329658ms] [LOG] [Majribah] penerima @ https://phbidlautdemo.prahu-hub.com/_resources/themes/prahutheme/javascript/custom/orderList.js?m=1788319233:648
[  329658ms] [LOG] {ID: 1337, status_order: PACKING_LIST, JadwalID: 1708, ID_Order: 20260417-05904, dari_api: null} @ https://phbidlautdemo.prahu-hub.com/_resources/themes/prahutheme/javascript/custom/orderList.js?m=1788319233:427
[  329659ms] [LOG] [Majribah] penerima @ https://phbidlautdemo.prahu-hub.com/_resources/themes/prahutheme/javascript/custom/orderList.js?m=1788319233:648
[  329659ms] [LOG] {ID: 1336, status_order: PACKING_LIST, JadwalID: 1709, ID_Order: 20260417-05903, dari_api: null} @ https://phbidlautdemo.prahu-hub.com/_resources/themes/prahutheme/javascript/custom/orderList.js?m=1788319233:427
[  329659ms] [LOG] [Majribah] penerima @ https://phbidlautdemo.prahu-hub.com/_resources/themes/prahutheme/javascript/custom/orderList.js?m=1788319233:648
[  329659ms] [LOG] {ID: 1335, status_order: PACKING_LIST, JadwalID: 1708, ID_Order: 20260417-05902, dari_api: null} @ https://phbidlautdemo.prahu-hub.com/_resources/themes/prahutheme/javascript/custom/orderList.js?m=1788319233:427
[  329660ms] [LOG] [Majribah] penerima @ https://phbidlautdemo.prahu-hub.com/_resources/themes/prahutheme/javascript/custom/orderList.js?m=1788319233:648
[  329660ms] [LOG] {ID: 1334, status_order: PACKING_LIST, JadwalID: 1709, ID_Order: 20260417-05901, dari_api: null} @ https://phbidlautdemo.prahu-hub.com/_resources/themes/prahutheme/javascript/custom/orderList.js?m=1788319233:427
[  329660ms] [LOG] [Majribah] penerima @ https://phbidlautdemo.prahu-hub.com/_resources/themes/prahutheme/javascript/custom/orderList.js?m=1788319233:648
[  329660ms] [LOG] {ID: 1333, status_order: KONFIRMASI_UNIT, JadwalID: 1708, ID_Order: 20260416-05931, dari_api: null} @ https://phbidlautdemo.prahu-hub.com/_resources/themes/prahutheme/javascript/custom/orderList.js?m=1788319233:427
[  329660ms] [LOG] [Majribah] penerima @ https://phbidlautdemo.prahu-hub.com/_resources/themes/prahutheme/javascript/custom/orderList.js?m=1788319233:648
[  329660ms] [LOG] {ID: 1332, status_order: KONFIRMASI_UNIT, JadwalID: 1711, ID_Order: 20260416-05930, dari_api: null} @ https://phbidlautdemo.prahu-hub.com/_resources/themes/prahutheme/javascript/custom/orderList.js?m=1788319233:427
[  329661ms] [LOG] [Majribah] penerima @ https://phbidlautdemo.prahu-hub.com/_resources/themes/prahutheme/javascript/custom/orderList.js?m=1788319233:648
[  329661ms] [LOG] {ID: 1331, status_order: DONE, JadwalID: 1710, ID_Order: 20260416-05929, dari_api: null} @ https://phbidlautdemo.prahu-hub.com/_resources/themes/prahutheme/javascript/custom/orderList.js?m=1788319233:427
[  329661ms] [LOG] [Majribah] penerima @ https://phbidlautdemo.prahu-hub.com/_resources/themes/prahutheme/javascript/custom/orderList.js?m=1788319233:648
[  329661ms] [LOG] {ID: 1330, status_order: PACKING_LIST, JadwalID: 1709, ID_Order: 20260416-05928, dari_api: null} @ https://phbidlautdemo.prahu-hub.com/_resources/themes/prahutheme/javascript/custom/orderList.js?m=1788319233:427
[  329661ms] [LOG] [Majribah] penerima @ https://phbidlautdemo.prahu-hub.com/_resources/themes/prahutheme/javascript/custom/orderList.js?m=1788319233:648
[  329662ms] [LOG] {ID: 1329, status_order: PACKING_LIST, JadwalID: 1708, ID_Order: 20260416-05927, dari_api: null} @ https://phbidlautdemo.prahu-hub.com/_resources/themes/prahutheme/javascript/custom/orderList.js?m=1788319233:427
[  329662ms] [LOG] [Majribah] penerima @ https://phbidlautdemo.prahu-hub.com/_resources/themes/prahutheme/javascript/custom/orderList.js?m=1788319233:648
[  329662ms] [LOG] {ID: 1328, status_order: PACKING_LIST, JadwalID: 1711, ID_Order: 20260416-05926, dari_api: null} @ https://phbidlautdemo.prahu-hub.com/_resources/themes/prahutheme/javascript/custom/orderList.js?m=1788319233:427
[  329662ms] [LOG] [Majribah] penerima @ https://phbidlautdemo.prahu-hub.com/_resources/themes/prahutheme/javascript/custom/orderList.js?m=1788319233:648
[  329662ms] [LOG] {ID: 1327, status_order: PACKING_LIST, JadwalID: 1710, ID_Order: 20260416-05925, dari_api: null} @ https://phbidlautdemo.prahu-hub.com/_resources/themes/prahutheme/javascript/custom/orderList.js?m=1788319233:427
[  329662ms] [LOG] [Majribah] penerima @ https://phbidlautdemo.prahu-hub.com/_resources/themes/prahutheme/javascript/custom/orderList.js?m=1788319233:648
[  329663ms] [LOG] {ID: 1326, status_order: PACKING_LIST, JadwalID: 1709, ID_Order: 20260416-05924, dari_api: null} @ https://phbidlautdemo.prahu-hub.com/_resources/themes/prahutheme/javascript/custom/orderList.js?m=1788319233:427
[  329663ms] [LOG] [Majribah] penerima @ https://phbidlautdemo.prahu-hub.com/_resources/themes/prahutheme/javascript/custom/orderList.js?m=1788319233:648
[  329663ms] [LOG] {ID: 1325, status_order: PACKING_LIST, JadwalID: 1709, ID_Order: 20260416-05923, dari_api: null} @ https://phbidlautdemo.prahu-hub.com/_resources/themes/prahutheme/javascript/custom/orderList.js?m=1788319233:427
[  329664ms] [LOG] [Majribah] penerima @ https://phbidlautdemo.prahu-hub.com/_resources/themes/prahutheme/javascript/custom/orderList.js?m=1788319233:648
[  329664ms] [LOG] {ID: 1324, status_order: PACKING_LIST, JadwalID: 1708, ID_Order: 20260416-05922, dari_api: null} @ https://phbidlautdemo.prahu-hub.com/_resources/themes/prahutheme/javascript/custom/orderList.js?m=1788319233:427
[  329664ms] [LOG] [Majribah] penerima @ https://phbidlautdemo.prahu-hub.com/_resources/themes/prahutheme/javascript/custom/orderList.js?m=1788319233:648
[  329664ms] [LOG] {ID: 1323, status_order: PACKING_LIST, JadwalID: 1708, ID_Order: 20260416-05921, dari_api: null} @ https://phbidlautdemo.prahu-hub.com/_resources/themes/prahutheme/javascript/custom/orderList.js?m=1788319233:427
[  329665ms] [LOG] [Majribah] penerima @ https://phbidlautdemo.prahu-hub.com/_resources/themes/prahutheme/javascript/custom/orderList.js?m=1788319233:648
[  329666ms] [LOG] {ID: 1322, status_order: PACKING_LIST, JadwalID: 1709, ID_Order: 20260416-05920, dari_api: null} @ https://phbidlautdemo.prahu-hub.com/_resources/themes/prahutheme/javascript/custom/orderList.js?m=1788319233:427
[  329666ms] [LOG] [Majribah] penerima @ https://phbidlautdemo.prahu-hub.com/_resources/themes/prahutheme/javascript/custom/orderList.js?m=1788319233:648
[  329667ms] [LOG] {ID: 1321, status_order: DONE, JadwalID: 1709, ID_Order: 20260416-05919, dari_api: null} @ https://phbidlautdemo.prahu-hub.com/_resources/themes/prahutheme/javascript/custom/orderList.js?m=1788319233:427
[  329668ms] [LOG] [Majribah] penerima @ https://phbidlautdemo.prahu-hub.com/_resources/themes/prahutheme/javascript/custom/orderList.js?m=1788319233:648
[  329668ms] [LOG] {ID: 1320, status_order: PACKING_LIST, JadwalID: 1708, ID_Order: 20260416-05918, dari_api: null} @ https://phbidlautdemo.prahu-hub.com/_resources/themes/prahutheme/javascript/custom/orderList.js?m=1788319233:427
[  329669ms] [LOG] [Majribah] penerima @ https://phbidlautdemo.prahu-hub.com/_resources/themes/prahutheme/javascript/custom/orderList.js?m=1788319233:648
[  329669ms] [LOG] {ID: 1319, status_order: PACKING_LIST, JadwalID: 1709, ID_Order: 20260416-05917, dari_api: null} @ https://phbidlautdemo.prahu-hub.com/_resources/themes/prahutheme/javascript/custom/orderList.js?m=1788319233:427
[  329670ms] [LOG] [Majribah] penerima @ https://phbidlautdemo.prahu-hub.com/_resources/themes/prahutheme/javascript/custom/orderList.js?m=1788319233:648
[  329670ms] [LOG] {ID: 1318, status_order: PACKING_LIST, JadwalID: 1708, ID_Order: 20260416-05916, dari_api: null} @ https://phbidlautdemo.prahu-hub.com/_resources/themes/prahutheme/javascript/custom/orderList.js?m=1788319233:427
[  329671ms] [LOG] [Majribah] penerima @ https://phbidlautdemo.prahu-hub.com/_resources/themes/prahutheme/javascript/custom/orderList.js?m=1788319233:648
[  329671ms] [LOG] {ID: 1317, status_order: PACKING_LIST, JadwalID: 1709, ID_Order: 20260416-05915, dari_api: null} @ https://phbidlautdemo.prahu-hub.com/_resources/themes/prahutheme/javascript/custom/orderList.js?m=1788319233:427
[  329671ms] [LOG] [Majribah] penerima @ https://phbidlautdemo.prahu-hub.com/_resources/themes/prahutheme/javascript/custom/orderList.js?m=1788319233:648
[  329671ms] [LOG] {ID: 1316, status_order: PACKING_LIST, JadwalID: 1708, ID_Order: 20260416-05914, dari_api: null} @ https://phbidlautdemo.prahu-hub.com/_resources/themes/prahutheme/javascript/custom/orderList.js?m=1788319233:427
[  329671ms] [LOG] [Majribah] penerima @ https://phbidlautdemo.prahu-hub.com/_resources/themes/prahutheme/javascript/custom/orderList.js?m=1788319233:648
[  329672ms] [LOG] {ID: 1315, status_order: PACKING_LIST, JadwalID: 1711, ID_Order: 20260416-05913, dari_api: null} @ https://phbidlautdemo.prahu-hub.com/_resources/themes/prahutheme/javascript/custom/orderList.js?m=1788319233:427
[  329672ms] [LOG] [Majribah] penerima @ https://phbidlautdemo.prahu-hub.com/_resources/themes/prahutheme/javascript/custom/orderList.js?m=1788319233:648
[  329672ms] [LOG] {ID: 1314, status_order: PACKING_LIST, JadwalID: 1710, ID_Order: 20260416-05912, dari_api: null} @ https://phbidlautdemo.prahu-hub.com/_resources/themes/prahutheme/javascript/custom/orderList.js?m=1788319233:427
[  329672ms] [LOG] [Majribah] penerima @ https://phbidlautdemo.prahu-hub.com/_resources/themes/prahutheme/javascript/custom/orderList.js?m=1788319233:648
[  329672ms] [LOG] {ID: 1313, status_order: PACKING_LIST, JadwalID: 1709, ID_Order: 20260416-05911, dari_api: null} @ https://phbidlautdemo.prahu-hub.com/_resources/themes/prahutheme/javascript/custom/orderList.js?m=1788319233:427
[  329672ms] [LOG] [Majribah] penerima @ https://phbidlautdemo.prahu-hub.com/_resources/themes/prahutheme/javascript/custom/orderList.js?m=1788319233:648
[  329673ms] [LOG] {ID: 1312, status_order: PACKING_LIST, JadwalID: 1708, ID_Order: 20260416-05910, dari_api: null} @ https://phbidlautdemo.prahu-hub.com/_resources/themes/prahutheme/javascript/custom/orderList.js?m=1788319233:427
[  329673ms] [LOG] [Majribah] penerima @ https://phbidlautdemo.prahu-hub.com/_resources/themes/prahutheme/javascript/custom/orderList.js?m=1788319233:648
[  329673ms] [LOG] {ID: 1311, status_order: PACKING_LIST, JadwalID: 1709, ID_Order: 20260416-05909, dari_api: null} @ https://phbidlautdemo.prahu-hub.com/_resources/themes/prahutheme/javascript/custom/orderList.js?m=1788319233:427
[  329673ms] [LOG] [Majribah] penerima @ https://phbidlautdemo.prahu-hub.com/_resources/themes/prahutheme/javascript/custom/orderList.js?m=1788319233:648
[  329673ms] [LOG] {ID: 1310, status_order: PACKING_LIST, JadwalID: 1708, ID_Order: 20260416-05908, dari_api: null} @ https://phbidlautdemo.prahu-hub.com/_resources/themes/prahutheme/javascript/custom/orderList.js?m=1788319233:427
[  329673ms] [LOG] [Majribah] penerima @ https://phbidlautdemo.prahu-hub.com/_resources/themes/prahutheme/javascript/custom/orderList.js?m=1788319233:648
[  329674ms] [LOG] {ID: 1309, status_order: PACKING_LIST, JadwalID: 1711, ID_Order: 20260416-05907, dari_api: null} @ https://phbidlautdemo.prahu-hub.com/_resources/themes/prahutheme/javascript/custom/orderList.js?m=1788319233:427
[  329674ms] [LOG] [Majribah] penerima @ https://phbidlautdemo.prahu-hub.com/_resources/themes/prahutheme/javascript/custom/orderList.js?m=1788319233:648
[  329674ms] [LOG] {ID: 1308, status_order: PACKING_LIST, JadwalID: 1710, ID_Order: 20260416-05906, dari_api: null} @ https://phbidlautdemo.prahu-hub.com/_resources/themes/prahutheme/javascript/custom/orderList.js?m=1788319233:427
[  329674ms] [LOG] [Majribah] penerima @ https://phbidlautdemo.prahu-hub.com/_resources/themes/prahutheme/javascript/custom/orderList.js?m=1788319233:648
[  329674ms] [LOG] {ID: 1307, status_order: PACKING_LIST, JadwalID: 1709, ID_Order: 20260416-05905, dari_api: null} @ https://phbidlautdemo.prahu-hub.com/_resources/themes/prahutheme/javascript/custom/orderList.js?m=1788319233:427
[  329674ms] [LOG] [Majribah] penerima @ https://phbidlautdemo.prahu-hub.com/_resources/themes/prahutheme/javascript/custom/orderList.js?m=1788319233:648
[  329675ms] [LOG] {ID: 1306, status_order: PACKING_LIST, JadwalID: 1709, ID_Order: 20260416-05904, dari_api: null} @ https://phbidlautdemo.prahu-hub.com/_resources/themes/prahutheme/javascript/custom/orderList.js?m=1788319233:427
[  329675ms] [LOG] [Majribah] penerima @ https://phbidlautdemo.prahu-hub.com/_resources/themes/prahutheme/javascript/custom/orderList.js?m=1788319233:648
[  329675ms] [LOG] {ID: 1305, status_order: KONFIRMASI_UNIT, JadwalID: 1710, ID_Order: 20260416-05903, dari_api: null} @ https://phbidlautdemo.prahu-hub.com/_resources/themes/prahutheme/javascript/custom/orderList.js?m=1788319233:427
[  329675ms] [LOG] [Majribah] penerima @ https://phbidlautdemo.prahu-hub.com/_resources/themes/prahutheme/javascript/custom/orderList.js?m=1788319233:648
[  329675ms] [LOG] {ID: 1304, status_order: PACKING_LIST, JadwalID: 1711, ID_Order: 20260416-05902, dari_api: null} @ https://phbidlautdemo.prahu-hub.com/_resources/themes/prahutheme/javascript/custom/orderList.js?m=1788319233:427
[  329675ms] [LOG] [Majribah] penerima @ https://phbidlautdemo.prahu-hub.com/_resources/themes/prahutheme/javascript/custom/orderList.js?m=1788319233:648
[  329676ms] [LOG] {ID: 1303, status_order: PACKING_LIST, JadwalID: 1709, ID_Order: 20260416-05901, dari_api: null} @ https://phbidlautdemo.prahu-hub.com/_resources/themes/prahutheme/javascript/custom/orderList.js?m=1788319233:427
[  329676ms] [LOG] [Majribah] penerima @ https://phbidlautdemo.prahu-hub.com/_resources/themes/prahutheme/javascript/custom/orderList.js?m=1788319233:648
[  329676ms] [LOG] {ID: 1302, status_order: KONFIRMASI_UNIT, JadwalID: 1706, ID_Order: 20260415-05906, dari_api: null} @ https://phbidlautdemo.prahu-hub.com/_resources/themes/prahutheme/javascript/custom/orderList.js?m=1788319233:427
[  329676ms] [LOG] [PT. Perkasa Adi Makmur Sentosa, PT. Tridatu Jaya, PT. Indajaya] penerima @ https://phbidlautdemo.prahu-hub.com/_resources/themes/prahutheme/javascript/custom/orderList.js?m=1788319233:648
[  329676ms] [LOG] {ID: 1301, status_order: PACKING_LIST, JadwalID: 1706, ID_Order: 20260415-05905, dari_api: null} @ https://phbidlautdemo.prahu-hub.com/_resources/themes/prahutheme/javascript/custom/orderList.js?m=1788319233:427
[  329676ms] [LOG] [PT. Perkasa Adi Makmur Sentosa, PT. Tridatu Jaya, PT. Indajaya] penerima @ https://phbidlautdemo.prahu-hub.com/_resources/themes/prahutheme/javascript/custom/orderList.js?m=1788319233:648
[  329677ms] [LOG] {ID: 1300, status_order: PACKING_LIST, JadwalID: 1706, ID_Order: 20260415-05904, dari_api: null} @ https://phbidlautdemo.prahu-hub.com/_resources/themes/prahutheme/javascript/custom/orderList.js?m=1788319233:427
[  329677ms] [LOG] [PT. Perkasa Adi Makmur Sentosa, PT. Tridatu Jaya, PT. Indajaya] penerima @ https://phbidlautdemo.prahu-hub.com/_resources/themes/prahutheme/javascript/custom/orderList.js?m=1788319233:648
[  329677ms] [LOG] {ID: 1299, status_order: PACKING_LIST, JadwalID: 1706, ID_Order: 20260415-05903, dari_api: null} @ https://phbidlautdemo.prahu-hub.com/_resources/themes/prahutheme/javascript/custom/orderList.js?m=1788319233:427
[  329677ms] [LOG] [PT. Perkasa Adi Makmur Sentosa, PT. Tridatu Jaya, PT. Perkasa Adi Makmur Sentosa] penerima @ https://phbidlautdemo.prahu-hub.com/_resources/themes/prahutheme/javascript/custom/orderList.js?m=1788319233:648
[  329677ms] [LOG] {ID: 1298, status_order: PACKING_LIST, JadwalID: 1706, ID_Order: 20260415-05902, dari_api: null} @ https://phbidlautdemo.prahu-hub.com/_resources/themes/prahutheme/javascript/custom/orderList.js?m=1788319233:427
[  329677ms] [LOG] [PT. Perkasa Adi Makmur Sentosa, PT. Tridatu Jaya, PT. Indajaya] penerima @ https://phbidlautdemo.prahu-hub.com/_resources/themes/prahutheme/javascript/custom/orderList.js?m=1788319233:648
[  329678ms] [LOG] {ID: 1297, status_order: CANCEL, JadwalID: 1714, ID_Order: 20260415-06501, dari_api: YES} @ https://phbidlautdemo.prahu-hub.com/_resources/themes/prahutheme/javascript/custom/orderList.js?m=1788319233:427
[  329678ms] [LOG] [Ik Bitung] penerima @ https://phbidlautdemo.prahu-hub.com/_resources/themes/prahutheme/javascript/custom/orderList.js?m=1788319233:648
[  329678ms] [LOG] {ID: 1296, status_order: DONE, JadwalID: 1702, ID_Order: 20260404-06506, dari_api: null} @ https://phbidlautdemo.prahu-hub.com/_resources/themes/prahutheme/javascript/custom/orderList.js?m=1788319233:427
[  329678ms] [LOG] [Ik Bitung] penerima @ https://phbidlautdemo.prahu-hub.com/_resources/themes/prahutheme/javascript/custom/orderList.js?m=1788319233:648
[  329678ms] [LOG] {ID: 1295, status_order: DONE, JadwalID: 1701, ID_Order: 20260404-06505, dari_api: null} @ https://phbidlautdemo.prahu-hub.com/_resources/themes/prahutheme/javascript/custom/orderList.js?m=1788319233:427
[  329678ms] [LOG] [PT. Perkasa Adi Makmur Sentosa, PT. Tridatu Jaya, PT. Indajaya] penerima @ https://phbidlautdemo.prahu-hub.com/_resources/themes/prahutheme/javascript/custom/orderList.js?m=1788319233:648
[  329678ms] [LOG] {ID: 1294, status_order: DONE, JadwalID: 1701, ID_Order: 20260404-06504, dari_api: null} @ https://phbidlautdemo.prahu-hub.com/_resources/themes/prahutheme/javascript/custom/orderList.js?m=1788319233:427
[  329679ms] [LOG] [PT. Inti Cahaya Jaya, PT. Indajaya, PT. Intan Pertama Jaya Abadi] penerima @ https://phbidlautdemo.prahu-hub.com/_resources/themes/prahutheme/javascript/custom/orderList.js?m=1788319233:648
[  329679ms] [LOG] {ID: 1293, status_order: DONE, JadwalID: 1701, ID_Order: 20260404-06503, dari_api: null} @ https://phbidlautdemo.prahu-hub.com/_resources/themes/prahutheme/javascript/custom/orderList.js?m=1788319233:427
[  329679ms] [LOG] [PT. Inti Cahaya Jaya, PT. Indajaya, PT. Intan Pertama Jaya Abadi] penerima @ https://phbidlautdemo.prahu-hub.com/_resources/themes/prahutheme/javascript/custom/orderList.js?m=1788319233:648
[  329680ms] [LOG] {ID: 1292, status_order: CANCEL, JadwalID: 1701, ID_Order: 20260404-06502, dari_api: null} @ https://phbidlautdemo.prahu-hub.com/_resources/themes/prahutheme/javascript/custom/orderList.js?m=1788319233:427
[  329680ms] [LOG] [PT. Inti Cahaya Jaya, PT. Indajaya, PT. Intan Pertama Jaya Abadi] penerima @ https://phbidlautdemo.prahu-hub.com/_resources/themes/prahutheme/javascript/custom/orderList.js?m=1788319233:648
[  329680ms] [LOG] {ID: 1291, status_order: CANCEL, JadwalID: 1702, ID_Order: 20260404-06501, dari_api: null} @ https://phbidlautdemo.prahu-hub.com/_resources/themes/prahutheme/javascript/custom/orderList.js?m=1788319233:427
[  329680ms] [LOG] [Ik Bitung] penerima @ https://phbidlautdemo.prahu-hub.com/_resources/themes/prahutheme/javascript/custom/orderList.js?m=1788319233:648
[  329680ms] [LOG] {ID: 1290, status_order: DONE, JadwalID: 1701, ID_Order: 20260401-06503, dari_api: null} @ https://phbidlautdemo.prahu-hub.com/_resources/themes/prahutheme/javascript/custom/orderList.js?m=1788319233:427
[  329680ms] [LOG] [PT. Perkasa Adi Makmur Sentosa, PT. Tridatu Jaya, PT. Indajaya] penerima @ https://phbidlautdemo.prahu-hub.com/_resources/themes/prahutheme/javascript/custom/orderList.js?m=1788319233:648
[  329681ms] [LOG] {ID: 1289, status_order: REJECTED, JadwalID: 1701, ID_Order: 20260401-06502, dari_api: null} @ https://phbidlautdemo.prahu-hub.com/_resources/themes/prahutheme/javascript/custom/orderList.js?m=1788319233:427
[  329681ms] [LOG] [PT. Tridatu Jaya, PT. Indajaya, PT. Inti Cahaya Jaya] penerima @ https://phbidlautdemo.prahu-hub.com/_resources/themes/prahutheme/javascript/custom/orderList.js?m=1788319233:648
[  329682ms] [LOG] {ID: 1288, status_order: DONE, JadwalID: 1680, ID_Order: 20260401-06501, dari_api: YES} @ https://phbidlautdemo.prahu-hub.com/_resources/themes/prahutheme/javascript/custom/orderList.js?m=1788319233:427
[  329682ms] [LOG] [Ik Bitung] penerima @ https://phbidlautdemo.prahu-hub.com/_resources/themes/prahutheme/javascript/custom/orderList.js?m=1788319233:648
[  329683ms] [LOG] {ID: 1287, status_order: DONE, JadwalID: 1700, ID_Order: 20260316-08501, dari_api: null} @ https://phbidlautdemo.prahu-hub.com/_resources/themes/prahutheme/javascript/custom/orderList.js?m=1788319233:427
[  329683ms] [LOG] [farid] penerima @ https://phbidlautdemo.prahu-hub.com/_resources/themes/prahutheme/javascript/custom/orderList.js?m=1788319233:648
[  329684ms] [LOG] {ID: 1286, status_order: REJECTED, JadwalID: 1680, ID_Order: 20260311-06501, dari_api: null} @ https://phbidlautdemo.prahu-hub.com/_resources/themes/prahutheme/javascript/custom/orderList.js?m=1788319233:427
[  329684ms] [LOG] [Ik Bitung] penerima @ https://phbidlautdemo.prahu-hub.com/_resources/themes/prahutheme/javascript/custom/orderList.js?m=1788319233:648
[  329684ms] [LOG] {ID: 1285, status_order: DONE, JadwalID: 1689, ID_Order: 20260307-06503, dari_api: null} @ https://phbidlautdemo.prahu-hub.com/_resources/themes/prahutheme/javascript/custom/orderList.js?m=1788319233:427
[  329685ms] [LOG] [Trentino] penerima @ https://phbidlautdemo.prahu-hub.com/_resources/themes/prahutheme/javascript/custom/orderList.js?m=1788319233:648
[  329685ms] [LOG] {ID: 1284, status_order: DONE, JadwalID: 1690, ID_Order: 20260307-06502, dari_api: null} @ https://phbidlautdemo.prahu-hub.com/_resources/themes/prahutheme/javascript/custom/orderList.js?m=1788319233:427
[  329685ms] [LOG] [Ik Bitung] penerima @ https://phbidlautdemo.prahu-hub.com/_resources/themes/prahutheme/javascript/custom/orderList.js?m=1788319233:648
[  329686ms] [LOG] {ID: 1283, status_order: DONE, JadwalID: 1663, ID_Order: 20260307-06501, dari_api: null} @ https://phbidlautdemo.prahu-hub.com/_resources/themes/prahutheme/javascript/custom/orderList.js?m=1788319233:427
[  329686ms] [LOG] [Trentino] penerima @ https://phbidlautdemo.prahu-hub.com/_resources/themes/prahutheme/javascript/custom/orderList.js?m=1788319233:648
[  329687ms] [LOG] {ID: 1282, status_order: DONE, JadwalID: 1683, ID_Order: 20260303-06501, dari_api: null} @ https://phbidlautdemo.prahu-hub.com/_resources/themes/prahutheme/javascript/custom/orderList.js?m=1788319233:427
[  329687ms] [LOG] [Ik Bitung] penerima @ https://phbidlautdemo.prahu-hub.com/_resources/themes/prahutheme/javascript/custom/orderList.js?m=1788319233:648
[  329687ms] [LOG] {ID: 1281, status_order: DONE, JadwalID: 1679, ID_Order: 20260302-08501, dari_api: null} @ https://phbidlautdemo.prahu-hub.com/_resources/themes/prahutheme/javascript/custom/orderList.js?m=1788319233:427
[  329687ms] [LOG] [Budi] penerima @ https://phbidlautdemo.prahu-hub.com/_resources/themes/prahutheme/javascript/custom/orderList.js?m=1788319233:648
[  329687ms] [LOG] {ID: 1280, status_order: DONE, JadwalID: 1671, ID_Order: 20260227-08502, dari_api: null} @ https://phbidlautdemo.prahu-hub.com/_resources/themes/prahutheme/javascript/custom/orderList.js?m=1788319233:427
[  329687ms] [LOG] [Budi] penerima @ https://phbidlautdemo.prahu-hub.com/_resources/themes/prahutheme/javascript/custom/orderList.js?m=1788319233:648
[  329688ms] [LOG] {ID: 1279, status_order: DONE, JadwalID: 1671, ID_Order: 20260227-08501, dari_api: null} @ https://phbidlautdemo.prahu-hub.com/_resources/themes/prahutheme/javascript/custom/orderList.js?m=1788319233:427
[  329688ms] [LOG] [Budi] penerima @ https://phbidlautdemo.prahu-hub.com/_resources/themes/prahutheme/javascript/custom/orderList.js?m=1788319233:648
[  329688ms] [LOG] {ID: 1278, status_order: DONE, JadwalID: 1668, ID_Order: 20260226-08501, dari_api: null} @ https://phbidlautdemo.prahu-hub.com/_resources/themes/prahutheme/javascript/custom/orderList.js?m=1788319233:427
[  329688ms] [LOG] [Budi] penerima @ https://phbidlautdemo.prahu-hub.com/_resources/themes/prahutheme/javascript/custom/orderList.js?m=1788319233:648
[  329688ms] [LOG] {ID: 1277, status_order: KONFIRMASI_UNIT, JadwalID: 1451, ID_Order: 20260225-02615, dari_api: null} @ https://phbidlautdemo.prahu-hub.com/_resources/themes/prahutheme/javascript/custom/orderList.js?m=1788319233:427
[  329688ms] [LOG] [Pras Tujuan] penerima @ https://phbidlautdemo.prahu-hub.com/_resources/themes/prahutheme/javascript/custom/orderList.js?m=1788319233:648
[  329689ms] [LOG] {ID: 1276, status_order: PENDING, JadwalID: 1663, ID_Order: 20260225-06514, dari_api: YES} @ https://phbidlautdemo.prahu-hub.com/_resources/themes/prahutheme/javascript/custom/orderList.js?m=1788319233:427
[  329689ms] [LOG] [Trentino] penerima @ https://phbidlautdemo.prahu-hub.com/_resources/themes/prahutheme/javascript/custom/orderList.js?m=1788319233:648
[  329689ms] [LOG] {ID: 1275, status_order: PENDING, JadwalID: 1663, ID_Order: 20260225-06513, dari_api: YES} @ https://phbidlautdemo.prahu-hub.com/_resources/themes/prahutheme/javascript/custom/orderList.js?m=1788319233:427
[  329689ms] [LOG] [Trentino] penerima @ https://phbidlautdemo.prahu-hub.com/_resources/themes/prahutheme/javascript/custom/orderList.js?m=1788319233:648
[  329689ms] [LOG] {ID: 1274, status_order: PENDING, JadwalID: 1663, ID_Order: 20260225-06512, dari_api: YES} @ https://phbidlautdemo.prahu-hub.com/_resources/themes/prahutheme/javascript/custom/orderList.js?m=1788319233:427
[  329689ms] [LOG] [Trentino] penerima @ https://phbidlautdemo.prahu-hub.com/_resources/themes/prahutheme/javascript/custom/orderList.js?m=1788319233:648
[  329690ms] [LOG] {ID: 1273, status_order: KONFIRMASI_UNIT, JadwalID: 1663, ID_Order: 20260225-06511, dari_api: YES} @ https://phbidlautdemo.prahu-hub.com/_resources/themes/prahutheme/javascript/custom/orderList.js?m=1788319233:427
[  329690ms] [LOG] [Trentino] penerima @ https://phbidlautdemo.prahu-hub.com/_resources/themes/prahutheme/javascript/custom/orderList.js?m=1788319233:648
[  329690ms] [LOG] {ID: 1272, status_order: PENDING, JadwalID: 1663, ID_Order: 20260225-06510, dari_api: YES} @ https://phbidlautdemo.prahu-hub.com/_resources/themes/prahutheme/javascript/custom/orderList.js?m=1788319233:427
[  329690ms] [LOG] [Trentino] penerima @ https://phbidlautdemo.prahu-hub.com/_resources/themes/prahutheme/javascript/custom/orderList.js?m=1788319233:648
[  329690ms] [LOG] {ID: 1271, status_order: PENDING, JadwalID: 1663, ID_Order: 20260225-06509, dari_api: YES} @ https://phbidlautdemo.prahu-hub.com/_resources/themes/prahutheme/javascript/custom/orderList.js?m=1788319233:427
[  329690ms] [LOG] [Trentino] penerima @ https://phbidlautdemo.prahu-hub.com/_resources/themes/prahutheme/javascript/custom/orderList.js?m=1788319233:648
[  329690ms] [LOG] {ID: 1270, status_order: PENDING, JadwalID: 1663, ID_Order: 20260225-06508, dari_api: YES} @ https://phbidlautdemo.prahu-hub.com/_resources/themes/prahutheme/javascript/custom/orderList.js?m=1788319233:427
[  329691ms] [LOG] [Trentino] penerima @ https://phbidlautdemo.prahu-hub.com/_resources/themes/prahutheme/javascript/custom/orderList.js?m=1788319233:648
[  329691ms] [LOG] {ID: 1269, status_order: PENDING, JadwalID: 1663, ID_Order: 20260225-06507, dari_api: YES} @ https://phbidlautdemo.prahu-hub.com/_resources/themes/prahutheme/javascript/custom/orderList.js?m=1788319233:427
[  329691ms] [LOG] [Trentino] penerima @ https://phbidlautdemo.prahu-hub.com/_resources/themes/prahutheme/javascript/custom/orderList.js?m=1788319233:648
[  329691ms] [LOG] {ID: 1268, status_order: PENDING, JadwalID: 1663, ID_Order: 20260225-06506, dari_api: YES} @ https://phbidlautdemo.prahu-hub.com/_resources/themes/prahutheme/javascript/custom/orderList.js?m=1788319233:427
[  329691ms] [LOG] [Trentino] penerima @ https://phbidlautdemo.prahu-hub.com/_resources/themes/prahutheme/javascript/custom/orderList.js?m=1788319233:648
[  329691ms] [LOG] {ID: 1267, status_order: PENDING, JadwalID: 1663, ID_Order: 20260225-06505, dari_api: YES} @ https://phbidlautdemo.prahu-hub.com/_resources/themes/prahutheme/javascript/custom/orderList.js?m=1788319233:427
[  329692ms] [LOG] [Trentino] penerima @ https://phbidlautdemo.prahu-hub.com/_resources/themes/prahutheme/javascript/custom/orderList.js?m=1788319233:648
[  329692ms] [LOG] {ID: 1266, status_order: PENDING, JadwalID: 1663, ID_Order: 20260225-06504, dari_api: YES} @ https://phbidlautdemo.prahu-hub.com/_resources/themes/prahutheme/javascript/custom/orderList.js?m=1788319233:427
[  329692ms] [LOG] [Trentino] penerima @ https://phbidlautdemo.prahu-hub.com/_resources/themes/prahutheme/javascript/custom/orderList.js?m=1788319233:648
[  329692ms] [LOG] {ID: 1265, status_order: PENDING, JadwalID: 1663, ID_Order: 20260225-06503, dari_api: YES} @ https://phbidlautdemo.prahu-hub.com/_resources/themes/prahutheme/javascript/custom/orderList.js?m=1788319233:427
[  329692ms] [LOG] [Trentino] penerima @ https://phbidlautdemo.prahu-hub.com/_resources/themes/prahutheme/javascript/custom/orderList.js?m=1788319233:648
[  329813ms] [LOG] [Object, Object, Object, Object, Object, Object, Object, Object, Object, Object, Object, Object, Object, Object, Object, Object, Object, Object, Object, Object, Object, Object, Object, Object, Object, Object, Object, Object, Object, Object, Object, Object, Object, Object, Object, Object, Object, Object, Object, Object, Object, Object, Object, Object, Object, Object, Object, Object, Object, Object, Object, Object, Object, Object, Object, Object, Object, Object, Object, Object, Object, Object, Object, Object, Object, Object, Object, Object, Object, Object, Object, Object, Object, Object, Object, Object, Object, Object, Object, Object, Object, Object, Object, Object, Object, Object, Object, Object, Object, Object, Object, Object, Object, Object, Object, Object, Object, Object, Object, Object] @ https://phbidlautdemo.prahu-hub.com/_resources/themes/prahutheme/javascript/custom/orderList.js?m=1788319233:40
[  329813ms] [LOG] {ID: 1364, status_order: PACKING_LIST, JadwalID: 1710, ID_Order: 20260418-05914, dari_api: null} @ https://phbidlautdemo.prahu-hub.com/_resources/themes/prahutheme/javascript/custom/orderList.js?m=1788319233:46
[  329813ms] [LOG] [Majribah] penerima @ https://phbidlautdemo.prahu-hub.com/_resources/themes/prahutheme/javascript/custom/orderList.js?m=1788319233:261
[  329813ms] [LOG] {ID: 1363, status_order: PACKING_LIST, JadwalID: 1709, ID_Order: 20260418-05913, dari_api: null} @ https://phbidlautdemo.prahu-hub.com/_resources/themes/prahutheme/javascript/custom/orderList.js?m=1788319233:46
[  329814ms] [LOG] [Majribah] penerima @ https://phbidlautdemo.prahu-hub.com/_resources/themes/prahutheme/javascript/custom/orderList.js?m=1788319233:261
[  329814ms] [LOG] {ID: 1362, status_order: PACKING_LIST, JadwalID: 1708, ID_Order: 20260418-05912, dari_api: null} @ https://phbidlautdemo.prahu-hub.com/_resources/themes/prahutheme/javascript/custom/orderList.js?m=1788319233:46
[  329814ms] [LOG] [Majribah] penerima @ https://phbidlautdemo.prahu-hub.com/_resources/themes/prahutheme/javascript/custom/orderList.js?m=1788319233:261
[  329814ms] [LOG] {ID: 1361, status_order: PACKING_LIST, JadwalID: 1711, ID_Order: 20260418-05911, dari_api: null} @ https://phbidlautdemo.prahu-hub.com/_resources/themes/prahutheme/javascript/custom/orderList.js?m=1788319233:46
[  329814ms] [LOG] [Majribah] penerima @ https://phbidlautdemo.prahu-hub.com/_resources/themes/prahutheme/javascript/custom/orderList.js?m=1788319233:261
[  329814ms] [LOG] {ID: 1360, status_order: PACKING_LIST, JadwalID: 1710, ID_Order: 20260418-05910, dari_api: null} @ https://phbidlautdemo.prahu-hub.com/_resources/themes/prahutheme/javascript/custom/orderList.js?m=1788319233:46
[  329816ms] [LOG] [Majribah] penerima @ https://phbidlautdemo.prahu-hub.com/_resources/themes/prahutheme/javascript/custom/orderList.js?m=1788319233:261
[  329816ms] [LOG] {ID: 1359, status_order: PACKING_LIST, JadwalID: 1709, ID_Order: 20260418-05909, dari_api: null} @ https://phbidlautdemo.prahu-hub.com/_resources/themes/prahutheme/javascript/custom/orderList.js?m=1788319233:46
[  329816ms] [LOG] [Majribah] penerima @ https://phbidlautdemo.prahu-hub.com/_resources/themes/prahutheme/javascript/custom/orderList.js?m=1788319233:261
[  329817ms] [LOG] {ID: 1358, status_order: PACKING_LIST, JadwalID: 1708, ID_Order: 20260418-05908, dari_api: null} @ https://phbidlautdemo.prahu-hub.com/_resources/themes/prahutheme/javascript/custom/orderList.js?m=1788319233:46
[  329817ms] [LOG] [Majribah] penerima @ https://phbidlautdemo.prahu-hub.com/_resources/themes/prahutheme/javascript/custom/orderList.js?m=1788319233:261
[  329818ms] [LOG] {ID: 1357, status_order: PACKING_LIST, JadwalID: 1711, ID_Order: 20260418-05907, dari_api: null} @ https://phbidlautdemo.prahu-hub.com/_resources/themes/prahutheme/javascript/custom/orderList.js?m=1788319233:46
[  329818ms] [LOG] [Majribah] penerima @ https://phbidlautdemo.prahu-hub.com/_resources/themes/prahutheme/javascript/custom/orderList.js?m=1788319233:261
[  329819ms] [LOG] {ID: 1356, status_order: PACKING_LIST, JadwalID: 1710, ID_Order: 20260418-05906, dari_api: null} @ https://phbidlautdemo.prahu-hub.com/_resources/themes/prahutheme/javascript/custom/orderList.js?m=1788319233:46
[  329819ms] [LOG] [Majribah] penerima @ https://phbidlautdemo.prahu-hub.com/_resources/themes/prahutheme/javascript/custom/orderList.js?m=1788319233:261
[  329820ms] [LOG] {ID: 1355, status_order: PACKING_LIST, JadwalID: 1709, ID_Order: 20260418-05905, dari_api: null} @ https://phbidlautdemo.prahu-hub.com/_resources/themes/prahutheme/javascript/custom/orderList.js?m=1788319233:46
[  329820ms] [LOG] [Majribah] penerima @ https://phbidlautdemo.prahu-hub.com/_resources/themes/prahutheme/javascript/custom/orderList.js?m=1788319233:261
[  329820ms] [LOG] {ID: 1354, status_order: PACKING_LIST, JadwalID: 1708, ID_Order: 20260418-05904, dari_api: null} @ https://phbidlautdemo.prahu-hub.com/_resources/themes/prahutheme/javascript/custom/orderList.js?m=1788319233:46
[  329821ms] [LOG] [Majribah] penerima @ https://phbidlautdemo.prahu-hub.com/_resources/themes/prahutheme/javascript/custom/orderList.js?m=1788319233:261
[  329821ms] [LOG] {ID: 1353, status_order: PACKING_LIST, JadwalID: 1711, ID_Order: 20260418-05903, dari_api: null} @ https://phbidlautdemo.prahu-hub.com/_resources/themes/prahutheme/javascript/custom/orderList.js?m=1788319233:46
[  329821ms] [LOG] [Majribah] penerima @ https://phbidlautdemo.prahu-hub.com/_resources/themes/prahutheme/javascript/custom/orderList.js?m=1788319233:261
[  329821ms] [LOG] {ID: 1352, status_order: PACKING_LIST, JadwalID: 1710, ID_Order: 20260418-05902, dari_api: null} @ https://phbidlautdemo.prahu-hub.com/_resources/themes/prahutheme/javascript/custom/orderList.js?m=1788319233:46
[  329821ms] [LOG] [Majribah] penerima @ https://phbidlautdemo.prahu-hub.com/_resources/themes/prahutheme/javascript/custom/orderList.js?m=1788319233:261
[  329821ms] [LOG] {ID: 1351, status_order: PACKING_LIST, JadwalID: 1709, ID_Order: 20260418-05901, dari_api: null} @ https://phbidlautdemo.prahu-hub.com/_resources/themes/prahutheme/javascript/custom/orderList.js?m=1788319233:46
[  329822ms] [LOG] [Majribah] penerima @ https://phbidlautdemo.prahu-hub.com/_resources/themes/prahutheme/javascript/custom/orderList.js?m=1788319233:261
[  329822ms] [LOG] {ID: 1350, status_order: PACKING_LIST, JadwalID: 1709, ID_Order: 20260417-05917, dari_api: null} @ https://phbidlautdemo.prahu-hub.com/_resources/themes/prahutheme/javascript/custom/orderList.js?m=1788319233:46
[  329822ms] [LOG] [Majribah] penerima @ https://phbidlautdemo.prahu-hub.com/_resources/themes/prahutheme/javascript/custom/orderList.js?m=1788319233:261
[  329822ms] [LOG] {ID: 1349, status_order: PACKING_LIST, JadwalID: 1711, ID_Order: 20260417-05916, dari_api: null} @ https://phbidlautdemo.prahu-hub.com/_resources/themes/prahutheme/javascript/custom/orderList.js?m=1788319233:46
[  329822ms] [LOG] [Majribah] penerima @ https://phbidlautdemo.prahu-hub.com/_resources/themes/prahutheme/javascript/custom/orderList.js?m=1788319233:261
[  329823ms] [LOG] {ID: 1348, status_order: PACKING_LIST, JadwalID: 1709, ID_Order: 20260417-05915, dari_api: null} @ https://phbidlautdemo.prahu-hub.com/_resources/themes/prahutheme/javascript/custom/orderList.js?m=1788319233:46
[  329823ms] [LOG] [Majribah] penerima @ https://phbidlautdemo.prahu-hub.com/_resources/themes/prahutheme/javascript/custom/orderList.js?m=1788319233:261
[  329823ms] [LOG] {ID: 1347, status_order: PACKING_LIST, JadwalID: 1708, ID_Order: 20260417-05914, dari_api: null} @ https://phbidlautdemo.prahu-hub.com/_resources/themes/prahutheme/javascript/custom/orderList.js?m=1788319233:46
[  329823ms] [LOG] [Majribah] penerima @ https://phbidlautdemo.prahu-hub.com/_resources/themes/prahutheme/javascript/custom/orderList.js?m=1788319233:261
[  329823ms] [LOG] {ID: 1346, status_order: PACKING_LIST, JadwalID: 1709, ID_Order: 20260417-05913, dari_api: null} @ https://phbidlautdemo.prahu-hub.com/_resources/themes/prahutheme/javascript/custom/orderList.js?m=1788319233:46
[  329824ms] [LOG] [Majribah] penerima @ https://phbidlautdemo.prahu-hub.com/_resources/themes/prahutheme/javascript/custom/orderList.js?m=1788319233:261
[  329824ms] [LOG] {ID: 1345, status_order: PACKING_LIST, JadwalID: 1708, ID_Order: 20260417-05912, dari_api: null} @ https://phbidlautdemo.prahu-hub.com/_resources/themes/prahutheme/javascript/custom/orderList.js?m=1788319233:46
[  329824ms] [LOG] [Majribah] penerima @ https://phbidlautdemo.prahu-hub.com/_resources/themes/prahutheme/javascript/custom/orderList.js?m=1788319233:261
[  329824ms] [LOG] {ID: 1344, status_order: PACKING_LIST, JadwalID: 1708, ID_Order: 20260417-05911, dari_api: null} @ https://phbidlautdemo.prahu-hub.com/_resources/themes/prahutheme/javascript/custom/orderList.js?m=1788319233:46
[  329824ms] [LOG] [Majribah] penerima @ https://phbidlautdemo.prahu-hub.com/_resources/themes/prahutheme/javascript/custom/orderList.js?m=1788319233:261
[  329825ms] [LOG] {ID: 1343, status_order: PACKING_LIST, JadwalID: 1709, ID_Order: 20260417-05910, dari_api: null} @ https://phbidlautdemo.prahu-hub.com/_resources/themes/prahutheme/javascript/custom/orderList.js?m=1788319233:46
[  329825ms] [LOG] [Majribah] penerima @ https://phbidlautdemo.prahu-hub.com/_resources/themes/prahutheme/javascript/custom/orderList.js?m=1788319233:261
[  329825ms] [LOG] {ID: 1342, status_order: PACKING_LIST, JadwalID: 1708, ID_Order: 20260417-05909, dari_api: null} @ https://phbidlautdemo.prahu-hub.com/_resources/themes/prahutheme/javascript/custom/orderList.js?m=1788319233:46
[  329825ms] [LOG] [Majribah] penerima @ https://phbidlautdemo.prahu-hub.com/_resources/themes/prahutheme/javascript/custom/orderList.js?m=1788319233:261
[  329825ms] [LOG] {ID: 1341, status_order: PACKING_LIST, JadwalID: 1708, ID_Order: 20260417-05908, dari_api: null} @ https://phbidlautdemo.prahu-hub.com/_resources/themes/prahutheme/javascript/custom/orderList.js?m=1788319233:46
[  329826ms] [LOG] [Majribah] penerima @ https://phbidlautdemo.prahu-hub.com/_resources/themes/prahutheme/javascript/custom/orderList.js?m=1788319233:261
[  329826ms] [LOG] {ID: 1340, status_order: PACKING_LIST, JadwalID: 1709, ID_Order: 20260417-05907, dari_api: null} @ https://phbidlautdemo.prahu-hub.com/_resources/themes/prahutheme/javascript/custom/orderList.js?m=1788319233:46
[  329826ms] [LOG] [Majribah] penerima @ https://phbidlautdemo.prahu-hub.com/_resources/themes/prahutheme/javascript/custom/orderList.js?m=1788319233:261
[  329826ms] [LOG] {ID: 1339, status_order: PACKING_LIST, JadwalID: 1708, ID_Order: 20260417-05906, dari_api: null} @ https://phbidlautdemo.prahu-hub.com/_resources/themes/prahutheme/javascript/custom/orderList.js?m=1788319233:46
[  329826ms] [LOG] [Majribah] penerima @ https://phbidlautdemo.prahu-hub.com/_resources/themes/prahutheme/javascript/custom/orderList.js?m=1788319233:261
[  329826ms] [LOG] {ID: 1338, status_order: PACKING_LIST, JadwalID: 1709, ID_Order: 20260417-05905, dari_api: null} @ https://phbidlautdemo.prahu-hub.com/_resources/themes/prahutheme/javascript/custom/orderList.js?m=1788319233:46
[  329827ms] [LOG] [Majribah] penerima @ https://phbidlautdemo.prahu-hub.com/_resources/themes/prahutheme/javascript/custom/orderList.js?m=1788319233:261
[  329827ms] [LOG] {ID: 1337, status_order: PACKING_LIST, JadwalID: 1708, ID_Order: 20260417-05904, dari_api: null} @ https://phbidlautdemo.prahu-hub.com/_resources/themes/prahutheme/javascript/custom/orderList.js?m=1788319233:46
[  329827ms] [LOG] [Majribah] penerima @ https://phbidlautdemo.prahu-hub.com/_resources/themes/prahutheme/javascript/custom/orderList.js?m=1788319233:261
[  329827ms] [LOG] {ID: 1336, status_order: PACKING_LIST, JadwalID: 1709, ID_Order: 20260417-05903, dari_api: null} @ https://phbidlautdemo.prahu-hub.com/_resources/themes/prahutheme/javascript/custom/orderList.js?m=1788319233:46
[  329827ms] [LOG] [Majribah] penerima @ https://phbidlautdemo.prahu-hub.com/_resources/themes/prahutheme/javascript/custom/orderList.js?m=1788319233:261
[  329828ms] [LOG] {ID: 1335, status_order: PACKING_LIST, JadwalID: 1708, ID_Order: 20260417-05902, dari_api: null} @ https://phbidlautdemo.prahu-hub.com/_resources/themes/prahutheme/javascript/custom/orderList.js?m=1788319233:46
[  329828ms] [LOG] [Majribah] penerima @ https://phbidlautdemo.prahu-hub.com/_resources/themes/prahutheme/javascript/custom/orderList.js?m=1788319233:261
[  329828ms] [LOG] {ID: 1334, status_order: PACKING_LIST, JadwalID: 1709, ID_Order: 20260417-05901, dari_api: null} @ https://phbidlautdemo.prahu-hub.com/_resources/themes/prahutheme/javascript/custom/orderList.js?m=1788319233:46
[  329828ms] [LOG] [Majribah] penerima @ https://phbidlautdemo.prahu-hub.com/_resources/themes/prahutheme/javascript/custom/orderList.js?m=1788319233:261
[  329828ms] [LOG] {ID: 1333, status_order: KONFIRMASI_UNIT, JadwalID: 1708, ID_Order: 20260416-05931, dari_api: null} @ https://phbidlautdemo.prahu-hub.com/_resources/themes/prahutheme/javascript/custom/orderList.js?m=1788319233:46
[  329829ms] [LOG] [Majribah] penerima @ https://phbidlautdemo.prahu-hub.com/_resources/themes/prahutheme/javascript/custom/orderList.js?m=1788319233:261
[  329829ms] [LOG] {ID: 1332, status_order: KONFIRMASI_UNIT, JadwalID: 1711, ID_Order: 20260416-05930, dari_api: null} @ https://phbidlautdemo.prahu-hub.com/_resources/themes/prahutheme/javascript/custom/orderList.js?m=1788319233:46
[  329829ms] [LOG] [Majribah] penerima @ https://phbidlautdemo.prahu-hub.com/_resources/themes/prahutheme/javascript/custom/orderList.js?m=1788319233:261
[  329829ms] [LOG] {ID: 1331, status_order: DONE, JadwalID: 1710, ID_Order: 20260416-05929, dari_api: null} @ https://phbidlautdemo.prahu-hub.com/_resources/themes/prahutheme/javascript/custom/orderList.js?m=1788319233:46
[  329830ms] [LOG] [Majribah] penerima @ https://phbidlautdemo.prahu-hub.com/_resources/themes/prahutheme/javascript/custom/orderList.js?m=1788319233:261
[  329830ms] [LOG] {ID: 1330, status_order: PACKING_LIST, JadwalID: 1709, ID_Order: 20260416-05928, dari_api: null} @ https://phbidlautdemo.prahu-hub.com/_resources/themes/prahutheme/javascript/custom/orderList.js?m=1788319233:46
[  329830ms] [LOG] [Majribah] penerima @ https://phbidlautdemo.prahu-hub.com/_resources/themes/prahutheme/javascript/custom/orderList.js?m=1788319233:261
[  329830ms] [LOG] {ID: 1329, status_order: PACKING_LIST, JadwalID: 1708, ID_Order: 20260416-05927, dari_api: null} @ https://phbidlautdemo.prahu-hub.com/_resources/themes/prahutheme/javascript/custom/orderList.js?m=1788319233:46
[  329830ms] [LOG] [Majribah] penerima @ https://phbidlautdemo.prahu-hub.com/_resources/themes/prahutheme/javascript/custom/orderList.js?m=1788319233:261
[  329830ms] [LOG] {ID: 1328, status_order: PACKING_LIST, JadwalID: 1711, ID_Order: 20260416-05926, dari_api: null} @ https://phbidlautdemo.prahu-hub.com/_resources/themes/prahutheme/javascript/custom/orderList.js?m=1788319233:46
[  329831ms] [LOG] [Majribah] penerima @ https://phbidlautdemo.prahu-hub.com/_resources/themes/prahutheme/javascript/custom/orderList.js?m=1788319233:261
[  329831ms] [LOG] {ID: 1327, status_order: PACKING_LIST, JadwalID: 1710, ID_Order: 20260416-05925, dari_api: null} @ https://phbidlautdemo.prahu-hub.com/_resources/themes/prahutheme/javascript/custom/orderList.js?m=1788319233:46
[  329831ms] [LOG] [Majribah] penerima @ https://phbidlautdemo.prahu-hub.com/_resources/themes/prahutheme/javascript/custom/orderList.js?m=1788319233:261
[  329831ms] [LOG] {ID: 1326, status_order: PACKING_LIST, JadwalID: 1709, ID_Order: 20260416-05924, dari_api: null} @ https://phbidlautdemo.prahu-hub.com/_resources/themes/prahutheme/javascript/custom/orderList.js?m=1788319233:46
[  329831ms] [LOG] [Majribah] penerima @ https://phbidlautdemo.prahu-hub.com/_resources/themes/prahutheme/javascript/custom/orderList.js?m=1788319233:261
[  329832ms] [LOG] {ID: 1325, status_order: PACKING_LIST, JadwalID: 1709, ID_Order: 20260416-05923, dari_api: null} @ https://phbidlautdemo.prahu-hub.com/_resources/themes/prahutheme/javascript/custom/orderList.js?m=1788319233:46
[  329833ms] [LOG] [Majribah] penerima @ https://phbidlautdemo.prahu-hub.com/_resources/themes/prahutheme/javascript/custom/orderList.js?m=1788319233:261
[  329833ms] [LOG] {ID: 1324, status_order: PACKING_LIST, JadwalID: 1708, ID_Order: 20260416-05922, dari_api: null} @ https://phbidlautdemo.prahu-hub.com/_resources/themes/prahutheme/javascript/custom/orderList.js?m=1788319233:46
[  329833ms] [LOG] [Majribah] penerima @ https://phbidlautdemo.prahu-hub.com/_resources/themes/prahutheme/javascript/custom/orderList.js?m=1788319233:261
[  329834ms] [LOG] {ID: 1323, status_order: PACKING_LIST, JadwalID: 1708, ID_Order: 20260416-05921, dari_api: null} @ https://phbidlautdemo.prahu-hub.com/_resources/themes/prahutheme/javascript/custom/orderList.js?m=1788319233:46
[  329834ms] [LOG] [Majribah] penerima @ https://phbidlautdemo.prahu-hub.com/_resources/themes/prahutheme/javascript/custom/orderList.js?m=1788319233:261
[  329835ms] [LOG] {ID: 1322, status_order: PACKING_LIST, JadwalID: 1709, ID_Order: 20260416-05920, dari_api: null} @ https://phbidlautdemo.prahu-hub.com/_resources/themes/prahutheme/javascript/custom/orderList.js?m=1788319233:46
[  329835ms] [LOG] [Majribah] penerima @ https://phbidlautdemo.prahu-hub.com/_resources/themes/prahutheme/javascript/custom/orderList.js?m=1788319233:261
[  329836ms] [LOG] {ID: 1321, status_order: DONE, JadwalID: 1709, ID_Order: 20260416-05919, dari_api: null} @ https://phbidlautdemo.prahu-hub.com/_resources/themes/prahutheme/javascript/custom/orderList.js?m=1788319233:46
[  329837ms] [LOG] [Majribah] penerima @ https://phbidlautdemo.prahu-hub.com/_resources/themes/prahutheme/javascript/custom/orderList.js?m=1788319233:261
[  329837ms] [LOG] {ID: 1320, status_order: PACKING_LIST, JadwalID: 1708, ID_Order: 20260416-05918, dari_api: null} @ https://phbidlautdemo.prahu-hub.com/_resources/themes/prahutheme/javascript/custom/orderList.js?m=1788319233:46
[  329837ms] [LOG] [Majribah] penerima @ https://phbidlautdemo.prahu-hub.com/_resources/themes/prahutheme/javascript/custom/orderList.js?m=1788319233:261
[  329837ms] [LOG] {ID: 1319, status_order: PACKING_LIST, JadwalID: 1709, ID_Order: 20260416-05917, dari_api: null} @ https://phbidlautdemo.prahu-hub.com/_resources/themes/prahutheme/javascript/custom/orderList.js?m=1788319233:46
[  329838ms] [LOG] [Majribah] penerima @ https://phbidlautdemo.prahu-hub.com/_resources/themes/prahutheme/javascript/custom/orderList.js?m=1788319233:261
[  329838ms] [LOG] {ID: 1318, status_order: PACKING_LIST, JadwalID: 1708, ID_Order: 20260416-05916, dari_api: null} @ https://phbidlautdemo.prahu-hub.com/_resources/themes/prahutheme/javascript/custom/orderList.js?m=1788319233:46
[  329838ms] [LOG] [Majribah] penerima @ https://phbidlautdemo.prahu-hub.com/_resources/themes/prahutheme/javascript/custom/orderList.js?m=1788319233:261
[  329838ms] [LOG] {ID: 1317, status_order: PACKING_LIST, JadwalID: 1709, ID_Order: 20260416-05915, dari_api: null} @ https://phbidlautdemo.prahu-hub.com/_resources/themes/prahutheme/javascript/custom/orderList.js?m=1788319233:46
[  329838ms] [LOG] [Majribah] penerima @ https://phbidlautdemo.prahu-hub.com/_resources/themes/prahutheme/javascript/custom/orderList.js?m=1788319233:261
[  329839ms] [LOG] {ID: 1316, status_order: PACKING_LIST, JadwalID: 1708, ID_Order: 20260416-05914, dari_api: null} @ https://phbidlautdemo.prahu-hub.com/_resources/themes/prahutheme/javascript/custom/orderList.js?m=1788319233:46
[  329839ms] [LOG] [Majribah] penerima @ https://phbidlautdemo.prahu-hub.com/_resources/themes/prahutheme/javascript/custom/orderList.js?m=1788319233:261
[  329839ms] [LOG] {ID: 1315, status_order: PACKING_LIST, JadwalID: 1711, ID_Order: 20260416-05913, dari_api: null} @ https://phbidlautdemo.prahu-hub.com/_resources/themes/prahutheme/javascript/custom/orderList.js?m=1788319233:46
[  329839ms] [LOG] [Majribah] penerima @ https://phbidlautdemo.prahu-hub.com/_resources/themes/prahutheme/javascript/custom/orderList.js?m=1788319233:261
[  329839ms] [LOG] {ID: 1314, status_order: PACKING_LIST, JadwalID: 1710, ID_Order: 20260416-05912, dari_api: null} @ https://phbidlautdemo.prahu-hub.com/_resources/themes/prahutheme/javascript/custom/orderList.js?m=1788319233:46
[  329840ms] [LOG] [Majribah] penerima @ https://phbidlautdemo.prahu-hub.com/_resources/themes/prahutheme/javascript/custom/orderList.js?m=1788319233:261
[  329840ms] [LOG] {ID: 1313, status_order: PACKING_LIST, JadwalID: 1709, ID_Order: 20260416-05911, dari_api: null} @ https://phbidlautdemo.prahu-hub.com/_resources/themes/prahutheme/javascript/custom/orderList.js?m=1788319233:46
[  329840ms] [LOG] [Majribah] penerima @ https://phbidlautdemo.prahu-hub.com/_resources/themes/prahutheme/javascript/custom/orderList.js?m=1788319233:261
[  329841ms] [LOG] {ID: 1312, status_order: PACKING_LIST, JadwalID: 1708, ID_Order: 20260416-05910, dari_api: null} @ https://phbidlautdemo.prahu-hub.com/_resources/themes/prahutheme/javascript/custom/orderList.js?m=1788319233:46
[  329841ms] [LOG] [Majribah] penerima @ https://phbidlautdemo.prahu-hub.com/_resources/themes/prahutheme/javascript/custom/orderList.js?m=1788319233:261
[  329841ms] [LOG] {ID: 1311, status_order: PACKING_LIST, JadwalID: 1709, ID_Order: 20260416-05909, dari_api: null} @ https://phbidlautdemo.prahu-hub.com/_resources/themes/prahutheme/javascript/custom/orderList.js?m=1788319233:46
[  329841ms] [LOG] [Majribah] penerima @ https://phbidlautdemo.prahu-hub.com/_resources/themes/prahutheme/javascript/custom/orderList.js?m=1788319233:261
[  329842ms] [LOG] {ID: 1310, status_order: PACKING_LIST, JadwalID: 1708, ID_Order: 20260416-05908, dari_api: null} @ https://phbidlautdemo.prahu-hub.com/_resources/themes/prahutheme/javascript/custom/orderList.js?m=1788319233:46
[  329842ms] [LOG] [Majribah] penerima @ https://phbidlautdemo.prahu-hub.com/_resources/themes/prahutheme/javascript/custom/orderList.js?m=1788319233:261
[  329842ms] [LOG] {ID: 1309, status_order: PACKING_LIST, JadwalID: 1711, ID_Order: 20260416-05907, dari_api: null} @ https://phbidlautdemo.prahu-hub.com/_resources/themes/prahutheme/javascript/custom/orderList.js?m=1788319233:46
[  329843ms] [LOG] [Majribah] penerima @ https://phbidlautdemo.prahu-hub.com/_resources/themes/prahutheme/javascript/custom/orderList.js?m=1788319233:261
[  329843ms] [LOG] {ID: 1308, status_order: PACKING_LIST, JadwalID: 1710, ID_Order: 20260416-05906, dari_api: null} @ https://phbidlautdemo.prahu-hub.com/_resources/themes/prahutheme/javascript/custom/orderList.js?m=1788319233:46
[  329843ms] [LOG] [Majribah] penerima @ https://phbidlautdemo.prahu-hub.com/_resources/themes/prahutheme/javascript/custom/orderList.js?m=1788319233:261
[  329843ms] [LOG] {ID: 1307, status_order: PACKING_LIST, JadwalID: 1709, ID_Order: 20260416-05905, dari_api: null} @ https://phbidlautdemo.prahu-hub.com/_resources/themes/prahutheme/javascript/custom/orderList.js?m=1788319233:46
[  329843ms] [LOG] [Majribah] penerima @ https://phbidlautdemo.prahu-hub.com/_resources/themes/prahutheme/javascript/custom/orderList.js?m=1788319233:261
[  329843ms] [LOG] {ID: 1306, status_order: PACKING_LIST, JadwalID: 1709, ID_Order: 20260416-05904, dari_api: null} @ https://phbidlautdemo.prahu-hub.com/_resources/themes/prahutheme/javascript/custom/orderList.js?m=1788319233:46
[  329844ms] [LOG] [Majribah] penerima @ https://phbidlautdemo.prahu-hub.com/_resources/themes/prahutheme/javascript/custom/orderList.js?m=1788319233:261
[  329844ms] [LOG] {ID: 1305, status_order: KONFIRMASI_UNIT, JadwalID: 1710, ID_Order: 20260416-05903, dari_api: null} @ https://phbidlautdemo.prahu-hub.com/_resources/themes/prahutheme/javascript/custom/orderList.js?m=1788319233:46
[  329844ms] [LOG] [Majribah] penerima @ https://phbidlautdemo.prahu-hub.com/_resources/themes/prahutheme/javascript/custom/orderList.js?m=1788319233:261
[  329844ms] [LOG] {ID: 1304, status_order: PACKING_LIST, JadwalID: 1711, ID_Order: 20260416-05902, dari_api: null} @ https://phbidlautdemo.prahu-hub.com/_resources/themes/prahutheme/javascript/custom/orderList.js?m=1788319233:46
[  329844ms] [LOG] [Majribah] penerima @ https://phbidlautdemo.prahu-hub.com/_resources/themes/prahutheme/javascript/custom/orderList.js?m=1788319233:261
[  329844ms] [LOG] {ID: 1303, status_order: PACKING_LIST, JadwalID: 1709, ID_Order: 20260416-05901, dari_api: null} @ https://phbidlautdemo.prahu-hub.com/_resources/themes/prahutheme/javascript/custom/orderList.js?m=1788319233:46
[  329845ms] [LOG] [Majribah] penerima @ https://phbidlautdemo.prahu-hub.com/_resources/themes/prahutheme/javascript/custom/orderList.js?m=1788319233:261
[  329845ms] [LOG] {ID: 1302, status_order: KONFIRMASI_UNIT, JadwalID: 1706, ID_Order: 20260415-05906, dari_api: null} @ https://phbidlautdemo.prahu-hub.com/_resources/themes/prahutheme/javascript/custom/orderList.js?m=1788319233:46
[  329845ms] [LOG] [PT. Perkasa Adi Makmur Sentosa, PT. Tridatu Jaya, PT. Indajaya] penerima @ https://phbidlautdemo.prahu-hub.com/_resources/themes/prahutheme/javascript/custom/orderList.js?m=1788319233:261
[  329845ms] [LOG] {ID: 1301, status_order: PACKING_LIST, JadwalID: 1706, ID_Order: 20260415-05905, dari_api: null} @ https://phbidlautdemo.prahu-hub.com/_resources/themes/prahutheme/javascript/custom/orderList.js?m=1788319233:46
[  329845ms] [LOG] [PT. Perkasa Adi Makmur Sentosa, PT. Tridatu Jaya, PT. Indajaya] penerima @ https://phbidlautdemo.prahu-hub.com/_resources/themes/prahutheme/javascript/custom/orderList.js?m=1788319233:261
[  329845ms] [LOG] {ID: 1300, status_order: PACKING_LIST, JadwalID: 1706, ID_Order: 20260415-05904, dari_api: null} @ https://phbidlautdemo.prahu-hub.com/_resources/themes/prahutheme/javascript/custom/orderList.js?m=1788319233:46
[  329846ms] [LOG] [PT. Perkasa Adi Makmur Sentosa, PT. Tridatu Jaya, PT. Indajaya] penerima @ https://phbidlautdemo.prahu-hub.com/_resources/themes/prahutheme/javascript/custom/orderList.js?m=1788319233:261
[  329846ms] [LOG] {ID: 1299, status_order: PACKING_LIST, JadwalID: 1706, ID_Order: 20260415-05903, dari_api: null} @ https://phbidlautdemo.prahu-hub.com/_resources/themes/prahutheme/javascript/custom/orderList.js?m=1788319233:46
[  329846ms] [LOG] [PT. Perkasa Adi Makmur Sentosa, PT. Tridatu Jaya, PT. Perkasa Adi Makmur Sentosa] penerima @ https://phbidlautdemo.prahu-hub.com/_resources/themes/prahutheme/javascript/custom/orderList.js?m=1788319233:261
[  329846ms] [LOG] {ID: 1298, status_order: PACKING_LIST, JadwalID: 1706, ID_Order: 20260415-05902, dari_api: null} @ https://phbidlautdemo.prahu-hub.com/_resources/themes/prahutheme/javascript/custom/orderList.js?m=1788319233:46
[  329846ms] [LOG] [PT. Perkasa Adi Makmur Sentosa, PT. Tridatu Jaya, PT. Indajaya] penerima @ https://phbidlautdemo.prahu-hub.com/_resources/themes/prahutheme/javascript/custom/orderList.js?m=1788319233:261
[  329847ms] [LOG] {ID: 1297, status_order: CANCEL, JadwalID: 1714, ID_Order: 20260415-06501, dari_api: YES} @ https://phbidlautdemo.prahu-hub.com/_resources/themes/prahutheme/javascript/custom/orderList.js?m=1788319233:46
[  329847ms] [LOG] [Ik Bitung] penerima @ https://phbidlautdemo.prahu-hub.com/_resources/themes/prahutheme/javascript/custom/orderList.js?m=1788319233:261
[  329847ms] [LOG] {ID: 1296, status_order: DONE, JadwalID: 1702, ID_Order: 20260404-06506, dari_api: null} @ https://phbidlautdemo.prahu-hub.com/_resources/themes/prahutheme/javascript/custom/orderList.js?m=1788319233:46
[  329847ms] [LOG] [Ik Bitung] penerima @ https://phbidlautdemo.prahu-hub.com/_resources/themes/prahutheme/javascript/custom/orderList.js?m=1788319233:261
[  329847ms] [LOG] {ID: 1295, status_order: DONE, JadwalID: 1701, ID_Order: 20260404-06505, dari_api: null} @ https://phbidlautdemo.prahu-hub.com/_resources/themes/prahutheme/javascript/custom/orderList.js?m=1788319233:46
[  329848ms] [LOG] [PT. Perkasa Adi Makmur Sentosa, PT. Tridatu Jaya, PT. Indajaya] penerima @ https://phbidlautdemo.prahu-hub.com/_resources/themes/prahutheme/javascript/custom/orderList.js?m=1788319233:261
[  329848ms] [LOG] {ID: 1294, status_order: DONE, JadwalID: 1701, ID_Order: 20260404-06504, dari_api: null} @ https://phbidlautdemo.prahu-hub.com/_resources/themes/prahutheme/javascript/custom/orderList.js?m=1788319233:46
[  329848ms] [LOG] [PT. Inti Cahaya Jaya, PT. Indajaya, PT. Intan Pertama Jaya Abadi] penerima @ https://phbidlautdemo.prahu-hub.com/_resources/themes/prahutheme/javascript/custom/orderList.js?m=1788319233:261
[  329849ms] [LOG] {ID: 1293, status_order: DONE, JadwalID: 1701, ID_Order: 20260404-06503, dari_api: null} @ https://phbidlautdemo.prahu-hub.com/_resources/themes/prahutheme/javascript/custom/orderList.js?m=1788319233:46
[  329850ms] [LOG] [PT. Inti Cahaya Jaya, PT. Indajaya, PT. Intan Pertama Jaya Abadi] penerima @ https://phbidlautdemo.prahu-hub.com/_resources/themes/prahutheme/javascript/custom/orderList.js?m=1788319233:261
[  329850ms] [LOG] {ID: 1292, status_order: CANCEL, JadwalID: 1701, ID_Order: 20260404-06502, dari_api: null} @ https://phbidlautdemo.prahu-hub.com/_resources/themes/prahutheme/javascript/custom/orderList.js?m=1788319233:46
[  329850ms] [LOG] [PT. Inti Cahaya Jaya, PT. Indajaya, PT. Intan Pertama Jaya Abadi] penerima @ https://phbidlautdemo.prahu-hub.com/_resources/themes/prahutheme/javascript/custom/orderList.js?m=1788319233:261
[  329851ms] [LOG] {ID: 1291, status_order: CANCEL, JadwalID: 1702, ID_Order: 20260404-06501, dari_api: null} @ https://phbidlautdemo.prahu-hub.com/_resources/themes/prahutheme/javascript/custom/orderList.js?m=1788319233:46
[  329851ms] [LOG] [Ik Bitung] penerima @ https://phbidlautdemo.prahu-hub.com/_resources/themes/prahutheme/javascript/custom/orderList.js?m=1788319233:261
[  329852ms] [LOG] {ID: 1290, status_order: DONE, JadwalID: 1701, ID_Order: 20260401-06503, dari_api: null} @ https://phbidlautdemo.prahu-hub.com/_resources/themes/prahutheme/javascript/custom/orderList.js?m=1788319233:46
[  329852ms] [LOG] [PT. Perkasa Adi Makmur Sentosa, PT. Tridatu Jaya, PT. Indajaya] penerima @ https://phbidlautdemo.prahu-hub.com/_resources/themes/prahutheme/javascript/custom/orderList.js?m=1788319233:261
[  329853ms] [LOG] {ID: 1289, status_order: REJECTED, JadwalID: 1701, ID_Order: 20260401-06502, dari_api: null} @ https://phbidlautdemo.prahu-hub.com/_resources/themes/prahutheme/javascript/custom/orderList.js?m=1788319233:46
[  329853ms] [LOG] [PT. Tridatu Jaya, PT. Indajaya, PT. Inti Cahaya Jaya] penerima @ https://phbidlautdemo.prahu-hub.com/_resources/themes/prahutheme/javascript/custom/orderList.js?m=1788319233:261
[  329853ms] [LOG] {ID: 1288, status_order: DONE, JadwalID: 1680, ID_Order: 20260401-06501, dari_api: YES} @ https://phbidlautdemo.prahu-hub.com/_resources/themes/prahutheme/javascript/custom/orderList.js?m=1788319233:46
[  329854ms] [LOG] [Ik Bitung] penerima @ https://phbidlautdemo.prahu-hub.com/_resources/themes/prahutheme/javascript/custom/orderList.js?m=1788319233:261
[  329854ms] [LOG] {ID: 1287, status_order: DONE, JadwalID: 1700, ID_Order: 20260316-08501, dari_api: null} @ https://phbidlautdemo.prahu-hub.com/_resources/themes/prahutheme/javascript/custom/orderList.js?m=1788319233:46
[  329854ms] [LOG] [farid] penerima @ https://phbidlautdemo.prahu-hub.com/_resources/themes/prahutheme/javascript/custom/orderList.js?m=1788319233:261
[  329855ms] [LOG] {ID: 1286, status_order: REJECTED, JadwalID: 1680, ID_Order: 20260311-06501, dari_api: null} @ https://phbidlautdemo.prahu-hub.com/_resources/themes/prahutheme/javascript/custom/orderList.js?m=1788319233:46
[  329855ms] [LOG] [Ik Bitung] penerima @ https://phbidlautdemo.prahu-hub.com/_resources/themes/prahutheme/javascript/custom/orderList.js?m=1788319233:261
[  329855ms] [LOG] {ID: 1285, status_order: DONE, JadwalID: 1689, ID_Order: 20260307-06503, dari_api: null} @ https://phbidlautdemo.prahu-hub.com/_resources/themes/prahutheme/javascript/custom/orderList.js?m=1788319233:46
[  329855ms] [LOG] [Trentino] penerima @ https://phbidlautdemo.prahu-hub.com/_resources/themes/prahutheme/javascript/custom/orderList.js?m=1788319233:261
[  329855ms] [LOG] {ID: 1284, status_order: DONE, JadwalID: 1690, ID_Order: 20260307-06502, dari_api: null} @ https://phbidlautdemo.prahu-hub.com/_resources/themes/prahutheme/javascript/custom/orderList.js?m=1788319233:46
[  329856ms] [LOG] [Ik Bitung] penerima @ https://phbidlautdemo.prahu-hub.com/_resources/themes/prahutheme/javascript/custom/orderList.js?m=1788319233:261
[  329856ms] [LOG] {ID: 1283, status_order: DONE, JadwalID: 1663, ID_Order: 20260307-06501, dari_api: null} @ https://phbidlautdemo.prahu-hub.com/_resources/themes/prahutheme/javascript/custom/orderList.js?m=1788319233:46
[  329856ms] [LOG] [Trentino] penerima @ https://phbidlautdemo.prahu-hub.com/_resources/themes/prahutheme/javascript/custom/orderList.js?m=1788319233:261
[  329856ms] [LOG] {ID: 1282, status_order: DONE, JadwalID: 1683, ID_Order: 20260303-06501, dari_api: null} @ https://phbidlautdemo.prahu-hub.com/_resources/themes/prahutheme/javascript/custom/orderList.js?m=1788319233:46
[  329856ms] [LOG] [Ik Bitung] penerima @ https://phbidlautdemo.prahu-hub.com/_resources/themes/prahutheme/javascript/custom/orderList.js?m=1788319233:261
[  329857ms] [LOG] {ID: 1281, status_order: DONE, JadwalID: 1679, ID_Order: 20260302-08501, dari_api: null} @ https://phbidlautdemo.prahu-hub.com/_resources/themes/prahutheme/javascript/custom/orderList.js?m=1788319233:46
[  329857ms] [LOG] [Budi] penerima @ https://phbidlautdemo.prahu-hub.com/_resources/themes/prahutheme/javascript/custom/orderList.js?m=1788319233:261
[  329857ms] [LOG] {ID: 1280, status_order: DONE, JadwalID: 1671, ID_Order: 20260227-08502, dari_api: null} @ https://phbidlautdemo.prahu-hub.com/_resources/themes/prahutheme/javascript/custom/orderList.js?m=1788319233:46
[  329857ms] [LOG] [Budi] penerima @ https://phbidlautdemo.prahu-hub.com/_resources/themes/prahutheme/javascript/custom/orderList.js?m=1788319233:261
[  329857ms] [LOG] {ID: 1279, status_order: DONE, JadwalID: 1671, ID_Order: 20260227-08501, dari_api: null} @ https://phbidlautdemo.prahu-hub.com/_resources/themes/prahutheme/javascript/custom/orderList.js?m=1788319233:46
[  329857ms] [LOG] [Budi] penerima @ https://phbidlautdemo.prahu-hub.com/_resources/themes/prahutheme/javascript/custom/orderList.js?m=1788319233:261
[  329858ms] [LOG] {ID: 1278, status_order: DONE, JadwalID: 1668, ID_Order: 20260226-08501, dari_api: null} @ https://phbidlautdemo.prahu-hub.com/_resources/themes/prahutheme/javascript/custom/orderList.js?m=1788319233:46
[  329858ms] [LOG] [Budi] penerima @ https://phbidlautdemo.prahu-hub.com/_resources/themes/prahutheme/javascript/custom/orderList.js?m=1788319233:261
[  329858ms] [LOG] {ID: 1277, status_order: KONFIRMASI_UNIT, JadwalID: 1451, ID_Order: 20260225-02615, dari_api: null} @ https://phbidlautdemo.prahu-hub.com/_resources/themes/prahutheme/javascript/custom/orderList.js?m=1788319233:46
[  329858ms] [LOG] [Pras Tujuan] penerima @ https://phbidlautdemo.prahu-hub.com/_resources/themes/prahutheme/javascript/custom/orderList.js?m=1788319233:261
[  329859ms] [LOG] {ID: 1276, status_order: PENDING, JadwalID: 1663, ID_Order: 20260225-06514, dari_api: YES} @ https://phbidlautdemo.prahu-hub.com/_resources/themes/prahutheme/javascript/custom/orderList.js?m=1788319233:46
[  329859ms] [LOG] [Trentino] penerima @ https://phbidlautdemo.prahu-hub.com/_resources/themes/prahutheme/javascript/custom/orderList.js?m=1788319233:261
[  329859ms] [LOG] {ID: 1275, status_order: PENDING, JadwalID: 1663, ID_Order: 20260225-06513, dari_api: YES} @ https://phbidlautdemo.prahu-hub.com/_resources/themes/prahutheme/javascript/custom/orderList.js?m=1788319233:46
[  329859ms] [LOG] [Trentino] penerima @ https://phbidlautdemo.prahu-hub.com/_resources/themes/prahutheme/javascript/custom/orderList.js?m=1788319233:261
[  329859ms] [LOG] {ID: 1274, status_order: PENDING, JadwalID: 1663, ID_Order: 20260225-06512, dari_api: YES} @ https://phbidlautdemo.prahu-hub.com/_resources/themes/prahutheme/javascript/custom/orderList.js?m=1788319233:46
[  329859ms] [LOG] [Trentino] penerima @ https://phbidlautdemo.prahu-hub.com/_resources/themes/prahutheme/javascript/custom/orderList.js?m=1788319233:261
[  329860ms] [LOG] {ID: 1273, status_order: KONFIRMASI_UNIT, JadwalID: 1663, ID_Order: 20260225-06511, dari_api: YES} @ https://phbidlautdemo.prahu-hub.com/_resources/themes/prahutheme/javascript/custom/orderList.js?m=1788319233:46
[  329860ms] [LOG] [Trentino] penerima @ https://phbidlautdemo.prahu-hub.com/_resources/themes/prahutheme/javascript/custom/orderList.js?m=1788319233:261
[  329860ms] [LOG] {ID: 1272, status_order: PENDING, JadwalID: 1663, ID_Order: 20260225-06510, dari_api: YES} @ https://phbidlautdemo.prahu-hub.com/_resources/themes/prahutheme/javascript/custom/orderList.js?m=1788319233:46
[  329860ms] [LOG] [Trentino] penerima @ https://phbidlautdemo.prahu-hub.com/_resources/themes/prahutheme/javascript/custom/orderList.js?m=1788319233:261
[  329860ms] [LOG] {ID: 1271, status_order: PENDING, JadwalID: 1663, ID_Order: 20260225-06509, dari_api: YES} @ https://phbidlautdemo.prahu-hub.com/_resources/themes/prahutheme/javascript/custom/orderList.js?m=1788319233:46
[  329860ms] [LOG] [Trentino] penerima @ https://phbidlautdemo.prahu-hub.com/_resources/themes/prahutheme/javascript/custom/orderList.js?m=1788319233:261
[  329861ms] [LOG] {ID: 1270, status_order: PENDING, JadwalID: 1663, ID_Order: 20260225-06508, dari_api: YES} @ https://phbidlautdemo.prahu-hub.com/_resources/themes/prahutheme/javascript/custom/orderList.js?m=1788319233:46
[  329861ms] [LOG] [Trentino] penerima @ https://phbidlautdemo.prahu-hub.com/_resources/themes/prahutheme/javascript/custom/orderList.js?m=1788319233:261
[  329861ms] [LOG] {ID: 1269, status_order: PENDING, JadwalID: 1663, ID_Order: 20260225-06507, dari_api: YES} @ https://phbidlautdemo.prahu-hub.com/_resources/themes/prahutheme/javascript/custom/orderList.js?m=1788319233:46
[  329861ms] [LOG] [Trentino] penerima @ https://phbidlautdemo.prahu-hub.com/_resources/themes/prahutheme/javascript/custom/orderList.js?m=1788319233:261
[  329861ms] [LOG] {ID: 1268, status_order: PENDING, JadwalID: 1663, ID_Order: 20260225-06506, dari_api: YES} @ https://phbidlautdemo.prahu-hub.com/_resources/themes/prahutheme/javascript/custom/orderList.js?m=1788319233:46
[  329861ms] [LOG] [Trentino] penerima @ https://phbidlautdemo.prahu-hub.com/_resources/themes/prahutheme/javascript/custom/orderList.js?m=1788319233:261
[  329861ms] [LOG] {ID: 1267, status_order: PENDING, JadwalID: 1663, ID_Order: 20260225-06505, dari_api: YES} @ https://phbidlautdemo.prahu-hub.com/_resources/themes/prahutheme/javascript/custom/orderList.js?m=1788319233:46
[  329862ms] [LOG] [Trentino] penerima @ https://phbidlautdemo.prahu-hub.com/_resources/themes/prahutheme/javascript/custom/orderList.js?m=1788319233:261
[  329862ms] [LOG] {ID: 1266, status_order: PENDING, JadwalID: 1663, ID_Order: 20260225-06504, dari_api: YES} @ https://phbidlautdemo.prahu-hub.com/_resources/themes/prahutheme/javascript/custom/orderList.js?m=1788319233:46
[  329862ms] [LOG] [Trentino] penerima @ https://phbidlautdemo.prahu-hub.com/_resources/themes/prahutheme/javascript/custom/orderList.js?m=1788319233:261
[  329862ms] [LOG] {ID: 1265, status_order: PENDING, JadwalID: 1663, ID_Order: 20260225-06503, dari_api: YES} @ https://phbidlautdemo.prahu-hub.com/_resources/themes/prahutheme/javascript/custom/orderList.js?m=1788319233:46
[  329862ms] [LOG] [Trentino] penerima @ https://phbidlautdemo.prahu-hub.com/_resources/themes/prahutheme/javascript/custom/orderList.js?m=1788319233:261
[  329975ms] [LOG] 1453 @ https://phbidlautdemo.prahu-hub.com/_resources/themes/prahutheme/javascript/custom/orderList.js?m=1788319233:916
[  329975ms] [LOG] 1453 countView1 2 pageNow 100 limitView1 @ https://phbidlautdemo.prahu-hub.com/_resources/themes/prahutheme/javascript/custom/orderList.js?m=1788319233:918
[  329975ms] [LOG] 200 @ https://phbidlautdemo.prahu-hub.com/_resources/themes/prahutheme/javascript/custom/orderList.js?m=1788319233:924
[  329976ms] [LOG] 1453 jumlah data @ https://phbidlautdemo.prahu-hub.com/_resources/themes/prahutheme/javascript/custom/orderList.js?m=1788319233:879
[  329976ms] [LOG] 15 @ https://phbidlautdemo.prahu-hub.com/_resources/themes/prahutheme/javascript/custom/orderList.js?m=1788319233:881
[  329976ms] [LOG] 15 2 pageCount & pageNow @ https://phbidlautdemo.prahu-hub.com/_resources/themes/prahutheme/javascript/custom/orderList.js?m=1788319233:810
[  329978ms] [LOG] 200 xhrglobal @ https://phbidlautdemo.prahu-hub.com/order/orderlist:8566
[  338560ms] [LOG] Connected @ https://phbidlautdemo.prahu-hub.com/order/orderlist:8685
[  344104ms] [LOG] Connected @ https://phbidlautdemo.prahu-hub.com/order/orderlist:8685
