[     215ms] [LOG] Connected @ https://phbidlautdemo.prahu-hub.com/lelang/buatlelang?newbook=1:14301
[    1097ms] Cannot use import statement outside a module
[    1128ms] ReferenceError: Chart is not defined
    at https://phbidlautdemo.prahu-hub.com/_resources/themes/prahutheme/js/scripts-init/charts/chartjs.js:8:13
[    1207ms] Unexpected token '<'
[    1311ms] Unexpected token '<'
[    1358ms] Uncaught TypeError: expect element to be DOM Element, but got null
    at n.init (https://cdnjs.cloudflare.com/ajax/libs/smooth-scrollbar/8.5.2/smooth-scrollbar.js:24:264)
    at <anonymous> (https://phbidlautdemo.prahu-hub.com/lelang/carirute:6551:14)
[    1416ms] [LOG] undefinednamanya @ https://phbidlautdemo.prahu-hub.com/lelang/carirute:2149
[    1426ms] [LOG] undefined @ https://phbidlautdemo.prahu-hub.com/lelang/carirute:6904
[    1426ms] [LOG] undefined @ https://phbidlautdemo.prahu-hub.com/lelang/carirute:6904
[    1426ms] [LOG] undefined @ https://phbidlautdemo.prahu-hub.com/lelang/carirute:6904
[    1426ms] [LOG] Masukkan Nomor Lelang @ https://phbidlautdemo.prahu-hub.com/lelang/carirute:6904
[    1426ms] [LOG] undefined @ https://phbidlautdemo.prahu-hub.com/lelang/carirute:6904
[    1426ms] [LOG] WebSocket connection @ https://phbidlautdemo.prahu-hub.com/lelang/carirute:6947
[    1427ms] [LOG] WebSocket connection attempting... @ https://phbidlautdemo.prahu-hub.com/lelang/carirute:7025
[    1455ms] [TABLE] {UI version: 8.4.1, Core version: 8.4.0, Build: NC8xMi8yMDIyfDRkZTU3MmExYg==, WebViewer Server: false, Full API: false} @ https://phbidlautdemo.prahu-hub.com/_resources/themes/prahutheme/javascript/PDFView/lib/ui/webviewer-ui.min.js:270
[    1581ms] [VERBOSE] [DOM] Password forms should have (optionally hidden) username fields for accessibility: (More info: https://goo.gl/9p2vKq) %o @ https://phbidlautdemo.prahu-hub.com/_resources/themes/prahutheme/javascript/PDFView/lib/ui/index.html#a=1&disabledElements=downloadButton%2CprintButton%2ClanguageButton&filepicker=0&pdfnet=0&enableRedaction=0&enableMeasurement=0&pageHistory=1&notesInLeftPanel=0&singleServerMode=false&selectAnnotationOnCreation=0&autoFocusNoteOnAnnotationSelection=1&id=1&basePath=%2Flelang%2Fcarirute:0
[    1668ms] [LOG] WebSocket connected @ https://phbidlautdemo.prahu-hub.com/lelang/carirute:6956
[    1685ms] [LOG] update_dashboard_order_laut @ https://phbidlautdemo.prahu-hub.com/lelang/carirute:6997
[    1735ms] [LOG] Connected @ https://phbidlautdemo.prahu-hub.com/lelang/carirute:6997
[    1763ms] [LOG] 200 xhrglobal @ https://phbidlautdemo.prahu-hub.com/lelang/carirute:6878
[    1813ms] [LOG] 200 xhrglobal @ https://phbidlautdemo.prahu-hub.com/lelang/carirute:6878
[    3876ms] Cannot use import statement outside a module
[    3893ms] ReferenceError: Chart is not defined
    at https://phbidlautdemo.prahu-hub.com/_resources/themes/prahutheme/js/scripts-init/charts/chartjs.js:8:13
[    4083ms] Unexpected token '<'
[    4084ms] Unexpected token '<'
[    4127ms] Uncaught TypeError: expect element to be DOM Element, but got null
    at n.init (https://cdnjs.cloudflare.com/ajax/libs/smooth-scrollbar/8.5.2/smooth-scrollbar.js:24:264)
    at <anonymous> (https://phbidlautdemo.prahu-hub.com/lelang/carirute:6551:14)
[    4178ms] [LOG] undefinednamanya @ https://phbidlautdemo.prahu-hub.com/lelang/carirute:2149
[    4187ms] [LOG] undefined @ https://phbidlautdemo.prahu-hub.com/lelang/carirute:6904
[    4187ms] [LOG] undefined @ https://phbidlautdemo.prahu-hub.com/lelang/carirute:6904
[    4188ms] [LOG] undefined @ https://phbidlautdemo.prahu-hub.com/lelang/carirute:6904
[    4188ms] [LOG] Masukkan Nomor Lelang @ https://phbidlautdemo.prahu-hub.com/lelang/carirute:6904
[    4188ms] [LOG] undefined @ https://phbidlautdemo.prahu-hub.com/lelang/carirute:6904
[    4188ms] [LOG] WebSocket connection @ https://phbidlautdemo.prahu-hub.com/lelang/carirute:6947
[    4188ms] [LOG] WebSocket connection attempting... @ https://phbidlautdemo.prahu-hub.com/lelang/carirute:7025
[    4212ms] [TABLE] {UI version: 8.4.1, Core version: 8.4.0, Build: NC8xMi8yMDIyfDRkZTU3MmExYg==, WebViewer Server: false, Full API: false} @ https://phbidlautdemo.prahu-hub.com/_resources/themes/prahutheme/javascript/PDFView/lib/ui/webviewer-ui.min.js:270
[    4359ms] [VERBOSE] [DOM] Password forms should have (optionally hidden) username fields for accessibility: (More info: https://goo.gl/9p2vKq) %o @ https://phbidlautdemo.prahu-hub.com/_resources/themes/prahutheme/javascript/PDFView/lib/ui/index.html#a=1&disabledElements=downloadButton%2CprintButton%2ClanguageButton&filepicker=0&pdfnet=0&enableRedaction=0&enableMeasurement=0&pageHistory=1&notesInLeftPanel=0&singleServerMode=false&selectAnnotationOnCreation=0&autoFocusNoteOnAnnotationSelection=1&id=1&basePath=%2Flelang%2Fcarirute:0
[    4451ms] [LOG] WebSocket connected @ https://phbidlautdemo.prahu-hub.com/lelang/carirute:6956
[    4457ms] [LOG] update_dashboard_order_laut @ https://phbidlautdemo.prahu-hub.com/lelang/carirute:6997
[    4502ms] [LOG] Connected @ https://phbidlautdemo.prahu-hub.com/lelang/carirute:6997
[    4558ms] [LOG] 200 xhrglobal @ https://phbidlautdemo.prahu-hub.com/lelang/carirute:6878
[    4613ms] [LOG] 200 xhrglobal @ https://phbidlautdemo.prahu-hub.com/lelang/carirute:6878
[    4725ms] [LOG] Connected @ https://phbidlautdemo.prahu-hub.com/lelang/carirute:6997
[    5373ms] [LOG] Connected @ https://phbidlautdemo.prahu-hub.com/lelang/carirute:6997
[    6187ms] TypeError: $(...).DataTable is not a function
    at https://phbidlautdemo.prahu-hub.com/_resources/themes/prahutheme/js/scripts-init/tables.js:7:23
[    7165ms] Cannot use import statement outside a module
[    7190ms] ReferenceError: Chart is not defined
    at https://phbidlautdemo.prahu-hub.com/_resources/themes/prahutheme/js/scripts-init/charts/chartjs.js:8:13
[    7345ms] Unexpected token '<'
[    7346ms] Unexpected token '<'
[    7367ms] Uncaught TypeError: expect element to be DOM Element, but got null
    at n.init (https://cdnjs.cloudflare.com/ajax/libs/smooth-scrollbar/8.5.2/smooth-scrollbar.js:24:264)
    at <anonymous> (https://phbidlautdemo.prahu-hub.com/home/notification:5651:14)
[    7386ms] [LOG] unread all @ https://phbidlautdemo.prahu-hub.com/_resources/themes/prahutheme/javascript/custom/notification.js?m=1787970752:299
[    7389ms] [LOG] undefinednamanya @ https://phbidlautdemo.prahu-hub.com/home/notification:1878
[    7395ms] [LOG] undefined @ https://phbidlautdemo.prahu-hub.com/home/notification:6004
[    7395ms] [LOG] undefined @ https://phbidlautdemo.prahu-hub.com/home/notification:6004
[    7395ms] [LOG] WebSocket connection @ https://phbidlautdemo.prahu-hub.com/home/notification:6047
[    7396ms] [LOG] WebSocket connection attempting... @ https://phbidlautdemo.prahu-hub.com/home/notification:6125
[    7513ms] [LOG] WebSocket connected @ https://phbidlautdemo.prahu-hub.com/home/notification:6056
[    7520ms] [LOG] update_dashboard_order_laut @ https://phbidlautdemo.prahu-hub.com/home/notification:6097
[    7547ms] [LOG] dariajax jumlah= 177 @ https://phbidlautdemo.prahu-hub.com/_resources/themes/prahutheme/javascript/custom/notification.js?m=1787970752:336
[    7547ms] [LOG] dariajax countView1 = 177 @ https://phbidlautdemo.prahu-hub.com/_resources/themes/prahutheme/javascript/custom/notification.js?m=1787970752:337
[    7548ms] [LOG] dariajax countView__= 177 @ https://phbidlautdemo.prahu-hub.com/_resources/themes/prahutheme/javascript/custom/notification.js?m=1787970752:340
[    7567ms] [LOG] mobile render ok @ https://phbidlautdemo.prahu-hub.com/_resources/themes/prahutheme/javascript/custom/notification.js?m=1787970752:344
[    7568ms] [LOG] countView1 =  177 @ https://phbidlautdemo.prahu-hub.com/_resources/themes/prahutheme/javascript/custom/notification.js?m=1787970752:272
[    7568ms] [LOG] pageNow Info_1 =  1 @ https://phbidlautdemo.prahu-hub.com/_resources/themes/prahutheme/javascript/custom/notification.js?m=1787970752:273
[    7568ms] [LOG] start Info =  1 @ https://phbidlautdemo.prahu-hub.com/_resources/themes/prahutheme/javascript/custom/notification.js?m=1787970752:283
[    7568ms] [LOG] pageNow Info_2 =  1 @ https://phbidlautdemo.prahu-hub.com/_resources/themes/prahutheme/javascript/custom/notification.js?m=1787970752:284
[    7568ms] [LOG] limitView1 Info =  50 @ https://phbidlautdemo.prahu-hub.com/_resources/themes/prahutheme/javascript/custom/notification.js?m=1787970752:285
[    7569ms] [LOG] total =  177 @ https://phbidlautdemo.prahu-hub.com/_resources/themes/prahutheme/javascript/custom/notification.js?m=1787970752:258
[    7570ms] [LOG] paginate =1 @ https://phbidlautdemo.prahu-hub.com/_resources/themes/prahutheme/javascript/custom/notification.js?m=1787970752:237
[    7570ms] [LOG] pageNow_ =1 @ https://phbidlautdemo.prahu-hub.com/_resources/themes/prahutheme/javascript/custom/notification.js?m=1787970752:238
[    7571ms] [LOG] createPagination=1 @ https://phbidlautdemo.prahu-hub.com/_resources/themes/prahutheme/javascript/custom/notification.js?m=1787970752:183
[    7572ms] [LOG] 200 xhrglobal @ https://phbidlautdemo.prahu-hub.com/home/notification:5978
[    7602ms] [LOG] Connected @ https://phbidlautdemo.prahu-hub.com/home/notification:6097
[    7665ms] [LOG] 200 xhrglobal @ https://phbidlautdemo.prahu-hub.com/home/notification:5978
[    7719ms] [LOG] 200 xhrglobal @ https://phbidlautdemo.prahu-hub.com/home/notification:5978
[    9415ms] [LOG] Connected @ https://phbidlautdemo.prahu-hub.com/home/notification:6097
[    9418ms] TypeError: $(...).DataTable is not a function
    at https://phbidlautdemo.prahu-hub.com/_resources/themes/prahutheme/js/scripts-init/tables.js:7:23
[   10278ms] Cannot use import statement outside a module
[   10303ms] ReferenceError: Chart is not defined
    at https://phbidlautdemo.prahu-hub.com/_resources/themes/prahutheme/js/scripts-init/charts/chartjs.js:8:13
[   10380ms] Unexpected token '<'
[   10473ms] Unexpected token '<'
[   10516ms] Uncaught TypeError: expect element to be DOM Element, but got null
    at n.init (https://cdnjs.cloudflare.com/ajax/libs/smooth-scrollbar/8.5.2/smooth-scrollbar.js:24:264)
    at <anonymous> (https://phbidlautdemo.prahu-hub.com/lelang/carirute:6551:14)
[   10563ms] [LOG] undefinednamanya @ https://phbidlautdemo.prahu-hub.com/lelang/carirute:2149
[   10572ms] [LOG] undefined @ https://phbidlautdemo.prahu-hub.com/lelang/carirute:6904
[   10572ms] [LOG] undefined @ https://phbidlautdemo.prahu-hub.com/lelang/carirute:6904
[   10572ms] [LOG] undefined @ https://phbidlautdemo.prahu-hub.com/lelang/carirute:6904
[   10572ms] [LOG] Masukkan Nomor Lelang @ https://phbidlautdemo.prahu-hub.com/lelang/carirute:6904
[   10572ms] [LOG] undefined @ https://phbidlautdemo.prahu-hub.com/lelang/carirute:6904
[   10573ms] [LOG] WebSocket connection @ https://phbidlautdemo.prahu-hub.com/lelang/carirute:6947
[   10573ms] [LOG] WebSocket connection attempting... @ https://phbidlautdemo.prahu-hub.com/lelang/carirute:7025
[   10594ms] [TABLE] {UI version: 8.4.1, Core version: 8.4.0, Build: NC8xMi8yMDIyfDRkZTU3MmExYg==, WebViewer Server: false, Full API: false} @ https://phbidlautdemo.prahu-hub.com/_resources/themes/prahutheme/javascript/PDFView/lib/ui/webviewer-ui.min.js:270
[   10689ms] [VERBOSE] [DOM] Password forms should have (optionally hidden) username fields for accessibility: (More info: https://goo.gl/9p2vKq) %o @ https://phbidlautdemo.prahu-hub.com/_resources/themes/prahutheme/javascript/PDFView/lib/ui/index.html#a=1&disabledElements=downloadButton%2CprintButton%2ClanguageButton&filepicker=0&pdfnet=0&enableRedaction=0&enableMeasurement=0&pageHistory=1&notesInLeftPanel=0&singleServerMode=false&selectAnnotationOnCreation=0&autoFocusNoteOnAnnotationSelection=1&id=1&basePath=%2Flelang%2Fcarirute:0
[   10773ms] [LOG] WebSocket connected @ https://phbidlautdemo.prahu-hub.com/lelang/carirute:6956
[   10780ms] [LOG] update_dashboard_order_laut @ https://phbidlautdemo.prahu-hub.com/lelang/carirute:6997
[   10807ms] [LOG] Connected @ https://phbidlautdemo.prahu-hub.com/lelang/carirute:6997
[   10921ms] [LOG] 200 xhrglobal @ https://phbidlautdemo.prahu-hub.com/lelang/carirute:6878
[   11027ms] [LOG] 200 xhrglobal @ https://phbidlautdemo.prahu-hub.com/lelang/carirute:6878
[   12043ms] [LOG] Connected @ https://phbidlautdemo.prahu-hub.com/lelang/carirute:6997
[   12573ms] TypeError: $(...).DataTable is not a function
    at https://phbidlautdemo.prahu-hub.com/_resources/themes/prahutheme/js/scripts-init/tables.js:7:23
[   14038ms] Cannot use import statement outside a module
[   14057ms] ReferenceError: Chart is not defined
    at https://phbidlautdemo.prahu-hub.com/_resources/themes/prahutheme/js/scripts-init/charts/chartjs.js:8:13
[   14084ms] Unexpected token '<'
[   14213ms] Unexpected token '<'
[   14324ms] Unexpected token '<'
[   14333ms] [LOG] WebSocket mbconn @ https://phbidlautdemo.prahu-hub.com/home/dashboardorder:5351
[   14333ms] [LOG] on going... @ https://phbidlautdemo.prahu-hub.com/home/dashboardorder:5373
[   14341ms] Uncaught TypeError: expect element to be DOM Element, but got null
    at n.init (https://cdnjs.cloudflare.com/ajax/libs/smooth-scrollbar/8.5.2/smooth-scrollbar.js:24:264)
    at <anonymous> (https://phbidlautdemo.prahu-hub.com/home/dashboardorder:6050:14)
[   14360ms] [LOG] DASHBOARDnamanya @ https://phbidlautdemo.prahu-hub.com/home/dashboardorder:1878
[   14385ms] [LOG] 29/07/2026 @ https://phbidlautdemo.prahu-hub.com/home/dashboardorder:5313
[   14385ms] [LOG] 29/08/2026 @ https://phbidlautdemo.prahu-hub.com/home/dashboardorder:5314
[   14404ms] [LOG] DD/MM/YYYY @ https://phbidlautdemo.prahu-hub.com/home/dashboardorder:6403
[   14405ms] [LOG] DD/MM/YYYY @ https://phbidlautdemo.prahu-hub.com/home/dashboardorder:6403
[   14406ms] [LOG] undefined @ https://phbidlautdemo.prahu-hub.com/home/dashboardorder:6403
[   14407ms] [LOG] WebSocket connection @ https://phbidlautdemo.prahu-hub.com/home/dashboardorder:6446
[   14407ms] [LOG] WebSocket connection attempting... @ https://phbidlautdemo.prahu-hub.com/home/dashboardorder:6524
[   14447ms] [LOG] konak @ https://phbidlautdemo.prahu-hub.com/home/dashboardorder:5362
[   14448ms] [LOG] update_dashboard_order_laut mbdebug @ https://phbidlautdemo.prahu-hub.com/home/dashboardorder:5368
[   14475ms] [LOG] Connected mbdebug @ https://phbidlautdemo.prahu-hub.com/home/dashboardorder:5368
[   14546ms] [LOG] 200 xhrglobal @ https://phbidlautdemo.prahu-hub.com/home/dashboardorder:6377
[   14572ms] [LOG] WebSocket connected @ https://phbidlautdemo.prahu-hub.com/home/dashboardorder:6455
[   14576ms] [LOG] update_dashboard_order_laut @ https://phbidlautdemo.prahu-hub.com/home/dashboardorder:6496
[   14606ms] [LOG] 200 xhrglobal @ https://phbidlautdemo.prahu-hub.com/home/dashboardorder:6377
[   14607ms] [LOG] Connected mbdebug @ https://phbidlautdemo.prahu-hub.com/home/dashboardorder:5368
[   14608ms] [LOG] Connected @ https://phbidlautdemo.prahu-hub.com/home/dashboardorder:6496
[   14720ms] [LOG] 200 xhrglobal @ https://phbidlautdemo.prahu-hub.com/home/dashboardorder:6377
[   14954ms] [LOG] 11 sukses setelah pagination attr jumlah data @ https://phbidlautdemo.prahu-hub.com/_resources/themes/prahutheme/javascript/custom/dashboardorder.js?m=1787970752:301
[   14954ms] [LOG] [Object, Object, Object, Object, Object, Object, Object, Object, Object, Object, Object, Object, Object, Object, Object, Object, Object] @ https://phbidlautdemo.prahu-hub.com/_resources/themes/prahutheme/javascript/custom/dashboardorder.js?m=1787970752:14
[   14956ms] [LOG] 11 @ https://phbidlautdemo.prahu-hub.com/_resources/themes/prahutheme/javascript/custom/dashboardorder.js?m=1787970752:238
[   14956ms] [LOG] 11 jumlah data di info @ https://phbidlautdemo.prahu-hub.com/_resources/themes/prahutheme/javascript/custom/dashboardorder.js?m=1787970752:239
[   14957ms] [LOG] 11 jumlah data @ https://phbidlautdemo.prahu-hub.com/_resources/themes/prahutheme/javascript/custom/dashboardorder.js?m=1787970752:200
[   14957ms] [LOG] 1 page jumlah @ https://phbidlautdemo.prahu-hub.com/_resources/themes/prahutheme/javascript/custom/dashboardorder.js?m=1787970752:202
[   14957ms] [LOG] 1 1 pageCount & pageNow @ https://phbidlautdemo.prahu-hub.com/_resources/themes/prahutheme/javascript/custom/dashboardorder.js?m=1787970752:130
[   14960ms] [LOG] 200 xhrglobal @ https://phbidlautdemo.prahu-hub.com/home/dashboardorder:6377
[   15018ms] [LOG] 200 xhrglobal @ https://phbidlautdemo.prahu-hub.com/home/dashboardorder:6377
[   15093ms] [LOG] 200 xhrglobal @ https://phbidlautdemo.prahu-hub.com/home/dashboardorder:6377
[   15313ms] [LOG] 11 sukses setelah pagination attr jumlah data @ https://phbidlautdemo.prahu-hub.com/_resources/themes/prahutheme/javascript/custom/dashboardorder.js?m=1787970752:301
[   15313ms] [LOG] [Object, Object, Object, Object, Object, Object, Object, Object, Object, Object, Object, Object, Object, Object, Object, Object, Object] @ https://phbidlautdemo.prahu-hub.com/_resources/themes/prahutheme/javascript/custom/dashboardorder.js?m=1787970752:14
[   15324ms] [LOG] 11 @ https://phbidlautdemo.prahu-hub.com/_resources/themes/prahutheme/javascript/custom/dashboardorder.js?m=1787970752:238
[   15324ms] [LOG] 11 jumlah data di info @ https://phbidlautdemo.prahu-hub.com/_resources/themes/prahutheme/javascript/custom/dashboardorder.js?m=1787970752:239
[   15325ms] [LOG] 11 jumlah data @ https://phbidlautdemo.prahu-hub.com/_resources/themes/prahutheme/javascript/custom/dashboardorder.js?m=1787970752:200
[   15325ms] [LOG] 1 page jumlah @ https://phbidlautdemo.prahu-hub.com/_resources/themes/prahutheme/javascript/custom/dashboardorder.js?m=1787970752:202
[   15326ms] [LOG] 1 1 pageCount & pageNow @ https://phbidlautdemo.prahu-hub.com/_resources/themes/prahutheme/javascript/custom/dashboardorder.js?m=1787970752:130
[   15338ms] [LOG] 200 xhrglobal @ https://phbidlautdemo.prahu-hub.com/home/dashboardorder:6377
[   15699ms] [LOG] 11 sukses setelah pagination attr jumlah data @ https://phbidlautdemo.prahu-hub.com/_resources/themes/prahutheme/javascript/custom/dashboardorder.js?m=1787970752:301
[   15700ms] [LOG] [Object, Object, Object, Object, Object, Object, Object, Object, Object, Object, Object, Object, Object, Object, Object, Object, Object] @ https://phbidlautdemo.prahu-hub.com/_resources/themes/prahutheme/javascript/custom/dashboardorder.js?m=1787970752:14
[   15714ms] [LOG] 11 @ https://phbidlautdemo.prahu-hub.com/_resources/themes/prahutheme/javascript/custom/dashboardorder.js?m=1787970752:238
[   15714ms] [LOG] 11 jumlah data di info @ https://phbidlautdemo.prahu-hub.com/_resources/themes/prahutheme/javascript/custom/dashboardorder.js?m=1787970752:239
[   15715ms] [LOG] 11 jumlah data @ https://phbidlautdemo.prahu-hub.com/_resources/themes/prahutheme/javascript/custom/dashboardorder.js?m=1787970752:200
[   15715ms] [LOG] 1 page jumlah @ https://phbidlautdemo.prahu-hub.com/_resources/themes/prahutheme/javascript/custom/dashboardorder.js?m=1787970752:202
[   15716ms] [LOG] 1 1 pageCount & pageNow @ https://phbidlautdemo.prahu-hub.com/_resources/themes/prahutheme/javascript/custom/dashboardorder.js?m=1787970752:130
[   15725ms] [LOG] 200 xhrglobal @ https://phbidlautdemo.prahu-hub.com/home/dashboardorder:6377
[   15726ms] [LOG] 11 jumlah data @ https://phbidlautdemo.prahu-hub.com/_resources/themes/prahutheme/javascript/custom/dashboardorder.js?m=1787970752:200
[   15726ms] [LOG] 1 page jumlah @ https://phbidlautdemo.prahu-hub.com/_resources/themes/prahutheme/javascript/custom/dashboardorder.js?m=1787970752:202
[   15726ms] [LOG] 1 1 pageCount & pageNow @ https://phbidlautdemo.prahu-hub.com/_resources/themes/prahutheme/javascript/custom/dashboardorder.js?m=1787970752:130
[   15727ms] [LOG] 11 @ https://phbidlautdemo.prahu-hub.com/_resources/themes/prahutheme/javascript/custom/dashboardorder.js?m=1787970752:238
[   15727ms] [LOG] 11 jumlah data di info @ https://phbidlautdemo.prahu-hub.com/_resources/themes/prahutheme/javascript/custom/dashboardorder.js?m=1787970752:239
[   15728ms] [LOG] 11 jumlah data @ https://phbidlautdemo.prahu-hub.com/_resources/themes/prahutheme/javascript/custom/dashboardorder.js?m=1787970752:200
[   15728ms] [LOG] 1 page jumlah @ https://phbidlautdemo.prahu-hub.com/_resources/themes/prahutheme/javascript/custom/dashboardorder.js?m=1787970752:202
[   15728ms] [LOG] 1 1 pageCount & pageNow @ https://phbidlautdemo.prahu-hub.com/_resources/themes/prahutheme/javascript/custom/dashboardorder.js?m=1787970752:130
[   15730ms] [LOG] 11 @ https://phbidlautdemo.prahu-hub.com/_resources/themes/prahutheme/javascript/custom/dashboardorder.js?m=1787970752:238
[   15730ms] [LOG] 11 jumlah data di info @ https://phbidlautdemo.prahu-hub.com/_resources/themes/prahutheme/javascript/custom/dashboardorder.js?m=1787970752:239
[   16363ms] TypeError: $(...).DataTable is not a function
    at https://phbidlautdemo.prahu-hub.com/_resources/themes/prahutheme/js/scripts-init/tables.js:7:23
[   17298ms] Cannot use import statement outside a module
[   17302ms] ReferenceError: Chart is not defined
    at https://phbidlautdemo.prahu-hub.com/_resources/themes/prahutheme/js/scripts-init/charts/chartjs.js:8:13
[   17363ms] Unexpected token '<'
[   17478ms] Unexpected token '<'
[   17525ms] [LOG] Invalid Date min @ https://phbidlautdemo.prahu-hub.com/home/dashboardpengiriman:5579
[   17525ms] [LOG] Invalid Date min @ https://phbidlautdemo.prahu-hub.com/home/dashboardpengiriman:5619
[   17527ms] [LOG] WebSocket mbconn @ https://phbidlautdemo.prahu-hub.com/home/dashboardpengiriman:5835
[   17528ms] [LOG] on going... @ https://phbidlautdemo.prahu-hub.com/home/dashboardpengiriman:5859
[   17563ms] Uncaught TypeError: expect element to be DOM Element, but got null
    at n.init (https://cdnjs.cloudflare.com/ajax/libs/smooth-scrollbar/8.5.2/smooth-scrollbar.js:24:264)
    at <anonymous> (https://phbidlautdemo.prahu-hub.com/home/dashboardpengiriman:6357:14)
[   17581ms] [LOG] DASHBOARDnamanya @ https://phbidlautdemo.prahu-hub.com/home/dashboardpengiriman:1877
[   17600ms] [LOG] DD/MM/YYYY @ https://phbidlautdemo.prahu-hub.com/home/dashboardpengiriman:6710
[   17601ms] [LOG] DD/MM/YYYY @ https://phbidlautdemo.prahu-hub.com/home/dashboardpengiriman:6710
[   17601ms] [LOG] DD/MM/YYYY @ https://phbidlautdemo.prahu-hub.com/home/dashboardpengiriman:6710
[   17601ms] [LOG] DD/MM/YYYY @ https://phbidlautdemo.prahu-hub.com/home/dashboardpengiriman:6710
[   17603ms] [LOG] WebSocket connection @ https://phbidlautdemo.prahu-hub.com/home/dashboardpengiriman:6753
[   17603ms] [LOG] WebSocket connection attempting... @ https://phbidlautdemo.prahu-hub.com/home/dashboardpengiriman:6831
[   17625ms] [LOG] konak @ https://phbidlautdemo.prahu-hub.com/home/dashboardpengiriman:5846
[   17627ms] [LOG] update_dashboard_order_laut mbdebug @ https://phbidlautdemo.prahu-hub.com/home/dashboardpengiriman:5852
[   17628ms] [LOG] update_dashboard_order_laut @ https://phbidlautdemo.prahu-hub.com/home/dashboardpengiriman:5854
[   17653ms] [LOG] Connected mbdebug @ https://phbidlautdemo.prahu-hub.com/home/dashboardpengiriman:5852
[   17701ms] [LOG] 200 xhrglobal @ https://phbidlautdemo.prahu-hub.com/home/dashboardpengiriman:6684
[   17753ms] [LOG] 200 xhrglobal @ https://phbidlautdemo.prahu-hub.com/home/dashboardpengiriman:6684
[   17754ms] [LOG] WebSocket connected @ https://phbidlautdemo.prahu-hub.com/home/dashboardpengiriman:6762
[   17756ms] [LOG] update_dashboard_order_laut @ https://phbidlautdemo.prahu-hub.com/home/dashboardpengiriman:6803
[   17783ms] [LOG] Connected mbdebug @ https://phbidlautdemo.prahu-hub.com/home/dashboardpengiriman:5852
[   17783ms] [LOG] Connected @ https://phbidlautdemo.prahu-hub.com/home/dashboardpengiriman:6803
[   17886ms] [LOG] 200 xhrglobal @ https://phbidlautdemo.prahu-hub.com/home/dashboardpengiriman:6684
[   17926ms] [LOG] 200 xhrglobal @ https://phbidlautdemo.prahu-hub.com/home/dashboardpengiriman:6684
[   18069ms] [LOG] County data successfully loaded. @ https://phbidlautdemo.prahu-hub.com/home/dashboardpengiriman:5885
[   18069ms] [LOG] aam [Object, Object, Object, Object] @ https://phbidlautdemo.prahu-hub.com/home/dashboardpengiriman:5887
[   18070ms] [LOG] jumnya [10, 1, 1, 1] @ https://phbidlautdemo.prahu-hub.com/home/dashboardpengiriman:5901
[   18077ms] [LOG] dn @ https://phbidlautdemo.prahu-hub.com/home/dashboardpengiriman:5903
[   18077ms] [LOG] 200 xhrglobal @ https://phbidlautdemo.prahu-hub.com/home/dashboardpengiriman:6684
[   18081ms] [LOG] Connected @ https://phbidlautdemo.prahu-hub.com/home/dashboardpengiriman:6803
[   18082ms] [LOG] Connected mbdebug @ https://phbidlautdemo.prahu-hub.com/home/dashboardpengiriman:5852
[   18083ms] [LOG] County data successfully loaded. @ https://phbidlautdemo.prahu-hub.com/home/dashboardpengiriman:5141
[   18083ms] [LOG] [Object, Object, Object, Object] @ https://phbidlautdemo.prahu-hub.com/home/dashboardpengiriman:5142
[   18085ms] [LOG] 200 xhrglobal @ https://phbidlautdemo.prahu-hub.com/home/dashboardpengiriman:6684
[   18141ms] [LOG] 200 xhrglobal @ https://phbidlautdemo.prahu-hub.com/home/dashboardpengiriman:6684
[   18208ms] [LOG] 200 xhrglobal @ https://phbidlautdemo.prahu-hub.com/home/dashboardpengiriman:6684
[   18346ms] [LOG] County data successfully loaded. @ https://phbidlautdemo.prahu-hub.com/home/dashboardpengiriman:5141
[   18348ms] [LOG] [Object, Object, Object, Object] @ https://phbidlautdemo.prahu-hub.com/home/dashboardpengiriman:5142
[   18357ms] [LOG] 200 xhrglobal @ https://phbidlautdemo.prahu-hub.com/home/dashboardpengiriman:6684
[   18410ms] [LOG] County data successfully loaded. @ https://phbidlautdemo.prahu-hub.com/home/dashboardpengiriman:5885
[   18411ms] [LOG] aam [Object, Object, Object, Object] @ https://phbidlautdemo.prahu-hub.com/home/dashboardpengiriman:5887
[   18412ms] [LOG] jumnya [10, 1, 1, 1] @ https://phbidlautdemo.prahu-hub.com/home/dashboardpengiriman:5901
[   18428ms] [LOG] dn @ https://phbidlautdemo.prahu-hub.com/home/dashboardpengiriman:5903
[   18428ms] [LOG] 200 xhrglobal @ https://phbidlautdemo.prahu-hub.com/home/dashboardpengiriman:6684
[   19604ms] TypeError: $(...).DataTable is not a function
    at https://phbidlautdemo.prahu-hub.com/_resources/themes/prahutheme/js/scripts-init/tables.js:7:23
[   20594ms] Cannot use import statement outside a module
[   20611ms] ReferenceError: Chart is not defined
    at https://phbidlautdemo.prahu-hub.com/_resources/themes/prahutheme/js/scripts-init/charts/chartjs.js:8:13
[   20781ms] Unexpected token '<'
[   20782ms] Unexpected token '<'
[   20824ms] Uncaught TypeError: expect element to be DOM Element, but got null
    at n.init (https://cdnjs.cloudflare.com/ajax/libs/smooth-scrollbar/8.5.2/smooth-scrollbar.js:24:264)
    at <anonymous> (https://phbidlautdemo.prahu-hub.com/dashboardanalitik/ringkasan:5283:14)
[   20841ms] [LOG] DASHBOARDnamanya @ https://phbidlautdemo.prahu-hub.com/dashboardanalitik/ringkasan:1878
[   20848ms] [LOG] DD/MM/YYYY @ https://phbidlautdemo.prahu-hub.com/dashboardanalitik/ringkasan:5636
[   20848ms] [LOG] DD/MM/YYYY @ https://phbidlautdemo.prahu-hub.com/dashboardanalitik/ringkasan:5636
[   20848ms] [LOG] WebSocket connection @ https://phbidlautdemo.prahu-hub.com/dashboardanalitik/ringkasan:5679
[   20849ms] [LOG] WebSocket connection attempting... @ https://phbidlautdemo.prahu-hub.com/dashboardanalitik/ringkasan:5757
[   20964ms] [LOG] WebSocket connected @ https://phbidlautdemo.prahu-hub.com/dashboardanalitik/ringkasan:5688
[   20968ms] [LOG] update_dashboard_order_laut @ https://phbidlautdemo.prahu-hub.com/dashboardanalitik/ringkasan:5729
[   20998ms] [LOG] Connected @ https://phbidlautdemo.prahu-hub.com/dashboardanalitik/ringkasan:5729
[   21044ms] [LOG] 200 xhrglobal @ https://phbidlautdemo.prahu-hub.com/dashboardanalitik/ringkasan:5610
[   21122ms] [LOG] 200 xhrglobal @ https://phbidlautdemo.prahu-hub.com/dashboardanalitik/ringkasan:5610
[   21178ms] [LOG] 200 xhrglobal @ https://phbidlautdemo.prahu-hub.com/dashboardanalitik/ringkasan:5610
[   22843ms] TypeError: $(...).DataTable is not a function
    at https://phbidlautdemo.prahu-hub.com/_resources/themes/prahutheme/js/scripts-init/tables.js:7:23
[   23351ms] [LOG] Connected @ https://phbidlautdemo.prahu-hub.com/dashboardanalitik/ringkasan:5729
[   23521ms] [LOG] Connected @ https://phbidlautdemo.prahu-hub.com/dashboardanalitik/ringkasan:5729
[   24851ms] Cannot use import statement outside a module
[   24851ms] ReferenceError: Chart is not defined
    at https://phbidlautdemo.prahu-hub.com/_resources/themes/prahutheme/js/scripts-init/charts/chartjs.js:8:13
[   24989ms] Unexpected token '<'
[   25193ms] Unexpected token '<'
[   25229ms] Uncaught TypeError: expect element to be DOM Element, but got null
    at n.init (https://cdnjs.cloudflare.com/ajax/libs/smooth-scrollbar/8.5.2/smooth-scrollbar.js:24:264)
    at <anonymous> (https://phbidlautdemo.prahu-hub.com/home/analitikscsr:5953:14)
[   25237ms] ReferenceError: selectEl is not defined
    at HTMLDocument.<anonymous> (https://phbidlautdemo.prahu-hub.com/home/analitikscsr:4563:3)
[   25240ms] ReferenceError: selectEl is not defined
    at HTMLDocument.<anonymous> (https://phbidlautdemo.prahu-hub.com/home/analitikscsr:5138:3)
[   25255ms] [LOG] Laporannamanya @ https://phbidlautdemo.prahu-hub.com/home/analitikscsr:1877
[   25262ms] [LOG] DD/MM/YYYY @ https://phbidlautdemo.prahu-hub.com/home/analitikscsr:6306
[   25262ms] [LOG] DD/MM/YYYY @ https://phbidlautdemo.prahu-hub.com/home/analitikscsr:6306
[   25262ms] [LOG] Search... @ https://phbidlautdemo.prahu-hub.com/home/analitikscsr:6306
[   25263ms] [LOG] Search... @ https://phbidlautdemo.prahu-hub.com/home/analitikscsr:6306
[   25263ms] [LOG] undefined @ https://phbidlautdemo.prahu-hub.com/home/analitikscsr:6306
[   25263ms] [LOG] WebSocket connection @ https://phbidlautdemo.prahu-hub.com/home/analitikscsr:6349
[   25264ms] [LOG] WebSocket connection attempting... @ https://phbidlautdemo.prahu-hub.com/home/analitikscsr:6427
[   25360ms] [LOG] WebSocket connected @ https://phbidlautdemo.prahu-hub.com/home/analitikscsr:6358
[   25364ms] [LOG] update_dashboard_order_laut @ https://phbidlautdemo.prahu-hub.com/home/analitikscsr:6399
[   25388ms] [LOG] Connected @ https://phbidlautdemo.prahu-hub.com/home/analitikscsr:6399
[   25471ms] [LOG] 200 xhrglobal @ https://phbidlautdemo.prahu-hub.com/home/analitikscsr:6280
[   25546ms] [LOG] 200 xhrglobal @ https://phbidlautdemo.prahu-hub.com/home/analitikscsr:6280
[   27263ms] TypeError: $(...).DataTable is not a function
    at https://phbidlautdemo.prahu-hub.com/_resources/themes/prahutheme/js/scripts-init/tables.js:7:23
[   28429ms] Cannot use import statement outside a module
[   28451ms] ReferenceError: Chart is not defined
    at https://phbidlautdemo.prahu-hub.com/_resources/themes/prahutheme/js/scripts-init/charts/chartjs.js:8:13
[   28585ms] Unexpected token '<'
[   28703ms] Unexpected token '<'
[   28773ms] Uncaught TypeError: expect element to be DOM Element, but got null
    at n.init (https://cdnjs.cloudflare.com/ajax/libs/smooth-scrollbar/8.5.2/smooth-scrollbar.js:24:264)
    at <anonymous> (https://phbidlautdemo.prahu-hub.com/analitik/analitikfcu:6001:14)
[   28780ms] ReferenceError: selectEl is not defined
    at HTMLDocument.<anonymous> (https://phbidlautdemo.prahu-hub.com/analitik/analitikfcu:4923:3)
[   28783ms] ReferenceError: selectEl is not defined
    at HTMLDocument.<anonymous> (https://phbidlautdemo.prahu-hub.com/analitik/analitikfcu:5177:3)
[   28797ms] [LOG] Laporannamanya @ https://phbidlautdemo.prahu-hub.com/analitik/analitikfcu:1877
[   28803ms] [LOG] DD/MM/YYYY @ https://phbidlautdemo.prahu-hub.com/analitik/analitikfcu:6354
[   28803ms] [LOG] DD/MM/YYYY @ https://phbidlautdemo.prahu-hub.com/analitik/analitikfcu:6354
[   28803ms] [LOG] Search... @ https://phbidlautdemo.prahu-hub.com/analitik/analitikfcu:6354
[   28803ms] [LOG] Search... @ https://phbidlautdemo.prahu-hub.com/analitik/analitikfcu:6354
[   28803ms] [LOG] Search... @ https://phbidlautdemo.prahu-hub.com/analitik/analitikfcu:6354
[   28803ms] [LOG] undefined @ https://phbidlautdemo.prahu-hub.com/analitik/analitikfcu:6354
[   28804ms] [LOG] WebSocket connection @ https://phbidlautdemo.prahu-hub.com/analitik/analitikfcu:6397
[   28804ms] [LOG] WebSocket connection attempting... @ https://phbidlautdemo.prahu-hub.com/analitik/analitikfcu:6475
[   28925ms] [LOG] WebSocket connected @ https://phbidlautdemo.prahu-hub.com/analitik/analitikfcu:6406
[   28931ms] [LOG] update_dashboard_order_laut @ https://phbidlautdemo.prahu-hub.com/analitik/analitikfcu:6447
[   28956ms] [LOG] Connected @ https://phbidlautdemo.prahu-hub.com/analitik/analitikfcu:6447
[   29112ms] [LOG] 200 xhrglobal @ https://phbidlautdemo.prahu-hub.com/analitik/analitikfcu:6328
[   29168ms] [LOG] 200 xhrglobal @ https://phbidlautdemo.prahu-hub.com/analitik/analitikfcu:6328
[   30802ms] TypeError: $(...).DataTable is not a function
    at https://phbidlautdemo.prahu-hub.com/_resources/themes/prahutheme/js/scripts-init/tables.js:7:23
[   31718ms] Cannot use import statement outside a module
[   31734ms] ReferenceError: Chart is not defined
    at https://phbidlautdemo.prahu-hub.com/_resources/themes/prahutheme/js/scripts-init/charts/chartjs.js:8:13
[   31783ms] Unexpected token '<'
[   31896ms] Unexpected token '<'
[   31922ms] Uncaught TypeError: expect element to be DOM Element, but got null
    at n.init (https://cdnjs.cloudflare.com/ajax/libs/smooth-scrollbar/8.5.2/smooth-scrollbar.js:24:264)
    at <anonymous> (https://phbidlautdemo.prahu-hub.com/analitik/analitikotdr:5748:14)
[   31928ms] ReferenceError: selectEl is not defined
    at HTMLDocument.<anonymous> (https://phbidlautdemo.prahu-hub.com/analitik/analitikotdr:4634:3)
[   31941ms] [LOG] Laporannamanya @ https://phbidlautdemo.prahu-hub.com/analitik/analitikotdr:1877
[   31945ms] [LOG] DD/MM/YYYY @ https://phbidlautdemo.prahu-hub.com/analitik/analitikotdr:6101
[   31946ms] [LOG] DD/MM/YYYY @ https://phbidlautdemo.prahu-hub.com/analitik/analitikotdr:6101
[   31946ms] [LOG] Search... @ https://phbidlautdemo.prahu-hub.com/analitik/analitikotdr:6101
[   31946ms] [LOG] Search... @ https://phbidlautdemo.prahu-hub.com/analitik/analitikotdr:6101
[   31946ms] [LOG] undefined @ https://phbidlautdemo.prahu-hub.com/analitik/analitikotdr:6101
[   31947ms] [LOG] WebSocket connection @ https://phbidlautdemo.prahu-hub.com/analitik/analitikotdr:6144
[   31947ms] [LOG] WebSocket connection attempting... @ https://phbidlautdemo.prahu-hub.com/analitik/analitikotdr:6222
[   32060ms] [LOG] WebSocket connected @ https://phbidlautdemo.prahu-hub.com/analitik/analitikotdr:6153
[   32065ms] [LOG] update_dashboard_order_laut @ https://phbidlautdemo.prahu-hub.com/analitik/analitikotdr:6194
[   32089ms] [LOG] Connected @ https://phbidlautdemo.prahu-hub.com/analitik/analitikotdr:6194
[   32227ms] [LOG] 200 xhrglobal @ https://phbidlautdemo.prahu-hub.com/analitik/analitikotdr:6075
[   32298ms] [LOG] 200 xhrglobal @ https://phbidlautdemo.prahu-hub.com/analitik/analitikotdr:6075
[   33948ms] TypeError: $(...).DataTable is not a function
    at https://phbidlautdemo.prahu-hub.com/_resources/themes/prahutheme/js/scripts-init/tables.js:7:23
[   34920ms] Cannot use import statement outside a module
[   34930ms] ReferenceError: Chart is not defined
    at https://phbidlautdemo.prahu-hub.com/_resources/themes/prahutheme/js/scripts-init/charts/chartjs.js:8:13
[   35143ms] Unexpected token '<'
[   35144ms] Unexpected token '<'
[   35182ms] Uncaught TypeError: expect element to be DOM Element, but got null
    at n.init (https://cdnjs.cloudflare.com/ajax/libs/smooth-scrollbar/8.5.2/smooth-scrollbar.js:24:264)
    at <anonymous> (https://phbidlautdemo.prahu-hub.com/home/analitikshipmentaccuracy:6349:14)
[   35189ms] ReferenceError: selectEl is not defined
    at HTMLDocument.<anonymous> (https://phbidlautdemo.prahu-hub.com/home/analitikshipmentaccuracy:4736:3)
[   35191ms] ReferenceError: selectEl is not defined
    at HTMLDocument.<anonymous> (https://phbidlautdemo.prahu-hub.com/home/analitikshipmentaccuracy:5075:3)
[   35193ms] ReferenceError: selectEl is not defined
    at HTMLDocument.<anonymous> (https://phbidlautdemo.prahu-hub.com/home/analitikshipmentaccuracy:5412:3)
[   35207ms] [LOG] Laporannamanya @ https://phbidlautdemo.prahu-hub.com/home/analitikshipmentaccuracy:1877
[   35212ms] [LOG] DD/MM/YYYY @ https://phbidlautdemo.prahu-hub.com/home/analitikshipmentaccuracy:6702
[   35212ms] [LOG] DD/MM/YYYY @ https://phbidlautdemo.prahu-hub.com/home/analitikshipmentaccuracy:6702
[   35212ms] [LOG] Search... @ https://phbidlautdemo.prahu-hub.com/home/analitikshipmentaccuracy:6702
[   35212ms] [LOG] Search... @ https://phbidlautdemo.prahu-hub.com/home/analitikshipmentaccuracy:6702
[   35212ms] [LOG] Search... @ https://phbidlautdemo.prahu-hub.com/home/analitikshipmentaccuracy:6702
[   35212ms] [LOG] undefined @ https://phbidlautdemo.prahu-hub.com/home/analitikshipmentaccuracy:6702
[   35213ms] [LOG] WebSocket connection @ https://phbidlautdemo.prahu-hub.com/home/analitikshipmentaccuracy:6745
[   35214ms] [LOG] WebSocket connection attempting... @ https://phbidlautdemo.prahu-hub.com/home/analitikshipmentaccuracy:6823
[   35314ms] [LOG] WebSocket connected @ https://phbidlautdemo.prahu-hub.com/home/analitikshipmentaccuracy:6754
[   35326ms] [LOG] update_dashboard_order_laut @ https://phbidlautdemo.prahu-hub.com/home/analitikshipmentaccuracy:6795
[   35342ms] [LOG] Connected @ https://phbidlautdemo.prahu-hub.com/home/analitikshipmentaccuracy:6795
[   35419ms] [LOG] 200 xhrglobal @ https://phbidlautdemo.prahu-hub.com/home/analitikshipmentaccuracy:6676
[   35473ms] [LOG] 200 xhrglobal @ https://phbidlautdemo.prahu-hub.com/home/analitikshipmentaccuracy:6676
[   36566ms] [LOG] Connected @ https://phbidlautdemo.prahu-hub.com/home/analitikshipmentaccuracy:6795
[   37218ms] TypeError: $(...).DataTable is not a function
    at https://phbidlautdemo.prahu-hub.com/_resources/themes/prahutheme/js/scripts-init/tables.js:7:23
[   38444ms] Cannot use import statement outside a module
[   38454ms] ReferenceError: Chart is not defined
    at https://phbidlautdemo.prahu-hub.com/_resources/themes/prahutheme/js/scripts-init/charts/chartjs.js:8:13
[   38685ms] Unexpected token '<'
[   38688ms] Unexpected token '<'
[   38723ms] Uncaught TypeError: expect element to be DOM Element, but got null
    at n.init (https://cdnjs.cloudflare.com/ajax/libs/smooth-scrollbar/8.5.2/smooth-scrollbar.js:24:264)
    at <anonymous> (https://phbidlautdemo.prahu-hub.com/lelang/listlelang?tab=semua-lelang:5750:14)
[   38754ms] [LOG] Pengajuan Lelangnamanya @ https://phbidlautdemo.prahu-hub.com/lelang/listlelang?tab=semua-lelang:1878
[   38759ms] [LOG] undefined @ https://phbidlautdemo.prahu-hub.com/lelang/listlelang?tab=semua-lelang:6103
[   38759ms] [LOG] undefined @ https://phbidlautdemo.prahu-hub.com/lelang/listlelang?tab=semua-lelang:6103
[   38759ms] [LOG] Masukkan Nomor Lelang @ https://phbidlautdemo.prahu-hub.com/lelang/listlelang?tab=semua-lelang:6103
[   38759ms] [LOG] DD/MM/YYYY @ https://phbidlautdemo.prahu-hub.com/lelang/listlelang?tab=semua-lelang:6103
[   38759ms] [LOG] DD/MM/YYYY @ https://phbidlautdemo.prahu-hub.com/lelang/listlelang?tab=semua-lelang:6103
[   38759ms] [LOG] DD/MM/YYYY @ https://phbidlautdemo.prahu-hub.com/lelang/listlelang?tab=semua-lelang:6103
[   38760ms] [LOG] DD/MM/YYYY @ https://phbidlautdemo.prahu-hub.com/lelang/listlelang?tab=semua-lelang:6103
[   38760ms] [LOG] undefined @ https://phbidlautdemo.prahu-hub.com/lelang/listlelang?tab=semua-lelang:6103
[   38760ms] [LOG] undefined @ https://phbidlautdemo.prahu-hub.com/lelang/listlelang?tab=semua-lelang:6103
[   38760ms] [LOG] Masukkan Nama Bank @ https://phbidlautdemo.prahu-hub.com/lelang/listlelang?tab=semua-lelang:6103
[   38760ms] [LOG] undefined @ https://phbidlautdemo.prahu-hub.com/lelang/listlelang?tab=semua-lelang:6103
[   38761ms] [LOG] WebSocket connection @ https://phbidlautdemo.prahu-hub.com/lelang/listlelang?tab=semua-lelang:6146
[   38761ms] [LOG] WebSocket connection attempting... @ https://phbidlautdemo.prahu-hub.com/lelang/listlelang?tab=semua-lelang:6224
[   38864ms] [LOG] WebSocket connected @ https://phbidlautdemo.prahu-hub.com/lelang/listlelang?tab=semua-lelang:6155
[   38869ms] [LOG] update_dashboard_order_laut @ https://phbidlautdemo.prahu-hub.com/lelang/listlelang?tab=semua-lelang:6196
[   38894ms] [LOG] Connected @ https://phbidlautdemo.prahu-hub.com/lelang/listlelang?tab=semua-lelang:6196
[   40563ms] [LOG] [Object, Object, Object, Object, Object, Object, Object, Object, Object, Object, Object, Object, Object, Object, Object, Object, Object, Object, Object, Object] @ https://phbidlautdemo.prahu-hub.com/_resources/themes/prahutheme/javascript/custom/listLelang.js?m=1787970752:14
[   40575ms] [LOG] 355 @ https://phbidlautdemo.prahu-hub.com/_resources/themes/prahutheme/javascript/custom/listLelang.js?m=1787970752:818
[   40576ms] [LOG] 355 countView1 1 pageNow 20 limitView1 @ https://phbidlautdemo.prahu-hub.com/_resources/themes/prahutheme/javascript/custom/listLelang.js?m=1787970752:820
[   40576ms] [LOG] 20 @ https://phbidlautdemo.prahu-hub.com/_resources/themes/prahutheme/javascript/custom/listLelang.js?m=1787970752:826
[   40578ms] [LOG] 355 jumlah data @ https://phbidlautdemo.prahu-hub.com/_resources/themes/prahutheme/javascript/custom/listLelang.js?m=1787970752:779
[   40578ms] [LOG] 18 @ https://phbidlautdemo.prahu-hub.com/_resources/themes/prahutheme/javascript/custom/listLelang.js?m=1787970752:781
[   40580ms] [LOG] 18 1 pageCount & pageNow @ https://phbidlautdemo.prahu-hub.com/_resources/themes/prahutheme/javascript/custom/listLelang.js?m=1787970752:704
[   40588ms] [LOG] 200 xhrglobal @ https://phbidlautdemo.prahu-hub.com/lelang/listlelang?tab=semua-lelang:6077
[   40617ms] ReferenceError: renderTooltipHarga is not defined
    at https://phbidlautdemo.prahu-hub.com/_resources/themes/prahutheme/javascript/custom/listLelang.js?m=1787970752:1049:9
[   40678ms] [LOG] 200 xhrglobal @ https://phbidlautdemo.prahu-hub.com/lelang/listlelang?tab=semua-lelang:6077
[   40761ms] TypeError: $(...).DataTable is not a function
    at https://phbidlautdemo.prahu-hub.com/_resources/themes/prahutheme/js/scripts-init/tables.js:7:23
[   40782ms] [LOG] 200 xhrglobal @ https://phbidlautdemo.prahu-hub.com/lelang/listlelang?tab=semua-lelang:6077
[   42150ms] Cannot use import statement outside a module
[   42182ms] ReferenceError: Chart is not defined
    at https://phbidlautdemo.prahu-hub.com/_resources/themes/prahutheme/js/scripts-init/charts/chartjs.js:8:13
[   42219ms] Unexpected token '<'
[   42337ms] Unexpected token '<'
[   42368ms] Uncaught TypeError: expect element to be DOM Element, but got null
    at n.init (https://cdnjs.cloudflare.com/ajax/libs/smooth-scrollbar/8.5.2/smooth-scrollbar.js:24:264)
    at <anonymous> (https://phbidlautdemo.prahu-hub.com/lelang/pengajuannego:5804:14)
[   42399ms] [LOG] NEGOnamanya @ https://phbidlautdemo.prahu-hub.com/lelang/pengajuannego:1878
[   42404ms] [LOG] undefined @ https://phbidlautdemo.prahu-hub.com/lelang/pengajuannego:6157
[   42404ms] [LOG] Masukkan Nomor Lelang @ https://phbidlautdemo.prahu-hub.com/lelang/pengajuannego:6157
[   42405ms] [LOG] Masukkan Nama Transporter @ https://phbidlautdemo.prahu-hub.com/lelang/pengajuannego:6157
[   42405ms] [LOG] Harga Awal @ https://phbidlautdemo.prahu-hub.com/lelang/pengajuannego:6157
[   42405ms] [LOG] DD/MM/YYYY @ https://phbidlautdemo.prahu-hub.com/lelang/pengajuannego:6157
[   42405ms] [LOG] DD/MM/YYYY @ https://phbidlautdemo.prahu-hub.com/lelang/pengajuannego:6157
[   42405ms] [LOG] Harga Awal @ https://phbidlautdemo.prahu-hub.com/lelang/pengajuannego:6157
[   42405ms] [LOG] Masukkan Nego Harga @ https://phbidlautdemo.prahu-hub.com/lelang/pengajuannego:6157
[   42406ms] [LOG] Masukkan Harga Baru @ https://phbidlautdemo.prahu-hub.com/lelang/pengajuannego:6157
[   42406ms] [LOG] Masukkan Jumlah Nego @ https://phbidlautdemo.prahu-hub.com/lelang/pengajuannego:6157
[   42406ms] [LOG] WebSocket connection @ https://phbidlautdemo.prahu-hub.com/lelang/pengajuannego:6200
[   42407ms] [LOG] WebSocket connection attempting... @ https://phbidlautdemo.prahu-hub.com/lelang/pengajuannego:6278
[   42514ms] [LOG] WebSocket connected @ https://phbidlautdemo.prahu-hub.com/lelang/pengajuannego:6209
[   42525ms] [LOG] update_dashboard_order_laut @ https://phbidlautdemo.prahu-hub.com/lelang/pengajuannego:6250
[   42541ms] [LOG] Connected @ https://phbidlautdemo.prahu-hub.com/lelang/pengajuannego:6250
[   43627ms] [LOG] Connected @ https://phbidlautdemo.prahu-hub.com/lelang/pengajuannego:6250
[   44131ms] [LOG] notif_badge_hide.485-471-460-459-454-451-447-417-385-262-194-192-49-42-18-8-373-1 @ https://phbidlautdemo.prahu-hub.com/lelang/pengajuannego:6250
[   44134ms] [LOG] updateNotifDarat.485-471-460-459-454-451-447-417-385-262-194-192-49-42-18-8-373-1 @ https://phbidlautdemo.prahu-hub.com/lelang/pengajuannego:6250
[   44401ms] TypeError: $(...).DataTable is not a function
    at https://phbidlautdemo.prahu-hub.com/_resources/themes/prahutheme/js/scripts-init/tables.js:7:23
[   44584ms] [LOG] 200 xhrglobal @ https://phbidlautdemo.prahu-hub.com/lelang/pengajuannego:6131
[   44731ms] [LOG] 200 xhrglobal @ https://phbidlautdemo.prahu-hub.com/lelang/pengajuannego:6131
[   44833ms] [LOG] 200 xhrglobal @ https://phbidlautdemo.prahu-hub.com/lelang/pengajuannego:6131
[   46076ms] Cannot use import statement outside a module
[   46098ms] ReferenceError: Chart is not defined
    at https://phbidlautdemo.prahu-hub.com/_resources/themes/prahutheme/js/scripts-init/charts/chartjs.js:8:13
[   46152ms] Unexpected token '<'
[   46282ms] Unexpected token '<'
[   46415ms] Uncaught TypeError: expect element to be DOM Element, but got null
    at n.init (https://cdnjs.cloudflare.com/ajax/libs/smooth-scrollbar/8.5.2/smooth-scrollbar.js:24:264)
    at <anonymous> (https://phbidlautdemo.prahu-hub.com/order/OrderList:7811:14)
[   46440ms] [LOG] 1 @ https://phbidlautdemo.prahu-hub.com/_resources/themes/prahutheme/javascript/custom/orderList.js?m=1787970752:939
[   46440ms] [LOG] 20 @ https://phbidlautdemo.prahu-hub.com/_resources/themes/prahutheme/javascript/custom/orderList.js?m=1787970752:940
[   46444ms] [LOG] Daftar Ordernamanya @ https://phbidlautdemo.prahu-hub.com/order/OrderList:2146
[   46461ms] [LOG] Masukkan ID Order @ https://phbidlautdemo.prahu-hub.com/order/OrderList:8164
[   46461ms] [LOG] undefined @ https://phbidlautdemo.prahu-hub.com/order/OrderList:8164
[   46461ms] [LOG] Masukkan Nomor Lelang @ https://phbidlautdemo.prahu-hub.com/order/OrderList:8164
[   46461ms] [LOG] Masukkan Nama Transporter @ https://phbidlautdemo.prahu-hub.com/order/OrderList:8164
[   46461ms] [LOG] DD/MM/YYYY - DD/MM/YYYY @ https://phbidlautdemo.prahu-hub.com/order/OrderList:8164
[   46461ms] [LOG] Masukkan No. Kontainer @ https://phbidlautdemo.prahu-hub.com/order/OrderList:8164
[   46462ms] [LOG] DD/MM/YYYY - DD/MM/YYYY @ https://phbidlautdemo.prahu-hub.com/order/OrderList:8164
[   46462ms] [LOG] DD/MM/YYYY -  DD/MM/YYYY @ https://phbidlautdemo.prahu-hub.com/order/OrderList:8164
[   46462ms] [LOG] Search... @ https://phbidlautdemo.prahu-hub.com/order/OrderList:8164
[   46462ms] [LOG] Search... @ https://phbidlautdemo.prahu-hub.com/order/OrderList:8164
[   46462ms] [LOG] undefined @ https://phbidlautdemo.prahu-hub.com/order/OrderList:8164
[   46462ms] [LOG] Masukkan Nama Kapal @ https://phbidlautdemo.prahu-hub.com/order/OrderList:8164
[   46462ms] [LOG] DD/MM/YYYY @ https://phbidlautdemo.prahu-hub.com/order/OrderList:8164
[   46462ms] [LOG] Masukkan Jumlah @ https://phbidlautdemo.prahu-hub.com/order/OrderList:8164
[   46462ms] [LOG] Masukkan Nama Penerima Barang @ https://phbidlautdemo.prahu-hub.com/order/OrderList:8164
[   46463ms] [LOG] Search... @ https://phbidlautdemo.prahu-hub.com/order/OrderList:8164
[   46463ms] [LOG] Masukkan Nomor Referensi @ https://phbidlautdemo.prahu-hub.com/order/OrderList:8164
[   46463ms] [LOG] undefined @ https://phbidlautdemo.prahu-hub.com/order/OrderList:8164
[   46463ms] [LOG] Masukkan Harga Baru @ https://phbidlautdemo.prahu-hub.com/order/OrderList:8164
[   46463ms] [LOG] undefined @ https://phbidlautdemo.prahu-hub.com/order/OrderList:8164
[   46464ms] [LOG] WebSocket connection @ https://phbidlautdemo.prahu-hub.com/order/OrderList:8207
[   46464ms] [LOG] WebSocket connection attempting... @ https://phbidlautdemo.prahu-hub.com/order/OrderList:8285
[   46562ms] [LOG] WebSocket connected @ https://phbidlautdemo.prahu-hub.com/order/OrderList:8216
[   46576ms] [LOG] update_dashboard_order_laut @ https://phbidlautdemo.prahu-hub.com/order/OrderList:8257
[   46590ms] [LOG] Connected @ https://phbidlautdemo.prahu-hub.com/order/OrderList:8257
[   47606ms] [LOG] notif_badge_hide.901-858-787-937-935-914-906-900-876-856-820-796-795-783-764-704-689-688-685-642-641-640-639-638-635-634-633-632-631-629-628-627-626-625-624-623-622-621-614-459-325-23 @ https://phbidlautdemo.prahu-hub.com/order/OrderList:8257
[   47609ms] [LOG] updateNotif.901-858-787-937-935-914-906-900-876-856-820-796-795-783-764-704-689-688-685-642-641-640-639-638-635-634-633-632-631-629-628-627-626-625-624-623-622-621-614-459-325-23 @ https://phbidlautdemo.prahu-hub.com/order/OrderList:8257
[   47611ms] [LOG] update_dashboard_order_laut @ https://phbidlautdemo.prahu-hub.com/order/OrderList:8257
[   48452ms] TypeError: $(...).DataTable is not a function
    at https://phbidlautdemo.prahu-hub.com/_resources/themes/prahutheme/js/scripts-init/tables.js:7:23
[   49252ms] [LOG] datanya20 @ https://phbidlautdemo.prahu-hub.com/_resources/themes/prahutheme/javascript/custom/orderList.js?m=1787970752:986
[   49254ms] [LOG] [Object, Object, Object, Object, Object, Object, Object, Object, Object, Object, Object, Object, Object, Object, Object, Object, Object, Object, Object, Object] @ https://phbidlautdemo.prahu-hub.com/_resources/themes/prahutheme/javascript/custom/orderList.js?m=1787970752:421
[   49259ms] [LOG] {ID: 1461, status_order: KONFIRMASI_UNIT, JadwalID: 1854, ID_Order: 20260829-06501, dari_api: null} @ https://phbidlautdemo.prahu-hub.com/_resources/themes/prahutheme/javascript/custom/orderList.js?m=1787970752:427
[   49260ms] [LOG] [Manujo] penerima @ https://phbidlautdemo.prahu-hub.com/_resources/themes/prahutheme/javascript/custom/orderList.js?m=1787970752:648
[   49261ms] [LOG] {ID: 1460, status_order: KONFIRMASI_UNIT, JadwalID: 1855, ID_Order: 20260828-06506, dari_api: null} @ https://phbidlautdemo.prahu-hub.com/_resources/themes/prahutheme/javascript/custom/orderList.js?m=1787970752:427
[   49262ms] [LOG] [Manujo] penerima @ https://phbidlautdemo.prahu-hub.com/_resources/themes/prahutheme/javascript/custom/orderList.js?m=1787970752:648
[   49263ms] [LOG] {ID: 1459, status_order: CANCEL, JadwalID: 1846, ID_Order: 20260828-06505, dari_api: null} @ https://phbidlautdemo.prahu-hub.com/_resources/themes/prahutheme/javascript/custom/orderList.js?m=1787970752:427
[   49263ms] [LOG] [Manujo] penerima @ https://phbidlautdemo.prahu-hub.com/_resources/themes/prahutheme/javascript/custom/orderList.js?m=1787970752:648
[   49264ms] [LOG] {ID: 1458, status_order: KONFIRMASI_UNIT, JadwalID: 1846, ID_Order: 20260828-06504, dari_api: null} @ https://phbidlautdemo.prahu-hub.com/_resources/themes/prahutheme/javascript/custom/orderList.js?m=1787970752:427
[   49265ms] [LOG] [Manujo] penerima @ https://phbidlautdemo.prahu-hub.com/_resources/themes/prahutheme/javascript/custom/orderList.js?m=1787970752:648
[   49266ms] [LOG] {ID: 1454, status_order: SHIPPER_VALIDATED, JadwalID: 1846, ID_Order: 20260827-06503, dari_api: null} @ https://phbidlautdemo.prahu-hub.com/_resources/themes/prahutheme/javascript/custom/orderList.js?m=1787970752:427
[   49266ms] [LOG] [Manujo] penerima @ https://phbidlautdemo.prahu-hub.com/_resources/themes/prahutheme/javascript/custom/orderList.js?m=1787970752:648
[   49267ms] [LOG] {ID: 1453, status_order: DONE, JadwalID: 1846, ID_Order: 20260827-06502, dari_api: null} @ https://phbidlautdemo.prahu-hub.com/_resources/themes/prahutheme/javascript/custom/orderList.js?m=1787970752:427
[   49268ms] [LOG] [Manujo] penerima @ https://phbidlautdemo.prahu-hub.com/_resources/themes/prahutheme/javascript/custom/orderList.js?m=1787970752:648
[   49268ms] [LOG] {ID: 1452, status_order: DONE, JadwalID: 1844, ID_Order: 20260827-06501, dari_api: null} @ https://phbidlautdemo.prahu-hub.com/_resources/themes/prahutheme/javascript/custom/orderList.js?m=1787970752:427
[   49269ms] [LOG] [Ik Bitung] penerima @ https://phbidlautdemo.prahu-hub.com/_resources/themes/prahutheme/javascript/custom/orderList.js?m=1787970752:648
[   49270ms] [LOG] {ID: 1451, status_order: DONE, JadwalID: 1845, ID_Order: 20260826-06507, dari_api: null} @ https://phbidlautdemo.prahu-hub.com/_resources/themes/prahutheme/javascript/custom/orderList.js?m=1787970752:427
[   49271ms] [LOG] [Ik Bitung] penerima @ https://phbidlautdemo.prahu-hub.com/_resources/themes/prahutheme/javascript/custom/orderList.js?m=1787970752:648
[   49272ms] [LOG] {ID: 1450, status_order: PENDING, JadwalID: 1844, ID_Order: 20260826-06506, dari_api: null} @ https://phbidlautdemo.prahu-hub.com/_resources/themes/prahutheme/javascript/custom/orderList.js?m=1787970752:427
[   49273ms] [LOG] [Ik Bitung] penerima @ https://phbidlautdemo.prahu-hub.com/_resources/themes/prahutheme/javascript/custom/orderList.js?m=1787970752:648
[   49274ms] [LOG] {ID: 1449, status_order: DONE, JadwalID: 1839, ID_Order: 20260826-06505, dari_api: null} @ https://phbidlautdemo.prahu-hub.com/_resources/themes/prahutheme/javascript/custom/orderList.js?m=1787970752:427
[   49275ms] [LOG] [Ik Bitung] penerima @ https://phbidlautdemo.prahu-hub.com/_resources/themes/prahutheme/javascript/custom/orderList.js?m=1787970752:648
[   49276ms] [LOG] {ID: 1448, status_order: DONE, JadwalID: 1851, ID_Order: 20260826-06504, dari_api: null} @ https://phbidlautdemo.prahu-hub.com/_resources/themes/prahutheme/javascript/custom/orderList.js?m=1787970752:427
[   49277ms] [LOG] [Ik Bitung] penerima @ https://phbidlautdemo.prahu-hub.com/_resources/themes/prahutheme/javascript/custom/orderList.js?m=1787970752:648
[   49278ms] [LOG] {ID: 1447, status_order: DONE, JadwalID: 1839, ID_Order: 20260826-06503, dari_api: null} @ https://phbidlautdemo.prahu-hub.com/_resources/themes/prahutheme/javascript/custom/orderList.js?m=1787970752:427
[   49278ms] [LOG] [Ik Bitung] penerima @ https://phbidlautdemo.prahu-hub.com/_resources/themes/prahutheme/javascript/custom/orderList.js?m=1787970752:648
[   49279ms] [LOG] {ID: 1446, status_order: DONE, JadwalID: 1839, ID_Order: 20260826-06502, dari_api: null} @ https://phbidlautdemo.prahu-hub.com/_resources/themes/prahutheme/javascript/custom/orderList.js?m=1787970752:427
[   49280ms] [LOG] [Ik Bitung] penerima @ https://phbidlautdemo.prahu-hub.com/_resources/themes/prahutheme/javascript/custom/orderList.js?m=1787970752:648
[   49281ms] [LOG] {ID: 1445, status_order: DONE, JadwalID: 1839, ID_Order: 20260826-06501, dari_api: null} @ https://phbidlautdemo.prahu-hub.com/_resources/themes/prahutheme/javascript/custom/orderList.js?m=1787970752:427
[   49281ms] [LOG] [Ik Bitung] penerima @ https://phbidlautdemo.prahu-hub.com/_resources/themes/prahutheme/javascript/custom/orderList.js?m=1787970752:648
[   49282ms] [LOG] {ID: 1435, status_order: DONE, JadwalID: 1828, ID_Order: 20260820-06504, dari_api: null} @ https://phbidlautdemo.prahu-hub.com/_resources/themes/prahutheme/javascript/custom/orderList.js?m=1787970752:427
[   49283ms] [LOG] [Ik Bitung] penerima @ https://phbidlautdemo.prahu-hub.com/_resources/themes/prahutheme/javascript/custom/orderList.js?m=1787970752:648
[   49283ms] [LOG] {ID: 1433, status_order: CANCEL, JadwalID: 1828, ID_Order: 20260820-06502, dari_api: null} @ https://phbidlautdemo.prahu-hub.com/_resources/themes/prahutheme/javascript/custom/orderList.js?m=1787970752:427
[   49284ms] [LOG] [Ik Bitung] penerima @ https://phbidlautdemo.prahu-hub.com/_resources/themes/prahutheme/javascript/custom/orderList.js?m=1787970752:648
[   49284ms] [LOG] {ID: 1432, status_order: CANCEL, JadwalID: 1824, ID_Order: 20260820-06501, dari_api: YES} @ https://phbidlautdemo.prahu-hub.com/_resources/themes/prahutheme/javascript/custom/orderList.js?m=1787970752:427
[   49285ms] [LOG] [Ik Bitung] penerima @ https://phbidlautdemo.prahu-hub.com/_resources/themes/prahutheme/javascript/custom/orderList.js?m=1787970752:648
[   49285ms] [LOG] {ID: 1429, status_order: DONE, JadwalID: 1815, ID_Order: 20260811-06501, dari_api: YES} @ https://phbidlautdemo.prahu-hub.com/_resources/themes/prahutheme/javascript/custom/orderList.js?m=1787970752:427
[   49286ms] [LOG] [IKHSAN JAYA, IKHSAN JAYA, IKHSAN JAYA] penerima @ https://phbidlautdemo.prahu-hub.com/_resources/themes/prahutheme/javascript/custom/orderList.js?m=1787970752:648
[   49286ms] [LOG] {ID: 1428, status_order: DONE, JadwalID: 1814, ID_Order: 20260807-06501, dari_api: YES} @ https://phbidlautdemo.prahu-hub.com/_resources/themes/prahutheme/javascript/custom/orderList.js?m=1787970752:427
[   49287ms] [LOG] [Ik Bitung] penerima @ https://phbidlautdemo.prahu-hub.com/_resources/themes/prahutheme/javascript/custom/orderList.js?m=1787970752:648
[   49287ms] [LOG] {ID: 1427, status_order: KONFIRMASI_UNIT, JadwalID: 1809, ID_Order: 20260806-06503, dari_api: YES} @ https://phbidlautdemo.prahu-hub.com/_resources/themes/prahutheme/javascript/custom/orderList.js?m=1787970752:427
[   49288ms] [LOG]  penerima @ https://phbidlautdemo.prahu-hub.com/_resources/themes/prahutheme/javascript/custom/orderList.js?m=1787970752:648
[   49313ms] [LOG] [Object, Object, Object, Object, Object, Object, Object, Object, Object, Object, Object, Object, Object, Object, Object, Object, Object, Object, Object, Object] @ https://phbidlautdemo.prahu-hub.com/_resources/themes/prahutheme/javascript/custom/orderList.js?m=1787970752:40
[   49314ms] [LOG] {ID: 1461, status_order: KONFIRMASI_UNIT, JadwalID: 1854, ID_Order: 20260829-06501, dari_api: null} @ https://phbidlautdemo.prahu-hub.com/_resources/themes/prahutheme/javascript/custom/orderList.js?m=1787970752:46
[   49314ms] [LOG] [Manujo] penerima @ https://phbidlautdemo.prahu-hub.com/_resources/themes/prahutheme/javascript/custom/orderList.js?m=1787970752:261
[   49315ms] [LOG] {ID: 1460, status_order: KONFIRMASI_UNIT, JadwalID: 1855, ID_Order: 20260828-06506, dari_api: null} @ https://phbidlautdemo.prahu-hub.com/_resources/themes/prahutheme/javascript/custom/orderList.js?m=1787970752:46
[   49315ms] [LOG] [Manujo] penerima @ https://phbidlautdemo.prahu-hub.com/_resources/themes/prahutheme/javascript/custom/orderList.js?m=1787970752:261
[   49315ms] [LOG] {ID: 1459, status_order: CANCEL, JadwalID: 1846, ID_Order: 20260828-06505, dari_api: null} @ https://phbidlautdemo.prahu-hub.com/_resources/themes/prahutheme/javascript/custom/orderList.js?m=1787970752:46
[   49316ms] [LOG] [Manujo] penerima @ https://phbidlautdemo.prahu-hub.com/_resources/themes/prahutheme/javascript/custom/orderList.js?m=1787970752:261
[   49316ms] [LOG] {ID: 1458, status_order: KONFIRMASI_UNIT, JadwalID: 1846, ID_Order: 20260828-06504, dari_api: null} @ https://phbidlautdemo.prahu-hub.com/_resources/themes/prahutheme/javascript/custom/orderList.js?m=1787970752:46
[   49316ms] [LOG] [Manujo] penerima @ https://phbidlautdemo.prahu-hub.com/_resources/themes/prahutheme/javascript/custom/orderList.js?m=1787970752:261
[   49317ms] [LOG] {ID: 1454, status_order: SHIPPER_VALIDATED, JadwalID: 1846, ID_Order: 20260827-06503, dari_api: null} @ https://phbidlautdemo.prahu-hub.com/_resources/themes/prahutheme/javascript/custom/orderList.js?m=1787970752:46
[   49317ms] [LOG] [Manujo] penerima @ https://phbidlautdemo.prahu-hub.com/_resources/themes/prahutheme/javascript/custom/orderList.js?m=1787970752:261
[   49317ms] [LOG] {ID: 1453, status_order: DONE, JadwalID: 1846, ID_Order: 20260827-06502, dari_api: null} @ https://phbidlautdemo.prahu-hub.com/_resources/themes/prahutheme/javascript/custom/orderList.js?m=1787970752:46
[   49318ms] [LOG] [Manujo] penerima @ https://phbidlautdemo.prahu-hub.com/_resources/themes/prahutheme/javascript/custom/orderList.js?m=1787970752:261
[   49318ms] [LOG] {ID: 1452, status_order: DONE, JadwalID: 1844, ID_Order: 20260827-06501, dari_api: null} @ https://phbidlautdemo.prahu-hub.com/_resources/themes/prahutheme/javascript/custom/orderList.js?m=1787970752:46
[   49318ms] [LOG] [Ik Bitung] penerima @ https://phbidlautdemo.prahu-hub.com/_resources/themes/prahutheme/javascript/custom/orderList.js?m=1787970752:261
[   49319ms] [LOG] {ID: 1451, status_order: DONE, JadwalID: 1845, ID_Order: 20260826-06507, dari_api: null} @ https://phbidlautdemo.prahu-hub.com/_resources/themes/prahutheme/javascript/custom/orderList.js?m=1787970752:46
[   49319ms] [LOG] [Ik Bitung] penerima @ https://phbidlautdemo.prahu-hub.com/_resources/themes/prahutheme/javascript/custom/orderList.js?m=1787970752:261
[   49319ms] [LOG] {ID: 1450, status_order: PENDING, JadwalID: 1844, ID_Order: 20260826-06506, dari_api: null} @ https://phbidlautdemo.prahu-hub.com/_resources/themes/prahutheme/javascript/custom/orderList.js?m=1787970752:46
[   49319ms] [LOG] [Ik Bitung] penerima @ https://phbidlautdemo.prahu-hub.com/_resources/themes/prahutheme/javascript/custom/orderList.js?m=1787970752:261
[   49320ms] [LOG] {ID: 1449, status_order: DONE, JadwalID: 1839, ID_Order: 20260826-06505, dari_api: null} @ https://phbidlautdemo.prahu-hub.com/_resources/themes/prahutheme/javascript/custom/orderList.js?m=1787970752:46
[   49320ms] [LOG] [Ik Bitung] penerima @ https://phbidlautdemo.prahu-hub.com/_resources/themes/prahutheme/javascript/custom/orderList.js?m=1787970752:261
[   49320ms] [LOG] {ID: 1448, status_order: DONE, JadwalID: 1851, ID_Order: 20260826-06504, dari_api: null} @ https://phbidlautdemo.prahu-hub.com/_resources/themes/prahutheme/javascript/custom/orderList.js?m=1787970752:46
[   49321ms] [LOG] [Ik Bitung] penerima @ https://phbidlautdemo.prahu-hub.com/_resources/themes/prahutheme/javascript/custom/orderList.js?m=1787970752:261
[   49321ms] [LOG] {ID: 1447, status_order: DONE, JadwalID: 1839, ID_Order: 20260826-06503, dari_api: null} @ https://phbidlautdemo.prahu-hub.com/_resources/themes/prahutheme/javascript/custom/orderList.js?m=1787970752:46
[   49322ms] [LOG] [Ik Bitung] penerima @ https://phbidlautdemo.prahu-hub.com/_resources/themes/prahutheme/javascript/custom/orderList.js?m=1787970752:261
[   49322ms] [LOG] {ID: 1446, status_order: DONE, JadwalID: 1839, ID_Order: 20260826-06502, dari_api: null} @ https://phbidlautdemo.prahu-hub.com/_resources/themes/prahutheme/javascript/custom/orderList.js?m=1787970752:46
[   49322ms] [LOG] [Ik Bitung] penerima @ https://phbidlautdemo.prahu-hub.com/_resources/themes/prahutheme/javascript/custom/orderList.js?m=1787970752:261
[   49323ms] [LOG] {ID: 1445, status_order: DONE, JadwalID: 1839, ID_Order: 20260826-06501, dari_api: null} @ https://phbidlautdemo.prahu-hub.com/_resources/themes/prahutheme/javascript/custom/orderList.js?m=1787970752:46
[   49323ms] [LOG] [Ik Bitung] penerima @ https://phbidlautdemo.prahu-hub.com/_resources/themes/prahutheme/javascript/custom/orderList.js?m=1787970752:261
[   49323ms] [LOG] {ID: 1435, status_order: DONE, JadwalID: 1828, ID_Order: 20260820-06504, dari_api: null} @ https://phbidlautdemo.prahu-hub.com/_resources/themes/prahutheme/javascript/custom/orderList.js?m=1787970752:46
[   49324ms] [LOG] [Ik Bitung] penerima @ https://phbidlautdemo.prahu-hub.com/_resources/themes/prahutheme/javascript/custom/orderList.js?m=1787970752:261
[   49324ms] [LOG] {ID: 1433, status_order: CANCEL, JadwalID: 1828, ID_Order: 20260820-06502, dari_api: null} @ https://phbidlautdemo.prahu-hub.com/_resources/themes/prahutheme/javascript/custom/orderList.js?m=1787970752:46
[   49324ms] [LOG] [Ik Bitung] penerima @ https://phbidlautdemo.prahu-hub.com/_resources/themes/prahutheme/javascript/custom/orderList.js?m=1787970752:261
[   49325ms] [LOG] {ID: 1432, status_order: CANCEL, JadwalID: 1824, ID_Order: 20260820-06501, dari_api: YES} @ https://phbidlautdemo.prahu-hub.com/_resources/themes/prahutheme/javascript/custom/orderList.js?m=1787970752:46
[   49325ms] [LOG] [Ik Bitung] penerima @ https://phbidlautdemo.prahu-hub.com/_resources/themes/prahutheme/javascript/custom/orderList.js?m=1787970752:261
[   49325ms] [LOG] {ID: 1429, status_order: DONE, JadwalID: 1815, ID_Order: 20260811-06501, dari_api: YES} @ https://phbidlautdemo.prahu-hub.com/_resources/themes/prahutheme/javascript/custom/orderList.js?m=1787970752:46
[   49325ms] [LOG] [IKHSAN JAYA, IKHSAN JAYA, IKHSAN JAYA] penerima @ https://phbidlautdemo.prahu-hub.com/_resources/themes/prahutheme/javascript/custom/orderList.js?m=1787970752:261
[   49326ms] [LOG] {ID: 1428, status_order: DONE, JadwalID: 1814, ID_Order: 20260807-06501, dari_api: YES} @ https://phbidlautdemo.prahu-hub.com/_resources/themes/prahutheme/javascript/custom/orderList.js?m=1787970752:46
[   49326ms] [LOG] [Ik Bitung] penerima @ https://phbidlautdemo.prahu-hub.com/_resources/themes/prahutheme/javascript/custom/orderList.js?m=1787970752:261
[   49326ms] [LOG] {ID: 1427, status_order: KONFIRMASI_UNIT, JadwalID: 1809, ID_Order: 20260806-06503, dari_api: YES} @ https://phbidlautdemo.prahu-hub.com/_resources/themes/prahutheme/javascript/custom/orderList.js?m=1787970752:46
[   49326ms] [LOG]  penerima @ https://phbidlautdemo.prahu-hub.com/_resources/themes/prahutheme/javascript/custom/orderList.js?m=1787970752:261
[   49337ms] [LOG] 604 @ https://phbidlautdemo.prahu-hub.com/_resources/themes/prahutheme/javascript/custom/orderList.js?m=1787970752:916
[   49337ms] [LOG] 604 countView1 1 pageNow 20 limitView1 @ https://phbidlautdemo.prahu-hub.com/_resources/themes/prahutheme/javascript/custom/orderList.js?m=1787970752:918
[   49338ms] [LOG] 20 @ https://phbidlautdemo.prahu-hub.com/_resources/themes/prahutheme/javascript/custom/orderList.js?m=1787970752:924
[   49338ms] [LOG] 604 jumlah data @ https://phbidlautdemo.prahu-hub.com/_resources/themes/prahutheme/javascript/custom/orderList.js?m=1787970752:879
[   49339ms] [LOG] 31 @ https://phbidlautdemo.prahu-hub.com/_resources/themes/prahutheme/javascript/custom/orderList.js?m=1787970752:881
[   49339ms] [LOG] 31 1 pageCount & pageNow @ https://phbidlautdemo.prahu-hub.com/_resources/themes/prahutheme/javascript/custom/orderList.js?m=1787970752:810
[   49340ms] [LOG] 200 xhrglobal @ https://phbidlautdemo.prahu-hub.com/order/OrderList:8138
[   49380ms] [LOG] 200 xhrglobal @ https://phbidlautdemo.prahu-hub.com/order/OrderList:8138
[   49469ms] [LOG] 200 xhrglobal @ https://phbidlautdemo.prahu-hub.com/order/OrderList:8138
[   50751ms] Cannot use import statement outside a module
[   50776ms] ReferenceError: Chart is not defined
    at https://phbidlautdemo.prahu-hub.com/_resources/themes/prahutheme/js/scripts-init/charts/chartjs.js:8:13
[   50819ms] Unexpected token '<'
[   50928ms] Unexpected token '<'
[   50952ms] Uncaught TypeError: expect element to be DOM Element, but got null
    at n.init (https://cdnjs.cloudflare.com/ajax/libs/smooth-scrollbar/8.5.2/smooth-scrollbar.js:24:264)
    at <anonymous> (https://phbidlautdemo.prahu-hub.com/analitik/datajenismuatan:5354:14)
[   50979ms] [LOG] Masternamanya @ https://phbidlautdemo.prahu-hub.com/analitik/datajenismuatan:1879
[   50984ms] [LOG] Masukkan Jenis Muatan @ https://phbidlautdemo.prahu-hub.com/analitik/datajenismuatan:5707
[   50985ms] [LOG] Isi Kemasan @ https://phbidlautdemo.prahu-hub.com/analitik/datajenismuatan:5707
[   50985ms] [LOG] Berat (Kg) @ https://phbidlautdemo.prahu-hub.com/analitik/datajenismuatan:5707
[   50985ms] [LOG] undefined @ https://phbidlautdemo.prahu-hub.com/analitik/datajenismuatan:5707
[   50985ms] [LOG] undefined @ https://phbidlautdemo.prahu-hub.com/analitik/datajenismuatan:5707
[   50985ms] [LOG] Masukkan Jenis Muatan @ https://phbidlautdemo.prahu-hub.com/analitik/datajenismuatan:5707
[   50985ms] [LOG] Masukkan Jenis Muatan @ https://phbidlautdemo.prahu-hub.com/analitik/datajenismuatan:5707
[   50985ms] [LOG] Isi Kemasan @ https://phbidlautdemo.prahu-hub.com/analitik/datajenismuatan:5707
[   50985ms] [LOG] Berat per Kemasan @ https://phbidlautdemo.prahu-hub.com/analitik/datajenismuatan:5707
[   50986ms] [LOG] WebSocket connection @ https://phbidlautdemo.prahu-hub.com/analitik/datajenismuatan:5750
[   50987ms] [LOG] WebSocket connection attempting... @ https://phbidlautdemo.prahu-hub.com/analitik/datajenismuatan:5828
[   51089ms] [LOG] WebSocket connected @ https://phbidlautdemo.prahu-hub.com/analitik/datajenismuatan:5759
[   51093ms] [LOG] update_dashboard_order_laut @ https://phbidlautdemo.prahu-hub.com/analitik/datajenismuatan:5800
[   51121ms] [LOG] Connected @ https://phbidlautdemo.prahu-hub.com/analitik/datajenismuatan:5800
[   51411ms] [LOG] 200 xhrglobal @ https://phbidlautdemo.prahu-hub.com/analitik/datajenismuatan:5681
[   51453ms] ReferenceError: renderTooltipHarga is not defined
    at https://phbidlautdemo.prahu-hub.com/_resources/themes/prahutheme/javascript/custom/datajenismuatan.js?m=1787970752:552:9
[   51522ms] [LOG] 200 xhrglobal @ https://phbidlautdemo.prahu-hub.com/analitik/datajenismuatan:5681
[   51637ms] [LOG] 200 xhrglobal @ https://phbidlautdemo.prahu-hub.com/analitik/datajenismuatan:5681
[   52986ms] TypeError: $(...).DataTable is not a function
    at https://phbidlautdemo.prahu-hub.com/_resources/themes/prahutheme/js/scripts-init/tables.js:7:23
[   53802ms] Cannot use import statement outside a module
[   53846ms] ReferenceError: Chart is not defined
    at https://phbidlautdemo.prahu-hub.com/_resources/themes/prahutheme/js/scripts-init/charts/chartjs.js:8:13
[   53880ms] Unexpected token '<'
[   53992ms] Unexpected token '<'
[   54015ms] Uncaught TypeError: expect element to be DOM Element, but got null
    at n.init (https://cdnjs.cloudflare.com/ajax/libs/smooth-scrollbar/8.5.2/smooth-scrollbar.js:24:264)
    at <anonymous> (https://phbidlautdemo.prahu-hub.com/analitik/hargabarang:5084:14)
[   54036ms] [LOG] Masternamanya @ https://phbidlautdemo.prahu-hub.com/analitik/hargabarang:1878
[   54040ms] [LOG] Masukkan Nama Jenis Muatan @ https://phbidlautdemo.prahu-hub.com/analitik/hargabarang:5437
[   54041ms] [LOG] undefined @ https://phbidlautdemo.prahu-hub.com/analitik/hargabarang:5437
[   54041ms] [LOG] undefined @ https://phbidlautdemo.prahu-hub.com/analitik/hargabarang:5437
[   54042ms] [LOG] WebSocket connection @ https://phbidlautdemo.prahu-hub.com/analitik/hargabarang:5480
[   54042ms] [LOG] WebSocket connection attempting... @ https://phbidlautdemo.prahu-hub.com/analitik/hargabarang:5558
[   54151ms] [LOG] WebSocket connected @ https://phbidlautdemo.prahu-hub.com/analitik/hargabarang:5489
[   54157ms] [LOG] update_dashboard_order_laut @ https://phbidlautdemo.prahu-hub.com/analitik/hargabarang:5530
[   54180ms] [LOG] Connected @ https://phbidlautdemo.prahu-hub.com/analitik/hargabarang:5530
[   54283ms] [LOG] Connected @ https://phbidlautdemo.prahu-hub.com/analitik/hargabarang:5530
[   54477ms] [LOG] 200 xhrglobal @ https://phbidlautdemo.prahu-hub.com/analitik/hargabarang:5411
[   54505ms] ReferenceError: renderTooltipHarga is not defined
    at https://phbidlautdemo.prahu-hub.com/_resources/themes/prahutheme/javascript/custom/hargabarang.js?m=1787970752:385:9
[   54584ms] [LOG] 200 xhrglobal @ https://phbidlautdemo.prahu-hub.com/analitik/hargabarang:5411
[   54612ms] [LOG] Connected @ https://phbidlautdemo.prahu-hub.com/analitik/hargabarang:5530
[   54641ms] [LOG] 200 xhrglobal @ https://phbidlautdemo.prahu-hub.com/analitik/hargabarang:5411
[   56038ms] TypeError: $(...).DataTable is not a function
    at https://phbidlautdemo.prahu-hub.com/_resources/themes/prahutheme/js/scripts-init/tables.js:7:23
[   57091ms] Cannot use import statement outside a module
[   57099ms] ReferenceError: Chart is not defined
    at https://phbidlautdemo.prahu-hub.com/_resources/themes/prahutheme/js/scripts-init/charts/chartjs.js:8:13
[   57170ms] Unexpected token '<'
[   57297ms] Unexpected token '<'
[   57354ms] Uncaught TypeError: expect element to be DOM Element, but got null
    at n.init (https://cdnjs.cloudflare.com/ajax/libs/smooth-scrollbar/8.5.2/smooth-scrollbar.js:24:264)
    at <anonymous> (https://phbidlautdemo.prahu-hub.com/lelang/carijadwal:5530:14)
[   57383ms] [LOG] jadwalnamanya @ https://phbidlautdemo.prahu-hub.com/lelang/carijadwal:1877
[   57388ms] [LOG] DD/MM/YYYY @ https://phbidlautdemo.prahu-hub.com/lelang/carijadwal:5883
[   57389ms] [LOG] WebSocket connection @ https://phbidlautdemo.prahu-hub.com/lelang/carijadwal:5926
[   57390ms] [LOG] WebSocket connection attempting... @ https://phbidlautdemo.prahu-hub.com/lelang/carijadwal:6004
[   57493ms] [LOG] WebSocket connected @ https://phbidlautdemo.prahu-hub.com/lelang/carijadwal:5935
[   57498ms] [LOG] update_dashboard_order_laut @ https://phbidlautdemo.prahu-hub.com/lelang/carijadwal:5976
[   57524ms] [LOG] Connected @ https://phbidlautdemo.prahu-hub.com/lelang/carijadwal:5976
[   57602ms] [LOG] 200 xhrglobal @ https://phbidlautdemo.prahu-hub.com/lelang/carijadwal:5857
[   57650ms] [LOG] 200 xhrglobal @ https://phbidlautdemo.prahu-hub.com/lelang/carijadwal:5857
[   58564ms] [LOG] Connected @ https://phbidlautdemo.prahu-hub.com/lelang/carijadwal:5976
[   59390ms] TypeError: $(...).DataTable is not a function
    at https://phbidlautdemo.prahu-hub.com/_resources/themes/prahutheme/js/scripts-init/tables.js:7:23
[   60408ms] Cannot use import statement outside a module
[   60442ms] ReferenceError: Chart is not defined
    at https://phbidlautdemo.prahu-hub.com/_resources/themes/prahutheme/js/scripts-init/charts/chartjs.js:8:13
[   60613ms] Unexpected token '<'
[   60614ms] Unexpected token '<'
[   60640ms] Uncaught TypeError: expect element to be DOM Element, but got null
    at n.init (https://cdnjs.cloudflare.com/ajax/libs/smooth-scrollbar/8.5.2/smooth-scrollbar.js:24:264)
    at <anonymous> (https://phbidlautdemo.prahu-hub.com/home/history_lelang:5190:14)
[   60655ms] [LOG] Laporannamanya @ https://phbidlautdemo.prahu-hub.com/home/history_lelang:1877
[   60659ms] [LOG] DD/MM/YYYY @ https://phbidlautdemo.prahu-hub.com/home/history_lelang:5543
[   60659ms] [LOG] DD/MM/YYYY @ https://phbidlautdemo.prahu-hub.com/home/history_lelang:5543
[   60659ms] [LOG] undefined @ https://phbidlautdemo.prahu-hub.com/home/history_lelang:5543
[   60660ms] [LOG] WebSocket connection @ https://phbidlautdemo.prahu-hub.com/home/history_lelang:5586
[   60660ms] [LOG] WebSocket connection attempting... @ https://phbidlautdemo.prahu-hub.com/home/history_lelang:5664
[   60756ms] [LOG] WebSocket connected @ https://phbidlautdemo.prahu-hub.com/home/history_lelang:5595
[   60769ms] [LOG] update_dashboard_order_laut @ https://phbidlautdemo.prahu-hub.com/home/history_lelang:5636
[   60784ms] [LOG] Connected @ https://phbidlautdemo.prahu-hub.com/home/history_lelang:5636
[   60868ms] [LOG] 200 xhrglobal @ https://phbidlautdemo.prahu-hub.com/home/history_lelang:5517
[   60916ms] [LOG] 200 xhrglobal @ https://phbidlautdemo.prahu-hub.com/home/history_lelang:5517
[   62671ms] TypeError: $(...).DataTable is not a function
    at https://phbidlautdemo.prahu-hub.com/_resources/themes/prahutheme/js/scripts-init/tables.js:7:23
[   63505ms] Cannot use import statement outside a module
[   63558ms] ReferenceError: Chart is not defined
    at https://phbidlautdemo.prahu-hub.com/_resources/themes/prahutheme/js/scripts-init/charts/chartjs.js:8:13
[   63718ms] Unexpected token '<'
[   63720ms] Unexpected token '<'
[   63757ms] Uncaught TypeError: expect element to be DOM Element, but got null
    at n.init (https://cdnjs.cloudflare.com/ajax/libs/smooth-scrollbar/8.5.2/smooth-scrollbar.js:24:264)
    at <anonymous> (https://phbidlautdemo.prahu-hub.com/home/laporanlogistik:5243:14)
[   63771ms] [LOG] Laporannamanya @ https://phbidlautdemo.prahu-hub.com/home/laporanlogistik:1877
[   63775ms] [LOG] DD/MM/YYYY @ https://phbidlautdemo.prahu-hub.com/home/laporanlogistik:5596
[   63776ms] [LOG] DD/MM/YYYY @ https://phbidlautdemo.prahu-hub.com/home/laporanlogistik:5596
[   63776ms] [LOG] undefined @ https://phbidlautdemo.prahu-hub.com/home/laporanlogistik:5596
[   63776ms] [LOG] WebSocket connection @ https://phbidlautdemo.prahu-hub.com/home/laporanlogistik:5639
[   63777ms] [LOG] WebSocket connection attempting... @ https://phbidlautdemo.prahu-hub.com/home/laporanlogistik:5717
[   63878ms] [LOG] WebSocket connected @ https://phbidlautdemo.prahu-hub.com/home/laporanlogistik:5648
[   63892ms] [LOG] update_dashboard_order_laut @ https://phbidlautdemo.prahu-hub.com/home/laporanlogistik:5689
[   63906ms] [LOG] Connected @ https://phbidlautdemo.prahu-hub.com/home/laporanlogistik:5689
[   63992ms] [LOG] 200 xhrglobal @ https://phbidlautdemo.prahu-hub.com/home/laporanlogistik:5570
[   64033ms] [LOG] 200 xhrglobal @ https://phbidlautdemo.prahu-hub.com/home/laporanlogistik:5570
[   64098ms] [LOG] Connected @ https://phbidlautdemo.prahu-hub.com/home/laporanlogistik:5689
[   65777ms] TypeError: $(...).DataTable is not a function
    at https://phbidlautdemo.prahu-hub.com/_resources/themes/prahutheme/js/scripts-init/tables.js:7:23
[   66578ms] Cannot use import statement outside a module
[   66630ms] ReferenceError: Chart is not defined
    at https://phbidlautdemo.prahu-hub.com/_resources/themes/prahutheme/js/scripts-init/charts/chartjs.js:8:13
[   66861ms] Unexpected token '<'
[   66866ms] Unexpected token '<'
[   66925ms] Uncaught TypeError: expect element to be DOM Element, but got null
    at n.init (https://cdnjs.cloudflare.com/ajax/libs/smooth-scrollbar/8.5.2/smooth-scrollbar.js:24:264)
    at <anonymous> (https://phbidlautdemo.prahu-hub.com/home/hakaksesbidowner:5238:14)
[   66948ms] [LOG] Pengaturan Akunnamanya @ https://phbidlautdemo.prahu-hub.com/home/hakaksesbidowner:1878
[   66954ms] [LOG] Masukkan Nama Hak Akses @ https://phbidlautdemo.prahu-hub.com/home/hakaksesbidowner:5591
[   66954ms] [LOG] undefined @ https://phbidlautdemo.prahu-hub.com/home/hakaksesbidowner:5591
[   66954ms] [LOG] undefined @ https://phbidlautdemo.prahu-hub.com/home/hakaksesbidowner:5591
[   66954ms] [LOG] Masukkan Nama Kemasan @ https://phbidlautdemo.prahu-hub.com/home/hakaksesbidowner:5591
[   66955ms] [LOG] undefined @ https://phbidlautdemo.prahu-hub.com/home/hakaksesbidowner:5591
[   66955ms] [LOG] WebSocket connection @ https://phbidlautdemo.prahu-hub.com/home/hakaksesbidowner:5634
[   66956ms] [LOG] WebSocket connection attempting... @ https://phbidlautdemo.prahu-hub.com/home/hakaksesbidowner:5712
[   67058ms] [LOG] WebSocket connected @ https://phbidlautdemo.prahu-hub.com/home/hakaksesbidowner:5643
[   67063ms] [LOG] update_dashboard_order_laut @ https://phbidlautdemo.prahu-hub.com/home/hakaksesbidowner:5684
[   67088ms] [LOG] [Object, Object, Object, Object] @ https://phbidlautdemo.prahu-hub.com/_resources/themes/prahutheme/javascript/custom/hakaksesbidowner.js?m=1787970752:124
[   67096ms] [LOG] 4 @ https://phbidlautdemo.prahu-hub.com/_resources/themes/prahutheme/javascript/custom/hakaksesbidowner.js?m=1787970752:775
[   67096ms] [LOG] 4 countView1 1 pageNow 20 limitView1 @ https://phbidlautdemo.prahu-hub.com/_resources/themes/prahutheme/javascript/custom/hakaksesbidowner.js?m=1787970752:777
[   67096ms] [LOG] 4 @ https://phbidlautdemo.prahu-hub.com/_resources/themes/prahutheme/javascript/custom/hakaksesbidowner.js?m=1787970752:783
[   67098ms] [LOG] 4 jumlah data @ https://phbidlautdemo.prahu-hub.com/_resources/themes/prahutheme/javascript/custom/hakaksesbidowner.js?m=1787970752:740
[   67098ms] [LOG] 1 @ https://phbidlautdemo.prahu-hub.com/_resources/themes/prahutheme/javascript/custom/hakaksesbidowner.js?m=1787970752:742
[   67100ms] [LOG] 1 1 pageCount & pageNow @ https://phbidlautdemo.prahu-hub.com/_resources/themes/prahutheme/javascript/custom/hakaksesbidowner.js?m=1787970752:666
[   67102ms] [LOG] 200 xhrglobal @ https://phbidlautdemo.prahu-hub.com/home/hakaksesbidowner:5565
[   67103ms] [LOG] ce.fn.init stepItem @ https://phbidlautdemo.prahu-hub.com/_resources/themes/prahutheme/javascript/custom/hakaksesbidowner.js?m=1787970752:640
[   67111ms] [LOG] Connected @ https://phbidlautdemo.prahu-hub.com/home/hakaksesbidowner:5684
[   67200ms] [LOG] 200 xhrglobal @ https://phbidlautdemo.prahu-hub.com/home/hakaksesbidowner:5565
[   67251ms] [LOG] 200 xhrglobal @ https://phbidlautdemo.prahu-hub.com/home/hakaksesbidowner:5565
[   68909ms] [LOG] Connected @ https://phbidlautdemo.prahu-hub.com/home/hakaksesbidowner:5684
[   68952ms] TypeError: $(...).DataTable is not a function
    at https://phbidlautdemo.prahu-hub.com/_resources/themes/prahutheme/js/scripts-init/tables.js:7:23
[   69845ms] Cannot use import statement outside a module
[   69885ms] ReferenceError: Chart is not defined
    at https://phbidlautdemo.prahu-hub.com/_resources/themes/prahutheme/js/scripts-init/charts/chartjs.js:8:13
[   70061ms] Unexpected token '<'
[   70062ms] Unexpected token '<'
[   70100ms] Uncaught TypeError: expect element to be DOM Element, but got null
    at n.init (https://cdnjs.cloudflare.com/ajax/libs/smooth-scrollbar/8.5.2/smooth-scrollbar.js:24:264)
    at <anonymous> (https://phbidlautdemo.prahu-hub.com/home/subuserbidowner:5215:14)
[   70121ms] [LOG] Pengaturan Akunnamanya @ https://phbidlautdemo.prahu-hub.com/home/subuserbidowner:1878
[   70125ms] [LOG] Masukkan Nama Sub User @ https://phbidlautdemo.prahu-hub.com/home/subuserbidowner:5568
[   70125ms] [LOG] Masukkan Email @ https://phbidlautdemo.prahu-hub.com/home/subuserbidowner:5568
[   70125ms] [LOG] Masukkan Bagian Staff @ https://phbidlautdemo.prahu-hub.com/home/subuserbidowner:5568
[   70125ms] [LOG] undefined @ https://phbidlautdemo.prahu-hub.com/home/subuserbidowner:5568
[   70125ms] [LOG] undefined @ https://phbidlautdemo.prahu-hub.com/home/subuserbidowner:5568
[   70125ms] [LOG] Masukkan Nama Bank @ https://phbidlautdemo.prahu-hub.com/home/subuserbidowner:5568
[   70125ms] [LOG] undefined @ https://phbidlautdemo.prahu-hub.com/home/subuserbidowner:5568
[   70126ms] [LOG] WebSocket connection @ https://phbidlautdemo.prahu-hub.com/home/subuserbidowner:5611
[   70126ms] [LOG] WebSocket connection attempting... @ https://phbidlautdemo.prahu-hub.com/home/subuserbidowner:5689
[   70234ms] [LOG] WebSocket connected @ https://phbidlautdemo.prahu-hub.com/home/subuserbidowner:5620
[   70239ms] [LOG] update_dashboard_order_laut @ https://phbidlautdemo.prahu-hub.com/home/subuserbidowner:5661
[   70263ms] [LOG] Connected @ https://phbidlautdemo.prahu-hub.com/home/subuserbidowner:5661
[   70622ms] [LOG] [Object] @ https://phbidlautdemo.prahu-hub.com/_resources/themes/prahutheme/javascript/custom/subuserbidowner.js?m=1787970752:15
[   70625ms] [LOG] 1 @ https://phbidlautdemo.prahu-hub.com/_resources/themes/prahutheme/javascript/custom/subuserbidowner.js?m=1787970752:520
[   70625ms] [LOG] 1 countView1 1 pageNow 20 limitView1 @ https://phbidlautdemo.prahu-hub.com/_resources/themes/prahutheme/javascript/custom/subuserbidowner.js?m=1787970752:522
[   70625ms] [LOG] 1 @ https://phbidlautdemo.prahu-hub.com/_resources/themes/prahutheme/javascript/custom/subuserbidowner.js?m=1787970752:528
[   70626ms] [LOG] 1 jumlah data @ https://phbidlautdemo.prahu-hub.com/_resources/themes/prahutheme/javascript/custom/subuserbidowner.js?m=1787970752:483
[   70627ms] [LOG] 1 @ https://phbidlautdemo.prahu-hub.com/_resources/themes/prahutheme/javascript/custom/subuserbidowner.js?m=1787970752:485
[   70628ms] [LOG] 1 1 pageCount & pageNow @ https://phbidlautdemo.prahu-hub.com/_resources/themes/prahutheme/javascript/custom/subuserbidowner.js?m=1787970752:408
[   70632ms] [LOG] 200 xhrglobal @ https://phbidlautdemo.prahu-hub.com/home/subuserbidowner:5542
[   70834ms] [LOG] 200 xhrglobal @ https://phbidlautdemo.prahu-hub.com/home/subuserbidowner:5542
[   70995ms] [LOG] 200 xhrglobal @ https://phbidlautdemo.prahu-hub.com/home/subuserbidowner:5542
[   71645ms] [LOG] Connected @ https://phbidlautdemo.prahu-hub.com/home/subuserbidowner:5661
[   72124ms] TypeError: $(...).DataTable is not a function
    at https://phbidlautdemo.prahu-hub.com/_resources/themes/prahutheme/js/scripts-init/tables.js:7:23
[   73004ms] Cannot use import statement outside a module
[   73041ms] ReferenceError: Chart is not defined
    at https://phbidlautdemo.prahu-hub.com/_resources/themes/prahutheme/js/scripts-init/charts/chartjs.js:8:13
[   73087ms] Unexpected token '<'
[   73203ms] Unexpected token '<'
[   73226ms] Uncaught TypeError: expect element to be DOM Element, but got null
    at n.init (https://cdnjs.cloudflare.com/ajax/libs/smooth-scrollbar/8.5.2/smooth-scrollbar.js:24:264)
    at <anonymous> (https://phbidlautdemo.prahu-hub.com/home/preferenceNotifBidowner:5348:14)
[   73239ms] [LOG] Preference Notifnamanya @ https://phbidlautdemo.prahu-hub.com/home/preferenceNotifBidowner:1877
[   73244ms] [LOG] WebSocket connection @ https://phbidlautdemo.prahu-hub.com/home/preferenceNotifBidowner:5744
[   73244ms] [LOG] WebSocket connection attempting... @ https://phbidlautdemo.prahu-hub.com/home/preferenceNotifBidowner:5822
[   73345ms] [LOG] WebSocket connected @ https://phbidlautdemo.prahu-hub.com/home/preferenceNotifBidowner:5753
[   73358ms] [LOG] update_dashboard_order_laut @ https://phbidlautdemo.prahu-hub.com/home/preferenceNotifBidowner:5794
[   73373ms] [LOG] Connected @ https://phbidlautdemo.prahu-hub.com/home/preferenceNotifBidowner:5794
[   73472ms] [LOG] 200 xhrglobal @ https://phbidlautdemo.prahu-hub.com/home/preferenceNotifBidowner:5675
[   73543ms] [LOG] 200 xhrglobal @ https://phbidlautdemo.prahu-hub.com/home/preferenceNotifBidowner:5675
[   75245ms] TypeError: $(...).DataTable is not a function
    at https://phbidlautdemo.prahu-hub.com/_resources/themes/prahutheme/js/scripts-init/tables.js:7:23
[   76098ms] Cannot use import statement outside a module
[   76145ms] ReferenceError: Chart is not defined
    at https://phbidlautdemo.prahu-hub.com/_resources/themes/prahutheme/js/scripts-init/charts/chartjs.js:8:13
[   76291ms] Unexpected token '<'
[   76292ms] Unexpected token '<'
[   76319ms] Uncaught TypeError: expect element to be DOM Element, but got null
    at n.init (https://cdnjs.cloudflare.com/ajax/libs/smooth-scrollbar/8.5.2/smooth-scrollbar.js:24:264)
    at <anonymous> (https://phbidlautdemo.prahu-hub.com/home/akunsaya:5352:14)
[   76334ms] [LOG] Akun Sayanamanya @ https://phbidlautdemo.prahu-hub.com/home/akunsaya:1877
[   76338ms] [LOG] WebSocket connection @ https://phbidlautdemo.prahu-hub.com/home/akunsaya:5748
[   76339ms] [LOG] WebSocket connection attempting... @ https://phbidlautdemo.prahu-hub.com/home/akunsaya:5826
[   76439ms] [LOG] WebSocket connected @ https://phbidlautdemo.prahu-hub.com/home/akunsaya:5757
[   76451ms] [LOG] update_dashboard_order_laut @ https://phbidlautdemo.prahu-hub.com/home/akunsaya:5798
[   76466ms] [LOG] Connected @ https://phbidlautdemo.prahu-hub.com/home/akunsaya:5798
[   76552ms] [LOG] 200 xhrglobal @ https://phbidlautdemo.prahu-hub.com/home/akunsaya:5679
[   76605ms] [LOG] 200 xhrglobal @ https://phbidlautdemo.prahu-hub.com/home/akunsaya:5679
[   78337ms] TypeError: $(...).DataTable is not a function
    at https://phbidlautdemo.prahu-hub.com/_resources/themes/prahutheme/js/scripts-init/tables.js:7:23
[   80234ms] Cannot use import statement outside a module
[   80259ms] ReferenceError: Chart is not defined
    at https://phbidlautdemo.prahu-hub.com/_resources/themes/prahutheme/js/scripts-init/charts/chartjs.js:8:13
[   80335ms] Unexpected token '<'
[   80337ms] Unexpected token '<'
[   80371ms] Uncaught TypeError: expect element to be DOM Element, but got null
    at n.init (https://cdnjs.cloudflare.com/ajax/libs/smooth-scrollbar/8.5.2/smooth-scrollbar.js:24:264)
    at <anonymous> (https://phbidlautdemo.prahu-hub.com/lelang/buatlelang?newbook=1:13855:14)
[   80406ms] [LOG] undefinednamanya @ https://phbidlautdemo.prahu-hub.com/lelang/buatlelang?newbook=1:1879
[   80421ms] [LOG] Sat Aug 29 2026 09:40:58 GMT+0700 (Western Indonesia Time) @ https://phbidlautdemo.prahu-hub.com/lelang/buatlelang?newbook=1:11532
[   80467ms] [LOG] Masukkan Nomor Lelang @ https://phbidlautdemo.prahu-hub.com/lelang/buatlelang?newbook=1:14208
[   80468ms] [LOG] DD/MM/YYYY hh:mm @ https://phbidlautdemo.prahu-hub.com/lelang/buatlelang?newbook=1:14208
[   80468ms] [LOG] DD/MM/YYYY hh:mm @ https://phbidlautdemo.prahu-hub.com/lelang/buatlelang?newbook=1:14208
[   80468ms] [LOG] DD/MM/YYYY hh:mm @ https://phbidlautdemo.prahu-hub.com/lelang/buatlelang?newbook=1:14208
[   80468ms] [LOG] DD/MM/YYYY hh:mm @ https://phbidlautdemo.prahu-hub.com/lelang/buatlelang?newbook=1:14208
[   80468ms] [LOG] undefined @ https://phbidlautdemo.prahu-hub.com/lelang/buatlelang?newbook=1:14208
[   80468ms] [LOG] DD/MM/YYYY @ https://phbidlautdemo.prahu-hub.com/lelang/buatlelang?newbook=1:14208
[   80468ms] [LOG] DD/MM/YYYY @ https://phbidlautdemo.prahu-hub.com/lelang/buatlelang?newbook=1:14208
[   80469ms] [LOG] undefined @ https://phbidlautdemo.prahu-hub.com/lelang/buatlelang?newbook=1:14208
[   80469ms] [LOG] undefined @ https://phbidlautdemo.prahu-hub.com/lelang/buatlelang?newbook=1:14208
[   80469ms] [LOG] undefined @ https://phbidlautdemo.prahu-hub.com/lelang/buatlelang?newbook=1:14208
[   80469ms] [LOG] undefined @ https://phbidlautdemo.prahu-hub.com/lelang/buatlelang?newbook=1:14208
[   80469ms] [LOG] undefined @ https://phbidlautdemo.prahu-hub.com/lelang/buatlelang?newbook=1:14208
[   80469ms] [LOG] undefined @ https://phbidlautdemo.prahu-hub.com/lelang/buatlelang?newbook=1:14208
[   80470ms] [LOG] undefined @ https://phbidlautdemo.prahu-hub.com/lelang/buatlelang?newbook=1:14208
[   80470ms] [LOG] undefined @ https://phbidlautdemo.prahu-hub.com/lelang/buatlelang?newbook=1:14208
[   80470ms] [LOG] undefined @ https://phbidlautdemo.prahu-hub.com/lelang/buatlelang?newbook=1:14208
[   80470ms] [LOG] undefined @ https://phbidlautdemo.prahu-hub.com/lelang/buatlelang?newbook=1:14208
[   80470ms] [LOG] undefined @ https://phbidlautdemo.prahu-hub.com/lelang/buatlelang?newbook=1:14208
[   80470ms] [LOG] undefined @ https://phbidlautdemo.prahu-hub.com/lelang/buatlelang?newbook=1:14208
[   80470ms] [LOG] undefined @ https://phbidlautdemo.prahu-hub.com/lelang/buatlelang?newbook=1:14208
[   80470ms] [LOG] undefined @ https://phbidlautdemo.prahu-hub.com/lelang/buatlelang?newbook=1:14208
[   80470ms] [LOG] undefined @ https://phbidlautdemo.prahu-hub.com/lelang/buatlelang?newbook=1:14208
[   80470ms] [LOG] undefined @ https://phbidlautdemo.prahu-hub.com/lelang/buatlelang?newbook=1:14208
[   80470ms] [LOG] undefined @ https://phbidlautdemo.prahu-hub.com/lelang/buatlelang?newbook=1:14208
[   80470ms] [LOG] undefined @ https://phbidlautdemo.prahu-hub.com/lelang/buatlelang?newbook=1:14208
[   80470ms] [LOG] undefined @ https://phbidlautdemo.prahu-hub.com/lelang/buatlelang?newbook=1:14208
[   80471ms] [LOG] undefined @ https://phbidlautdemo.prahu-hub.com/lelang/buatlelang?newbook=1:14208
[   80471ms] [LOG] undefined @ https://phbidlautdemo.prahu-hub.com/lelang/buatlelang?newbook=1:14208
[   80471ms] [LOG] undefined @ https://phbidlautdemo.prahu-hub.com/lelang/buatlelang?newbook=1:14208
[   80471ms] [LOG] undefined @ https://phbidlautdemo.prahu-hub.com/lelang/buatlelang?newbook=1:14208
[   80471ms] [LOG] undefined @ https://phbidlautdemo.prahu-hub.com/lelang/buatlelang?newbook=1:14208
[   80471ms] [LOG] undefined @ https://phbidlautdemo.prahu-hub.com/lelang/buatlelang?newbook=1:14208
[   80471ms] [LOG] undefined @ https://phbidlautdemo.prahu-hub.com/lelang/buatlelang?newbook=1:14208
[   80471ms] [LOG] undefined @ https://phbidlautdemo.prahu-hub.com/lelang/buatlelang?newbook=1:14208
[   80471ms] [LOG] undefined @ https://phbidlautdemo.prahu-hub.com/lelang/buatlelang?newbook=1:14208
[   80471ms] [LOG] undefined @ https://phbidlautdemo.prahu-hub.com/lelang/buatlelang?newbook=1:14208
[   80471ms] [LOG] undefined @ https://phbidlautdemo.prahu-hub.com/lelang/buatlelang?newbook=1:14208
[   80471ms] [LOG] undefined @ https://phbidlautdemo.prahu-hub.com/lelang/buatlelang?newbook=1:14208
[   80472ms] [LOG] undefined @ https://phbidlautdemo.prahu-hub.com/lelang/buatlelang?newbook=1:14208
[   80472ms] [LOG] undefined @ https://phbidlautdemo.prahu-hub.com/lelang/buatlelang?newbook=1:14208
[   80472ms] [LOG] undefined @ https://phbidlautdemo.prahu-hub.com/lelang/buatlelang?newbook=1:14208
[   80472ms] [LOG] undefined @ https://phbidlautdemo.prahu-hub.com/lelang/buatlelang?newbook=1:14208
[   80472ms] [LOG] undefined @ https://phbidlautdemo.prahu-hub.com/lelang/buatlelang?newbook=1:14208
[   80472ms] [LOG] undefined @ https://phbidlautdemo.prahu-hub.com/lelang/buatlelang?newbook=1:14208
[   80472ms] [LOG] undefined @ https://phbidlautdemo.prahu-hub.com/lelang/buatlelang?newbook=1:14208
[   80472ms] [LOG] undefined @ https://phbidlautdemo.prahu-hub.com/lelang/buatlelang?newbook=1:14208
[   80472ms] [LOG] undefined @ https://phbidlautdemo.prahu-hub.com/lelang/buatlelang?newbook=1:14208
[   80473ms] [LOG] undefined @ https://phbidlautdemo.prahu-hub.com/lelang/buatlelang?newbook=1:14208
[   80473ms] [LOG] undefined @ https://phbidlautdemo.prahu-hub.com/lelang/buatlelang?newbook=1:14208
[   80473ms] [LOG] undefined @ https://phbidlautdemo.prahu-hub.com/lelang/buatlelang?newbook=1:14208
[   80473ms] [LOG] Masukkan Budget @ https://phbidlautdemo.prahu-hub.com/lelang/buatlelang?newbook=1:14208
[   80473ms] [LOG] undefined @ https://phbidlautdemo.prahu-hub.com/lelang/buatlelang?newbook=1:14208
[   80473ms] [LOG] undefined @ https://phbidlautdemo.prahu-hub.com/lelang/buatlelang?newbook=1:14208
[   80473ms] [LOG] undefined @ https://phbidlautdemo.prahu-hub.com/lelang/buatlelang?newbook=1:14208
[   80473ms] [LOG] Masukkan Dokumen Tambahan (Bila Ada) @ https://phbidlautdemo.prahu-hub.com/lelang/buatlelang?newbook=1:14208
[   80474ms] [LOG] undefined @ https://phbidlautdemo.prahu-hub.com/lelang/buatlelang?newbook=1:14208
[   80474ms] [LOG] undefined @ https://phbidlautdemo.prahu-hub.com/lelang/buatlelang?newbook=1:14208
[   80474ms] [LOG] undefined @ https://phbidlautdemo.prahu-hub.com/lelang/buatlelang?newbook=1:14208
[   80474ms] [LOG] Masukkan Nama PIC @ https://phbidlautdemo.prahu-hub.com/lelang/buatlelang?newbook=1:14208
[   80474ms] [LOG] Nomor Telp. @ https://phbidlautdemo.prahu-hub.com/lelang/buatlelang?newbook=1:14208
[   80474ms] [LOG] Masukkan Nama PIC @ https://phbidlautdemo.prahu-hub.com/lelang/buatlelang?newbook=1:14208
[   80474ms] [LOG] Nomor Telp. @ https://phbidlautdemo.prahu-hub.com/lelang/buatlelang?newbook=1:14208
[   80474ms] [LOG] Masukkan Nama PIC @ https://phbidlautdemo.prahu-hub.com/lelang/buatlelang?newbook=1:14208
[   80474ms] [LOG] Nomor Telp. @ https://phbidlautdemo.prahu-hub.com/lelang/buatlelang?newbook=1:14208
[   80475ms] [LOG] Masukkan Nama PIC @ https://phbidlautdemo.prahu-hub.com/lelang/buatlelang?newbook=1:14208
[   80475ms] [LOG] Nomor Telp. @ https://phbidlautdemo.prahu-hub.com/lelang/buatlelang?newbook=1:14208
[   80475ms] [LOG] Masukkan Nama PIC @ https://phbidlautdemo.prahu-hub.com/lelang/buatlelang?newbook=1:14208
[   80475ms] [LOG] Nomor Telp. @ https://phbidlautdemo.prahu-hub.com/lelang/buatlelang?newbook=1:14208
[   80475ms] [LOG] Anda Bisa Memilih Beberapa @ https://phbidlautdemo.prahu-hub.com/lelang/buatlelang?newbook=1:14208
[   80475ms] [LOG] Jumlah Berapa Unit / Berapa Kontainer @ https://phbidlautdemo.prahu-hub.com/lelang/buatlelang?newbook=1:14208
[   80476ms] [LOG] WebSocket connection @ https://phbidlautdemo.prahu-hub.com/lelang/buatlelang?newbook=1:14251
[   80477ms] [LOG] WebSocket connection attempting... @ https://phbidlautdemo.prahu-hub.com/lelang/buatlelang?newbook=1:14329
[   80585ms] [LOG] WebSocket connected @ https://phbidlautdemo.prahu-hub.com/lelang/buatlelang?newbook=1:14260
[   80602ms] [LOG] update_dashboard_order_laut @ https://phbidlautdemo.prahu-hub.com/lelang/buatlelang?newbook=1:14301
[   80619ms] [LOG] Connected @ https://phbidlautdemo.prahu-hub.com/lelang/buatlelang?newbook=1:14301
[   80693ms] [LOG] 200 xhrglobal @ https://phbidlautdemo.prahu-hub.com/lelang/buatlelang?newbook=1:14182
[   80745ms] [LOG] 200 xhrglobal @ https://phbidlautdemo.prahu-hub.com/lelang/buatlelang?newbook=1:14182
[   82010ms] [LOG] Connected @ https://phbidlautdemo.prahu-hub.com/lelang/buatlelang?newbook=1:14301
[   82415ms] TypeError: $(...).DataTable is not a function
    at https://phbidlautdemo.prahu-hub.com/_resources/themes/prahutheme/js/scripts-init/tables.js:7:23
[   84976ms] Cannot use import statement outside a module
[   85006ms] ReferenceError: Chart is not defined
    at https://phbidlautdemo.prahu-hub.com/_resources/themes/prahutheme/js/scripts-init/charts/chartjs.js:8:13
[   85007ms] Unexpected token '<'
[   85009ms] Unexpected token '<'
[   85085ms] [LOG] Daftar Ordernamanya @ https://phbidlautdemo.prahu-hub.com/order/orderdetail/dmVSUnFiaGxwdU9oYjJnZHhEY0cyUT09:1877
[   85101ms] [LOG] undefined @ https://phbidlautdemo.prahu-hub.com/order/orderdetail/dmVSUnFiaGxwdU9oYjJnZHhEY0cyUT09:8425
[   85101ms] [LOG] undefined @ https://phbidlautdemo.prahu-hub.com/order/orderdetail/dmVSUnFiaGxwdU9oYjJnZHhEY0cyUT09:8425
[   85101ms] [LOG] undefined @ https://phbidlautdemo.prahu-hub.com/order/orderdetail/dmVSUnFiaGxwdU9oYjJnZHhEY0cyUT09:8425
[   85101ms] [LOG] undefined @ https://phbidlautdemo.prahu-hub.com/order/orderdetail/dmVSUnFiaGxwdU9oYjJnZHhEY0cyUT09:8425
[   85102ms] [LOG] WebSocket connection @ https://phbidlautdemo.prahu-hub.com/order/orderdetail/dmVSUnFiaGxwdU9oYjJnZHhEY0cyUT09:8468
[   85102ms] [LOG] WebSocket connection attempting... @ https://phbidlautdemo.prahu-hub.com/order/orderdetail/dmVSUnFiaGxwdU9oYjJnZHhEY0cyUT09:8546
[   85200ms] [LOG] WebSocket connected @ https://phbidlautdemo.prahu-hub.com/order/orderdetail/dmVSUnFiaGxwdU9oYjJnZHhEY0cyUT09:8477
[   85202ms] [LOG] update_dashboard_order_laut @ https://phbidlautdemo.prahu-hub.com/order/orderdetail/dmVSUnFiaGxwdU9oYjJnZHhEY0cyUT09:8518
[   85226ms] [LOG] Connected @ https://phbidlautdemo.prahu-hub.com/order/orderdetail/dmVSUnFiaGxwdU9oYjJnZHhEY0cyUT09:8518
[   85305ms] [LOG] 200 xhrglobal @ https://phbidlautdemo.prahu-hub.com/order/orderdetail/dmVSUnFiaGxwdU9oYjJnZHhEY0cyUT09:8399
[   85381ms] [LOG] 200 xhrglobal @ https://phbidlautdemo.prahu-hub.com/order/orderdetail/dmVSUnFiaGxwdU9oYjJnZHhEY0cyUT09:8399
[   85836ms] [LOG] Connected @ https://phbidlautdemo.prahu-hub.com/order/orderdetail/dmVSUnFiaGxwdU9oYjJnZHhEY0cyUT09:8518
[   87091ms] TypeError: $(...).DataTable is not a function
    at https://phbidlautdemo.prahu-hub.com/_resources/themes/prahutheme/js/scripts-init/tables.js:7:23
[   88612ms] Cannot use import statement outside a module
[   88618ms] ReferenceError: Chart is not defined
    at https://phbidlautdemo.prahu-hub.com/_resources/themes/prahutheme/js/scripts-init/charts/chartjs.js:8:13
[   88621ms] Unexpected token '<'
[   88621ms] Unexpected token '<'
[   88703ms] [LOG] Daftar Ordernamanya @ https://phbidlautdemo.prahu-hub.com/order/orderdetail/ZWFjMCs1amZHTURpT2s5V3ltQWxMZz09:1877
[   88719ms] [LOG] undefined @ https://phbidlautdemo.prahu-hub.com/order/orderdetail/ZWFjMCs1amZHTURpT2s5V3ltQWxMZz09:8402
[   88719ms] [LOG] undefined @ https://phbidlautdemo.prahu-hub.com/order/orderdetail/ZWFjMCs1amZHTURpT2s5V3ltQWxMZz09:8402
[   88719ms] [LOG] undefined @ https://phbidlautdemo.prahu-hub.com/order/orderdetail/ZWFjMCs1amZHTURpT2s5V3ltQWxMZz09:8402
[   88719ms] [LOG] undefined @ https://phbidlautdemo.prahu-hub.com/order/orderdetail/ZWFjMCs1amZHTURpT2s5V3ltQWxMZz09:8402
[   88720ms] [LOG] WebSocket connection @ https://phbidlautdemo.prahu-hub.com/order/orderdetail/ZWFjMCs1amZHTURpT2s5V3ltQWxMZz09:8445
[   88720ms] [LOG] WebSocket connection attempting... @ https://phbidlautdemo.prahu-hub.com/order/orderdetail/ZWFjMCs1amZHTURpT2s5V3ltQWxMZz09:8523
[   88829ms] [LOG] WebSocket connected @ https://phbidlautdemo.prahu-hub.com/order/orderdetail/ZWFjMCs1amZHTURpT2s5V3ltQWxMZz09:8454
[   88831ms] [LOG] update_dashboard_order_laut @ https://phbidlautdemo.prahu-hub.com/order/orderdetail/ZWFjMCs1amZHTURpT2s5V3ltQWxMZz09:8495
[   88856ms] [LOG] Connected @ https://phbidlautdemo.prahu-hub.com/order/orderdetail/ZWFjMCs1amZHTURpT2s5V3ltQWxMZz09:8495
[   89056ms] [LOG] 200 xhrglobal @ https://phbidlautdemo.prahu-hub.com/order/orderdetail/ZWFjMCs1amZHTURpT2s5V3ltQWxMZz09:8376
[   89117ms] [LOG] 200 xhrglobal @ https://phbidlautdemo.prahu-hub.com/order/orderdetail/ZWFjMCs1amZHTURpT2s5V3ltQWxMZz09:8376
[   90706ms] TypeError: $(...).DataTable is not a function
    at https://phbidlautdemo.prahu-hub.com/_resources/themes/prahutheme/js/scripts-init/tables.js:7:23
[   92057ms] Cannot use import statement outside a module
[   92070ms] ReferenceError: Chart is not defined
    at https://phbidlautdemo.prahu-hub.com/_resources/themes/prahutheme/js/scripts-init/charts/chartjs.js:8:13
[   92070ms] Unexpected token '<'
[   92143ms] Unexpected token '<'
[   92258ms] [LOG] Daftar Ordernamanya @ https://phbidlautdemo.prahu-hub.com/order/orderdetail/bkpnSEZpTnVhQ1p6aDNYOEpYS0krUT09:1877
[   92272ms] [LOG] undefined @ https://phbidlautdemo.prahu-hub.com/order/orderdetail/bkpnSEZpTnVhQ1p6aDNYOEpYS0krUT09:8417
[   92272ms] [LOG] undefined @ https://phbidlautdemo.prahu-hub.com/order/orderdetail/bkpnSEZpTnVhQ1p6aDNYOEpYS0krUT09:8417
[   92272ms] [LOG] undefined @ https://phbidlautdemo.prahu-hub.com/order/orderdetail/bkpnSEZpTnVhQ1p6aDNYOEpYS0krUT09:8417
[   92272ms] [LOG] undefined @ https://phbidlautdemo.prahu-hub.com/order/orderdetail/bkpnSEZpTnVhQ1p6aDNYOEpYS0krUT09:8417
[   92273ms] [LOG] WebSocket connection @ https://phbidlautdemo.prahu-hub.com/order/orderdetail/bkpnSEZpTnVhQ1p6aDNYOEpYS0krUT09:8460
[   92273ms] [LOG] WebSocket connection attempting... @ https://phbidlautdemo.prahu-hub.com/order/orderdetail/bkpnSEZpTnVhQ1p6aDNYOEpYS0krUT09:8538
[   92391ms] [LOG] WebSocket connected @ https://phbidlautdemo.prahu-hub.com/order/orderdetail/bkpnSEZpTnVhQ1p6aDNYOEpYS0krUT09:8469
[   92393ms] [LOG] update_dashboard_order_laut @ https://phbidlautdemo.prahu-hub.com/order/orderdetail/bkpnSEZpTnVhQ1p6aDNYOEpYS0krUT09:8510
[   92421ms] [LOG] Connected @ https://phbidlautdemo.prahu-hub.com/order/orderdetail/bkpnSEZpTnVhQ1p6aDNYOEpYS0krUT09:8510
[   92498ms] [LOG] 200 xhrglobal @ https://phbidlautdemo.prahu-hub.com/order/orderdetail/bkpnSEZpTnVhQ1p6aDNYOEpYS0krUT09:8391
[   92550ms] [LOG] 200 xhrglobal @ https://phbidlautdemo.prahu-hub.com/order/orderdetail/bkpnSEZpTnVhQ1p6aDNYOEpYS0krUT09:8391
[   94263ms] TypeError: $(...).DataTable is not a function
    at https://phbidlautdemo.prahu-hub.com/_resources/themes/prahutheme/js/scripts-init/tables.js:7:23
[   95478ms] Cannot use import statement outside a module
[   95482ms] ReferenceError: Chart is not defined
    at https://phbidlautdemo.prahu-hub.com/_resources/themes/prahutheme/js/scripts-init/charts/chartjs.js:8:13
[   95730ms] Unexpected token '<'
[   95731ms] Unexpected token '<'
[   95821ms] [LOG] Daftar Ordernamanya @ https://phbidlautdemo.prahu-hub.com/order/orderdetail/NkZkZjRwa0wxMDdsdGRIZkdhczU2dz09:1877
[   95833ms] [LOG] undefined @ https://phbidlautdemo.prahu-hub.com/order/orderdetail/NkZkZjRwa0wxMDdsdGRIZkdhczU2dz09:8120
[   95833ms] [LOG] undefined @ https://phbidlautdemo.prahu-hub.com/order/orderdetail/NkZkZjRwa0wxMDdsdGRIZkdhczU2dz09:8120
[   95833ms] [LOG] undefined @ https://phbidlautdemo.prahu-hub.com/order/orderdetail/NkZkZjRwa0wxMDdsdGRIZkdhczU2dz09:8120
[   95833ms] [LOG] undefined @ https://phbidlautdemo.prahu-hub.com/order/orderdetail/NkZkZjRwa0wxMDdsdGRIZkdhczU2dz09:8120
[   95834ms] [LOG] WebSocket connection @ https://phbidlautdemo.prahu-hub.com/order/orderdetail/NkZkZjRwa0wxMDdsdGRIZkdhczU2dz09:8163
[   95835ms] [LOG] WebSocket connection attempting... @ https://phbidlautdemo.prahu-hub.com/order/orderdetail/NkZkZjRwa0wxMDdsdGRIZkdhczU2dz09:8241
[   95945ms] [LOG] WebSocket connected @ https://phbidlautdemo.prahu-hub.com/order/orderdetail/NkZkZjRwa0wxMDdsdGRIZkdhczU2dz09:8172
[   95951ms] [LOG] update_dashboard_order_laut @ https://phbidlautdemo.prahu-hub.com/order/orderdetail/NkZkZjRwa0wxMDdsdGRIZkdhczU2dz09:8213
[   95973ms] [LOG] Connected @ https://phbidlautdemo.prahu-hub.com/order/orderdetail/NkZkZjRwa0wxMDdsdGRIZkdhczU2dz09:8213
[   96051ms] [LOG] 200 xhrglobal @ https://phbidlautdemo.prahu-hub.com/order/orderdetail/NkZkZjRwa0wxMDdsdGRIZkdhczU2dz09:8094
[   96105ms] [LOG] 200 xhrglobal @ https://phbidlautdemo.prahu-hub.com/order/orderdetail/NkZkZjRwa0wxMDdsdGRIZkdhczU2dz09:8094
[   97824ms] TypeError: $(...).DataTable is not a function
    at https://phbidlautdemo.prahu-hub.com/_resources/themes/prahutheme/js/scripts-init/tables.js:7:23
[   99007ms] Cannot use import statement outside a module
[   99021ms] ReferenceError: Chart is not defined
    at https://phbidlautdemo.prahu-hub.com/_resources/themes/prahutheme/js/scripts-init/charts/chartjs.js:8:13
[   99237ms] Unexpected token '<'
[   99238ms] Unexpected token '<'
[   99348ms] [LOG] Daftar Ordernamanya @ https://phbidlautdemo.prahu-hub.com/order/orderdetail/RE92b0NsejJadUpvWTArZ2FhN0w2QT09:1877
[   99360ms] [LOG] undefined @ https://phbidlautdemo.prahu-hub.com/order/orderdetail/RE92b0NsejJadUpvWTArZ2FhN0w2QT09:8158
[   99360ms] [LOG] undefined @ https://phbidlautdemo.prahu-hub.com/order/orderdetail/RE92b0NsejJadUpvWTArZ2FhN0w2QT09:8158
[   99360ms] [LOG] undefined @ https://phbidlautdemo.prahu-hub.com/order/orderdetail/RE92b0NsejJadUpvWTArZ2FhN0w2QT09:8158
[   99360ms] [LOG] undefined @ https://phbidlautdemo.prahu-hub.com/order/orderdetail/RE92b0NsejJadUpvWTArZ2FhN0w2QT09:8158
[   99361ms] [LOG] WebSocket connection @ https://phbidlautdemo.prahu-hub.com/order/orderdetail/RE92b0NsejJadUpvWTArZ2FhN0w2QT09:8201
[   99361ms] [LOG] WebSocket connection attempting... @ https://phbidlautdemo.prahu-hub.com/order/orderdetail/RE92b0NsejJadUpvWTArZ2FhN0w2QT09:8279
[   99488ms] [LOG] WebSocket connected @ https://phbidlautdemo.prahu-hub.com/order/orderdetail/RE92b0NsejJadUpvWTArZ2FhN0w2QT09:8210
[   99494ms] [LOG] update_dashboard_order_laut @ https://phbidlautdemo.prahu-hub.com/order/orderdetail/RE92b0NsejJadUpvWTArZ2FhN0w2QT09:8251
[   99537ms] [LOG] Connected @ https://phbidlautdemo.prahu-hub.com/order/orderdetail/RE92b0NsejJadUpvWTArZ2FhN0w2QT09:8251
[   99615ms] [LOG] 200 xhrglobal @ https://phbidlautdemo.prahu-hub.com/order/orderdetail/RE92b0NsejJadUpvWTArZ2FhN0w2QT09:8132
[   99671ms] [LOG] 200 xhrglobal @ https://phbidlautdemo.prahu-hub.com/order/orderdetail/RE92b0NsejJadUpvWTArZ2FhN0w2QT09:8132
[  101351ms] TypeError: $(...).DataTable is not a function
    at https://phbidlautdemo.prahu-hub.com/_resources/themes/prahutheme/js/scripts-init/tables.js:7:23
[  102786ms] Cannot use import statement outside a module
[  102800ms] ReferenceError: Chart is not defined
    at https://phbidlautdemo.prahu-hub.com/_resources/themes/prahutheme/js/scripts-init/charts/chartjs.js:8:13
[  102800ms] Unexpected token '<'
[  102900ms] Unexpected token '<'
[  103039ms] [LOG] Daftar Ordernamanya @ https://phbidlautdemo.prahu-hub.com/order/orderdetail/R1pCUEhFZmkxb0toRVk3MEJTbnJWUT09:1877
[  103054ms] [LOG] undefined @ https://phbidlautdemo.prahu-hub.com/order/orderdetail/R1pCUEhFZmkxb0toRVk3MEJTbnJWUT09:8120
[  103054ms] [LOG] undefined @ https://phbidlautdemo.prahu-hub.com/order/orderdetail/R1pCUEhFZmkxb0toRVk3MEJTbnJWUT09:8120
[  103054ms] [LOG] undefined @ https://phbidlautdemo.prahu-hub.com/order/orderdetail/R1pCUEhFZmkxb0toRVk3MEJTbnJWUT09:8120
[  103054ms] [LOG] undefined @ https://phbidlautdemo.prahu-hub.com/order/orderdetail/R1pCUEhFZmkxb0toRVk3MEJTbnJWUT09:8120
[  103055ms] [LOG] WebSocket connection @ https://phbidlautdemo.prahu-hub.com/order/orderdetail/R1pCUEhFZmkxb0toRVk3MEJTbnJWUT09:8163
[  103055ms] [LOG] WebSocket connection attempting... @ https://phbidlautdemo.prahu-hub.com/order/orderdetail/R1pCUEhFZmkxb0toRVk3MEJTbnJWUT09:8241
[  103148ms] [LOG] WebSocket connected @ https://phbidlautdemo.prahu-hub.com/order/orderdetail/R1pCUEhFZmkxb0toRVk3MEJTbnJWUT09:8172
[  103151ms] [LOG] update_dashboard_order_laut @ https://phbidlautdemo.prahu-hub.com/order/orderdetail/R1pCUEhFZmkxb0toRVk3MEJTbnJWUT09:8213
[  103176ms] [LOG] Connected @ https://phbidlautdemo.prahu-hub.com/order/orderdetail/R1pCUEhFZmkxb0toRVk3MEJTbnJWUT09:8213
[  103253ms] [LOG] 200 xhrglobal @ https://phbidlautdemo.prahu-hub.com/order/orderdetail/R1pCUEhFZmkxb0toRVk3MEJTbnJWUT09:8094
[  103304ms] [LOG] 200 xhrglobal @ https://phbidlautdemo.prahu-hub.com/order/orderdetail/R1pCUEhFZmkxb0toRVk3MEJTbnJWUT09:8094
[  105040ms] TypeError: $(...).DataTable is not a function
    at https://phbidlautdemo.prahu-hub.com/_resources/themes/prahutheme/js/scripts-init/tables.js:7:23
[  106898ms] Cannot use import statement outside a module
[  106916ms] ReferenceError: Chart is not defined
    at https://phbidlautdemo.prahu-hub.com/_resources/themes/prahutheme/js/scripts-init/charts/chartjs.js:8:13
[  107007ms] Unexpected token '<'
[  107123ms] Unexpected token '<'
[  107202ms] [LOG] Daftar Ordernamanya @ https://phbidlautdemo.prahu-hub.com/order/orderdetail/b2V4ME8rQ1NRZVY1d2ZNMDBCSzhKQT09:1877
[  107214ms] [LOG] undefined @ https://phbidlautdemo.prahu-hub.com/order/orderdetail/b2V4ME8rQ1NRZVY1d2ZNMDBCSzhKQT09:8120
[  107215ms] [LOG] undefined @ https://phbidlautdemo.prahu-hub.com/order/orderdetail/b2V4ME8rQ1NRZVY1d2ZNMDBCSzhKQT09:8120
[  107215ms] [LOG] undefined @ https://phbidlautdemo.prahu-hub.com/order/orderdetail/b2V4ME8rQ1NRZVY1d2ZNMDBCSzhKQT09:8120
[  107215ms] [LOG] undefined @ https://phbidlautdemo.prahu-hub.com/order/orderdetail/b2V4ME8rQ1NRZVY1d2ZNMDBCSzhKQT09:8120
[  107215ms] [LOG] WebSocket connection @ https://phbidlautdemo.prahu-hub.com/order/orderdetail/b2V4ME8rQ1NRZVY1d2ZNMDBCSzhKQT09:8163
[  107216ms] [LOG] WebSocket connection attempting... @ https://phbidlautdemo.prahu-hub.com/order/orderdetail/b2V4ME8rQ1NRZVY1d2ZNMDBCSzhKQT09:8241
[  107329ms] [LOG] WebSocket connected @ https://phbidlautdemo.prahu-hub.com/order/orderdetail/b2V4ME8rQ1NRZVY1d2ZNMDBCSzhKQT09:8172
[  107332ms] [LOG] update_dashboard_order_laut @ https://phbidlautdemo.prahu-hub.com/order/orderdetail/b2V4ME8rQ1NRZVY1d2ZNMDBCSzhKQT09:8213
[  107357ms] [LOG] Connected @ https://phbidlautdemo.prahu-hub.com/order/orderdetail/b2V4ME8rQ1NRZVY1d2ZNMDBCSzhKQT09:8213
[  107463ms] [LOG] 200 xhrglobal @ https://phbidlautdemo.prahu-hub.com/order/orderdetail/b2V4ME8rQ1NRZVY1d2ZNMDBCSzhKQT09:8094
[  107536ms] [LOG] 200 xhrglobal @ https://phbidlautdemo.prahu-hub.com/order/orderdetail/b2V4ME8rQ1NRZVY1d2ZNMDBCSzhKQT09:8094
[  109208ms] TypeError: $(...).DataTable is not a function
    at https://phbidlautdemo.prahu-hub.com/_resources/themes/prahutheme/js/scripts-init/tables.js:7:23
[  110534ms] Cannot use import statement outside a module
[  110551ms] ReferenceError: Chart is not defined
    at https://phbidlautdemo.prahu-hub.com/_resources/themes/prahutheme/js/scripts-init/charts/chartjs.js:8:13
[  110626ms] Unexpected token '<'
[  110743ms] Unexpected token '<'
[  110862ms] [LOG] Daftar Ordernamanya @ https://phbidlautdemo.prahu-hub.com/order/orderdetail/djlRUVp6YUU3Qm9FUFhKdFc0eEhpdz09:1877
[  110875ms] [LOG] undefined @ https://phbidlautdemo.prahu-hub.com/order/orderdetail/djlRUVp6YUU3Qm9FUFhKdFc0eEhpdz09:8120
[  110875ms] [LOG] undefined @ https://phbidlautdemo.prahu-hub.com/order/orderdetail/djlRUVp6YUU3Qm9FUFhKdFc0eEhpdz09:8120
[  110876ms] [LOG] undefined @ https://phbidlautdemo.prahu-hub.com/order/orderdetail/djlRUVp6YUU3Qm9FUFhKdFc0eEhpdz09:8120
[  110876ms] [LOG] undefined @ https://phbidlautdemo.prahu-hub.com/order/orderdetail/djlRUVp6YUU3Qm9FUFhKdFc0eEhpdz09:8120
[  110876ms] [LOG] WebSocket connection @ https://phbidlautdemo.prahu-hub.com/order/orderdetail/djlRUVp6YUU3Qm9FUFhKdFc0eEhpdz09:8163
[  110877ms] [LOG] WebSocket connection attempting... @ https://phbidlautdemo.prahu-hub.com/order/orderdetail/djlRUVp6YUU3Qm9FUFhKdFc0eEhpdz09:8241
[  110976ms] [LOG] WebSocket connected @ https://phbidlautdemo.prahu-hub.com/order/orderdetail/djlRUVp6YUU3Qm9FUFhKdFc0eEhpdz09:8172
[  110979ms] [LOG] update_dashboard_order_laut @ https://phbidlautdemo.prahu-hub.com/order/orderdetail/djlRUVp6YUU3Qm9FUFhKdFc0eEhpdz09:8213
[  111003ms] [LOG] Connected @ https://phbidlautdemo.prahu-hub.com/order/orderdetail/djlRUVp6YUU3Qm9FUFhKdFc0eEhpdz09:8213
[  111082ms] [LOG] 200 xhrglobal @ https://phbidlautdemo.prahu-hub.com/order/orderdetail/djlRUVp6YUU3Qm9FUFhKdFc0eEhpdz09:8094
[  111202ms] [LOG] 200 xhrglobal @ https://phbidlautdemo.prahu-hub.com/order/orderdetail/djlRUVp6YUU3Qm9FUFhKdFc0eEhpdz09:8094
[  112867ms] TypeError: $(...).DataTable is not a function
    at https://phbidlautdemo.prahu-hub.com/_resources/themes/prahutheme/js/scripts-init/tables.js:7:23
[  114180ms] Cannot use import statement outside a module
[  114184ms] ReferenceError: Chart is not defined
    at https://phbidlautdemo.prahu-hub.com/_resources/themes/prahutheme/js/scripts-init/charts/chartjs.js:8:13
[  114423ms] Unexpected token '<'
[  114424ms] Unexpected token '<'
[  114488ms] [LOG] Daftar Ordernamanya @ https://phbidlautdemo.prahu-hub.com/order/orderdetail/RU5JcnhCZE54TlhrTEswZEQyU0FEdz09:1877
[  114500ms] [LOG] undefined @ https://phbidlautdemo.prahu-hub.com/order/orderdetail/RU5JcnhCZE54TlhrTEswZEQyU0FEdz09:8234
[  114500ms] [LOG] undefined @ https://phbidlautdemo.prahu-hub.com/order/orderdetail/RU5JcnhCZE54TlhrTEswZEQyU0FEdz09:8234
[  114500ms] [LOG] undefined @ https://phbidlautdemo.prahu-hub.com/order/orderdetail/RU5JcnhCZE54TlhrTEswZEQyU0FEdz09:8234
[  114500ms] [LOG] undefined @ https://phbidlautdemo.prahu-hub.com/order/orderdetail/RU5JcnhCZE54TlhrTEswZEQyU0FEdz09:8234
[  114501ms] [LOG] WebSocket connection @ https://phbidlautdemo.prahu-hub.com/order/orderdetail/RU5JcnhCZE54TlhrTEswZEQyU0FEdz09:8277
[  114501ms] [LOG] WebSocket connection attempting... @ https://phbidlautdemo.prahu-hub.com/order/orderdetail/RU5JcnhCZE54TlhrTEswZEQyU0FEdz09:8355
[  114615ms] [LOG] WebSocket connected @ https://phbidlautdemo.prahu-hub.com/order/orderdetail/RU5JcnhCZE54TlhrTEswZEQyU0FEdz09:8286
[  114627ms] [LOG] update_dashboard_order_laut @ https://phbidlautdemo.prahu-hub.com/order/orderdetail/RU5JcnhCZE54TlhrTEswZEQyU0FEdz09:8327
[  114647ms] [LOG] Connected @ https://phbidlautdemo.prahu-hub.com/order/orderdetail/RU5JcnhCZE54TlhrTEswZEQyU0FEdz09:8327
[  114729ms] [LOG] 200 xhrglobal @ https://phbidlautdemo.prahu-hub.com/order/orderdetail/RU5JcnhCZE54TlhrTEswZEQyU0FEdz09:8208
[  114778ms] [LOG] 200 xhrglobal @ https://phbidlautdemo.prahu-hub.com/order/orderdetail/RU5JcnhCZE54TlhrTEswZEQyU0FEdz09:8208
[  115349ms] [LOG] Connected @ https://phbidlautdemo.prahu-hub.com/order/orderdetail/RU5JcnhCZE54TlhrTEswZEQyU0FEdz09:8327
[  116489ms] TypeError: $(...).DataTable is not a function
    at https://phbidlautdemo.prahu-hub.com/_resources/themes/prahutheme/js/scripts-init/tables.js:7:23
[  117985ms] Cannot use import statement outside a module
[  118000ms] ReferenceError: Chart is not defined
    at https://phbidlautdemo.prahu-hub.com/_resources/themes/prahutheme/js/scripts-init/charts/chartjs.js:8:13
[  118075ms] Unexpected token '<'
[  118078ms] Unexpected token '<'
[  118176ms] [LOG] Daftar Ordernamanya @ https://phbidlautdemo.prahu-hub.com/order/orderdetail/dUkwK0ZZNEI4OVNoaktnQjZxSFA3QT09:1877
[  118190ms] [LOG] undefined @ https://phbidlautdemo.prahu-hub.com/order/orderdetail/dUkwK0ZZNEI4OVNoaktnQjZxSFA3QT09:8823
[  118190ms] [LOG] undefined @ https://phbidlautdemo.prahu-hub.com/order/orderdetail/dUkwK0ZZNEI4OVNoaktnQjZxSFA3QT09:8823
[  118190ms] [LOG] undefined @ https://phbidlautdemo.prahu-hub.com/order/orderdetail/dUkwK0ZZNEI4OVNoaktnQjZxSFA3QT09:8823
[  118190ms] [LOG] undefined @ https://phbidlautdemo.prahu-hub.com/order/orderdetail/dUkwK0ZZNEI4OVNoaktnQjZxSFA3QT09:8823
[  118191ms] [LOG] WebSocket connection @ https://phbidlautdemo.prahu-hub.com/order/orderdetail/dUkwK0ZZNEI4OVNoaktnQjZxSFA3QT09:8866
[  118191ms] [LOG] WebSocket connection attempting... @ https://phbidlautdemo.prahu-hub.com/order/orderdetail/dUkwK0ZZNEI4OVNoaktnQjZxSFA3QT09:8944
[  118288ms] [LOG] WebSocket connected @ https://phbidlautdemo.prahu-hub.com/order/orderdetail/dUkwK0ZZNEI4OVNoaktnQjZxSFA3QT09:8875
[  118290ms] [LOG] update_dashboard_order_laut @ https://phbidlautdemo.prahu-hub.com/order/orderdetail/dUkwK0ZZNEI4OVNoaktnQjZxSFA3QT09:8916
[  118316ms] [LOG] Connected @ https://phbidlautdemo.prahu-hub.com/order/orderdetail/dUkwK0ZZNEI4OVNoaktnQjZxSFA3QT09:8916
[  118384ms] [LOG] 200 xhrglobal @ https://phbidlautdemo.prahu-hub.com/order/orderdetail/dUkwK0ZZNEI4OVNoaktnQjZxSFA3QT09:8797
[  118439ms] [LOG] 200 xhrglobal @ https://phbidlautdemo.prahu-hub.com/order/orderdetail/dUkwK0ZZNEI4OVNoaktnQjZxSFA3QT09:8797
[  120190ms] TypeError: $(...).DataTable is not a function
    at https://phbidlautdemo.prahu-hub.com/_resources/themes/prahutheme/js/scripts-init/tables.js:7:23
[  121436ms] Cannot use import statement outside a module
[  121440ms] ReferenceError: Chart is not defined
    at https://phbidlautdemo.prahu-hub.com/_resources/themes/prahutheme/js/scripts-init/charts/chartjs.js:8:13
[  121540ms] Unexpected token '<'
[  121672ms] Unexpected token '<'
[  121774ms] [LOG] Daftar Ordernamanya @ https://phbidlautdemo.prahu-hub.com/order/orderdetail/eEw1RzF5cXQ3dSs0ZGg5Vk1kdThsUT09:1877
[  121789ms] [LOG] undefined @ https://phbidlautdemo.prahu-hub.com/order/orderdetail/eEw1RzF5cXQ3dSs0ZGg5Vk1kdThsUT09:8111
[  121789ms] [LOG] undefined @ https://phbidlautdemo.prahu-hub.com/order/orderdetail/eEw1RzF5cXQ3dSs0ZGg5Vk1kdThsUT09:8111
[  121789ms] [LOG] undefined @ https://phbidlautdemo.prahu-hub.com/order/orderdetail/eEw1RzF5cXQ3dSs0ZGg5Vk1kdThsUT09:8111
[  121789ms] [LOG] undefined @ https://phbidlautdemo.prahu-hub.com/order/orderdetail/eEw1RzF5cXQ3dSs0ZGg5Vk1kdThsUT09:8111
[  121790ms] [LOG] WebSocket connection @ https://phbidlautdemo.prahu-hub.com/order/orderdetail/eEw1RzF5cXQ3dSs0ZGg5Vk1kdThsUT09:8154
[  121790ms] [LOG] WebSocket connection attempting... @ https://phbidlautdemo.prahu-hub.com/order/orderdetail/eEw1RzF5cXQ3dSs0ZGg5Vk1kdThsUT09:8232
[  121892ms] [LOG] WebSocket connected @ https://phbidlautdemo.prahu-hub.com/order/orderdetail/eEw1RzF5cXQ3dSs0ZGg5Vk1kdThsUT09:8163
[  121901ms] [LOG] update_dashboard_order_laut @ https://phbidlautdemo.prahu-hub.com/order/orderdetail/eEw1RzF5cXQ3dSs0ZGg5Vk1kdThsUT09:8204
[  121921ms] [LOG] Connected @ https://phbidlautdemo.prahu-hub.com/order/orderdetail/eEw1RzF5cXQ3dSs0ZGg5Vk1kdThsUT09:8204
[  122008ms] [LOG] 200 xhrglobal @ https://phbidlautdemo.prahu-hub.com/order/orderdetail/eEw1RzF5cXQ3dSs0ZGg5Vk1kdThsUT09:8085
[  122058ms] [LOG] 200 xhrglobal @ https://phbidlautdemo.prahu-hub.com/order/orderdetail/eEw1RzF5cXQ3dSs0ZGg5Vk1kdThsUT09:8085
[  123781ms] TypeError: $(...).DataTable is not a function
    at https://phbidlautdemo.prahu-hub.com/_resources/themes/prahutheme/js/scripts-init/tables.js:7:23
[  125266ms] Unexpected token '<'
[  125299ms] Cannot use import statement outside a module
[  125319ms] ReferenceError: Chart is not defined
    at https://phbidlautdemo.prahu-hub.com/_resources/themes/prahutheme/js/scripts-init/charts/chartjs.js:8:13
[  125320ms] Unexpected token '<'
[  125323ms] Unexpected token '<'
[  125359ms] Uncaught TypeError: expect element to be DOM Element, but got null
    at n.init (https://cdnjs.cloudflare.com/ajax/libs/smooth-scrollbar/8.5.2/smooth-scrollbar.js:24:264)
    at <anonymous> (https://phbidlautdemo.prahu-hub.com/lelang/detaillistLelang/1089:6138:14)
[  125410ms] [LOG] Pengajuan Lelangnamanya @ https://phbidlautdemo.prahu-hub.com/lelang/detaillistLelang/1089:1877
[  125417ms] [LOG] undefined @ https://phbidlautdemo.prahu-hub.com/lelang/detaillistLelang/1089:6491
[  125417ms] [LOG] undefined @ https://phbidlautdemo.prahu-hub.com/lelang/detaillistLelang/1089:6491
[  125418ms] [LOG] WebSocket connection @ https://phbidlautdemo.prahu-hub.com/lelang/detaillistLelang/1089:6534
[  125418ms] [LOG] WebSocket connection attempting... @ https://phbidlautdemo.prahu-hub.com/lelang/detaillistLelang/1089:6612
[  125443ms] [TABLE] {UI version: 8.4.1, Core version: 8.4.0, Build: NC8xMi8yMDIyfDRkZTU3MmExYg==, WebViewer Server: false, Full API: false} @ https://phbidlautdemo.prahu-hub.com/_resources/themes/prahutheme/javascript/PDFView/lib/ui/webviewer-ui.min.js:270
[  125540ms] [VERBOSE] [DOM] Password forms should have (optionally hidden) username fields for accessibility: (More info: https://goo.gl/9p2vKq) %o @ https://phbidlautdemo.prahu-hub.com/_resources/themes/prahutheme/javascript/PDFView/lib/ui/index.html#d=%2Fassets%2Fdokumenaanwijzing%2F65%2FAanwijzing-PT.-Primax-Geo-Sejahtera.pdf&a=1&disabledElements=downloadButton%2CprintButton%2ClanguageButton&filepicker=0&pdfnet=0&enableRedaction=0&enableMeasurement=0&pageHistory=1&notesInLeftPanel=0&singleServerMode=false&selectAnnotationOnCreation=0&autoFocusNoteOnAnnotationSelection=1&id=1&basePath=%2Flelang%2FdetaillistLelang%2F1089:0
[  125612ms] [LOG] WebSocket connected @ https://phbidlautdemo.prahu-hub.com/lelang/detaillistLelang/1089:6543
[  125650ms] [LOG] update_dashboard_order_laut @ https://phbidlautdemo.prahu-hub.com/lelang/detaillistLelang/1089:6584
[  125652ms] [LOG] Connected @ https://phbidlautdemo.prahu-hub.com/lelang/detaillistLelang/1089:6584
[  125721ms] [LOG] 200 xhrglobal @ https://phbidlautdemo.prahu-hub.com/lelang/detaillistLelang/1089:6465
[  125766ms] [LOG] 200 xhrglobal @ https://phbidlautdemo.prahu-hub.com/lelang/detaillistLelang/1089:6465
[  127421ms] TypeError: $(...).DataTable is not a function
    at https://phbidlautdemo.prahu-hub.com/_resources/themes/prahutheme/js/scripts-init/tables.js:7:23
[  128794ms] Unexpected token '<'
[  128797ms] Cannot use import statement outside a module
[  128802ms] ReferenceError: Chart is not defined
    at https://phbidlautdemo.prahu-hub.com/_resources/themes/prahutheme/js/scripts-init/charts/chartjs.js:8:13
[  128909ms] Unexpected token '<'
[  129033ms] Unexpected token '<'
[  129158ms] Uncaught TypeError: expect element to be DOM Element, but got null
    at n.init (https://cdnjs.cloudflare.com/ajax/libs/smooth-scrollbar/8.5.2/smooth-scrollbar.js:24:264)
    at <anonymous> (https://phbidlautdemo.prahu-hub.com/lelang/detaillistLelang/1084:6140:14)
[  129205ms] [LOG] Pengajuan Lelangnamanya @ https://phbidlautdemo.prahu-hub.com/lelang/detaillistLelang/1084:1877
[  129209ms] [LOG] undefined @ https://phbidlautdemo.prahu-hub.com/lelang/detaillistLelang/1084:6493
[  129209ms] [LOG] undefined @ https://phbidlautdemo.prahu-hub.com/lelang/detaillistLelang/1084:6493
[  129210ms] [LOG] WebSocket connection @ https://phbidlautdemo.prahu-hub.com/lelang/detaillistLelang/1084:6536
[  129210ms] [LOG] WebSocket connection attempting... @ https://phbidlautdemo.prahu-hub.com/lelang/detaillistLelang/1084:6614
[  129235ms] [TABLE] {UI version: 8.4.1, Core version: 8.4.0, Build: NC8xMi8yMDIyfDRkZTU3MmExYg==, WebViewer Server: false, Full API: false} @ https://phbidlautdemo.prahu-hub.com/_resources/themes/prahutheme/javascript/PDFView/lib/ui/webviewer-ui.min.js:270
[  129335ms] [VERBOSE] [DOM] Password forms should have (optionally hidden) username fields for accessibility: (More info: https://goo.gl/9p2vKq) %o @ https://phbidlautdemo.prahu-hub.com/_resources/themes/prahutheme/javascript/PDFView/lib/ui/index.html#d=%2Fassets%2Fdokumenaanwijzing%2F65%2FAanwijzing-PT.-Primax-Geo-Sejahtera.pdf&a=1&disabledElements=downloadButton%2CprintButton%2ClanguageButton&filepicker=0&pdfnet=0&enableRedaction=0&enableMeasurement=0&pageHistory=1&notesInLeftPanel=0&singleServerMode=false&selectAnnotationOnCreation=0&autoFocusNoteOnAnnotationSelection=1&id=1&basePath=%2Flelang%2FdetaillistLelang%2F1084:0
[  129401ms] [LOG] WebSocket connected @ https://phbidlautdemo.prahu-hub.com/lelang/detaillistLelang/1084:6545
[  129429ms] [LOG] update_dashboard_order_laut @ https://phbidlautdemo.prahu-hub.com/lelang/detaillistLelang/1084:6586
[  129431ms] [LOG] Connected @ https://phbidlautdemo.prahu-hub.com/lelang/detaillistLelang/1084:6586
[  129515ms] [LOG] 200 xhrglobal @ https://phbidlautdemo.prahu-hub.com/lelang/detaillistLelang/1084:6467
[  129560ms] [LOG] 200 xhrglobal @ https://phbidlautdemo.prahu-hub.com/lelang/detaillistLelang/1084:6467
[  130028ms] [LOG] document loaded @ https://phbidlautdemo.prahu-hub.com/lelang/detaillistLelang/1084:5714
[  131218ms] TypeError: $(...).DataTable is not a function
    at https://phbidlautdemo.prahu-hub.com/_resources/themes/prahutheme/js/scripts-init/tables.js:7:23
[  132340ms] Unexpected token '<'
[  132356ms] Cannot use import statement outside a module
[  132377ms] ReferenceError: Chart is not defined
    at https://phbidlautdemo.prahu-hub.com/_resources/themes/prahutheme/js/scripts-init/charts/chartjs.js:8:13
[  132557ms] Unexpected token '<'
[  132558ms] Unexpected token '<'
[  132627ms] Uncaught TypeError: expect element to be DOM Element, but got null
    at n.init (https://cdnjs.cloudflare.com/ajax/libs/smooth-scrollbar/8.5.2/smooth-scrollbar.js:24:264)
    at <anonymous> (https://phbidlautdemo.prahu-hub.com/lelang/detaillistLelang/1083:6140:14)
[  132674ms] [LOG] Pengajuan Lelangnamanya @ https://phbidlautdemo.prahu-hub.com/lelang/detaillistLelang/1083:1877
[  132679ms] [LOG] undefined @ https://phbidlautdemo.prahu-hub.com/lelang/detaillistLelang/1083:6493
[  132679ms] [LOG] undefined @ https://phbidlautdemo.prahu-hub.com/lelang/detaillistLelang/1083:6493
[  132679ms] [LOG] WebSocket connection @ https://phbidlautdemo.prahu-hub.com/lelang/detaillistLelang/1083:6536
[  132680ms] [LOG] WebSocket connection attempting... @ https://phbidlautdemo.prahu-hub.com/lelang/detaillistLelang/1083:6614
[  132723ms] [TABLE] {UI version: 8.4.1, Core version: 8.4.0, Build: NC8xMi8yMDIyfDRkZTU3MmExYg==, WebViewer Server: false, Full API: false} @ https://phbidlautdemo.prahu-hub.com/_resources/themes/prahutheme/javascript/PDFView/lib/ui/webviewer-ui.min.js:270
[  132815ms] [VERBOSE] [DOM] Password forms should have (optionally hidden) username fields for accessibility: (More info: https://goo.gl/9p2vKq) %o @ https://phbidlautdemo.prahu-hub.com/_resources/themes/prahutheme/javascript/PDFView/lib/ui/index.html#d=%2Fassets%2Fdokumenaanwijzing%2F65%2FAanwijzing-PT.-Primax-Geo-Sejahtera.pdf&a=1&disabledElements=downloadButton%2CprintButton%2ClanguageButton&filepicker=0&pdfnet=0&enableRedaction=0&enableMeasurement=0&pageHistory=1&notesInLeftPanel=0&singleServerMode=false&selectAnnotationOnCreation=0&autoFocusNoteOnAnnotationSelection=1&id=1&basePath=%2Flelang%2FdetaillistLelang%2F1083:0
[  132884ms] [LOG] WebSocket connected @ https://phbidlautdemo.prahu-hub.com/lelang/detaillistLelang/1083:6545
[  132919ms] [LOG] update_dashboard_order_laut @ https://phbidlautdemo.prahu-hub.com/lelang/detaillistLelang/1083:6586
[  132921ms] [LOG] Connected @ https://phbidlautdemo.prahu-hub.com/lelang/detaillistLelang/1083:6586
[  132992ms] [LOG] 200 xhrglobal @ https://phbidlautdemo.prahu-hub.com/lelang/detaillistLelang/1083:6467
[  133038ms] [LOG] 200 xhrglobal @ https://phbidlautdemo.prahu-hub.com/lelang/detaillistLelang/1083:6467
[  133431ms] [LOG] document loaded @ https://phbidlautdemo.prahu-hub.com/lelang/detaillistLelang/1083:5714
[  134685ms] TypeError: $(...).DataTable is not a function
    at https://phbidlautdemo.prahu-hub.com/_resources/themes/prahutheme/js/scripts-init/tables.js:7:23
[  135763ms] Unexpected token '<'
[  135767ms] Cannot use import statement outside a module
[  135771ms] ReferenceError: Chart is not defined
    at https://phbidlautdemo.prahu-hub.com/_resources/themes/prahutheme/js/scripts-init/charts/chartjs.js:8:13
[  135887ms] Unexpected token '<'
[  136003ms] Unexpected token '<'
[  136062ms] Uncaught TypeError: expect element to be DOM Element, but got null
    at n.init (https://cdnjs.cloudflare.com/ajax/libs/smooth-scrollbar/8.5.2/smooth-scrollbar.js:24:264)
    at <anonymous> (https://phbidlautdemo.prahu-hub.com/lelang/detaillistLelang/1079:6140:14)
[  136110ms] [LOG] Pengajuan Lelangnamanya @ https://phbidlautdemo.prahu-hub.com/lelang/detaillistLelang/1079:1877
[  136114ms] [LOG] undefined @ https://phbidlautdemo.prahu-hub.com/lelang/detaillistLelang/1079:6493
[  136114ms] [LOG] undefined @ https://phbidlautdemo.prahu-hub.com/lelang/detaillistLelang/1079:6493
[  136114ms] [LOG] WebSocket connection @ https://phbidlautdemo.prahu-hub.com/lelang/detaillistLelang/1079:6536
[  136115ms] [LOG] WebSocket connection attempting... @ https://phbidlautdemo.prahu-hub.com/lelang/detaillistLelang/1079:6614
[  136137ms] [TABLE] {UI version: 8.4.1, Core version: 8.4.0, Build: NC8xMi8yMDIyfDRkZTU3MmExYg==, WebViewer Server: false, Full API: false} @ https://phbidlautdemo.prahu-hub.com/_resources/themes/prahutheme/javascript/PDFView/lib/ui/webviewer-ui.min.js:270
[  136234ms] [VERBOSE] [DOM] Password forms should have (optionally hidden) username fields for accessibility: (More info: https://goo.gl/9p2vKq) %o @ https://phbidlautdemo.prahu-hub.com/_resources/themes/prahutheme/javascript/PDFView/lib/ui/index.html#d=%2Fassets%2Fdokumenaanwijzing%2F65%2FAanwijzing-PT.-Primax-Geo-Sejahtera.pdf&a=1&disabledElements=downloadButton%2CprintButton%2ClanguageButton&filepicker=0&pdfnet=0&enableRedaction=0&enableMeasurement=0&pageHistory=1&notesInLeftPanel=0&singleServerMode=false&selectAnnotationOnCreation=0&autoFocusNoteOnAnnotationSelection=1&id=1&basePath=%2Flelang%2FdetaillistLelang%2F1079:0
[  136299ms] [LOG] WebSocket connected @ https://phbidlautdemo.prahu-hub.com/lelang/detaillistLelang/1079:6545
[  136334ms] [LOG] update_dashboard_order_laut @ https://phbidlautdemo.prahu-hub.com/lelang/detaillistLelang/1079:6586
[  136337ms] [LOG] Connected @ https://phbidlautdemo.prahu-hub.com/lelang/detaillistLelang/1079:6586
[  136380ms] [LOG] Connected @ https://phbidlautdemo.prahu-hub.com/lelang/detaillistLelang/1079:6586
[  136879ms] [LOG] document loaded @ https://phbidlautdemo.prahu-hub.com/lelang/detaillistLelang/1079:5714
[  136895ms] [LOG] 200 xhrglobal @ https://phbidlautdemo.prahu-hub.com/lelang/detaillistLelang/1079:6467
[  136897ms] [LOG] 200 xhrglobal @ https://phbidlautdemo.prahu-hub.com/lelang/detaillistLelang/1079:6467
[  138127ms] TypeError: $(...).DataTable is not a function
    at https://phbidlautdemo.prahu-hub.com/_resources/themes/prahutheme/js/scripts-init/tables.js:7:23
[  139210ms] Unexpected token '<'
[  139214ms] Cannot use import statement outside a module
[  139218ms] ReferenceError: Chart is not defined
    at https://phbidlautdemo.prahu-hub.com/_resources/themes/prahutheme/js/scripts-init/charts/chartjs.js:8:13
[  139445ms] Unexpected token '<'
[  139446ms] Unexpected token '<'
[  139535ms] Uncaught TypeError: expect element to be DOM Element, but got null
    at n.init (https://cdnjs.cloudflare.com/ajax/libs/smooth-scrollbar/8.5.2/smooth-scrollbar.js:24:264)
    at <anonymous> (https://phbidlautdemo.prahu-hub.com/lelang/detaillistLelang/1078:6140:14)
[  139594ms] [LOG] Pengajuan Lelangnamanya @ https://phbidlautdemo.prahu-hub.com/lelang/detaillistLelang/1078:1877
[  139598ms] [LOG] undefined @ https://phbidlautdemo.prahu-hub.com/lelang/detaillistLelang/1078:6493
[  139598ms] [LOG] undefined @ https://phbidlautdemo.prahu-hub.com/lelang/detaillistLelang/1078:6493
[  139599ms] [LOG] WebSocket connection @ https://phbidlautdemo.prahu-hub.com/lelang/detaillistLelang/1078:6536
[  139599ms] [LOG] WebSocket connection attempting... @ https://phbidlautdemo.prahu-hub.com/lelang/detaillistLelang/1078:6614
[  139629ms] [TABLE] {UI version: 8.4.1, Core version: 8.4.0, Build: NC8xMi8yMDIyfDRkZTU3MmExYg==, WebViewer Server: false, Full API: false} @ https://phbidlautdemo.prahu-hub.com/_resources/themes/prahutheme/javascript/PDFView/lib/ui/webviewer-ui.min.js:270
[  139738ms] [VERBOSE] [DOM] Password forms should have (optionally hidden) username fields for accessibility: (More info: https://goo.gl/9p2vKq) %o @ https://phbidlautdemo.prahu-hub.com/_resources/themes/prahutheme/javascript/PDFView/lib/ui/index.html#d=%2Fassets%2Fdokumenaanwijzing%2F65%2FAanwijzing-PT.-Primax-Geo-Sejahtera.pdf&a=1&disabledElements=downloadButton%2CprintButton%2ClanguageButton&filepicker=0&pdfnet=0&enableRedaction=0&enableMeasurement=0&pageHistory=1&notesInLeftPanel=0&singleServerMode=false&selectAnnotationOnCreation=0&autoFocusNoteOnAnnotationSelection=1&id=1&basePath=%2Flelang%2FdetaillistLelang%2F1078:0
[  139811ms] [LOG] WebSocket connected @ https://phbidlautdemo.prahu-hub.com/lelang/detaillistLelang/1078:6545
[  139847ms] [LOG] update_dashboard_order_laut @ https://phbidlautdemo.prahu-hub.com/lelang/detaillistLelang/1078:6586
[  139849ms] [LOG] Connected @ https://phbidlautdemo.prahu-hub.com/lelang/detaillistLelang/1078:6586
[  139937ms] [LOG] 200 xhrglobal @ https://phbidlautdemo.prahu-hub.com/lelang/detaillistLelang/1078:6467
[  139964ms] [LOG] 200 xhrglobal @ https://phbidlautdemo.prahu-hub.com/lelang/detaillistLelang/1078:6467
[  140357ms] [LOG] document loaded @ https://phbidlautdemo.prahu-hub.com/lelang/detaillistLelang/1078:5714
[  141613ms] TypeError: $(...).DataTable is not a function
    at https://phbidlautdemo.prahu-hub.com/_resources/themes/prahutheme/js/scripts-init/tables.js:7:23
[  144218ms] Unexpected token '<'
[  144224ms] Cannot use import statement outside a module
[  144238ms] ReferenceError: Chart is not defined
    at https://phbidlautdemo.prahu-hub.com/_resources/themes/prahutheme/js/scripts-init/charts/chartjs.js:8:13
[  144821ms] Unexpected token '<'
[  144824ms] Unexpected token '<'
[  144871ms] Uncaught TypeError: expect element to be DOM Element, but got null
    at n.init (https://cdnjs.cloudflare.com/ajax/libs/smooth-scrollbar/8.5.2/smooth-scrollbar.js:24:264)
    at <anonymous> (https://phbidlautdemo.prahu-hub.com/lelang/detaillistLelang/1077:6140:14)
[  144905ms] [LOG] Pengajuan Lelangnamanya @ https://phbidlautdemo.prahu-hub.com/lelang/detaillistLelang/1077:1877
[  144909ms] [LOG] undefined @ https://phbidlautdemo.prahu-hub.com/lelang/detaillistLelang/1077:6493
[  144909ms] [LOG] undefined @ https://phbidlautdemo.prahu-hub.com/lelang/detaillistLelang/1077:6493
[  144910ms] [LOG] WebSocket connection @ https://phbidlautdemo.prahu-hub.com/lelang/detaillistLelang/1077:6536
[  144910ms] [LOG] WebSocket connection attempting... @ https://phbidlautdemo.prahu-hub.com/lelang/detaillistLelang/1077:6614
[  144950ms] [TABLE] {UI version: 8.4.1, Core version: 8.4.0, Build: NC8xMi8yMDIyfDRkZTU3MmExYg==, WebViewer Server: false, Full API: false} @ https://phbidlautdemo.prahu-hub.com/_resources/themes/prahutheme/javascript/PDFView/lib/ui/webviewer-ui.min.js:270
[  145047ms] [VERBOSE] [DOM] Password forms should have (optionally hidden) username fields for accessibility: (More info: https://goo.gl/9p2vKq) %o @ https://phbidlautdemo.prahu-hub.com/_resources/themes/prahutheme/javascript/PDFView/lib/ui/index.html#d=%2Fassets%2Fdokumenaanwijzing%2F65%2FAanwijzing-PT.-Primax-Geo-Sejahtera.pdf&a=1&disabledElements=downloadButton%2CprintButton%2ClanguageButton&filepicker=0&pdfnet=0&enableRedaction=0&enableMeasurement=0&pageHistory=1&notesInLeftPanel=0&singleServerMode=false&selectAnnotationOnCreation=0&autoFocusNoteOnAnnotationSelection=1&id=1&basePath=%2Flelang%2FdetaillistLelang%2F1077:0
[  145113ms] [LOG] WebSocket connected @ https://phbidlautdemo.prahu-hub.com/lelang/detaillistLelang/1077:6545
[  145148ms] [LOG] update_dashboard_order_laut @ https://phbidlautdemo.prahu-hub.com/lelang/detaillistLelang/1077:6586
[  145150ms] [LOG] Connected @ https://phbidlautdemo.prahu-hub.com/lelang/detaillistLelang/1077:6586
[  145319ms] [LOG] 200 xhrglobal @ https://phbidlautdemo.prahu-hub.com/lelang/detaillistLelang/1077:6467
[  145652ms] [LOG] document loaded @ https://phbidlautdemo.prahu-hub.com/lelang/detaillistLelang/1077:5714
[  145669ms] [LOG] 200 xhrglobal @ https://phbidlautdemo.prahu-hub.com/lelang/detaillistLelang/1077:6467
[  145992ms] [LOG] updateNotif.901-858-787-937-935-914-906-900-876-856-820-796-795-783-764-704-689-688-685-642-641-640-639-638-635-634-633-632-631-629-628-627-626-625-624-623-622-621-614-459-325-23 @ https://phbidlautdemo.prahu-hub.com/lelang/detaillistLelang/1077:6586
[  146012ms] [LOG] update_dashboard_order_laut @ https://phbidlautdemo.prahu-hub.com/lelang/detaillistLelang/1077:6586
[  146027ms] [LOG] notif_badge_hide.901-858-787-937-935-914-906-900-876-856-820-796-795-783-764-704-689-688-685-642-641-640-639-638-635-634-633-632-631-629-628-627-626-625-624-623-622-621-614-459-325-23 @ https://phbidlautdemo.prahu-hub.com/lelang/detaillistLelang/1077:6586
[  146913ms] TypeError: $(...).DataTable is not a function
    at https://phbidlautdemo.prahu-hub.com/_resources/themes/prahutheme/js/scripts-init/tables.js:7:23
[  148167ms] Unexpected token '<'
[  148176ms] Cannot use import statement outside a module
[  148191ms] ReferenceError: Chart is not defined
    at https://phbidlautdemo.prahu-hub.com/_resources/themes/prahutheme/js/scripts-init/charts/chartjs.js:8:13
[  148412ms] Unexpected token '<'
[  148414ms] Unexpected token '<'
[  148501ms] Uncaught TypeError: expect element to be DOM Element, but got null
    at n.init (https://cdnjs.cloudflare.com/ajax/libs/smooth-scrollbar/8.5.2/smooth-scrollbar.js:24:264)
    at <anonymous> (https://phbidlautdemo.prahu-hub.com/lelang/detaillistLelang/1076:6140:14)
[  148552ms] [LOG] Pengajuan Lelangnamanya @ https://phbidlautdemo.prahu-hub.com/lelang/detaillistLelang/1076:1877
[  148556ms] [LOG] undefined @ https://phbidlautdemo.prahu-hub.com/lelang/detaillistLelang/1076:6493
[  148556ms] [LOG] undefined @ https://phbidlautdemo.prahu-hub.com/lelang/detaillistLelang/1076:6493
[  148557ms] [LOG] WebSocket connection @ https://phbidlautdemo.prahu-hub.com/lelang/detaillistLelang/1076:6536
[  148557ms] [LOG] WebSocket connection attempting... @ https://phbidlautdemo.prahu-hub.com/lelang/detaillistLelang/1076:6614
[  148578ms] [TABLE] {UI version: 8.4.1, Core version: 8.4.0, Build: NC8xMi8yMDIyfDRkZTU3MmExYg==, WebViewer Server: false, Full API: false} @ https://phbidlautdemo.prahu-hub.com/_resources/themes/prahutheme/javascript/PDFView/lib/ui/webviewer-ui.min.js:270
[  148673ms] [VERBOSE] [DOM] Password forms should have (optionally hidden) username fields for accessibility: (More info: https://goo.gl/9p2vKq) %o @ https://phbidlautdemo.prahu-hub.com/_resources/themes/prahutheme/javascript/PDFView/lib/ui/index.html#d=%2Fassets%2Fdokumenaanwijzing%2F65%2FAanwijzing-PT.-Primax-Geo-Sejahtera.pdf&a=1&disabledElements=downloadButton%2CprintButton%2ClanguageButton&filepicker=0&pdfnet=0&enableRedaction=0&enableMeasurement=0&pageHistory=1&notesInLeftPanel=0&singleServerMode=false&selectAnnotationOnCreation=0&autoFocusNoteOnAnnotationSelection=1&id=1&basePath=%2Flelang%2FdetaillistLelang%2F1076:0
[  148738ms] [LOG] WebSocket connected @ https://phbidlautdemo.prahu-hub.com/lelang/detaillistLelang/1076:6545
[  148774ms] [LOG] update_dashboard_order_laut @ https://phbidlautdemo.prahu-hub.com/lelang/detaillistLelang/1076:6586
[  148776ms] [LOG] Connected @ https://phbidlautdemo.prahu-hub.com/lelang/detaillistLelang/1076:6586
[  148843ms] [LOG] 200 xhrglobal @ https://phbidlautdemo.prahu-hub.com/lelang/detaillistLelang/1076:6467
[  148889ms] [LOG] 200 xhrglobal @ https://phbidlautdemo.prahu-hub.com/lelang/detaillistLelang/1076:6467
[  149340ms] [LOG] document loaded @ https://phbidlautdemo.prahu-hub.com/lelang/detaillistLelang/1076:5714
[  150557ms] TypeError: $(...).DataTable is not a function
    at https://phbidlautdemo.prahu-hub.com/_resources/themes/prahutheme/js/scripts-init/tables.js:7:23
[  151757ms] Unexpected token '<'
[  151760ms] Cannot use import statement outside a module
[  151765ms] ReferenceError: Chart is not defined
    at https://phbidlautdemo.prahu-hub.com/_resources/themes/prahutheme/js/scripts-init/charts/chartjs.js:8:13
[  151876ms] Unexpected token '<'
[  151880ms] Unexpected token '<'
[  151943ms] Uncaught TypeError: expect element to be DOM Element, but got null
    at n.init (https://cdnjs.cloudflare.com/ajax/libs/smooth-scrollbar/8.5.2/smooth-scrollbar.js:24:264)
    at <anonymous> (https://phbidlautdemo.prahu-hub.com/lelang/detaillistLelang/1075:6140:14)
[  151987ms] [LOG] Pengajuan Lelangnamanya @ https://phbidlautdemo.prahu-hub.com/lelang/detaillistLelang/1075:1877
[  151992ms] [LOG] undefined @ https://phbidlautdemo.prahu-hub.com/lelang/detaillistLelang/1075:6493
[  151992ms] [LOG] undefined @ https://phbidlautdemo.prahu-hub.com/lelang/detaillistLelang/1075:6493
[  151992ms] [LOG] WebSocket connection @ https://phbidlautdemo.prahu-hub.com/lelang/detaillistLelang/1075:6536
[  151993ms] [LOG] WebSocket connection attempting... @ https://phbidlautdemo.prahu-hub.com/lelang/detaillistLelang/1075:6614
[  152036ms] [TABLE] {UI version: 8.4.1, Core version: 8.4.0, Build: NC8xMi8yMDIyfDRkZTU3MmExYg==, WebViewer Server: false, Full API: false} @ https://phbidlautdemo.prahu-hub.com/_resources/themes/prahutheme/javascript/PDFView/lib/ui/webviewer-ui.min.js:270
[  152133ms] [VERBOSE] [DOM] Password forms should have (optionally hidden) username fields for accessibility: (More info: https://goo.gl/9p2vKq) %o @ https://phbidlautdemo.prahu-hub.com/_resources/themes/prahutheme/javascript/PDFView/lib/ui/index.html#d=%2Fassets%2Fdokumenaanwijzing%2F65%2FAanwijzing-PT.-Primax-Geo-Sejahtera.pdf&a=1&disabledElements=downloadButton%2CprintButton%2ClanguageButton&filepicker=0&pdfnet=0&enableRedaction=0&enableMeasurement=0&pageHistory=1&notesInLeftPanel=0&singleServerMode=false&selectAnnotationOnCreation=0&autoFocusNoteOnAnnotationSelection=1&id=1&basePath=%2Flelang%2FdetaillistLelang%2F1075:0
[  152199ms] [LOG] WebSocket connected @ https://phbidlautdemo.prahu-hub.com/lelang/detaillistLelang/1075:6545
[  152234ms] [LOG] update_dashboard_order_laut @ https://phbidlautdemo.prahu-hub.com/lelang/detaillistLelang/1075:6586
[  152236ms] [LOG] Connected @ https://phbidlautdemo.prahu-hub.com/lelang/detaillistLelang/1075:6586
[  152304ms] [LOG] 200 xhrglobal @ https://phbidlautdemo.prahu-hub.com/lelang/detaillistLelang/1075:6467
[  152351ms] [LOG] 200 xhrglobal @ https://phbidlautdemo.prahu-hub.com/lelang/detaillistLelang/1075:6467
[  152721ms] [LOG] document loaded @ https://phbidlautdemo.prahu-hub.com/lelang/detaillistLelang/1075:5714
[  153997ms] TypeError: $(...).DataTable is not a function
    at https://phbidlautdemo.prahu-hub.com/_resources/themes/prahutheme/js/scripts-init/tables.js:7:23
[  155080ms] Unexpected token '<'
[  155103ms] Cannot use import statement outside a module
[  155111ms] ReferenceError: Chart is not defined
    at https://phbidlautdemo.prahu-hub.com/_resources/themes/prahutheme/js/scripts-init/charts/chartjs.js:8:13
[  155304ms] Unexpected token '<'
[  155307ms] Unexpected token '<'
[  155371ms] Uncaught TypeError: expect element to be DOM Element, but got null
    at n.init (https://cdnjs.cloudflare.com/ajax/libs/smooth-scrollbar/8.5.2/smooth-scrollbar.js:24:264)
    at <anonymous> (https://phbidlautdemo.prahu-hub.com/lelang/detaillistLelang/1074:6140:14)
[  155421ms] [LOG] Pengajuan Lelangnamanya @ https://phbidlautdemo.prahu-hub.com/lelang/detaillistLelang/1074:1877
[  155425ms] [LOG] undefined @ https://phbidlautdemo.prahu-hub.com/lelang/detaillistLelang/1074:6493
[  155425ms] [LOG] undefined @ https://phbidlautdemo.prahu-hub.com/lelang/detaillistLelang/1074:6493
[  155426ms] [LOG] WebSocket connection @ https://phbidlautdemo.prahu-hub.com/lelang/detaillistLelang/1074:6536
[  155426ms] [LOG] WebSocket connection attempting... @ https://phbidlautdemo.prahu-hub.com/lelang/detaillistLelang/1074:6614
[  155449ms] [TABLE] {UI version: 8.4.1, Core version: 8.4.0, Build: NC8xMi8yMDIyfDRkZTU3MmExYg==, WebViewer Server: false, Full API: false} @ https://phbidlautdemo.prahu-hub.com/_resources/themes/prahutheme/javascript/PDFView/lib/ui/webviewer-ui.min.js:270
[  155553ms] [VERBOSE] [DOM] Password forms should have (optionally hidden) username fields for accessibility: (More info: https://goo.gl/9p2vKq) %o @ https://phbidlautdemo.prahu-hub.com/_resources/themes/prahutheme/javascript/PDFView/lib/ui/index.html#d=%2Fassets%2Fdokumenaanwijzing%2F65%2FAanwijzing-PT.-Primax-Geo-Sejahtera.pdf&a=1&disabledElements=downloadButton%2CprintButton%2ClanguageButton&filepicker=0&pdfnet=0&enableRedaction=0&enableMeasurement=0&pageHistory=1&notesInLeftPanel=0&singleServerMode=false&selectAnnotationOnCreation=0&autoFocusNoteOnAnnotationSelection=1&id=1&basePath=%2Flelang%2FdetaillistLelang%2F1074:0
[  155619ms] [LOG] WebSocket connected @ https://phbidlautdemo.prahu-hub.com/lelang/detaillistLelang/1074:6545
[  155654ms] [LOG] update_dashboard_order_laut @ https://phbidlautdemo.prahu-hub.com/lelang/detaillistLelang/1074:6586
[  155656ms] [LOG] Connected @ https://phbidlautdemo.prahu-hub.com/lelang/detaillistLelang/1074:6586
[  155744ms] [LOG] 200 xhrglobal @ https://phbidlautdemo.prahu-hub.com/lelang/detaillistLelang/1074:6467
[  155778ms] [LOG] 200 xhrglobal @ https://phbidlautdemo.prahu-hub.com/lelang/detaillistLelang/1074:6467
[  156155ms] [LOG] document loaded @ https://phbidlautdemo.prahu-hub.com/lelang/detaillistLelang/1074:5714
[  157448ms] TypeError: $(...).DataTable is not a function
    at https://phbidlautdemo.prahu-hub.com/_resources/themes/prahutheme/js/scripts-init/tables.js:7:23
[  158713ms] Unexpected token '<'
[  158743ms] Cannot use import statement outside a module
[  158758ms] ReferenceError: Chart is not defined
    at https://phbidlautdemo.prahu-hub.com/_resources/themes/prahutheme/js/scripts-init/charts/chartjs.js:8:13
[  158759ms] Unexpected token '<'
[  158819ms] Unexpected token '<'
[  158846ms] Uncaught TypeError: expect element to be DOM Element, but got null
    at n.init (https://cdnjs.cloudflare.com/ajax/libs/smooth-scrollbar/8.5.2/smooth-scrollbar.js:24:264)
    at <anonymous> (https://phbidlautdemo.prahu-hub.com/lelang/detaillistLelang/1073:6140:14)
[  158880ms] [LOG] Pengajuan Lelangnamanya @ https://phbidlautdemo.prahu-hub.com/lelang/detaillistLelang/1073:1877
[  158884ms] [LOG] undefined @ https://phbidlautdemo.prahu-hub.com/lelang/detaillistLelang/1073:6493
[  158884ms] [LOG] undefined @ https://phbidlautdemo.prahu-hub.com/lelang/detaillistLelang/1073:6493
[  158885ms] [LOG] WebSocket connection @ https://phbidlautdemo.prahu-hub.com/lelang/detaillistLelang/1073:6536
[  158885ms] [LOG] WebSocket connection attempting... @ https://phbidlautdemo.prahu-hub.com/lelang/detaillistLelang/1073:6614
[  158926ms] [TABLE] {UI version: 8.4.1, Core version: 8.4.0, Build: NC8xMi8yMDIyfDRkZTU3MmExYg==, WebViewer Server: false, Full API: false} @ https://phbidlautdemo.prahu-hub.com/_resources/themes/prahutheme/javascript/PDFView/lib/ui/webviewer-ui.min.js:270
[  159021ms] [VERBOSE] [DOM] Password forms should have (optionally hidden) username fields for accessibility: (More info: https://goo.gl/9p2vKq) %o @ https://phbidlautdemo.prahu-hub.com/_resources/themes/prahutheme/javascript/PDFView/lib/ui/index.html#d=%2Fassets%2Fdokumenaanwijzing%2F65%2FAanwijzing-PT.-Primax-Geo-Sejahtera.pdf&a=1&disabledElements=downloadButton%2CprintButton%2ClanguageButton&filepicker=0&pdfnet=0&enableRedaction=0&enableMeasurement=0&pageHistory=1&notesInLeftPanel=0&singleServerMode=false&selectAnnotationOnCreation=0&autoFocusNoteOnAnnotationSelection=1&id=1&basePath=%2Flelang%2FdetaillistLelang%2F1073:0
[  159086ms] [LOG] WebSocket connected @ https://phbidlautdemo.prahu-hub.com/lelang/detaillistLelang/1073:6545
[  159123ms] [LOG] update_dashboard_order_laut @ https://phbidlautdemo.prahu-hub.com/lelang/detaillistLelang/1073:6586
[  159125ms] [LOG] Connected @ https://phbidlautdemo.prahu-hub.com/lelang/detaillistLelang/1073:6586
[  159207ms] [LOG] 200 xhrglobal @ https://phbidlautdemo.prahu-hub.com/lelang/detaillistLelang/1073:6467
[  159260ms] [LOG] 200 xhrglobal @ https://phbidlautdemo.prahu-hub.com/lelang/detaillistLelang/1073:6467
[  159642ms] [LOG] document loaded @ https://phbidlautdemo.prahu-hub.com/lelang/detaillistLelang/1073:5714
[  160896ms] TypeError: $(...).DataTable is not a function
    at https://phbidlautdemo.prahu-hub.com/_resources/themes/prahutheme/js/scripts-init/tables.js:7:23
[  162190ms] Unexpected token '<'
[  162194ms] Cannot use import statement outside a module
[  162199ms] ReferenceError: Chart is not defined
    at https://phbidlautdemo.prahu-hub.com/_resources/themes/prahutheme/js/scripts-init/charts/chartjs.js:8:13
[  162430ms] Unexpected token '<'
[  162432ms] Unexpected token '<'
[  162482ms] Uncaught TypeError: expect element to be DOM Element, but got null
    at n.init (https://cdnjs.cloudflare.com/ajax/libs/smooth-scrollbar/8.5.2/smooth-scrollbar.js:24:264)
    at <anonymous> (https://phbidlautdemo.prahu-hub.com/lelang/detaillistLelang/1062:6710:14)
[  162515ms] [LOG] Pengajuan Lelangnamanya @ https://phbidlautdemo.prahu-hub.com/lelang/detaillistLelang/1062:1877
[  162519ms] [LOG] undefined @ https://phbidlautdemo.prahu-hub.com/lelang/detaillistLelang/1062:7063
[  162519ms] [LOG] undefined @ https://phbidlautdemo.prahu-hub.com/lelang/detaillistLelang/1062:7063
[  162519ms] [LOG] WebSocket connection @ https://phbidlautdemo.prahu-hub.com/lelang/detaillistLelang/1062:7106
[  162520ms] [LOG] WebSocket connection attempting... @ https://phbidlautdemo.prahu-hub.com/lelang/detaillistLelang/1062:7184
[  162560ms] [TABLE] {UI version: 8.4.1, Core version: 8.4.0, Build: NC8xMi8yMDIyfDRkZTU3MmExYg==, WebViewer Server: false, Full API: false} @ https://phbidlautdemo.prahu-hub.com/_resources/themes/prahutheme/javascript/PDFView/lib/ui/webviewer-ui.min.js:270
[  162652ms] [VERBOSE] [DOM] Password forms should have (optionally hidden) username fields for accessibility: (More info: https://goo.gl/9p2vKq) %o @ https://phbidlautdemo.prahu-hub.com/_resources/themes/prahutheme/javascript/PDFView/lib/ui/index.html#d=%2Fassets%2Fdokumenaanwijzing%2F65%2FAanwijzing-PT.-Primax-Geo-Sejahtera.pdf&a=1&disabledElements=downloadButton%2CprintButton%2ClanguageButton&filepicker=0&pdfnet=0&enableRedaction=0&enableMeasurement=0&pageHistory=1&notesInLeftPanel=0&singleServerMode=false&selectAnnotationOnCreation=0&autoFocusNoteOnAnnotationSelection=1&id=1&basePath=%2Flelang%2FdetaillistLelang%2F1062:0
[  162716ms] [LOG] WebSocket connected @ https://phbidlautdemo.prahu-hub.com/lelang/detaillistLelang/1062:7115
[  162751ms] [LOG] update_dashboard_order_laut @ https://phbidlautdemo.prahu-hub.com/lelang/detaillistLelang/1062:7156
[  162753ms] [LOG] Connected @ https://phbidlautdemo.prahu-hub.com/lelang/detaillistLelang/1062:7156
[  162822ms] [LOG] 200 xhrglobal @ https://phbidlautdemo.prahu-hub.com/lelang/detaillistLelang/1062:7037
[  162866ms] [LOG] 200 xhrglobal @ https://phbidlautdemo.prahu-hub.com/lelang/detaillistLelang/1062:7037
[  163249ms] [LOG] document loaded @ https://phbidlautdemo.prahu-hub.com/lelang/detaillistLelang/1062:6284
[  164561ms] TypeError: $(...).DataTable is not a function
    at https://phbidlautdemo.prahu-hub.com/_resources/themes/prahutheme/js/scripts-init/tables.js:7:23
[  165889ms] Unexpected token '<'
[  165893ms] Cannot use import statement outside a module
[  165897ms] ReferenceError: Chart is not defined
    at https://phbidlautdemo.prahu-hub.com/_resources/themes/prahutheme/js/scripts-init/charts/chartjs.js:8:13
[  165898ms] Unexpected token '<'
[  166007ms] Unexpected token '<'
[  166069ms] Uncaught TypeError: expect element to be DOM Element, but got null
    at n.init (https://cdnjs.cloudflare.com/ajax/libs/smooth-scrollbar/8.5.2/smooth-scrollbar.js:24:264)
    at <anonymous> (https://phbidlautdemo.prahu-hub.com/lelang/detaillistLelang/1061:6761:14)
[  166124ms] [LOG] Pengajuan Lelangnamanya @ https://phbidlautdemo.prahu-hub.com/lelang/detaillistLelang/1061:1877
[  166129ms] [LOG] undefined @ https://phbidlautdemo.prahu-hub.com/lelang/detaillistLelang/1061:7114
[  166129ms] [LOG] undefined @ https://phbidlautdemo.prahu-hub.com/lelang/detaillistLelang/1061:7114
[  166129ms] [LOG] WebSocket connection @ https://phbidlautdemo.prahu-hub.com/lelang/detaillistLelang/1061:7157
[  166130ms] [LOG] WebSocket connection attempting... @ https://phbidlautdemo.prahu-hub.com/lelang/detaillistLelang/1061:7235
[  166159ms] [TABLE] {UI version: 8.4.1, Core version: 8.4.0, Build: NC8xMi8yMDIyfDRkZTU3MmExYg==, WebViewer Server: false, Full API: false} @ https://phbidlautdemo.prahu-hub.com/_resources/themes/prahutheme/javascript/PDFView/lib/ui/webviewer-ui.min.js:270
[  166262ms] [VERBOSE] [DOM] Password forms should have (optionally hidden) username fields for accessibility: (More info: https://goo.gl/9p2vKq) %o @ https://phbidlautdemo.prahu-hub.com/_resources/themes/prahutheme/javascript/PDFView/lib/ui/index.html#d=%2Fassets%2Fdokumenaanwijzing%2F65%2FAanwijzing-PT.-Primax-Geo-Sejahtera.pdf&a=1&disabledElements=downloadButton%2CprintButton%2ClanguageButton&filepicker=0&pdfnet=0&enableRedaction=0&enableMeasurement=0&pageHistory=1&notesInLeftPanel=0&singleServerMode=false&selectAnnotationOnCreation=0&autoFocusNoteOnAnnotationSelection=1&id=1&basePath=%2Flelang%2FdetaillistLelang%2F1061:0
[  166330ms] [LOG] WebSocket connected @ https://phbidlautdemo.prahu-hub.com/lelang/detaillistLelang/1061:7166
[  166366ms] [LOG] update_dashboard_order_laut @ https://phbidlautdemo.prahu-hub.com/lelang/detaillistLelang/1061:7207
[  166368ms] [LOG] Connected @ https://phbidlautdemo.prahu-hub.com/lelang/detaillistLelang/1061:7207
[  166451ms] [LOG] 200 xhrglobal @ https://phbidlautdemo.prahu-hub.com/lelang/detaillistLelang/1061:7088
[  166485ms] [LOG] 200 xhrglobal @ https://phbidlautdemo.prahu-hub.com/lelang/detaillistLelang/1061:7088
[  166895ms] [LOG] document loaded @ https://phbidlautdemo.prahu-hub.com/lelang/detaillistLelang/1061:6335
[  168131ms] TypeError: $(...).DataTable is not a function
    at https://phbidlautdemo.prahu-hub.com/_resources/themes/prahutheme/js/scripts-init/tables.js:7:23
[  169436ms] Unexpected token '<'
[  169441ms] Cannot use import statement outside a module
[  169446ms] ReferenceError: Chart is not defined
    at https://phbidlautdemo.prahu-hub.com/_resources/themes/prahutheme/js/scripts-init/charts/chartjs.js:8:13
[  169680ms] Unexpected token '<'
[  169682ms] Unexpected token '<'
[  169743ms] Uncaught TypeError: expect element to be DOM Element, but got null
    at n.init (https://cdnjs.cloudflare.com/ajax/libs/smooth-scrollbar/8.5.2/smooth-scrollbar.js:24:264)
    at <anonymous> (https://phbidlautdemo.prahu-hub.com/lelang/detaillistLelang/1060:6711:14)
[  169794ms] [LOG] Pengajuan Lelangnamanya @ https://phbidlautdemo.prahu-hub.com/lelang/detaillistLelang/1060:1877
[  169798ms] [LOG] undefined @ https://phbidlautdemo.prahu-hub.com/lelang/detaillistLelang/1060:7064
[  169798ms] [LOG] undefined @ https://phbidlautdemo.prahu-hub.com/lelang/detaillistLelang/1060:7064
[  169799ms] [LOG] WebSocket connection @ https://phbidlautdemo.prahu-hub.com/lelang/detaillistLelang/1060:7107
[  169799ms] [LOG] WebSocket connection attempting... @ https://phbidlautdemo.prahu-hub.com/lelang/detaillistLelang/1060:7185
[  169821ms] [TABLE] {UI version: 8.4.1, Core version: 8.4.0, Build: NC8xMi8yMDIyfDRkZTU3MmExYg==, WebViewer Server: false, Full API: false} @ https://phbidlautdemo.prahu-hub.com/_resources/themes/prahutheme/javascript/PDFView/lib/ui/webviewer-ui.min.js:270
[  169949ms] [VERBOSE] [DOM] Password forms should have (optionally hidden) username fields for accessibility: (More info: https://goo.gl/9p2vKq) %o @ https://phbidlautdemo.prahu-hub.com/_resources/themes/prahutheme/javascript/PDFView/lib/ui/index.html#d=%2Fassets%2Fdokumenaanwijzing%2F65%2FAanwijzing-PT.-Primax-Geo-Sejahtera.pdf&a=1&disabledElements=downloadButton%2CprintButton%2ClanguageButton&filepicker=0&pdfnet=0&enableRedaction=0&enableMeasurement=0&pageHistory=1&notesInLeftPanel=0&singleServerMode=false&selectAnnotationOnCreation=0&autoFocusNoteOnAnnotationSelection=1&id=1&basePath=%2Flelang%2FdetaillistLelang%2F1060:0
[  170015ms] [LOG] WebSocket connected @ https://phbidlautdemo.prahu-hub.com/lelang/detaillistLelang/1060:7116
[  170050ms] [LOG] update_dashboard_order_laut @ https://phbidlautdemo.prahu-hub.com/lelang/detaillistLelang/1060:7157
[  170052ms] [LOG] Connected @ https://phbidlautdemo.prahu-hub.com/lelang/detaillistLelang/1060:7157
[  170139ms] [LOG] 200 xhrglobal @ https://phbidlautdemo.prahu-hub.com/lelang/detaillistLelang/1060:7038
[  170180ms] [LOG] 200 xhrglobal @ https://phbidlautdemo.prahu-hub.com/lelang/detaillistLelang/1060:7038
[  170601ms] [LOG] document loaded @ https://phbidlautdemo.prahu-hub.com/lelang/detaillistLelang/1060:6285
[  171806ms] TypeError: $(...).DataTable is not a function
    at https://phbidlautdemo.prahu-hub.com/_resources/themes/prahutheme/js/scripts-init/tables.js:7:23
[  172936ms] Unexpected token '<'
[  172942ms] Cannot use import statement outside a module
[  172957ms] ReferenceError: Chart is not defined
    at https://phbidlautdemo.prahu-hub.com/_resources/themes/prahutheme/js/scripts-init/charts/chartjs.js:8:13
[  173201ms] Unexpected token '<'
[  173202ms] Unexpected token '<'
[  173311ms] Uncaught TypeError: expect element to be DOM Element, but got null
    at n.init (https://cdnjs.cloudflare.com/ajax/libs/smooth-scrollbar/8.5.2/smooth-scrollbar.js:24:264)
    at <anonymous> (https://phbidlautdemo.prahu-hub.com/lelang/detaillistLelang/1057:6194:14)
[  173354ms] [LOG] Pengajuan Lelangnamanya @ https://phbidlautdemo.prahu-hub.com/lelang/detaillistLelang/1057:1877
[  173358ms] [LOG] undefined @ https://phbidlautdemo.prahu-hub.com/lelang/detaillistLelang/1057:6547
[  173358ms] [LOG] undefined @ https://phbidlautdemo.prahu-hub.com/lelang/detaillistLelang/1057:6547
[  173358ms] [LOG] WebSocket connection @ https://phbidlautdemo.prahu-hub.com/lelang/detaillistLelang/1057:6590
[  173359ms] [LOG] WebSocket connection attempting... @ https://phbidlautdemo.prahu-hub.com/lelang/detaillistLelang/1057:6668
[  173380ms] [TABLE] {UI version: 8.4.1, Core version: 8.4.0, Build: NC8xMi8yMDIyfDRkZTU3MmExYg==, WebViewer Server: false, Full API: false} @ https://phbidlautdemo.prahu-hub.com/_resources/themes/prahutheme/javascript/PDFView/lib/ui/webviewer-ui.min.js:270
[  173475ms] [VERBOSE] [DOM] Password forms should have (optionally hidden) username fields for accessibility: (More info: https://goo.gl/9p2vKq) %o @ https://phbidlautdemo.prahu-hub.com/_resources/themes/prahutheme/javascript/PDFView/lib/ui/index.html#d=%2Fassets%2Fdokumenaanwijzing%2F65%2FAanwijzing-PT.-Primax-Geo-Sejahtera.pdf&a=1&disabledElements=downloadButton%2CprintButton%2ClanguageButton&filepicker=0&pdfnet=0&enableRedaction=0&enableMeasurement=0&pageHistory=1&notesInLeftPanel=0&singleServerMode=false&selectAnnotationOnCreation=0&autoFocusNoteOnAnnotationSelection=1&id=1&basePath=%2Flelang%2FdetaillistLelang%2F1057:0
[  173581ms] [LOG] WebSocket connected @ https://phbidlautdemo.prahu-hub.com/lelang/detaillistLelang/1057:6599
[  173585ms] [LOG] update_dashboard_order_laut @ https://phbidlautdemo.prahu-hub.com/lelang/detaillistLelang/1057:6640
[  173622ms] [LOG] Connected @ https://phbidlautdemo.prahu-hub.com/lelang/detaillistLelang/1057:6640
[  173720ms] [LOG] 200 xhrglobal @ https://phbidlautdemo.prahu-hub.com/lelang/detaillistLelang/1057:6521
[  173779ms] [LOG] 200 xhrglobal @ https://phbidlautdemo.prahu-hub.com/lelang/detaillistLelang/1057:6521
[  174068ms] [LOG] document loaded @ https://phbidlautdemo.prahu-hub.com/lelang/detaillistLelang/1057:5768
[  175376ms] TypeError: $(...).DataTable is not a function
    at https://phbidlautdemo.prahu-hub.com/_resources/themes/prahutheme/js/scripts-init/tables.js:7:23
[  176578ms] Unexpected token '<'
[  176582ms] Cannot use import statement outside a module
[  176586ms] ReferenceError: Chart is not defined
    at https://phbidlautdemo.prahu-hub.com/_resources/themes/prahutheme/js/scripts-init/charts/chartjs.js:8:13
[  176850ms] Unexpected token '<'
[  176852ms] Unexpected token '<'
[  176911ms] Uncaught TypeError: expect element to be DOM Element, but got null
    at n.init (https://cdnjs.cloudflare.com/ajax/libs/smooth-scrollbar/8.5.2/smooth-scrollbar.js:24:264)
    at <anonymous> (https://phbidlautdemo.prahu-hub.com/lelang/detaillistLelang/1056:6194:14)
[  176961ms] [LOG] Pengajuan Lelangnamanya @ https://phbidlautdemo.prahu-hub.com/lelang/detaillistLelang/1056:1877
[  176965ms] [LOG] undefined @ https://phbidlautdemo.prahu-hub.com/lelang/detaillistLelang/1056:6547
[  176965ms] [LOG] undefined @ https://phbidlautdemo.prahu-hub.com/lelang/detaillistLelang/1056:6547
[  176966ms] [LOG] WebSocket connection @ https://phbidlautdemo.prahu-hub.com/lelang/detaillistLelang/1056:6590
[  176966ms] [LOG] WebSocket connection attempting... @ https://phbidlautdemo.prahu-hub.com/lelang/detaillistLelang/1056:6668
[  176989ms] [TABLE] {UI version: 8.4.1, Core version: 8.4.0, Build: NC8xMi8yMDIyfDRkZTU3MmExYg==, WebViewer Server: false, Full API: false} @ https://phbidlautdemo.prahu-hub.com/_resources/themes/prahutheme/javascript/PDFView/lib/ui/webviewer-ui.min.js:270
[  177085ms] [VERBOSE] [DOM] Password forms should have (optionally hidden) username fields for accessibility: (More info: https://goo.gl/9p2vKq) %o @ https://phbidlautdemo.prahu-hub.com/_resources/themes/prahutheme/javascript/PDFView/lib/ui/index.html#d=%2Fassets%2Fdokumenaanwijzing%2F65%2FAanwijzing-PT.-Primax-Geo-Sejahtera.pdf&a=1&disabledElements=downloadButton%2CprintButton%2ClanguageButton&filepicker=0&pdfnet=0&enableRedaction=0&enableMeasurement=0&pageHistory=1&notesInLeftPanel=0&singleServerMode=false&selectAnnotationOnCreation=0&autoFocusNoteOnAnnotationSelection=1&id=1&basePath=%2Flelang%2FdetaillistLelang%2F1056:0
[  177152ms] [LOG] WebSocket connected @ https://phbidlautdemo.prahu-hub.com/lelang/detaillistLelang/1056:6599
[  177186ms] [LOG] update_dashboard_order_laut @ https://phbidlautdemo.prahu-hub.com/lelang/detaillistLelang/1056:6640
[  177189ms] [LOG] Connected @ https://phbidlautdemo.prahu-hub.com/lelang/detaillistLelang/1056:6640
[  177259ms] [LOG] 200 xhrglobal @ https://phbidlautdemo.prahu-hub.com/lelang/detaillistLelang/1056:6521
[  177312ms] [LOG] 200 xhrglobal @ https://phbidlautdemo.prahu-hub.com/lelang/detaillistLelang/1056:6521
[  177683ms] [LOG] document loaded @ https://phbidlautdemo.prahu-hub.com/lelang/detaillistLelang/1056:5768
[  178966ms] TypeError: $(...).DataTable is not a function
    at https://phbidlautdemo.prahu-hub.com/_resources/themes/prahutheme/js/scripts-init/tables.js:7:23
[  180199ms] Unexpected token '<'
[  180203ms] Cannot use import statement outside a module
[  180207ms] ReferenceError: Chart is not defined
    at https://phbidlautdemo.prahu-hub.com/_resources/themes/prahutheme/js/scripts-init/charts/chartjs.js:8:13
[  180207ms] Unexpected token '<'
[  180338ms] Unexpected token '<'
[  180394ms] Uncaught TypeError: expect element to be DOM Element, but got null
    at n.init (https://cdnjs.cloudflare.com/ajax/libs/smooth-scrollbar/8.5.2/smooth-scrollbar.js:24:264)
    at <anonymous> (https://phbidlautdemo.prahu-hub.com/lelang/detaillistLelang/1055:6194:14)
[  180480ms] [LOG] Pengajuan Lelangnamanya @ https://phbidlautdemo.prahu-hub.com/lelang/detaillistLelang/1055:1877
[  180486ms] [LOG] undefined @ https://phbidlautdemo.prahu-hub.com/lelang/detaillistLelang/1055:6547
[  180486ms] [LOG] undefined @ https://phbidlautdemo.prahu-hub.com/lelang/detaillistLelang/1055:6547
[  180487ms] [LOG] WebSocket connection @ https://phbidlautdemo.prahu-hub.com/lelang/detaillistLelang/1055:6590
[  180488ms] [LOG] WebSocket connection attempting... @ https://phbidlautdemo.prahu-hub.com/lelang/detaillistLelang/1055:6668
[  180520ms] [TABLE] {UI version: 8.4.1, Core version: 8.4.0, Build: NC8xMi8yMDIyfDRkZTU3MmExYg==, WebViewer Server: false, Full API: false} @ https://phbidlautdemo.prahu-hub.com/_resources/themes/prahutheme/javascript/PDFView/lib/ui/webviewer-ui.min.js:270
[  180636ms] [VERBOSE] [DOM] Password forms should have (optionally hidden) username fields for accessibility: (More info: https://goo.gl/9p2vKq) %o @ https://phbidlautdemo.prahu-hub.com/_resources/themes/prahutheme/javascript/PDFView/lib/ui/index.html#d=%2Fassets%2Fdokumenaanwijzing%2F65%2FAanwijzing-PT.-Primax-Geo-Sejahtera.pdf&a=1&disabledElements=downloadButton%2CprintButton%2ClanguageButton&filepicker=0&pdfnet=0&enableRedaction=0&enableMeasurement=0&pageHistory=1&notesInLeftPanel=0&singleServerMode=false&selectAnnotationOnCreation=0&autoFocusNoteOnAnnotationSelection=1&id=1&basePath=%2Flelang%2FdetaillistLelang%2F1055:0
[  180720ms] [LOG] WebSocket connected @ https://phbidlautdemo.prahu-hub.com/lelang/detaillistLelang/1055:6599
[  180759ms] [LOG] update_dashboard_order_laut @ https://phbidlautdemo.prahu-hub.com/lelang/detaillistLelang/1055:6640
[  180762ms] [LOG] Connected @ https://phbidlautdemo.prahu-hub.com/lelang/detaillistLelang/1055:6640
[  180827ms] [LOG] 200 xhrglobal @ https://phbidlautdemo.prahu-hub.com/lelang/detaillistLelang/1055:6521
[  180877ms] [LOG] 200 xhrglobal @ https://phbidlautdemo.prahu-hub.com/lelang/detaillistLelang/1055:6521
[  181267ms] [LOG] document loaded @ https://phbidlautdemo.prahu-hub.com/lelang/detaillistLelang/1055:5768
[  182484ms] TypeError: $(...).DataTable is not a function
    at https://phbidlautdemo.prahu-hub.com/_resources/themes/prahutheme/js/scripts-init/tables.js:7:23
[  183773ms] Unexpected token '<'
[  183777ms] Cannot use import statement outside a module
[  183782ms] ReferenceError: Chart is not defined
    at https://phbidlautdemo.prahu-hub.com/_resources/themes/prahutheme/js/scripts-init/charts/chartjs.js:8:13
[  183892ms] Unexpected token '<'
[  183892ms] Unexpected token '<'
[  183969ms] Uncaught TypeError: expect element to be DOM Element, but got null
    at n.init (https://cdnjs.cloudflare.com/ajax/libs/smooth-scrollbar/8.5.2/smooth-scrollbar.js:24:264)
    at <anonymous> (https://phbidlautdemo.prahu-hub.com/lelang/detaillistLelang/1054:6194:14)
[  184031ms] [LOG] Pengajuan Lelangnamanya @ https://phbidlautdemo.prahu-hub.com/lelang/detaillistLelang/1054:1877
[  184038ms] [LOG] undefined @ https://phbidlautdemo.prahu-hub.com/lelang/detaillistLelang/1054:6547
[  184038ms] [LOG] undefined @ https://phbidlautdemo.prahu-hub.com/lelang/detaillistLelang/1054:6547
[  184039ms] [LOG] WebSocket connection @ https://phbidlautdemo.prahu-hub.com/lelang/detaillistLelang/1054:6590
[  184039ms] [LOG] WebSocket connection attempting... @ https://phbidlautdemo.prahu-hub.com/lelang/detaillistLelang/1054:6668
[  184064ms] [TABLE] {UI version: 8.4.1, Core version: 8.4.0, Build: NC8xMi8yMDIyfDRkZTU3MmExYg==, WebViewer Server: false, Full API: false} @ https://phbidlautdemo.prahu-hub.com/_resources/themes/prahutheme/javascript/PDFView/lib/ui/webviewer-ui.min.js:270
[  184162ms] [VERBOSE] [DOM] Password forms should have (optionally hidden) username fields for accessibility: (More info: https://goo.gl/9p2vKq) %o @ https://phbidlautdemo.prahu-hub.com/_resources/themes/prahutheme/javascript/PDFView/lib/ui/index.html#d=%2Fassets%2Fdokumenaanwijzing%2F65%2FAanwijzing-PT.-Primax-Geo-Sejahtera.pdf&a=1&disabledElements=downloadButton%2CprintButton%2ClanguageButton&filepicker=0&pdfnet=0&enableRedaction=0&enableMeasurement=0&pageHistory=1&notesInLeftPanel=0&singleServerMode=false&selectAnnotationOnCreation=0&autoFocusNoteOnAnnotationSelection=1&id=1&basePath=%2Flelang%2FdetaillistLelang%2F1054:0
[  184239ms] [LOG] WebSocket connected @ https://phbidlautdemo.prahu-hub.com/lelang/detaillistLelang/1054:6599
[  184280ms] [LOG] update_dashboard_order_laut @ https://phbidlautdemo.prahu-hub.com/lelang/detaillistLelang/1054:6640
[  184282ms] [LOG] Connected @ https://phbidlautdemo.prahu-hub.com/lelang/detaillistLelang/1054:6640
[  184380ms] [LOG] 200 xhrglobal @ https://phbidlautdemo.prahu-hub.com/lelang/detaillistLelang/1054:6521
[  184388ms] [LOG] 200 xhrglobal @ https://phbidlautdemo.prahu-hub.com/lelang/detaillistLelang/1054:6521
[  184854ms] [LOG] document loaded @ https://phbidlautdemo.prahu-hub.com/lelang/detaillistLelang/1054:5768
[  186043ms] TypeError: $(...).DataTable is not a function
    at https://phbidlautdemo.prahu-hub.com/_resources/themes/prahutheme/js/scripts-init/tables.js:7:23
[  187326ms] Unexpected token '<'
[  187334ms] Cannot use import statement outside a module
[  187351ms] ReferenceError: Chart is not defined
    at https://phbidlautdemo.prahu-hub.com/_resources/themes/prahutheme/js/scripts-init/charts/chartjs.js:8:13
[  187560ms] Unexpected token '<'
[  187561ms] Unexpected token '<'
[  187656ms] Uncaught TypeError: expect element to be DOM Element, but got null
    at n.init (https://cdnjs.cloudflare.com/ajax/libs/smooth-scrollbar/8.5.2/smooth-scrollbar.js:24:264)
    at <anonymous> (https://phbidlautdemo.prahu-hub.com/lelang/detaillistLelang/1053:6194:14)
[  187707ms] [LOG] Pengajuan Lelangnamanya @ https://phbidlautdemo.prahu-hub.com/lelang/detaillistLelang/1053:1877
[  187710ms] [LOG] undefined @ https://phbidlautdemo.prahu-hub.com/lelang/detaillistLelang/1053:6547
[  187711ms] [LOG] undefined @ https://phbidlautdemo.prahu-hub.com/lelang/detaillistLelang/1053:6547
[  187711ms] [LOG] WebSocket connection @ https://phbidlautdemo.prahu-hub.com/lelang/detaillistLelang/1053:6590
[  187711ms] [LOG] WebSocket connection attempting... @ https://phbidlautdemo.prahu-hub.com/lelang/detaillistLelang/1053:6668
[  187733ms] [TABLE] {UI version: 8.4.1, Core version: 8.4.0, Build: NC8xMi8yMDIyfDRkZTU3MmExYg==, WebViewer Server: false, Full API: false} @ https://phbidlautdemo.prahu-hub.com/_resources/themes/prahutheme/javascript/PDFView/lib/ui/webviewer-ui.min.js:270
[  187829ms] [VERBOSE] [DOM] Password forms should have (optionally hidden) username fields for accessibility: (More info: https://goo.gl/9p2vKq) %o @ https://phbidlautdemo.prahu-hub.com/_resources/themes/prahutheme/javascript/PDFView/lib/ui/index.html#d=%2Fassets%2Fdokumenaanwijzing%2F65%2FAanwijzing-PT.-Primax-Geo-Sejahtera.pdf&a=1&disabledElements=downloadButton%2CprintButton%2ClanguageButton&filepicker=0&pdfnet=0&enableRedaction=0&enableMeasurement=0&pageHistory=1&notesInLeftPanel=0&singleServerMode=false&selectAnnotationOnCreation=0&autoFocusNoteOnAnnotationSelection=1&id=1&basePath=%2Flelang%2FdetaillistLelang%2F1053:0
[  187896ms] [LOG] WebSocket connected @ https://phbidlautdemo.prahu-hub.com/lelang/detaillistLelang/1053:6599
[  187930ms] [LOG] update_dashboard_order_laut @ https://phbidlautdemo.prahu-hub.com/lelang/detaillistLelang/1053:6640
[  187933ms] [LOG] Connected @ https://phbidlautdemo.prahu-hub.com/lelang/detaillistLelang/1053:6640
[  187999ms] [LOG] 200 xhrglobal @ https://phbidlautdemo.prahu-hub.com/lelang/detaillistLelang/1053:6521
[  188047ms] [LOG] 200 xhrglobal @ https://phbidlautdemo.prahu-hub.com/lelang/detaillistLelang/1053:6521
[  188433ms] [LOG] document loaded @ https://phbidlautdemo.prahu-hub.com/lelang/detaillistLelang/1053:5768
[  189705ms] TypeError: $(...).DataTable is not a function
    at https://phbidlautdemo.prahu-hub.com/_resources/themes/prahutheme/js/scripts-init/tables.js:7:23
[  190799ms] Unexpected token '<'
[  190806ms] Cannot use import statement outside a module
[  190810ms] ReferenceError: Chart is not defined
    at https://phbidlautdemo.prahu-hub.com/_resources/themes/prahutheme/js/scripts-init/charts/chartjs.js:8:13
[  191107ms] Unexpected token '<'
[  191114ms] Unexpected token '<'
[  191200ms] Uncaught TypeError: expect element to be DOM Element, but got null
    at n.init (https://cdnjs.cloudflare.com/ajax/libs/smooth-scrollbar/8.5.2/smooth-scrollbar.js:24:264)
    at <anonymous> (https://phbidlautdemo.prahu-hub.com/lelang/detaillistLelang/1052:5876:14)
[  191257ms] [LOG] Pengajuan Lelangnamanya @ https://phbidlautdemo.prahu-hub.com/lelang/detaillistLelang/1052:1877
[  191260ms] [LOG] undefined @ https://phbidlautdemo.prahu-hub.com/lelang/detaillistLelang/1052:6229
[  191260ms] [LOG] undefined @ https://phbidlautdemo.prahu-hub.com/lelang/detaillistLelang/1052:6229
[  191261ms] [LOG] WebSocket connection @ https://phbidlautdemo.prahu-hub.com/lelang/detaillistLelang/1052:6272
[  191261ms] [LOG] WebSocket connection attempting... @ https://phbidlautdemo.prahu-hub.com/lelang/detaillistLelang/1052:6350
[  191285ms] [TABLE] {UI version: 8.4.1, Core version: 8.4.0, Build: NC8xMi8yMDIyfDRkZTU3MmExYg==, WebViewer Server: false, Full API: false} @ https://phbidlautdemo.prahu-hub.com/_resources/themes/prahutheme/javascript/PDFView/lib/ui/webviewer-ui.min.js:270
[  191393ms] [VERBOSE] [DOM] Password forms should have (optionally hidden) username fields for accessibility: (More info: https://goo.gl/9p2vKq) %o @ https://phbidlautdemo.prahu-hub.com/_resources/themes/prahutheme/javascript/PDFView/lib/ui/index.html#d=%2Fassets%2Fdokumenaanwijzing%2F65%2FAanwijzing-PT.-Primax-Geo-Sejahtera.pdf&a=1&disabledElements=downloadButton%2CprintButton%2ClanguageButton&filepicker=0&pdfnet=0&enableRedaction=0&enableMeasurement=0&pageHistory=1&notesInLeftPanel=0&singleServerMode=false&selectAnnotationOnCreation=0&autoFocusNoteOnAnnotationSelection=1&id=1&basePath=%2Flelang%2FdetaillistLelang%2F1052:0
[  191471ms] [LOG] WebSocket connected @ https://phbidlautdemo.prahu-hub.com/lelang/detaillistLelang/1052:6281
[  191506ms] [LOG] update_dashboard_order_laut @ https://phbidlautdemo.prahu-hub.com/lelang/detaillistLelang/1052:6322
[  191508ms] [LOG] Connected @ https://phbidlautdemo.prahu-hub.com/lelang/detaillistLelang/1052:6322
[  191578ms] [LOG] 200 xhrglobal @ https://phbidlautdemo.prahu-hub.com/lelang/detaillistLelang/1052:6203
[  191624ms] [LOG] 200 xhrglobal @ https://phbidlautdemo.prahu-hub.com/lelang/detaillistLelang/1052:6203
[  192019ms] [LOG] document loaded @ https://phbidlautdemo.prahu-hub.com/lelang/detaillistLelang/1052:5450
[  193257ms] TypeError: $(...).DataTable is not a function
    at https://phbidlautdemo.prahu-hub.com/_resources/themes/prahutheme/js/scripts-init/tables.js:7:23
[  194352ms] Unexpected token '<'
[  194360ms] Cannot use import statement outside a module
[  194376ms] ReferenceError: Chart is not defined
    at https://phbidlautdemo.prahu-hub.com/_resources/themes/prahutheme/js/scripts-init/charts/chartjs.js:8:13
[  194462ms] Unexpected token '<'
[  194586ms] Unexpected token '<'
[  194645ms] Uncaught TypeError: expect element to be DOM Element, but got null
    at n.init (https://cdnjs.cloudflare.com/ajax/libs/smooth-scrollbar/8.5.2/smooth-scrollbar.js:24:264)
    at <anonymous> (https://phbidlautdemo.prahu-hub.com/lelang/detaillistLelang/1051:5876:14)
[  194685ms] [LOG] Pengajuan Lelangnamanya @ https://phbidlautdemo.prahu-hub.com/lelang/detaillistLelang/1051:1877
[  194689ms] [LOG] undefined @ https://phbidlautdemo.prahu-hub.com/lelang/detaillistLelang/1051:6229
[  194689ms] [LOG] undefined @ https://phbidlautdemo.prahu-hub.com/lelang/detaillistLelang/1051:6229
[  194689ms] [LOG] WebSocket connection @ https://phbidlautdemo.prahu-hub.com/lelang/detaillistLelang/1051:6272
[  194690ms] [LOG] WebSocket connection attempting... @ https://phbidlautdemo.prahu-hub.com/lelang/detaillistLelang/1051:6350
[  194732ms] [TABLE] {UI version: 8.4.1, Core version: 8.4.0, Build: NC8xMi8yMDIyfDRkZTU3MmExYg==, WebViewer Server: false, Full API: false} @ https://phbidlautdemo.prahu-hub.com/_resources/themes/prahutheme/javascript/PDFView/lib/ui/webviewer-ui.min.js:270
[  194824ms] [VERBOSE] [DOM] Password forms should have (optionally hidden) username fields for accessibility: (More info: https://goo.gl/9p2vKq) %o @ https://phbidlautdemo.prahu-hub.com/_resources/themes/prahutheme/javascript/PDFView/lib/ui/index.html#d=%2Fassets%2Fdokumenaanwijzing%2F65%2FAanwijzing-PT.-Primax-Geo-Sejahtera.pdf&a=1&disabledElements=downloadButton%2CprintButton%2ClanguageButton&filepicker=0&pdfnet=0&enableRedaction=0&enableMeasurement=0&pageHistory=1&notesInLeftPanel=0&singleServerMode=false&selectAnnotationOnCreation=0&autoFocusNoteOnAnnotationSelection=1&id=1&basePath=%2Flelang%2FdetaillistLelang%2F1051:0
[  194888ms] [LOG] WebSocket connected @ https://phbidlautdemo.prahu-hub.com/lelang/detaillistLelang/1051:6281
[  194925ms] [LOG] update_dashboard_order_laut @ https://phbidlautdemo.prahu-hub.com/lelang/detaillistLelang/1051:6322
[  194928ms] [LOG] Connected @ https://phbidlautdemo.prahu-hub.com/lelang/detaillistLelang/1051:6322
[  195000ms] [LOG] 200 xhrglobal @ https://phbidlautdemo.prahu-hub.com/lelang/detaillistLelang/1051:6203
[  195037ms] [LOG] 200 xhrglobal @ https://phbidlautdemo.prahu-hub.com/lelang/detaillistLelang/1051:6203
[  195429ms] [LOG] document loaded @ https://phbidlautdemo.prahu-hub.com/lelang/detaillistLelang/1051:5450
[  196698ms] TypeError: $(...).DataTable is not a function
    at https://phbidlautdemo.prahu-hub.com/_resources/themes/prahutheme/js/scripts-init/tables.js:7:23
[  197780ms] Cannot use import statement outside a module
[  197796ms] ReferenceError: Chart is not defined
    at https://phbidlautdemo.prahu-hub.com/_resources/themes/prahutheme/js/scripts-init/charts/chartjs.js:8:13
[  197834ms] Unexpected token '<'
[  197957ms] Unexpected token '<'
[  198085ms] Uncaught TypeError: expect element to be DOM Element, but got null
    at n.init (https://cdnjs.cloudflare.com/ajax/libs/smooth-scrollbar/8.5.2/smooth-scrollbar.js:24:264)
    at <anonymous> (https://phbidlautdemo.prahu-hub.com/home/detailHakAksesbidowner/195:9106:14)
[  198108ms] [LOG] Pengaturan Akunnamanya @ https://phbidlautdemo.prahu-hub.com/home/detailHakAksesbidowner/195:1877
[  198117ms] [LOG] Modul : modul_master_pilih_semua | Nama : lihat_master_jenis_muatan @ https://phbidlautdemo.prahu-hub.com/home/detailHakAksesbidowner/195:8225
[  198120ms] [LOG] Modul : modul_master_pilih_semua | Nama : lihat_daftar_jenis_muatan @ https://phbidlautdemo.prahu-hub.com/home/detailHakAksesbidowner/195:8230
[  198121ms] [LOG] Modul : modul_master_pilih_semua | Nama : tambah_jenis_muatan @ https://phbidlautdemo.prahu-hub.com/home/detailHakAksesbidowner/195:8235
[  198121ms] [LOG] Modul : modul_master_pilih_semua | Nama : edit_jenis_muatan @ https://phbidlautdemo.prahu-hub.com/home/detailHakAksesbidowner/195:8240
[  198122ms] [LOG] Modul : modul_master_pilih_semua | Nama : hapus_jenis_muatan @ https://phbidlautdemo.prahu-hub.com/home/detailHakAksesbidowner/195:8245
[  198123ms] [LOG] Modul : modul_master_pilih_semua | Nama : lihat_master_harga_barang @ https://phbidlautdemo.prahu-hub.com/home/detailHakAksesbidowner/195:8250
[  198124ms] [LOG] Modul : modul_master_pilih_semua | Nama : lihat_daftar_harga_barang @ https://phbidlautdemo.prahu-hub.com/home/detailHakAksesbidowner/195:8255
[  198125ms] [LOG] Modul : modul_master_pilih_semua | Nama : tambah_harga_barang @ https://phbidlautdemo.prahu-hub.com/home/detailHakAksesbidowner/195:8260
[  198125ms] [LOG] Modul : modul_master_pilih_semua | Nama : edit_harga_barang @ https://phbidlautdemo.prahu-hub.com/home/detailHakAksesbidowner/195:8265
[  198126ms] [LOG] Modul : modul_master_pilih_semua | Nama : hapus_harga_barang @ https://phbidlautdemo.prahu-hub.com/home/detailHakAksesbidowner/195:8270
[  198128ms] [LOG] Modul : modul_pengajuan_lelang_pilih_semua | Nama : lihat_daftar_pengajuan_lelang @ https://phbidlautdemo.prahu-hub.com/home/detailHakAksesbidowner/195:8275
[  198130ms] [LOG] Modul : modul_pengajuan_lelang_pilih_semua | Nama : buat_pengajuan_lelang @ https://phbidlautdemo.prahu-hub.com/home/detailHakAksesbidowner/195:8280
[  198131ms] [LOG] Modul : modul_pengajuan_lelang_pilih_semua | Nama : lihat_detail_pengajuan_lelang @ https://phbidlautdemo.prahu-hub.com/home/detailHakAksesbidowner/195:8285
[  198132ms] [LOG] Modul : modul_pengajuan_lelang_pilih_semua | Nama : batalkan_lelang @ https://phbidlautdemo.prahu-hub.com/home/detailHakAksesbidowner/195:8290
[  198133ms] [LOG] Modul : modul_pengajuan_lelang_pilih_semua | Nama : lihat_harga_penawaran @ https://phbidlautdemo.prahu-hub.com/home/detailHakAksesbidowner/195:8295
[  198134ms] [LOG] Modul : modul_pengajuan_lelang_pilih_semua | Nama : history_update_harga @ https://phbidlautdemo.prahu-hub.com/home/detailHakAksesbidowner/195:8300
[  198135ms] [LOG] Modul : modul_pengajuan_lelang_pilih_semua | Nama : harga_tidak_ditampilkan_pengajuan_lelang @ https://phbidlautdemo.prahu-hub.com/home/detailHakAksesbidowner/195:8305
[  198135ms] [LOG] Modul : modul_cari_penawaran_pilih_semua | Nama : cari_hasil_penawaran @ https://phbidlautdemo.prahu-hub.com/home/detailHakAksesbidowner/195:8310
[  198137ms] [LOG] Modul : modul_cari_penawaran_pilih_semua | Nama : export_harga_penawaran @ https://phbidlautdemo.prahu-hub.com/home/detailHakAksesbidowner/195:8315
[  198137ms] [LOG] Modul : modul_cari_penawaran_pilih_semua | Nama : buat_lelang_pengiriman @ https://phbidlautdemo.prahu-hub.com/home/detailHakAksesbidowner/195:8320
[  198138ms] [LOG] Modul : modul_cari_penawaran_pilih_semua | Nama : pesan_cari_penawaran @ https://phbidlautdemo.prahu-hub.com/home/detailHakAksesbidowner/195:8325
[  198138ms] [LOG] Modul : modul_cari_penawaran_pilih_semua | Nama : nego_harga_cari_penawaran @ https://phbidlautdemo.prahu-hub.com/home/detailHakAksesbidowner/195:8330
[  198139ms] [LOG] Modul : modul_cari_penawaran_pilih_semua | Nama : request_jadwal_cari_penawaran @ https://phbidlautdemo.prahu-hub.com/home/detailHakAksesbidowner/195:8335
[  198139ms] [LOG] Modul : modul_pengajuan_lelang_pilih_semua | Nama : minta_update_harga @ https://phbidlautdemo.prahu-hub.com/home/detailHakAksesbidowner/195:8340
[  198140ms] [LOG] Modul : modul_pengajuan_lelang_pilih_semua | Nama : close_request_harga @ https://phbidlautdemo.prahu-hub.com/home/detailHakAksesbidowner/195:8345
[  198141ms] [LOG] Modul : modul_pengajuan_nego_pilih_semua | Nama : lihat_daftar_pengajuan_nego @ https://phbidlautdemo.prahu-hub.com/home/detailHakAksesbidowner/195:8350
[  198142ms] [LOG] Modul : modul_pengajuan_nego_pilih_semua | Nama : lihat_detail_pengajuan_nego @ https://phbidlautdemo.prahu-hub.com/home/detailHakAksesbidowner/195:8355
[  198142ms] [LOG] Modul : modul_pengajuan_nego_pilih_semua | Nama : lihat_riwayat_nego @ https://phbidlautdemo.prahu-hub.com/home/detailHakAksesbidowner/195:8360
[  198143ms] [LOG] Modul : modul_daftar_order_pilih_semua | Nama : lihat_daftar_order @ https://phbidlautdemo.prahu-hub.com/home/detailHakAksesbidowner/195:8365
[  198147ms] [LOG] Modul : modul_daftar_order_pilih_semua | Nama : detail_order @ https://phbidlautdemo.prahu-hub.com/home/detailHakAksesbidowner/195:8370
[  198147ms] [LOG] Modul : modul_daftar_order_pilih_semua | Nama : harga_tidak_ditampilkan_order @ https://phbidlautdemo.prahu-hub.com/home/detailHakAksesbidowner/195:8375
[  198148ms] [LOG] Modul : modul_daftar_order_pilih_semua | Nama : input_muatan @ https://phbidlautdemo.prahu-hub.com/home/detailHakAksesbidowner/195:8380
[  198149ms] [LOG] Modul : modul_daftar_order_pilih_semua | Nama : edit_data_muatan @ https://phbidlautdemo.prahu-hub.com/home/detailHakAksesbidowner/195:8385
[  198149ms] [LOG] Modul : modul_daftar_order_pilih_semua | Nama : input_nomor_referensi @ https://phbidlautdemo.prahu-hub.com/home/detailHakAksesbidowner/195:8390
[  198150ms] [LOG] Modul : modul_daftar_order_pilih_semua | Nama : edit_nomor_referensi @ https://phbidlautdemo.prahu-hub.com/home/detailHakAksesbidowner/195:8395
[  198151ms] [LOG] Modul : modul_daftar_order_pilih_semua | Nama : batal_order @ https://phbidlautdemo.prahu-hub.com/home/detailHakAksesbidowner/195:8400
[  198151ms] [LOG] Modul : modul_daftar_order_pilih_semua | Nama : input_kontrak @ https://phbidlautdemo.prahu-hub.com/home/detailHakAksesbidowner/195:8405
[  198152ms] [LOG] Modul : modul_daftar_order_pilih_semua | Nama : lihat_unit @ https://phbidlautdemo.prahu-hub.com/home/detailHakAksesbidowner/195:8410
[  198153ms] [LOG] Modul : modul_daftar_order_pilih_semua | Nama : download_dokumen @ https://phbidlautdemo.prahu-hub.com/home/detailHakAksesbidowner/195:8415
[  198154ms] [LOG] Modul : modul_daftar_order_pilih_semua | Nama : beri_penilaian_bidder @ https://phbidlautdemo.prahu-hub.com/home/detailHakAksesbidowner/195:8420
[  198154ms] [LOG] Modul : modul_daftar_order_pilih_semua | Nama : download_invoice @ https://phbidlautdemo.prahu-hub.com/home/detailHakAksesbidowner/195:8425
[  198155ms] [LOG] Modul : modul_daftar_order_pilih_semua | Nama : lihat_biaya_tambahan @ https://phbidlautdemo.prahu-hub.com/home/detailHakAksesbidowner/195:8430
[  198156ms] [LOG] Modul : modul_daftar_order_pilih_semua | Nama : injput_biaya_tambahan @ https://phbidlautdemo.prahu-hub.com/home/detailHakAksesbidowner/195:8435
[  198156ms] [LOG] Modul : modul_daftar_order_pilih_semua | Nama : edit_biaya_tambahan @ https://phbidlautdemo.prahu-hub.com/home/detailHakAksesbidowner/195:8440
[  198157ms] [LOG] Modul : modul_daftar_order_pilih_semua | Nama : hapus_biaya_tambahan @ https://phbidlautdemo.prahu-hub.com/home/detailHakAksesbidowner/195:8445
[  198157ms] [LOG] Modul : modul_daftar_order_pilih_semua | Nama : lihat_pemesanan @ https://phbidlautdemo.prahu-hub.com/home/detailHakAksesbidowner/195:8450
[  198158ms] [LOG] Modul : modul_daftar_order_pilih_semua | Nama : lihat_dokumen_packinglist @ https://phbidlautdemo.prahu-hub.com/home/detailHakAksesbidowner/195:8455
[  198159ms] [LOG] Modul : modul_daftar_order_pilih_semua | Nama : download_dokumen_packinglist @ https://phbidlautdemo.prahu-hub.com/home/detailHakAksesbidowner/195:8460
[  198160ms] [LOG] Modul : modul_daftar_order_pilih_semua | Nama : lihat_kontrak @ https://phbidlautdemo.prahu-hub.com/home/detailHakAksesbidowner/195:8465
[  198160ms] [LOG] Modul : modul_daftar_order_pilih_semua | Nama : export_kontrak @ https://phbidlautdemo.prahu-hub.com/home/detailHakAksesbidowner/195:8470
[  198161ms] [LOG] Modul : modul_daftar_order_pilih_semua | Nama : download_dokumen_kontrak @ https://phbidlautdemo.prahu-hub.com/home/detailHakAksesbidowner/195:8475
[  198163ms] [LOG] Modul : modul_daftar_order_pilih_semua | Nama : lihat_data_tracking @ https://phbidlautdemo.prahu-hub.com/home/detailHakAksesbidowner/195:8480
[  198163ms] [LOG] Modul : modul_daftar_order_pilih_semua | Nama : lihat_detail_data_tracking @ https://phbidlautdemo.prahu-hub.com/home/detailHakAksesbidowner/195:8485
[  198164ms] [LOG] Modul : modul_daftar_order_pilih_semua | Nama : lihat_rating @ https://phbidlautdemo.prahu-hub.com/home/detailHakAksesbidowner/195:8490
[  198165ms] [LOG] Modul : modul_cek_jadwal_pelayaran_pilih_semua | Nama : lihat_jadwal_pelayaran @ https://phbidlautdemo.prahu-hub.com/home/detailHakAksesbidowner/195:8495
[  198166ms] [LOG] Modul : modul_laporan_pilih_semua | Nama : lihat_history_lelang @ https://phbidlautdemo.prahu-hub.com/home/detailHakAksesbidowner/195:8500
[  198168ms] [LOG] Modul : modul_laporan_pilih_semua | Nama : detail_export_history_lelang @ https://phbidlautdemo.prahu-hub.com/home/detailHakAksesbidowner/195:8505
[  198168ms] [LOG] Modul : modul_laporan_pilih_semua | Nama : lihat_laporan_logistik @ https://phbidlautdemo.prahu-hub.com/home/detailHakAksesbidowner/195:8510
[  198169ms] [LOG] Modul : modul_laporan_pilih_semua | Nama : detail_laporan_logistik @ https://phbidlautdemo.prahu-hub.com/home/detailHakAksesbidowner/195:8515
[  198170ms] [LOG] Modul : modul_laporan_pilih_semua | Nama : export_excel_laporan_logistik @ https://phbidlautdemo.prahu-hub.com/home/detailHakAksesbidowner/195:8520
[  198170ms] [LOG] Modul : modul_laporan_pilih_semua | Nama : harga_tidak_ditampilkan_laporan @ https://phbidlautdemo.prahu-hub.com/home/detailHakAksesbidowner/195:8525
[  198171ms] [LOG] Modul : modul_dasboard | Nama : lihat_dashboardmonitoring @ https://phbidlautdemo.prahu-hub.com/home/detailHakAksesbidowner/195:8530
[  198172ms] [LOG] Modul : modul_dasboard | Nama : export_excelmonitoring @ https://phbidlautdemo.prahu-hub.com/home/detailHakAksesbidowner/195:8535
[  198173ms] [LOG] Modul : modul_dasboard | Nama : frekuensi_pengiriman @ https://phbidlautdemo.prahu-hub.com/home/detailHakAksesbidowner/195:8540
[  198174ms] [LOG] Modul : modul_dasboard | Nama : lihat_grafikpengiriman @ https://phbidlautdemo.prahu-hub.com/home/detailHakAksesbidowner/195:8545
[  198174ms] [LOG] Modul : modul_dasboard | Nama : lihat_ringkasan_analitik @ https://phbidlautdemo.prahu-hub.com/home/detailHakAksesbidowner/195:8550
[  198175ms] [LOG] Modul : modul_pengaturan_akun_pilih_semua | Nama : lihat_daftar_hak_akses_bidowner @ https://phbidlautdemo.prahu-hub.com/home/detailHakAksesbidowner/195:8555
[  198177ms] [LOG] Modul : modul_pengaturan_akun_pilih_semua | Nama : detail_hak_akses_bidowner @ https://phbidlautdemo.prahu-hub.com/home/detailHakAksesbidowner/195:8560
[  198178ms] [LOG] Modul : modul_pengaturan_akun_pilih_semua | Nama : lihat_daftar_sub_user_bidowner @ https://phbidlautdemo.prahu-hub.com/home/detailHakAksesbidowner/195:8565
[  198179ms] [LOG] Modul : modul_pengaturan_akun_pilih_semua | Nama : tambah_sub_user_bidowner @ https://phbidlautdemo.prahu-hub.com/home/detailHakAksesbidowner/195:8570
[  198180ms] [LOG] Modul : modul_pengaturan_akun_pilih_semua | Nama : detail_sub_user_bidowner @ https://phbidlautdemo.prahu-hub.com/home/detailHakAksesbidowner/195:8575
[  198181ms] [LOG] Modul : modul_pengaturan_akun_pilih_semua | Nama : edit_sub_user_bidowner @ https://phbidlautdemo.prahu-hub.com/home/detailHakAksesbidowner/195:8580
[  198181ms] [LOG] Modul : modul_pengaturan_akun_pilih_semua | Nama : hapus_sub_user_bidowner @ https://phbidlautdemo.prahu-hub.com/home/detailHakAksesbidowner/195:8585
[  198182ms] [LOG] Modul : modul_preference_subuser_pilih_semua | Nama : daftar_preference_notif_subuser @ https://phbidlautdemo.prahu-hub.com/home/detailHakAksesbidowner/195:8590
[  198183ms] [LOG] Modul : modul_notifikasi_pilih_semua | Nama : nego_diterima_sistem_sub @ https://phbidlautdemo.prahu-hub.com/home/detailHakAksesbidowner/195:8595
[  198185ms] [LOG] Modul : modul_notifikasi_pilih_semua | Nama : nego_ditolak_sistem_sub @ https://phbidlautdemo.prahu-hub.com/home/detailHakAksesbidowner/195:8600
[  198186ms] [LOG] Modul : modul_notifikasi_pilih_semua | Nama : nego_dicounter_sistem_sub @ https://phbidlautdemo.prahu-hub.com/home/detailHakAksesbidowner/195:8605
[  198186ms] [LOG] Modul : modul_notifikasi_pilih_semua | Nama : perjanjian_pengiriman_diterima_sistem_sub @ https://phbidlautdemo.prahu-hub.com/home/detailHakAksesbidowner/195:8610
[  198187ms] [LOG] Modul : modul_notifikasi_pilih_semua | Nama : perjanjian_pengiriman_ditolak_sistem_sub @ https://phbidlautdemo.prahu-hub.com/home/detailHakAksesbidowner/195:8615
[  198187ms] [LOG] Modul : modul_notifikasi_pilih_semua | Nama : kelengkapan_data_unit_sistem_sub @ https://phbidlautdemo.prahu-hub.com/home/detailHakAksesbidowner/195:8620
[  198188ms] [LOG] Modul : modul_notifikasi_pilih_semua | Nama : perubahan_jadwal_sistem_sub @ https://phbidlautdemo.prahu-hub.com/home/detailHakAksesbidowner/195:8625
[  198189ms] [LOG] Modul : modul_notifikasi_pilih_semua | Nama : stuffing_sistem_sub @ https://phbidlautdemo.prahu-hub.com/home/detailHakAksesbidowner/195:8630
[  198190ms] [LOG] Modul : modul_notifikasi_pilih_semua | Nama : kapal_berlayar_sistem_sub @ https://phbidlautdemo.prahu-hub.com/home/detailHakAksesbidowner/195:8635
[  198190ms] [LOG] Modul : modul_notifikasi_pilih_semua | Nama : kapal_sandar_sistem_sub @ https://phbidlautdemo.prahu-hub.com/home/detailHakAksesbidowner/195:8640
[  198191ms] [LOG] Modul : modul_notifikasi_pilih_semua | Nama : rencana_dooring_sistem_sub @ https://phbidlautdemo.prahu-hub.com/home/detailHakAksesbidowner/195:8645
[  198192ms] [LOG] Modul : modul_notifikasi_pilih_semua | Nama : dooring_sistem_sub @ https://phbidlautdemo.prahu-hub.com/home/detailHakAksesbidowner/195:8650
[  198192ms] [LOG] Modul : modul_notifikasi_pilih_semua | Nama : surat_jalan_sistem_sub @ https://phbidlautdemo.prahu-hub.com/home/detailHakAksesbidowner/195:8655
[  198193ms] [LOG] Modul : modul_notifikasi_pilih_semua | Nama : jadwal_tersedia_sistem_sub @ https://phbidlautdemo.prahu-hub.com/home/detailHakAksesbidowner/195:8660
[  198194ms] [LOG] Modul : modul_notifikasi_pilih_semua | Nama : notifikasi_perjanjian_pengiriman_diterima_bcc @ https://phbidlautdemo.prahu-hub.com/home/detailHakAksesbidowner/195:8665
[  198195ms] [LOG] Modul : modul_notifikasi_pilih_semua | Nama : notifikasi_perjanjian_pengiriman_ditolak_bcc @ https://phbidlautdemo.prahu-hub.com/home/detailHakAksesbidowner/195:8670
[  198197ms] [LOG] Modul : modul_notifikasi_pilih_semua | Nama : notifikasi_kelengkapan_data_unit_bcc @ https://phbidlautdemo.prahu-hub.com/home/detailHakAksesbidowner/195:8675
[  198197ms] [LOG] Modul : modul_notifikasi_pilih_semua | Nama : notifikasi_perubahan_jadwal_bcc @ https://phbidlautdemo.prahu-hub.com/home/detailHakAksesbidowner/195:8680
[  198198ms] [LOG] Modul : modul_notifikasi_pilih_semua | Nama : harga_tidak_ditampilkan_notifikasi_email_bcc @ https://phbidlautdemo.prahu-hub.com/home/detailHakAksesbidowner/195:8685
[  198203ms] [LOG] undefined @ https://phbidlautdemo.prahu-hub.com/home/detailHakAksesbidowner/195:9459
[  198203ms] [LOG] undefined @ https://phbidlautdemo.prahu-hub.com/home/detailHakAksesbidowner/195:9459
[  198203ms] [LOG] undefined @ https://phbidlautdemo.prahu-hub.com/home/detailHakAksesbidowner/195:9459
[  198203ms] [LOG] undefined @ https://phbidlautdemo.prahu-hub.com/home/detailHakAksesbidowner/195:9459
[  198203ms] [LOG] undefined @ https://phbidlautdemo.prahu-hub.com/home/detailHakAksesbidowner/195:9459
[  198203ms] [LOG] undefined @ https://phbidlautdemo.prahu-hub.com/home/detailHakAksesbidowner/195:9459
[  198203ms] [LOG] undefined @ https://phbidlautdemo.prahu-hub.com/home/detailHakAksesbidowner/195:9459
[  198203ms] [LOG] undefined @ https://phbidlautdemo.prahu-hub.com/home/detailHakAksesbidowner/195:9459
[  198203ms] [LOG] undefined @ https://phbidlautdemo.prahu-hub.com/home/detailHakAksesbidowner/195:9459
[  198204ms] [LOG] undefined @ https://phbidlautdemo.prahu-hub.com/home/detailHakAksesbidowner/195:9459
[  198204ms] [LOG] undefined @ https://phbidlautdemo.prahu-hub.com/home/detailHakAksesbidowner/195:9459
[  198204ms] [LOG] undefined @ https://phbidlautdemo.prahu-hub.com/home/detailHakAksesbidowner/195:9459
[  198204ms] [LOG] undefined @ https://phbidlautdemo.prahu-hub.com/home/detailHakAksesbidowner/195:9459
[  198204ms] [LOG] undefined @ https://phbidlautdemo.prahu-hub.com/home/detailHakAksesbidowner/195:9459
[  198204ms] [LOG] undefined @ https://phbidlautdemo.prahu-hub.com/home/detailHakAksesbidowner/195:9459
[  198204ms] [LOG] undefined @ https://phbidlautdemo.prahu-hub.com/home/detailHakAksesbidowner/195:9459
[  198204ms] [LOG] undefined @ https://phbidlautdemo.prahu-hub.com/home/detailHakAksesbidowner/195:9459
[  198204ms] [LOG] undefined @ https://phbidlautdemo.prahu-hub.com/home/detailHakAksesbidowner/195:9459
[  198205ms] [LOG] undefined @ https://phbidlautdemo.prahu-hub.com/home/detailHakAksesbidowner/195:9459
[  198205ms] [LOG] undefined @ https://phbidlautdemo.prahu-hub.com/home/detailHakAksesbidowner/195:9459
[  198205ms] [LOG] undefined @ https://phbidlautdemo.prahu-hub.com/home/detailHakAksesbidowner/195:9459
[  198205ms] [LOG] undefined @ https://phbidlautdemo.prahu-hub.com/home/detailHakAksesbidowner/195:9459
[  198205ms] [LOG] undefined @ https://phbidlautdemo.prahu-hub.com/home/detailHakAksesbidowner/195:9459
[  198205ms] [LOG] undefined @ https://phbidlautdemo.prahu-hub.com/home/detailHakAksesbidowner/195:9459
[  198205ms] [LOG] undefined @ https://phbidlautdemo.prahu-hub.com/home/detailHakAksesbidowner/195:9459
[  198205ms] [LOG] undefined @ https://phbidlautdemo.prahu-hub.com/home/detailHakAksesbidowner/195:9459
[  198205ms] [LOG] undefined @ https://phbidlautdemo.prahu-hub.com/home/detailHakAksesbidowner/195:9459
[  198206ms] [LOG] undefined @ https://phbidlautdemo.prahu-hub.com/home/detailHakAksesbidowner/195:9459
[  198206ms] [LOG] undefined @ https://phbidlautdemo.prahu-hub.com/home/detailHakAksesbidowner/195:9459
[  198206ms] [LOG] undefined @ https://phbidlautdemo.prahu-hub.com/home/detailHakAksesbidowner/195:9459
[  198206ms] [LOG] undefined @ https://phbidlautdemo.prahu-hub.com/home/detailHakAksesbidowner/195:9459
[  198206ms] [LOG] undefined @ https://phbidlautdemo.prahu-hub.com/home/detailHakAksesbidowner/195:9459
[  198206ms] [LOG] undefined @ https://phbidlautdemo.prahu-hub.com/home/detailHakAksesbidowner/195:9459
[  198206ms] [LOG] undefined @ https://phbidlautdemo.prahu-hub.com/home/detailHakAksesbidowner/195:9459
[  198206ms] [LOG] undefined @ https://phbidlautdemo.prahu-hub.com/home/detailHakAksesbidowner/195:9459
[  198206ms] [LOG] undefined @ https://phbidlautdemo.prahu-hub.com/home/detailHakAksesbidowner/195:9459
[  198207ms] [LOG] undefined @ https://phbidlautdemo.prahu-hub.com/home/detailHakAksesbidowner/195:9459
[  198207ms] [LOG] undefined @ https://phbidlautdemo.prahu-hub.com/home/detailHakAksesbidowner/195:9459
[  198207ms] [LOG] undefined @ https://phbidlautdemo.prahu-hub.com/home/detailHakAksesbidowner/195:9459
[  198207ms] [LOG] undefined @ https://phbidlautdemo.prahu-hub.com/home/detailHakAksesbidowner/195:9459
[  198207ms] [LOG] undefined @ https://phbidlautdemo.prahu-hub.com/home/detailHakAksesbidowner/195:9459
[  198207ms] [LOG] undefined @ https://phbidlautdemo.prahu-hub.com/home/detailHakAksesbidowner/195:9459
[  198208ms] [LOG] undefined @ https://phbidlautdemo.prahu-hub.com/home/detailHakAksesbidowner/195:9459
[  198208ms] [LOG] undefined @ https://phbidlautdemo.prahu-hub.com/home/detailHakAksesbidowner/195:9459
[  198208ms] [LOG] undefined @ https://phbidlautdemo.prahu-hub.com/home/detailHakAksesbidowner/195:9459
[  198208ms] [LOG] undefined @ https://phbidlautdemo.prahu-hub.com/home/detailHakAksesbidowner/195:9459
[  198208ms] [LOG] undefined @ https://phbidlautdemo.prahu-hub.com/home/detailHakAksesbidowner/195:9459
[  198208ms] [LOG] undefined @ https://phbidlautdemo.prahu-hub.com/home/detailHakAksesbidowner/195:9459
[  198209ms] [LOG] undefined @ https://phbidlautdemo.prahu-hub.com/home/detailHakAksesbidowner/195:9459
[  198209ms] [LOG] undefined @ https://phbidlautdemo.prahu-hub.com/home/detailHakAksesbidowner/195:9459
[  198209ms] [LOG] undefined @ https://phbidlautdemo.prahu-hub.com/home/detailHakAksesbidowner/195:9459
[  198209ms] [LOG] undefined @ https://phbidlautdemo.prahu-hub.com/home/detailHakAksesbidowner/195:9459
[  198209ms] [LOG] undefined @ https://phbidlautdemo.prahu-hub.com/home/detailHakAksesbidowner/195:9459
[  198209ms] [LOG] undefined @ https://phbidlautdemo.prahu-hub.com/home/detailHakAksesbidowner/195:9459
[  198210ms] [LOG] undefined @ https://phbidlautdemo.prahu-hub.com/home/detailHakAksesbidowner/195:9459
[  198210ms] [LOG] undefined @ https://phbidlautdemo.prahu-hub.com/home/detailHakAksesbidowner/195:9459
[  198210ms] [LOG] undefined @ https://phbidlautdemo.prahu-hub.com/home/detailHakAksesbidowner/195:9459
[  198210ms] [LOG] undefined @ https://phbidlautdemo.prahu-hub.com/home/detailHakAksesbidowner/195:9459
[  198210ms] [LOG] undefined @ https://phbidlautdemo.prahu-hub.com/home/detailHakAksesbidowner/195:9459
[  198210ms] [LOG] undefined @ https://phbidlautdemo.prahu-hub.com/home/detailHakAksesbidowner/195:9459
[  198210ms] [LOG] undefined @ https://phbidlautdemo.prahu-hub.com/home/detailHakAksesbidowner/195:9459
[  198210ms] [LOG] undefined @ https://phbidlautdemo.prahu-hub.com/home/detailHakAksesbidowner/195:9459
[  198211ms] [LOG] undefined @ https://phbidlautdemo.prahu-hub.com/home/detailHakAksesbidowner/195:9459
[  198211ms] [LOG] undefined @ https://phbidlautdemo.prahu-hub.com/home/detailHakAksesbidowner/195:9459
[  198211ms] [LOG] undefined @ https://phbidlautdemo.prahu-hub.com/home/detailHakAksesbidowner/195:9459
[  198212ms] [LOG] undefined @ https://phbidlautdemo.prahu-hub.com/home/detailHakAksesbidowner/195:9459
[  198212ms] [LOG] undefined @ https://phbidlautdemo.prahu-hub.com/home/detailHakAksesbidowner/195:9459
[  198212ms] [LOG] undefined @ https://phbidlautdemo.prahu-hub.com/home/detailHakAksesbidowner/195:9459
[  198212ms] [LOG] undefined @ https://phbidlautdemo.prahu-hub.com/home/detailHakAksesbidowner/195:9459
[  198212ms] [LOG] undefined @ https://phbidlautdemo.prahu-hub.com/home/detailHakAksesbidowner/195:9459
[  198212ms] [LOG] undefined @ https://phbidlautdemo.prahu-hub.com/home/detailHakAksesbidowner/195:9459
[  198213ms] [LOG] undefined @ https://phbidlautdemo.prahu-hub.com/home/detailHakAksesbidowner/195:9459
[  198213ms] [LOG] undefined @ https://phbidlautdemo.prahu-hub.com/home/detailHakAksesbidowner/195:9459
[  198213ms] [LOG] undefined @ https://phbidlautdemo.prahu-hub.com/home/detailHakAksesbidowner/195:9459
[  198213ms] [LOG] undefined @ https://phbidlautdemo.prahu-hub.com/home/detailHakAksesbidowner/195:9459
[  198213ms] [LOG] undefined @ https://phbidlautdemo.prahu-hub.com/home/detailHakAksesbidowner/195:9459
[  198213ms] [LOG] undefined @ https://phbidlautdemo.prahu-hub.com/home/detailHakAksesbidowner/195:9459
[  198213ms] [LOG] undefined @ https://phbidlautdemo.prahu-hub.com/home/detailHakAksesbidowner/195:9459
[  198213ms] [LOG] undefined @ https://phbidlautdemo.prahu-hub.com/home/detailHakAksesbidowner/195:9459
[  198214ms] [LOG] undefined @ https://phbidlautdemo.prahu-hub.com/home/detailHakAksesbidowner/195:9459
[  198214ms] [LOG] undefined @ https://phbidlautdemo.prahu-hub.com/home/detailHakAksesbidowner/195:9459
[  198214ms] [LOG] undefined @ https://phbidlautdemo.prahu-hub.com/home/detailHakAksesbidowner/195:9459
[  198214ms] [LOG] undefined @ https://phbidlautdemo.prahu-hub.com/home/detailHakAksesbidowner/195:9459
[  198214ms] [LOG] undefined @ https://phbidlautdemo.prahu-hub.com/home/detailHakAksesbidowner/195:9459
[  198214ms] [LOG] undefined @ https://phbidlautdemo.prahu-hub.com/home/detailHakAksesbidowner/195:9459
[  198214ms] [LOG] undefined @ https://phbidlautdemo.prahu-hub.com/home/detailHakAksesbidowner/195:9459
[  198214ms] [LOG] undefined @ https://phbidlautdemo.prahu-hub.com/home/detailHakAksesbidowner/195:9459
[  198214ms] [LOG] undefined @ https://phbidlautdemo.prahu-hub.com/home/detailHakAksesbidowner/195:9459
[  198214ms] [LOG] undefined @ https://phbidlautdemo.prahu-hub.com/home/detailHakAksesbidowner/195:9459
[  198214ms] [LOG] undefined @ https://phbidlautdemo.prahu-hub.com/home/detailHakAksesbidowner/195:9459
[  198214ms] [LOG] undefined @ https://phbidlautdemo.prahu-hub.com/home/detailHakAksesbidowner/195:9459
[  198214ms] [LOG] undefined @ https://phbidlautdemo.prahu-hub.com/home/detailHakAksesbidowner/195:9459
[  198214ms] [LOG] undefined @ https://phbidlautdemo.prahu-hub.com/home/detailHakAksesbidowner/195:9459
[  198215ms] [LOG] undefined @ https://phbidlautdemo.prahu-hub.com/home/detailHakAksesbidowner/195:9459
[  198215ms] [LOG] undefined @ https://phbidlautdemo.prahu-hub.com/home/detailHakAksesbidowner/195:9459
[  198215ms] [LOG] undefined @ https://phbidlautdemo.prahu-hub.com/home/detailHakAksesbidowner/195:9459
[  198215ms] [LOG] undefined @ https://phbidlautdemo.prahu-hub.com/home/detailHakAksesbidowner/195:9459
[  198215ms] [LOG] undefined @ https://phbidlautdemo.prahu-hub.com/home/detailHakAksesbidowner/195:9459
[  198215ms] [LOG] undefined @ https://phbidlautdemo.prahu-hub.com/home/detailHakAksesbidowner/195:9459
[  198215ms] [LOG] undefined @ https://phbidlautdemo.prahu-hub.com/home/detailHakAksesbidowner/195:9459
[  198216ms] [LOG] undefined @ https://phbidlautdemo.prahu-hub.com/home/detailHakAksesbidowner/195:9459
[  198216ms] [LOG] undefined @ https://phbidlautdemo.prahu-hub.com/home/detailHakAksesbidowner/195:9459
[  198216ms] [LOG] undefined @ https://phbidlautdemo.prahu-hub.com/home/detailHakAksesbidowner/195:9459
[  198216ms] [LOG] undefined @ https://phbidlautdemo.prahu-hub.com/home/detailHakAksesbidowner/195:9459
[  198216ms] [LOG] undefined @ https://phbidlautdemo.prahu-hub.com/home/detailHakAksesbidowner/195:9459
[  198216ms] [LOG] undefined @ https://phbidlautdemo.prahu-hub.com/home/detailHakAksesbidowner/195:9459
[  198216ms] [LOG] undefined @ https://phbidlautdemo.prahu-hub.com/home/detailHakAksesbidowner/195:9459
[  198217ms] [LOG] undefined @ https://phbidlautdemo.prahu-hub.com/home/detailHakAksesbidowner/195:9459
[  198217ms] [LOG] undefined @ https://phbidlautdemo.prahu-hub.com/home/detailHakAksesbidowner/195:9459
[  198217ms] [LOG] undefined @ https://phbidlautdemo.prahu-hub.com/home/detailHakAksesbidowner/195:9459
[  198217ms] [LOG] undefined @ https://phbidlautdemo.prahu-hub.com/home/detailHakAksesbidowner/195:9459
[  198217ms] [LOG] undefined @ https://phbidlautdemo.prahu-hub.com/home/detailHakAksesbidowner/195:9459
[  198217ms] [LOG] undefined @ https://phbidlautdemo.prahu-hub.com/home/detailHakAksesbidowner/195:9459
[  198217ms] [LOG] undefined @ https://phbidlautdemo.prahu-hub.com/home/detailHakAksesbidowner/195:9459
[  198217ms] [LOG] undefined @ https://phbidlautdemo.prahu-hub.com/home/detailHakAksesbidowner/195:9459
[  198218ms] [LOG] undefined @ https://phbidlautdemo.prahu-hub.com/home/detailHakAksesbidowner/195:9459
[  198218ms] [LOG] undefined @ https://phbidlautdemo.prahu-hub.com/home/detailHakAksesbidowner/195:9459
[  198218ms] [LOG] undefined @ https://phbidlautdemo.prahu-hub.com/home/detailHakAksesbidowner/195:9459
[  198218ms] [LOG] undefined @ https://phbidlautdemo.prahu-hub.com/home/detailHakAksesbidowner/195:9459
[  198218ms] [LOG] undefined @ https://phbidlautdemo.prahu-hub.com/home/detailHakAksesbidowner/195:9459
[  198218ms] [LOG] undefined @ https://phbidlautdemo.prahu-hub.com/home/detailHakAksesbidowner/195:9459
[  198218ms] [LOG] undefined @ https://phbidlautdemo.prahu-hub.com/home/detailHakAksesbidowner/195:9459
[  198219ms] [LOG] undefined @ https://phbidlautdemo.prahu-hub.com/home/detailHakAksesbidowner/195:9459
[  198219ms] [LOG] undefined @ https://phbidlautdemo.prahu-hub.com/home/detailHakAksesbidowner/195:9459
[  198219ms] [LOG] undefined @ https://phbidlautdemo.prahu-hub.com/home/detailHakAksesbidowner/195:9459
[  198219ms] [LOG] undefined @ https://phbidlautdemo.prahu-hub.com/home/detailHakAksesbidowner/195:9459
[  198219ms] [LOG] undefined @ https://phbidlautdemo.prahu-hub.com/home/detailHakAksesbidowner/195:9459
[  198219ms] [LOG] undefined @ https://phbidlautdemo.prahu-hub.com/home/detailHakAksesbidowner/195:9459
[  198219ms] [LOG] undefined @ https://phbidlautdemo.prahu-hub.com/home/detailHakAksesbidowner/195:9459
[  198219ms] [LOG] undefined @ https://phbidlautdemo.prahu-hub.com/home/detailHakAksesbidowner/195:9459
[  198219ms] [LOG] undefined @ https://phbidlautdemo.prahu-hub.com/home/detailHakAksesbidowner/195:9459
[  198219ms] [LOG] undefined @ https://phbidlautdemo.prahu-hub.com/home/detailHakAksesbidowner/195:9459
[  198220ms] [LOG] undefined @ https://phbidlautdemo.prahu-hub.com/home/detailHakAksesbidowner/195:9459
[  198220ms] [LOG] undefined @ https://phbidlautdemo.prahu-hub.com/home/detailHakAksesbidowner/195:9459
[  198220ms] [LOG] undefined @ https://phbidlautdemo.prahu-hub.com/home/detailHakAksesbidowner/195:9459
[  198220ms] [LOG] undefined @ https://phbidlautdemo.prahu-hub.com/home/detailHakAksesbidowner/195:9459
[  198220ms] [LOG] undefined @ https://phbidlautdemo.prahu-hub.com/home/detailHakAksesbidowner/195:9459
[  198220ms] [LOG] undefined @ https://phbidlautdemo.prahu-hub.com/home/detailHakAksesbidowner/195:9459
[  198220ms] [LOG] undefined @ https://phbidlautdemo.prahu-hub.com/home/detailHakAksesbidowner/195:9459
[  198220ms] [LOG] undefined @ https://phbidlautdemo.prahu-hub.com/home/detailHakAksesbidowner/195:9459
[  198220ms] [LOG] undefined @ https://phbidlautdemo.prahu-hub.com/home/detailHakAksesbidowner/195:9459
[  198220ms] [LOG] undefined @ https://phbidlautdemo.prahu-hub.com/home/detailHakAksesbidowner/195:9459
[  198220ms] [LOG] undefined @ https://phbidlautdemo.prahu-hub.com/home/detailHakAksesbidowner/195:9459
[  198221ms] [LOG] undefined @ https://phbidlautdemo.prahu-hub.com/home/detailHakAksesbidowner/195:9459
[  198221ms] [LOG] undefined @ https://phbidlautdemo.prahu-hub.com/home/detailHakAksesbidowner/195:9459
[  198221ms] [LOG] undefined @ https://phbidlautdemo.prahu-hub.com/home/detailHakAksesbidowner/195:9459
[  198221ms] [LOG] undefined @ https://phbidlautdemo.prahu-hub.com/home/detailHakAksesbidowner/195:9459
[  198221ms] [LOG] undefined @ https://phbidlautdemo.prahu-hub.com/home/detailHakAksesbidowner/195:9459
[  198221ms] [LOG] undefined @ https://phbidlautdemo.prahu-hub.com/home/detailHakAksesbidowner/195:9459
[  198221ms] [LOG] undefined @ https://phbidlautdemo.prahu-hub.com/home/detailHakAksesbidowner/195:9459
[  198221ms] [LOG] undefined @ https://phbidlautdemo.prahu-hub.com/home/detailHakAksesbidowner/195:9459
[  198221ms] [LOG] undefined @ https://phbidlautdemo.prahu-hub.com/home/detailHakAksesbidowner/195:9459
[  198221ms] [LOG] undefined @ https://phbidlautdemo.prahu-hub.com/home/detailHakAksesbidowner/195:9459
[  198222ms] [LOG] undefined @ https://phbidlautdemo.prahu-hub.com/home/detailHakAksesbidowner/195:9459
[  198222ms] [LOG] undefined @ https://phbidlautdemo.prahu-hub.com/home/detailHakAksesbidowner/195:9459
[  198222ms] [LOG] undefined @ https://phbidlautdemo.prahu-hub.com/home/detailHakAksesbidowner/195:9459
[  198222ms] [LOG] undefined @ https://phbidlautdemo.prahu-hub.com/home/detailHakAksesbidowner/195:9459
[  198222ms] [LOG] undefined @ https://phbidlautdemo.prahu-hub.com/home/detailHakAksesbidowner/195:9459
[  198222ms] [LOG] undefined @ https://phbidlautdemo.prahu-hub.com/home/detailHakAksesbidowner/195:9459
[  198222ms] [LOG] undefined @ https://phbidlautdemo.prahu-hub.com/home/detailHakAksesbidowner/195:9459
[  198222ms] [LOG] undefined @ https://phbidlautdemo.prahu-hub.com/home/detailHakAksesbidowner/195:9459
[  198222ms] [LOG] undefined @ https://phbidlautdemo.prahu-hub.com/home/detailHakAksesbidowner/195:9459
[  198223ms] [LOG] undefined @ https://phbidlautdemo.prahu-hub.com/home/detailHakAksesbidowner/195:9459
[  198223ms] [LOG] undefined @ https://phbidlautdemo.prahu-hub.com/home/detailHakAksesbidowner/195:9459
[  198223ms] [LOG] undefined @ https://phbidlautdemo.prahu-hub.com/home/detailHakAksesbidowner/195:9459
[  198223ms] [LOG] undefined @ https://phbidlautdemo.prahu-hub.com/home/detailHakAksesbidowner/195:9459
[  198223ms] [LOG] undefined @ https://phbidlautdemo.prahu-hub.com/home/detailHakAksesbidowner/195:9459
[  198223ms] [LOG] undefined @ https://phbidlautdemo.prahu-hub.com/home/detailHakAksesbidowner/195:9459
[  198223ms] [LOG] undefined @ https://phbidlautdemo.prahu-hub.com/home/detailHakAksesbidowner/195:9459
[  198224ms] [LOG] undefined @ https://phbidlautdemo.prahu-hub.com/home/detailHakAksesbidowner/195:9459
[  198224ms] [LOG] undefined @ https://phbidlautdemo.prahu-hub.com/home/detailHakAksesbidowner/195:9459
[  198224ms] [LOG] undefined @ https://phbidlautdemo.prahu-hub.com/home/detailHakAksesbidowner/195:9459
[  198224ms] [LOG] undefined @ https://phbidlautdemo.prahu-hub.com/home/detailHakAksesbidowner/195:9459
[  198224ms] [LOG] undefined @ https://phbidlautdemo.prahu-hub.com/home/detailHakAksesbidowner/195:9459
[  198224ms] [LOG] undefined @ https://phbidlautdemo.prahu-hub.com/home/detailHakAksesbidowner/195:9459
[  198224ms] [LOG] undefined @ https://phbidlautdemo.prahu-hub.com/home/detailHakAksesbidowner/195:9459
[  198224ms] [LOG] undefined @ https://phbidlautdemo.prahu-hub.com/home/detailHakAksesbidowner/195:9459
[  198224ms] [LOG] undefined @ https://phbidlautdemo.prahu-hub.com/home/detailHakAksesbidowner/195:9459
[  198224ms] [LOG] undefined @ https://phbidlautdemo.prahu-hub.com/home/detailHakAksesbidowner/195:9459
[  198225ms] [LOG] undefined @ https://phbidlautdemo.prahu-hub.com/home/detailHakAksesbidowner/195:9459
[  198225ms] [LOG] undefined @ https://phbidlautdemo.prahu-hub.com/home/detailHakAksesbidowner/195:9459
[  198225ms] [LOG] undefined @ https://phbidlautdemo.prahu-hub.com/home/detailHakAksesbidowner/195:9459
[  198225ms] [LOG] undefined @ https://phbidlautdemo.prahu-hub.com/home/detailHakAksesbidowner/195:9459
[  198225ms] [LOG] undefined @ https://phbidlautdemo.prahu-hub.com/home/detailHakAksesbidowner/195:9459
[  198225ms] [LOG] undefined @ https://phbidlautdemo.prahu-hub.com/home/detailHakAksesbidowner/195:9459
[  198225ms] [LOG] undefined @ https://phbidlautdemo.prahu-hub.com/home/detailHakAksesbidowner/195:9459
[  198225ms] [LOG] undefined @ https://phbidlautdemo.prahu-hub.com/home/detailHakAksesbidowner/195:9459
[  198225ms] [LOG] undefined @ https://phbidlautdemo.prahu-hub.com/home/detailHakAksesbidowner/195:9459
[  198226ms] [LOG] undefined @ https://phbidlautdemo.prahu-hub.com/home/detailHakAksesbidowner/195:9459
[  198226ms] [LOG] undefined @ https://phbidlautdemo.prahu-hub.com/home/detailHakAksesbidowner/195:9459
[  198226ms] [LOG] undefined @ https://phbidlautdemo.prahu-hub.com/home/detailHakAksesbidowner/195:9459
[  198226ms] [LOG] undefined @ https://phbidlautdemo.prahu-hub.com/home/detailHakAksesbidowner/195:9459
[  198226ms] [LOG] undefined @ https://phbidlautdemo.prahu-hub.com/home/detailHakAksesbidowner/195:9459
[  198226ms] [LOG] undefined @ https://phbidlautdemo.prahu-hub.com/home/detailHakAksesbidowner/195:9459
[  198226ms] [LOG] undefined @ https://phbidlautdemo.prahu-hub.com/home/detailHakAksesbidowner/195:9459
[  198226ms] [LOG] undefined @ https://phbidlautdemo.prahu-hub.com/home/detailHakAksesbidowner/195:9459
[  198226ms] [LOG] undefined @ https://phbidlautdemo.prahu-hub.com/home/detailHakAksesbidowner/195:9459
[  198227ms] [LOG] undefined @ https://phbidlautdemo.prahu-hub.com/home/detailHakAksesbidowner/195:9459
[  198227ms] [LOG] undefined @ https://phbidlautdemo.prahu-hub.com/home/detailHakAksesbidowner/195:9459
[  198227ms] [LOG] undefined @ https://phbidlautdemo.prahu-hub.com/home/detailHakAksesbidowner/195:9459
[  198227ms] [LOG] undefined @ https://phbidlautdemo.prahu-hub.com/home/detailHakAksesbidowner/195:9459
[  198227ms] [LOG] undefined @ https://phbidlautdemo.prahu-hub.com/home/detailHakAksesbidowner/195:9459
[  198227ms] [LOG] undefined @ https://phbidlautdemo.prahu-hub.com/home/detailHakAksesbidowner/195:9459
[  198227ms] [LOG] undefined @ https://phbidlautdemo.prahu-hub.com/home/detailHakAksesbidowner/195:9459
[  198227ms] [LOG] undefined @ https://phbidlautdemo.prahu-hub.com/home/detailHakAksesbidowner/195:9459
[  198228ms] [LOG] undefined @ https://phbidlautdemo.prahu-hub.com/home/detailHakAksesbidowner/195:9459
[  198228ms] [LOG] undefined @ https://phbidlautdemo.prahu-hub.com/home/detailHakAksesbidowner/195:9459
[  198228ms] [LOG] undefined @ https://phbidlautdemo.prahu-hub.com/home/detailHakAksesbidowner/195:9459
[  198229ms] [LOG] undefined @ https://phbidlautdemo.prahu-hub.com/home/detailHakAksesbidowner/195:9459
[  198229ms] [LOG] undefined @ https://phbidlautdemo.prahu-hub.com/home/detailHakAksesbidowner/195:9459
[  198229ms] [LOG] undefined @ https://phbidlautdemo.prahu-hub.com/home/detailHakAksesbidowner/195:9459
[  198229ms] [LOG] undefined @ https://phbidlautdemo.prahu-hub.com/home/detailHakAksesbidowner/195:9459
[  198229ms] [LOG] undefined @ https://phbidlautdemo.prahu-hub.com/home/detailHakAksesbidowner/195:9459
[  198229ms] [LOG] undefined @ https://phbidlautdemo.prahu-hub.com/home/detailHakAksesbidowner/195:9459
[  198230ms] [LOG] undefined @ https://phbidlautdemo.prahu-hub.com/home/detailHakAksesbidowner/195:9459
[  198230ms] [LOG] undefined @ https://phbidlautdemo.prahu-hub.com/home/detailHakAksesbidowner/195:9459
[  198230ms] [LOG] undefined @ https://phbidlautdemo.prahu-hub.com/home/detailHakAksesbidowner/195:9459
[  198230ms] [LOG] undefined @ https://phbidlautdemo.prahu-hub.com/home/detailHakAksesbidowner/195:9459
[  198230ms] [LOG] undefined @ https://phbidlautdemo.prahu-hub.com/home/detailHakAksesbidowner/195:9459
[  198230ms] [LOG] undefined @ https://phbidlautdemo.prahu-hub.com/home/detailHakAksesbidowner/195:9459
[  198230ms] [LOG] undefined @ https://phbidlautdemo.prahu-hub.com/home/detailHakAksesbidowner/195:9459
[  198230ms] [LOG] undefined @ https://phbidlautdemo.prahu-hub.com/home/detailHakAksesbidowner/195:9459
[  198231ms] [LOG] undefined @ https://phbidlautdemo.prahu-hub.com/home/detailHakAksesbidowner/195:9459
[  198231ms] [LOG] undefined @ https://phbidlautdemo.prahu-hub.com/home/detailHakAksesbidowner/195:9459
[  198231ms] [LOG] undefined @ https://phbidlautdemo.prahu-hub.com/home/detailHakAksesbidowner/195:9459
[  198231ms] [LOG] undefined @ https://phbidlautdemo.prahu-hub.com/home/detailHakAksesbidowner/195:9459
[  198231ms] [LOG] undefined @ https://phbidlautdemo.prahu-hub.com/home/detailHakAksesbidowner/195:9459
[  198231ms] [LOG] undefined @ https://phbidlautdemo.prahu-hub.com/home/detailHakAksesbidowner/195:9459
[  198231ms] [LOG] undefined @ https://phbidlautdemo.prahu-hub.com/home/detailHakAksesbidowner/195:9459
[  198231ms] [LOG] undefined @ https://phbidlautdemo.prahu-hub.com/home/detailHakAksesbidowner/195:9459
[  198231ms] [LOG] undefined @ https://phbidlautdemo.prahu-hub.com/home/detailHakAksesbidowner/195:9459
[  198231ms] [LOG] undefined @ https://phbidlautdemo.prahu-hub.com/home/detailHakAksesbidowner/195:9459
[  198231ms] [LOG] undefined @ https://phbidlautdemo.prahu-hub.com/home/detailHakAksesbidowner/195:9459
[  198232ms] [LOG] undefined @ https://phbidlautdemo.prahu-hub.com/home/detailHakAksesbidowner/195:9459
[  198232ms] [LOG] undefined @ https://phbidlautdemo.prahu-hub.com/home/detailHakAksesbidowner/195:9459
[  198232ms] [LOG] undefined @ https://phbidlautdemo.prahu-hub.com/home/detailHakAksesbidowner/195:9459
[  198232ms] [LOG] undefined @ https://phbidlautdemo.prahu-hub.com/home/detailHakAksesbidowner/195:9459
[  198232ms] [LOG] undefined @ https://phbidlautdemo.prahu-hub.com/home/detailHakAksesbidowner/195:9459
[  198232ms] [LOG] undefined @ https://phbidlautdemo.prahu-hub.com/home/detailHakAksesbidowner/195:9459
[  198232ms] [LOG] undefined @ https://phbidlautdemo.prahu-hub.com/home/detailHakAksesbidowner/195:9459
[  198232ms] [LOG] undefined @ https://phbidlautdemo.prahu-hub.com/home/detailHakAksesbidowner/195:9459
[  198233ms] [LOG] undefined @ https://phbidlautdemo.prahu-hub.com/home/detailHakAksesbidowner/195:9459
[  198233ms] [LOG] undefined @ https://phbidlautdemo.prahu-hub.com/home/detailHakAksesbidowner/195:9459
[  198233ms] [LOG] undefined @ https://phbidlautdemo.prahu-hub.com/home/detailHakAksesbidowner/195:9459
[  198233ms] [LOG] undefined @ https://phbidlautdemo.prahu-hub.com/home/detailHakAksesbidowner/195:9459
[  198233ms] [LOG] undefined @ https://phbidlautdemo.prahu-hub.com/home/detailHakAksesbidowner/195:9459
[  198233ms] [LOG] undefined @ https://phbidlautdemo.prahu-hub.com/home/detailHakAksesbidowner/195:9459
[  198233ms] [LOG] undefined @ https://phbidlautdemo.prahu-hub.com/home/detailHakAksesbidowner/195:9459
[  198233ms] [LOG] undefined @ https://phbidlautdemo.prahu-hub.com/home/detailHakAksesbidowner/195:9459
[  198234ms] [LOG] undefined @ https://phbidlautdemo.prahu-hub.com/home/detailHakAksesbidowner/195:9459
[  198234ms] [LOG] undefined @ https://phbidlautdemo.prahu-hub.com/home/detailHakAksesbidowner/195:9459
[  198234ms] [LOG] undefined @ https://phbidlautdemo.prahu-hub.com/home/detailHakAksesbidowner/195:9459
[  198234ms] [LOG] undefined @ https://phbidlautdemo.prahu-hub.com/home/detailHakAksesbidowner/195:9459
[  198234ms] [LOG] undefined @ https://phbidlautdemo.prahu-hub.com/home/detailHakAksesbidowner/195:9459
[  198234ms] [LOG] undefined @ https://phbidlautdemo.prahu-hub.com/home/detailHakAksesbidowner/195:9459
[  198234ms] [LOG] undefined @ https://phbidlautdemo.prahu-hub.com/home/detailHakAksesbidowner/195:9459
[  198234ms] [LOG] undefined @ https://phbidlautdemo.prahu-hub.com/home/detailHakAksesbidowner/195:9459
[  198235ms] [LOG] undefined @ https://phbidlautdemo.prahu-hub.com/home/detailHakAksesbidowner/195:9459
[  198235ms] [LOG] undefined @ https://phbidlautdemo.prahu-hub.com/home/detailHakAksesbidowner/195:9459
[  198235ms] [LOG] undefined @ https://phbidlautdemo.prahu-hub.com/home/detailHakAksesbidowner/195:9459
[  198235ms] [LOG] undefined @ https://phbidlautdemo.prahu-hub.com/home/detailHakAksesbidowner/195:9459
[  198235ms] [LOG] undefined @ https://phbidlautdemo.prahu-hub.com/home/detailHakAksesbidowner/195:9459
[  198235ms] [LOG] undefined @ https://phbidlautdemo.prahu-hub.com/home/detailHakAksesbidowner/195:9459
[  198235ms] [LOG] undefined @ https://phbidlautdemo.prahu-hub.com/home/detailHakAksesbidowner/195:9459
[  198235ms] [LOG] undefined @ https://phbidlautdemo.prahu-hub.com/home/detailHakAksesbidowner/195:9459
[  198235ms] [LOG] undefined @ https://phbidlautdemo.prahu-hub.com/home/detailHakAksesbidowner/195:9459
[  198235ms] [LOG] undefined @ https://phbidlautdemo.prahu-hub.com/home/detailHakAksesbidowner/195:9459
[  198236ms] [LOG] undefined @ https://phbidlautdemo.prahu-hub.com/home/detailHakAksesbidowner/195:9459
[  198236ms] [LOG] undefined @ https://phbidlautdemo.prahu-hub.com/home/detailHakAksesbidowner/195:9459
[  198236ms] [LOG] undefined @ https://phbidlautdemo.prahu-hub.com/home/detailHakAksesbidowner/195:9459
[  198236ms] [LOG] undefined @ https://phbidlautdemo.prahu-hub.com/home/detailHakAksesbidowner/195:9459
[  198236ms] [LOG] undefined @ https://phbidlautdemo.prahu-hub.com/home/detailHakAksesbidowner/195:9459
[  198236ms] [LOG] undefined @ https://phbidlautdemo.prahu-hub.com/home/detailHakAksesbidowner/195:9459
[  198237ms] [LOG] WebSocket connection @ https://phbidlautdemo.prahu-hub.com/home/detailHakAksesbidowner/195:9502
[  198238ms] [LOG] WebSocket connection attempting... @ https://phbidlautdemo.prahu-hub.com/home/detailHakAksesbidowner/195:9580
[  198333ms] [LOG] WebSocket connected @ https://phbidlautdemo.prahu-hub.com/home/detailHakAksesbidowner/195:9511
[  198335ms] [LOG] update_dashboard_order_laut @ https://phbidlautdemo.prahu-hub.com/home/detailHakAksesbidowner/195:9552
[  198363ms] [LOG] Connected @ https://phbidlautdemo.prahu-hub.com/home/detailHakAksesbidowner/195:9552
[  198448ms] [LOG] 200 xhrglobal @ https://phbidlautdemo.prahu-hub.com/home/detailHakAksesbidowner/195:9433
[  198504ms] [LOG] 200 xhrglobal @ https://phbidlautdemo.prahu-hub.com/home/detailHakAksesbidowner/195:9433
[  200116ms] TypeError: $(...).DataTable is not a function
    at https://phbidlautdemo.prahu-hub.com/_resources/themes/prahutheme/js/scripts-init/tables.js:7:23
[  200950ms] Cannot use import statement outside a module
[  200958ms] ReferenceError: Chart is not defined
    at https://phbidlautdemo.prahu-hub.com/_resources/themes/prahutheme/js/scripts-init/charts/chartjs.js:8:13
[  201015ms] Unexpected token '<'
[  201125ms] Unexpected token '<'
[  201233ms] Uncaught TypeError: expect element to be DOM Element, but got null
    at n.init (https://cdnjs.cloudflare.com/ajax/libs/smooth-scrollbar/8.5.2/smooth-scrollbar.js:24:264)
    at <anonymous> (https://phbidlautdemo.prahu-hub.com/home/detailHakAksesbidowner/188:9141:14)
[  201251ms] [LOG] Pengaturan Akunnamanya @ https://phbidlautdemo.prahu-hub.com/home/detailHakAksesbidowner/188:1877
[  201260ms] [LOG] Modul : modul_semua | Nama : semua_akses @ https://phbidlautdemo.prahu-hub.com/home/detailHakAksesbidowner/188:8225
[  201260ms] [LOG] Modul : modul_master_pilih_semua | Nama : lihat_master_jenis_muatan @ https://phbidlautdemo.prahu-hub.com/home/detailHakAksesbidowner/188:8230
[  201264ms] [LOG] Modul : modul_master_pilih_semua | Nama : lihat_daftar_jenis_muatan @ https://phbidlautdemo.prahu-hub.com/home/detailHakAksesbidowner/188:8235
[  201264ms] [LOG] Modul : modul_master_pilih_semua | Nama : tambah_jenis_muatan @ https://phbidlautdemo.prahu-hub.com/home/detailHakAksesbidowner/188:8240
[  201265ms] [LOG] Modul : modul_master_pilih_semua | Nama : edit_jenis_muatan @ https://phbidlautdemo.prahu-hub.com/home/detailHakAksesbidowner/188:8245
[  201266ms] [LOG] Modul : modul_master_pilih_semua | Nama : hapus_jenis_muatan @ https://phbidlautdemo.prahu-hub.com/home/detailHakAksesbidowner/188:8250
[  201266ms] [LOG] Modul : modul_master_pilih_semua | Nama : lihat_master_harga_barang @ https://phbidlautdemo.prahu-hub.com/home/detailHakAksesbidowner/188:8255
[  201268ms] [LOG] Modul : modul_master_pilih_semua | Nama : lihat_daftar_harga_barang @ https://phbidlautdemo.prahu-hub.com/home/detailHakAksesbidowner/188:8260
[  201268ms] [LOG] Modul : modul_master_pilih_semua | Nama : tambah_harga_barang @ https://phbidlautdemo.prahu-hub.com/home/detailHakAksesbidowner/188:8265
[  201269ms] [LOG] Modul : modul_master_pilih_semua | Nama : edit_harga_barang @ https://phbidlautdemo.prahu-hub.com/home/detailHakAksesbidowner/188:8270
[  201270ms] [LOG] Modul : modul_master_pilih_semua | Nama : hapus_harga_barang @ https://phbidlautdemo.prahu-hub.com/home/detailHakAksesbidowner/188:8275
[  201270ms] [LOG] Modul : modul_analitik | Nama : lihat_data_analitik_scsr_by_provinsi @ https://phbidlautdemo.prahu-hub.com/home/detailHakAksesbidowner/188:8280
[  201273ms] [LOG] Modul : modul_analitik | Nama : export_data_scsr_by_provinsi @ https://phbidlautdemo.prahu-hub.com/home/detailHakAksesbidowner/188:8285
[  201274ms] [LOG] Modul : modul_analitik | Nama : lihat_data_analitik_scsr_by_kota @ https://phbidlautdemo.prahu-hub.com/home/detailHakAksesbidowner/188:8290
[  201275ms] [LOG] Modul : modul_analitik | Nama : export_data_scsr_by_kota @ https://phbidlautdemo.prahu-hub.com/home/detailHakAksesbidowner/188:8295
[  201275ms] [LOG] Modul : modul_analitik | Nama : lihat_data_analitik_scsr_by_consignee @ https://phbidlautdemo.prahu-hub.com/home/detailHakAksesbidowner/188:8300
[  201276ms] [LOG] Modul : modul_analitik | Nama : export_data_scsr_by_consignee @ https://phbidlautdemo.prahu-hub.com/home/detailHakAksesbidowner/188:8305
[  201277ms] [LOG] Modul : modul_analitik | Nama : lihat_data_analitik_fcu @ https://phbidlautdemo.prahu-hub.com/home/detailHakAksesbidowner/188:8310
[  201277ms] [LOG] Modul : modul_analitik | Nama : export_data_fcu @ https://phbidlautdemo.prahu-hub.com/home/detailHakAksesbidowner/188:8315
[  201278ms] [LOG] Modul : modul_analitik | Nama : lihat_data_analitik_otdr @ https://phbidlautdemo.prahu-hub.com/home/detailHakAksesbidowner/188:8320
[  201279ms] [LOG] Modul : modul_analitik | Nama : export_data_otdr @ https://phbidlautdemo.prahu-hub.com/home/detailHakAksesbidowner/188:8325
[  201280ms] [LOG] Modul : modul_analitik | Nama : lihat_data_analitik_sa @ https://phbidlautdemo.prahu-hub.com/home/detailHakAksesbidowner/188:8330
[  201281ms] [LOG] Modul : modul_analitik | Nama : export_data_sa @ https://phbidlautdemo.prahu-hub.com/home/detailHakAksesbidowner/188:8335
[  201281ms] [LOG] Modul : modul_pengajuan_lelang_pilih_semua | Nama : lihat_daftar_pengajuan_lelang @ https://phbidlautdemo.prahu-hub.com/home/detailHakAksesbidowner/188:8340
[  201283ms] [LOG] Modul : modul_pengajuan_lelang_pilih_semua | Nama : buat_pengajuan_lelang @ https://phbidlautdemo.prahu-hub.com/home/detailHakAksesbidowner/188:8345
[  201284ms] [LOG] Modul : modul_pengajuan_lelang_pilih_semua | Nama : lihat_detail_pengajuan_lelang @ https://phbidlautdemo.prahu-hub.com/home/detailHakAksesbidowner/188:8350
[  201284ms] [LOG] Modul : modul_pengajuan_lelang_pilih_semua | Nama : batalkan_lelang @ https://phbidlautdemo.prahu-hub.com/home/detailHakAksesbidowner/188:8355
[  201285ms] [LOG] Modul : modul_pengajuan_lelang_pilih_semua | Nama : lihat_harga_penawaran @ https://phbidlautdemo.prahu-hub.com/home/detailHakAksesbidowner/188:8360
[  201286ms] [LOG] Modul : modul_pengajuan_lelang_pilih_semua | Nama : history_update_harga @ https://phbidlautdemo.prahu-hub.com/home/detailHakAksesbidowner/188:8365
[  201287ms] [LOG] Modul : modul_cari_penawaran_pilih_semua | Nama : cari_hasil_penawaran @ https://phbidlautdemo.prahu-hub.com/home/detailHakAksesbidowner/188:8370
[  201288ms] [LOG] Modul : modul_cari_penawaran_pilih_semua | Nama : export_harga_penawaran @ https://phbidlautdemo.prahu-hub.com/home/detailHakAksesbidowner/188:8375
[  201289ms] [LOG] Modul : modul_cari_penawaran_pilih_semua | Nama : buat_lelang_pengiriman @ https://phbidlautdemo.prahu-hub.com/home/detailHakAksesbidowner/188:8380
[  201290ms] [LOG] Modul : modul_cari_penawaran_pilih_semua | Nama : pesan_cari_penawaran @ https://phbidlautdemo.prahu-hub.com/home/detailHakAksesbidowner/188:8385
[  201291ms] [LOG] Modul : modul_cari_penawaran_pilih_semua | Nama : nego_harga_cari_penawaran @ https://phbidlautdemo.prahu-hub.com/home/detailHakAksesbidowner/188:8390
[  201292ms] [LOG] Modul : modul_cari_penawaran_pilih_semua | Nama : request_jadwal_cari_penawaran @ https://phbidlautdemo.prahu-hub.com/home/detailHakAksesbidowner/188:8395
[  201292ms] [LOG] Modul : modul_pengajuan_lelang_pilih_semua | Nama : minta_update_harga @ https://phbidlautdemo.prahu-hub.com/home/detailHakAksesbidowner/188:8400
[  201293ms] [LOG] Modul : modul_pengajuan_lelang_pilih_semua | Nama : close_request_harga @ https://phbidlautdemo.prahu-hub.com/home/detailHakAksesbidowner/188:8405
[  201294ms] [LOG] Modul : modul_pengajuan_nego_pilih_semua | Nama : lihat_daftar_pengajuan_nego @ https://phbidlautdemo.prahu-hub.com/home/detailHakAksesbidowner/188:8410
[  201296ms] [LOG] Modul : modul_pengajuan_nego_pilih_semua | Nama : lihat_detail_pengajuan_nego @ https://phbidlautdemo.prahu-hub.com/home/detailHakAksesbidowner/188:8415
[  201296ms] [LOG] Modul : modul_pengajuan_nego_pilih_semua | Nama : lihat_riwayat_nego @ https://phbidlautdemo.prahu-hub.com/home/detailHakAksesbidowner/188:8420
[  201297ms] [LOG] Modul : modul_daftar_order_pilih_semua | Nama : lihat_daftar_order @ https://phbidlautdemo.prahu-hub.com/home/detailHakAksesbidowner/188:8425
[  201299ms] [LOG] Modul : modul_daftar_order_pilih_semua | Nama : detail_order @ https://phbidlautdemo.prahu-hub.com/home/detailHakAksesbidowner/188:8430
[  201300ms] [LOG] Modul : modul_daftar_order_pilih_semua | Nama : input_muatan @ https://phbidlautdemo.prahu-hub.com/home/detailHakAksesbidowner/188:8435
[  201300ms] [LOG] Modul : modul_daftar_order_pilih_semua | Nama : edit_data_muatan @ https://phbidlautdemo.prahu-hub.com/home/detailHakAksesbidowner/188:8440
[  201301ms] [LOG] Modul : modul_daftar_order_pilih_semua | Nama : batal_order @ https://phbidlautdemo.prahu-hub.com/home/detailHakAksesbidowner/188:8445
[  201302ms] [LOG] Modul : modul_daftar_order_pilih_semua | Nama : input_kontrak @ https://phbidlautdemo.prahu-hub.com/home/detailHakAksesbidowner/188:8450
[  201303ms] [LOG] Modul : modul_daftar_order_pilih_semua | Nama : lihat_unit @ https://phbidlautdemo.prahu-hub.com/home/detailHakAksesbidowner/188:8455
[  201303ms] [LOG] Modul : modul_daftar_order_pilih_semua | Nama : download_dokumen @ https://phbidlautdemo.prahu-hub.com/home/detailHakAksesbidowner/188:8460
[  201304ms] [LOG] Modul : modul_daftar_order_pilih_semua | Nama : beri_penilaian_bidder @ https://phbidlautdemo.prahu-hub.com/home/detailHakAksesbidowner/188:8465
[  201305ms] [LOG] Modul : modul_daftar_order_pilih_semua | Nama : download_invoice @ https://phbidlautdemo.prahu-hub.com/home/detailHakAksesbidowner/188:8470
[  201306ms] [LOG] Modul : modul_daftar_order_pilih_semua | Nama : lihat_biaya_tambahan @ https://phbidlautdemo.prahu-hub.com/home/detailHakAksesbidowner/188:8475
[  201307ms] [LOG] Modul : modul_daftar_order_pilih_semua | Nama : injput_biaya_tambahan @ https://phbidlautdemo.prahu-hub.com/home/detailHakAksesbidowner/188:8480
[  201308ms] [LOG] Modul : modul_daftar_order_pilih_semua | Nama : edit_biaya_tambahan @ https://phbidlautdemo.prahu-hub.com/home/detailHakAksesbidowner/188:8485
[  201309ms] [LOG] Modul : modul_daftar_order_pilih_semua | Nama : hapus_biaya_tambahan @ https://phbidlautdemo.prahu-hub.com/home/detailHakAksesbidowner/188:8490
[  201309ms] [LOG] Modul : modul_daftar_order_pilih_semua | Nama : lihat_pemesanan @ https://phbidlautdemo.prahu-hub.com/home/detailHakAksesbidowner/188:8495
[  201310ms] [LOG] Modul : modul_daftar_order_pilih_semua | Nama : lihat_dokumen_packinglist @ https://phbidlautdemo.prahu-hub.com/home/detailHakAksesbidowner/188:8500
[  201311ms] [LOG] Modul : modul_daftar_order_pilih_semua | Nama : download_dokumen_packinglist @ https://phbidlautdemo.prahu-hub.com/home/detailHakAksesbidowner/188:8505
[  201312ms] [LOG] Modul : modul_daftar_order_pilih_semua | Nama : lihat_kontrak @ https://phbidlautdemo.prahu-hub.com/home/detailHakAksesbidowner/188:8510
[  201312ms] [LOG] Modul : modul_daftar_order_pilih_semua | Nama : export_kontrak @ https://phbidlautdemo.prahu-hub.com/home/detailHakAksesbidowner/188:8515
[  201313ms] [LOG] Modul : modul_daftar_order_pilih_semua | Nama : download_dokumen_kontrak @ https://phbidlautdemo.prahu-hub.com/home/detailHakAksesbidowner/188:8520
[  201314ms] [LOG] Modul : modul_daftar_order_pilih_semua | Nama : lihat_data_tracking @ https://phbidlautdemo.prahu-hub.com/home/detailHakAksesbidowner/188:8525
[  201315ms] [LOG] Modul : modul_daftar_order_pilih_semua | Nama : lihat_detail_data_tracking @ https://phbidlautdemo.prahu-hub.com/home/detailHakAksesbidowner/188:8530
[  201315ms] [LOG] Modul : modul_daftar_order_pilih_semua | Nama : lihat_rating @ https://phbidlautdemo.prahu-hub.com/home/detailHakAksesbidowner/188:8535
[  201316ms] [LOG] Modul : modul_cek_jadwal_pelayaran_pilih_semua | Nama : lihat_jadwal_pelayaran @ https://phbidlautdemo.prahu-hub.com/home/detailHakAksesbidowner/188:8540
[  201317ms] [LOG] Modul : modul_laporan_pilih_semua | Nama : lihat_history_lelang @ https://phbidlautdemo.prahu-hub.com/home/detailHakAksesbidowner/188:8545
[  201319ms] [LOG] Modul : modul_laporan_pilih_semua | Nama : detail_export_history_lelang @ https://phbidlautdemo.prahu-hub.com/home/detailHakAksesbidowner/188:8550
[  201320ms] [LOG] Modul : modul_laporan_pilih_semua | Nama : lihat_laporan_logistik @ https://phbidlautdemo.prahu-hub.com/home/detailHakAksesbidowner/188:8555
[  201321ms] [LOG] Modul : modul_laporan_pilih_semua | Nama : detail_laporan_logistik @ https://phbidlautdemo.prahu-hub.com/home/detailHakAksesbidowner/188:8560
[  201321ms] [LOG] Modul : modul_laporan_pilih_semua | Nama : export_excel_laporan_logistik @ https://phbidlautdemo.prahu-hub.com/home/detailHakAksesbidowner/188:8565
[  201322ms] [LOG] Modul : modul_dasboard | Nama : lihat_dashboardmonitoring @ https://phbidlautdemo.prahu-hub.com/home/detailHakAksesbidowner/188:8570
[  201325ms] [LOG] Modul : modul_dasboard | Nama : export_excelmonitoring @ https://phbidlautdemo.prahu-hub.com/home/detailHakAksesbidowner/188:8575
[  201325ms] [LOG] Modul : modul_dasboard | Nama : frekuensi_pengiriman @ https://phbidlautdemo.prahu-hub.com/home/detailHakAksesbidowner/188:8580
[  201326ms] [LOG] Modul : modul_dasboard | Nama : lihat_grafikpengiriman @ https://phbidlautdemo.prahu-hub.com/home/detailHakAksesbidowner/188:8585
[  201327ms] [LOG] Modul : modul_pengaturan_akun_pilih_semua | Nama : lihat_daftar_hak_akses_bidowner @ https://phbidlautdemo.prahu-hub.com/home/detailHakAksesbidowner/188:8590
[  201328ms] [LOG] Modul : modul_pengaturan_akun_pilih_semua | Nama : detail_hak_akses_bidowner @ https://phbidlautdemo.prahu-hub.com/home/detailHakAksesbidowner/188:8595
[  201329ms] [LOG] Modul : modul_pengaturan_akun_pilih_semua | Nama : lihat_daftar_sub_user_bidowner @ https://phbidlautdemo.prahu-hub.com/home/detailHakAksesbidowner/188:8600
[  201329ms] [LOG] Modul : modul_pengaturan_akun_pilih_semua | Nama : tambah_sub_user_bidowner @ https://phbidlautdemo.prahu-hub.com/home/detailHakAksesbidowner/188:8605
[  201330ms] [LOG] Modul : modul_pengaturan_akun_pilih_semua | Nama : detail_sub_user_bidowner @ https://phbidlautdemo.prahu-hub.com/home/detailHakAksesbidowner/188:8610
[  201331ms] [LOG] Modul : modul_pengaturan_akun_pilih_semua | Nama : edit_sub_user_bidowner @ https://phbidlautdemo.prahu-hub.com/home/detailHakAksesbidowner/188:8615
[  201331ms] [LOG] Modul : modul_pengaturan_akun_pilih_semua | Nama : hapus_sub_user_bidowner @ https://phbidlautdemo.prahu-hub.com/home/detailHakAksesbidowner/188:8620
[  201332ms] [LOG] Modul : modul_preference_subuser_pilih_semua | Nama : daftar_preference_notif_subuser @ https://phbidlautdemo.prahu-hub.com/home/detailHakAksesbidowner/188:8625
[  201333ms] [LOG] Modul : modul_notifikasi_pilih_semua | Nama : nego_diterima_sistem_sub @ https://phbidlautdemo.prahu-hub.com/home/detailHakAksesbidowner/188:8630
[  201335ms] [LOG] Modul : modul_notifikasi_pilih_semua | Nama : nego_ditolak_sistem_sub @ https://phbidlautdemo.prahu-hub.com/home/detailHakAksesbidowner/188:8635
[  201336ms] [LOG] Modul : modul_notifikasi_pilih_semua | Nama : nego_dicounter_sistem_sub @ https://phbidlautdemo.prahu-hub.com/home/detailHakAksesbidowner/188:8640
[  201336ms] [LOG] Modul : modul_notifikasi_pilih_semua | Nama : perjanjian_pengiriman_diterima_sistem_sub @ https://phbidlautdemo.prahu-hub.com/home/detailHakAksesbidowner/188:8645
[  201337ms] [LOG] Modul : modul_notifikasi_pilih_semua | Nama : perjanjian_pengiriman_ditolak_sistem_sub @ https://phbidlautdemo.prahu-hub.com/home/detailHakAksesbidowner/188:8650
[  201337ms] [LOG] Modul : modul_notifikasi_pilih_semua | Nama : kelengkapan_data_unit_sistem_sub @ https://phbidlautdemo.prahu-hub.com/home/detailHakAksesbidowner/188:8655
[  201338ms] [LOG] Modul : modul_notifikasi_pilih_semua | Nama : perubahan_jadwal_sistem_sub @ https://phbidlautdemo.prahu-hub.com/home/detailHakAksesbidowner/188:8660
[  201339ms] [LOG] Modul : modul_notifikasi_pilih_semua | Nama : stuffing_sistem_sub @ https://phbidlautdemo.prahu-hub.com/home/detailHakAksesbidowner/188:8665
[  201340ms] [LOG] Modul : modul_notifikasi_pilih_semua | Nama : kapal_berlayar_sistem_sub @ https://phbidlautdemo.prahu-hub.com/home/detailHakAksesbidowner/188:8670
[  201341ms] [LOG] Modul : modul_notifikasi_pilih_semua | Nama : kapal_sandar_sistem_sub @ https://phbidlautdemo.prahu-hub.com/home/detailHakAksesbidowner/188:8675
[  201342ms] [LOG] Modul : modul_notifikasi_pilih_semua | Nama : rencana_dooring_sistem_sub @ https://phbidlautdemo.prahu-hub.com/home/detailHakAksesbidowner/188:8680
[  201342ms] [LOG] Modul : modul_notifikasi_pilih_semua | Nama : dooring_sistem_sub @ https://phbidlautdemo.prahu-hub.com/home/detailHakAksesbidowner/188:8685
[  201343ms] [LOG] Modul : modul_notifikasi_pilih_semua | Nama : surat_jalan_sistem_sub @ https://phbidlautdemo.prahu-hub.com/home/detailHakAksesbidowner/188:8690
[  201344ms] [LOG] Modul : modul_notifikasi_pilih_semua | Nama : dokumen_dikirim_sistem_sub @ https://phbidlautdemo.prahu-hub.com/home/detailHakAksesbidowner/188:8695
[  201345ms] [LOG] Modul : modul_notifikasi_pilih_semua | Nama : jadwal_tersedia_sistem_sub @ https://phbidlautdemo.prahu-hub.com/home/detailHakAksesbidowner/188:8700
[  201345ms] [LOG] Modul : modul_notifikasi_pilih_semua | Nama : notifikasi_perjanjian_pengiriman_diterima_bcc @ https://phbidlautdemo.prahu-hub.com/home/detailHakAksesbidowner/188:8705
[  201346ms] [LOG] Modul : modul_notifikasi_pilih_semua | Nama : notifikasi_perjanjian_pengiriman_ditolak_bcc @ https://phbidlautdemo.prahu-hub.com/home/detailHakAksesbidowner/188:8710
[  201346ms] [LOG] Modul : modul_notifikasi_pilih_semua | Nama : notifikasi_kelengkapan_data_unit_bcc @ https://phbidlautdemo.prahu-hub.com/home/detailHakAksesbidowner/188:8715
[  201347ms] [LOG] Modul : modul_notifikasi_pilih_semua | Nama : notifikasi_perubahan_jadwal_bcc @ https://phbidlautdemo.prahu-hub.com/home/detailHakAksesbidowner/188:8720
[  201355ms] [LOG] undefined @ https://phbidlautdemo.prahu-hub.com/home/detailHakAksesbidowner/188:9494
[  201356ms] [LOG] undefined @ https://phbidlautdemo.prahu-hub.com/home/detailHakAksesbidowner/188:9494
[  201356ms] [LOG] undefined @ https://phbidlautdemo.prahu-hub.com/home/detailHakAksesbidowner/188:9494
[  201356ms] [LOG] undefined @ https://phbidlautdemo.prahu-hub.com/home/detailHakAksesbidowner/188:9494
[  201356ms] [LOG] undefined @ https://phbidlautdemo.prahu-hub.com/home/detailHakAksesbidowner/188:9494
[  201356ms] [LOG] undefined @ https://phbidlautdemo.prahu-hub.com/home/detailHakAksesbidowner/188:9494
[  201356ms] [LOG] undefined @ https://phbidlautdemo.prahu-hub.com/home/detailHakAksesbidowner/188:9494
[  201356ms] [LOG] undefined @ https://phbidlautdemo.prahu-hub.com/home/detailHakAksesbidowner/188:9494
[  201356ms] [LOG] undefined @ https://phbidlautdemo.prahu-hub.com/home/detailHakAksesbidowner/188:9494
[  201357ms] [LOG] undefined @ https://phbidlautdemo.prahu-hub.com/home/detailHakAksesbidowner/188:9494
[  201357ms] [LOG] undefined @ https://phbidlautdemo.prahu-hub.com/home/detailHakAksesbidowner/188:9494
[  201357ms] [LOG] undefined @ https://phbidlautdemo.prahu-hub.com/home/detailHakAksesbidowner/188:9494
[  201357ms] [LOG] undefined @ https://phbidlautdemo.prahu-hub.com/home/detailHakAksesbidowner/188:9494
[  201357ms] [LOG] undefined @ https://phbidlautdemo.prahu-hub.com/home/detailHakAksesbidowner/188:9494
[  201357ms] [LOG] undefined @ https://phbidlautdemo.prahu-hub.com/home/detailHakAksesbidowner/188:9494
[  201357ms] [LOG] undefined @ https://phbidlautdemo.prahu-hub.com/home/detailHakAksesbidowner/188:9494
[  201357ms] [LOG] undefined @ https://phbidlautdemo.prahu-hub.com/home/detailHakAksesbidowner/188:9494
[  201358ms] [LOG] undefined @ https://phbidlautdemo.prahu-hub.com/home/detailHakAksesbidowner/188:9494
[  201358ms] [LOG] undefined @ https://phbidlautdemo.prahu-hub.com/home/detailHakAksesbidowner/188:9494
[  201358ms] [LOG] undefined @ https://phbidlautdemo.prahu-hub.com/home/detailHakAksesbidowner/188:9494
[  201358ms] [LOG] undefined @ https://phbidlautdemo.prahu-hub.com/home/detailHakAksesbidowner/188:9494
[  201358ms] [LOG] undefined @ https://phbidlautdemo.prahu-hub.com/home/detailHakAksesbidowner/188:9494
[  201358ms] [LOG] undefined @ https://phbidlautdemo.prahu-hub.com/home/detailHakAksesbidowner/188:9494
[  201358ms] [LOG] undefined @ https://phbidlautdemo.prahu-hub.com/home/detailHakAksesbidowner/188:9494
[  201358ms] [LOG] undefined @ https://phbidlautdemo.prahu-hub.com/home/detailHakAksesbidowner/188:9494
[  201358ms] [LOG] undefined @ https://phbidlautdemo.prahu-hub.com/home/detailHakAksesbidowner/188:9494
[  201358ms] [LOG] undefined @ https://phbidlautdemo.prahu-hub.com/home/detailHakAksesbidowner/188:9494
[  201359ms] [LOG] undefined @ https://phbidlautdemo.prahu-hub.com/home/detailHakAksesbidowner/188:9494
[  201359ms] [LOG] undefined @ https://phbidlautdemo.prahu-hub.com/home/detailHakAksesbidowner/188:9494
[  201359ms] [LOG] undefined @ https://phbidlautdemo.prahu-hub.com/home/detailHakAksesbidowner/188:9494
[  201359ms] [LOG] undefined @ https://phbidlautdemo.prahu-hub.com/home/detailHakAksesbidowner/188:9494
[  201359ms] [LOG] undefined @ https://phbidlautdemo.prahu-hub.com/home/detailHakAksesbidowner/188:9494
[  201359ms] [LOG] undefined @ https://phbidlautdemo.prahu-hub.com/home/detailHakAksesbidowner/188:9494
[  201359ms] [LOG] undefined @ https://phbidlautdemo.prahu-hub.com/home/detailHakAksesbidowner/188:9494
[  201360ms] [LOG] undefined @ https://phbidlautdemo.prahu-hub.com/home/detailHakAksesbidowner/188:9494
[  201360ms] [LOG] undefined @ https://phbidlautdemo.prahu-hub.com/home/detailHakAksesbidowner/188:9494
[  201360ms] [LOG] undefined @ https://phbidlautdemo.prahu-hub.com/home/detailHakAksesbidowner/188:9494
[  201360ms] [LOG] undefined @ https://phbidlautdemo.prahu-hub.com/home/detailHakAksesbidowner/188:9494
[  201360ms] [LOG] undefined @ https://phbidlautdemo.prahu-hub.com/home/detailHakAksesbidowner/188:9494
[  201360ms] [LOG] undefined @ https://phbidlautdemo.prahu-hub.com/home/detailHakAksesbidowner/188:9494
[  201360ms] [LOG] undefined @ https://phbidlautdemo.prahu-hub.com/home/detailHakAksesbidowner/188:9494
[  201360ms] [LOG] undefined @ https://phbidlautdemo.prahu-hub.com/home/detailHakAksesbidowner/188:9494
[  201361ms] [LOG] undefined @ https://phbidlautdemo.prahu-hub.com/home/detailHakAksesbidowner/188:9494
[  201361ms] [LOG] undefined @ https://phbidlautdemo.prahu-hub.com/home/detailHakAksesbidowner/188:9494
[  201361ms] [LOG] undefined @ https://phbidlautdemo.prahu-hub.com/home/detailHakAksesbidowner/188:9494
[  201361ms] [LOG] undefined @ https://phbidlautdemo.prahu-hub.com/home/detailHakAksesbidowner/188:9494
[  201361ms] [LOG] undefined @ https://phbidlautdemo.prahu-hub.com/home/detailHakAksesbidowner/188:9494
[  201361ms] [LOG] undefined @ https://phbidlautdemo.prahu-hub.com/home/detailHakAksesbidowner/188:9494
[  201361ms] [LOG] undefined @ https://phbidlautdemo.prahu-hub.com/home/detailHakAksesbidowner/188:9494
[  201361ms] [LOG] undefined @ https://phbidlautdemo.prahu-hub.com/home/detailHakAksesbidowner/188:9494
[  201361ms] [LOG] undefined @ https://phbidlautdemo.prahu-hub.com/home/detailHakAksesbidowner/188:9494
[  201361ms] [LOG] undefined @ https://phbidlautdemo.prahu-hub.com/home/detailHakAksesbidowner/188:9494
[  201362ms] [LOG] undefined @ https://phbidlautdemo.prahu-hub.com/home/detailHakAksesbidowner/188:9494
[  201362ms] [LOG] undefined @ https://phbidlautdemo.prahu-hub.com/home/detailHakAksesbidowner/188:9494
[  201362ms] [LOG] undefined @ https://phbidlautdemo.prahu-hub.com/home/detailHakAksesbidowner/188:9494
[  201362ms] [LOG] undefined @ https://phbidlautdemo.prahu-hub.com/home/detailHakAksesbidowner/188:9494
[  201362ms] [LOG] undefined @ https://phbidlautdemo.prahu-hub.com/home/detailHakAksesbidowner/188:9494
[  201362ms] [LOG] undefined @ https://phbidlautdemo.prahu-hub.com/home/detailHakAksesbidowner/188:9494
[  201362ms] [LOG] undefined @ https://phbidlautdemo.prahu-hub.com/home/detailHakAksesbidowner/188:9494
[  201363ms] [LOG] undefined @ https://phbidlautdemo.prahu-hub.com/home/detailHakAksesbidowner/188:9494
[  201363ms] [LOG] undefined @ https://phbidlautdemo.prahu-hub.com/home/detailHakAksesbidowner/188:9494
[  201363ms] [LOG] undefined @ https://phbidlautdemo.prahu-hub.com/home/detailHakAksesbidowner/188:9494
[  201363ms] [LOG] undefined @ https://phbidlautdemo.prahu-hub.com/home/detailHakAksesbidowner/188:9494
[  201363ms] [LOG] undefined @ https://phbidlautdemo.prahu-hub.com/home/detailHakAksesbidowner/188:9494
[  201363ms] [LOG] undefined @ https://phbidlautdemo.prahu-hub.com/home/detailHakAksesbidowner/188:9494
[  201363ms] [LOG] undefined @ https://phbidlautdemo.prahu-hub.com/home/detailHakAksesbidowner/188:9494
[  201363ms] [LOG] undefined @ https://phbidlautdemo.prahu-hub.com/home/detailHakAksesbidowner/188:9494
[  201363ms] [LOG] undefined @ https://phbidlautdemo.prahu-hub.com/home/detailHakAksesbidowner/188:9494
[  201364ms] [LOG] undefined @ https://phbidlautdemo.prahu-hub.com/home/detailHakAksesbidowner/188:9494
[  201364ms] [LOG] undefined @ https://phbidlautdemo.prahu-hub.com/home/detailHakAksesbidowner/188:9494
[  201364ms] [LOG] undefined @ https://phbidlautdemo.prahu-hub.com/home/detailHakAksesbidowner/188:9494
[  201364ms] [LOG] undefined @ https://phbidlautdemo.prahu-hub.com/home/detailHakAksesbidowner/188:9494
[  201364ms] [LOG] undefined @ https://phbidlautdemo.prahu-hub.com/home/detailHakAksesbidowner/188:9494
[  201364ms] [LOG] undefined @ https://phbidlautdemo.prahu-hub.com/home/detailHakAksesbidowner/188:9494
[  201364ms] [LOG] undefined @ https://phbidlautdemo.prahu-hub.com/home/detailHakAksesbidowner/188:9494
[  201364ms] [LOG] undefined @ https://phbidlautdemo.prahu-hub.com/home/detailHakAksesbidowner/188:9494
[  201364ms] [LOG] undefined @ https://phbidlautdemo.prahu-hub.com/home/detailHakAksesbidowner/188:9494
[  201364ms] [LOG] undefined @ https://phbidlautdemo.prahu-hub.com/home/detailHakAksesbidowner/188:9494
[  201365ms] [LOG] undefined @ https://phbidlautdemo.prahu-hub.com/home/detailHakAksesbidowner/188:9494
[  201365ms] [LOG] undefined @ https://phbidlautdemo.prahu-hub.com/home/detailHakAksesbidowner/188:9494
[  201365ms] [LOG] undefined @ https://phbidlautdemo.prahu-hub.com/home/detailHakAksesbidowner/188:9494
[  201365ms] [LOG] undefined @ https://phbidlautdemo.prahu-hub.com/home/detailHakAksesbidowner/188:9494
[  201365ms] [LOG] undefined @ https://phbidlautdemo.prahu-hub.com/home/detailHakAksesbidowner/188:9494
[  201365ms] [LOG] undefined @ https://phbidlautdemo.prahu-hub.com/home/detailHakAksesbidowner/188:9494
[  201365ms] [LOG] undefined @ https://phbidlautdemo.prahu-hub.com/home/detailHakAksesbidowner/188:9494
[  201365ms] [LOG] undefined @ https://phbidlautdemo.prahu-hub.com/home/detailHakAksesbidowner/188:9494
[  201365ms] [LOG] undefined @ https://phbidlautdemo.prahu-hub.com/home/detailHakAksesbidowner/188:9494
[  201366ms] [LOG] undefined @ https://phbidlautdemo.prahu-hub.com/home/detailHakAksesbidowner/188:9494
[  201366ms] [LOG] undefined @ https://phbidlautdemo.prahu-hub.com/home/detailHakAksesbidowner/188:9494
[  201366ms] [LOG] undefined @ https://phbidlautdemo.prahu-hub.com/home/detailHakAksesbidowner/188:9494
[  201366ms] [LOG] undefined @ https://phbidlautdemo.prahu-hub.com/home/detailHakAksesbidowner/188:9494
[  201366ms] [LOG] undefined @ https://phbidlautdemo.prahu-hub.com/home/detailHakAksesbidowner/188:9494
[  201366ms] [LOG] undefined @ https://phbidlautdemo.prahu-hub.com/home/detailHakAksesbidowner/188:9494
[  201366ms] [LOG] undefined @ https://phbidlautdemo.prahu-hub.com/home/detailHakAksesbidowner/188:9494
[  201366ms] [LOG] undefined @ https://phbidlautdemo.prahu-hub.com/home/detailHakAksesbidowner/188:9494
[  201366ms] [LOG] undefined @ https://phbidlautdemo.prahu-hub.com/home/detailHakAksesbidowner/188:9494
[  201366ms] [LOG] undefined @ https://phbidlautdemo.prahu-hub.com/home/detailHakAksesbidowner/188:9494
[  201367ms] [LOG] undefined @ https://phbidlautdemo.prahu-hub.com/home/detailHakAksesbidowner/188:9494
[  201367ms] [LOG] undefined @ https://phbidlautdemo.prahu-hub.com/home/detailHakAksesbidowner/188:9494
[  201367ms] [LOG] undefined @ https://phbidlautdemo.prahu-hub.com/home/detailHakAksesbidowner/188:9494
[  201367ms] [LOG] undefined @ https://phbidlautdemo.prahu-hub.com/home/detailHakAksesbidowner/188:9494
[  201367ms] [LOG] undefined @ https://phbidlautdemo.prahu-hub.com/home/detailHakAksesbidowner/188:9494
[  201367ms] [LOG] undefined @ https://phbidlautdemo.prahu-hub.com/home/detailHakAksesbidowner/188:9494
[  201367ms] [LOG] undefined @ https://phbidlautdemo.prahu-hub.com/home/detailHakAksesbidowner/188:9494
[  201368ms] [LOG] undefined @ https://phbidlautdemo.prahu-hub.com/home/detailHakAksesbidowner/188:9494
[  201368ms] [LOG] undefined @ https://phbidlautdemo.prahu-hub.com/home/detailHakAksesbidowner/188:9494
[  201368ms] [LOG] undefined @ https://phbidlautdemo.prahu-hub.com/home/detailHakAksesbidowner/188:9494
[  201368ms] [LOG] undefined @ https://phbidlautdemo.prahu-hub.com/home/detailHakAksesbidowner/188:9494
[  201368ms] [LOG] undefined @ https://phbidlautdemo.prahu-hub.com/home/detailHakAksesbidowner/188:9494
[  201368ms] [LOG] undefined @ https://phbidlautdemo.prahu-hub.com/home/detailHakAksesbidowner/188:9494
[  201368ms] [LOG] undefined @ https://phbidlautdemo.prahu-hub.com/home/detailHakAksesbidowner/188:9494
[  201368ms] [LOG] undefined @ https://phbidlautdemo.prahu-hub.com/home/detailHakAksesbidowner/188:9494
[  201368ms] [LOG] undefined @ https://phbidlautdemo.prahu-hub.com/home/detailHakAksesbidowner/188:9494
[  201369ms] [LOG] undefined @ https://phbidlautdemo.prahu-hub.com/home/detailHakAksesbidowner/188:9494
[  201369ms] [LOG] undefined @ https://phbidlautdemo.prahu-hub.com/home/detailHakAksesbidowner/188:9494
[  201369ms] [LOG] undefined @ https://phbidlautdemo.prahu-hub.com/home/detailHakAksesbidowner/188:9494
[  201369ms] [LOG] undefined @ https://phbidlautdemo.prahu-hub.com/home/detailHakAksesbidowner/188:9494
[  201369ms] [LOG] undefined @ https://phbidlautdemo.prahu-hub.com/home/detailHakAksesbidowner/188:9494
[  201369ms] [LOG] undefined @ https://phbidlautdemo.prahu-hub.com/home/detailHakAksesbidowner/188:9494
[  201369ms] [LOG] undefined @ https://phbidlautdemo.prahu-hub.com/home/detailHakAksesbidowner/188:9494
[  201369ms] [LOG] undefined @ https://phbidlautdemo.prahu-hub.com/home/detailHakAksesbidowner/188:9494
[  201369ms] [LOG] undefined @ https://phbidlautdemo.prahu-hub.com/home/detailHakAksesbidowner/188:9494
[  201370ms] [LOG] undefined @ https://phbidlautdemo.prahu-hub.com/home/detailHakAksesbidowner/188:9494
[  201370ms] [LOG] undefined @ https://phbidlautdemo.prahu-hub.com/home/detailHakAksesbidowner/188:9494
[  201370ms] [LOG] undefined @ https://phbidlautdemo.prahu-hub.com/home/detailHakAksesbidowner/188:9494
[  201370ms] [LOG] undefined @ https://phbidlautdemo.prahu-hub.com/home/detailHakAksesbidowner/188:9494
[  201370ms] [LOG] undefined @ https://phbidlautdemo.prahu-hub.com/home/detailHakAksesbidowner/188:9494
[  201370ms] [LOG] undefined @ https://phbidlautdemo.prahu-hub.com/home/detailHakAksesbidowner/188:9494
[  201370ms] [LOG] undefined @ https://phbidlautdemo.prahu-hub.com/home/detailHakAksesbidowner/188:9494
[  201370ms] [LOG] undefined @ https://phbidlautdemo.prahu-hub.com/home/detailHakAksesbidowner/188:9494
[  201370ms] [LOG] undefined @ https://phbidlautdemo.prahu-hub.com/home/detailHakAksesbidowner/188:9494
[  201370ms] [LOG] undefined @ https://phbidlautdemo.prahu-hub.com/home/detailHakAksesbidowner/188:9494
[  201371ms] [LOG] undefined @ https://phbidlautdemo.prahu-hub.com/home/detailHakAksesbidowner/188:9494
[  201371ms] [LOG] undefined @ https://phbidlautdemo.prahu-hub.com/home/detailHakAksesbidowner/188:9494
[  201371ms] [LOG] undefined @ https://phbidlautdemo.prahu-hub.com/home/detailHakAksesbidowner/188:9494
[  201371ms] [LOG] undefined @ https://phbidlautdemo.prahu-hub.com/home/detailHakAksesbidowner/188:9494
[  201371ms] [LOG] undefined @ https://phbidlautdemo.prahu-hub.com/home/detailHakAksesbidowner/188:9494
[  201371ms] [LOG] undefined @ https://phbidlautdemo.prahu-hub.com/home/detailHakAksesbidowner/188:9494
[  201371ms] [LOG] undefined @ https://phbidlautdemo.prahu-hub.com/home/detailHakAksesbidowner/188:9494
[  201371ms] [LOG] undefined @ https://phbidlautdemo.prahu-hub.com/home/detailHakAksesbidowner/188:9494
[  201371ms] [LOG] undefined @ https://phbidlautdemo.prahu-hub.com/home/detailHakAksesbidowner/188:9494
[  201371ms] [LOG] undefined @ https://phbidlautdemo.prahu-hub.com/home/detailHakAksesbidowner/188:9494
[  201372ms] [LOG] undefined @ https://phbidlautdemo.prahu-hub.com/home/detailHakAksesbidowner/188:9494
[  201372ms] [LOG] undefined @ https://phbidlautdemo.prahu-hub.com/home/detailHakAksesbidowner/188:9494
[  201372ms] [LOG] undefined @ https://phbidlautdemo.prahu-hub.com/home/detailHakAksesbidowner/188:9494
[  201373ms] [LOG] undefined @ https://phbidlautdemo.prahu-hub.com/home/detailHakAksesbidowner/188:9494
[  201373ms] [LOG] undefined @ https://phbidlautdemo.prahu-hub.com/home/detailHakAksesbidowner/188:9494
[  201373ms] [LOG] undefined @ https://phbidlautdemo.prahu-hub.com/home/detailHakAksesbidowner/188:9494
[  201373ms] [LOG] undefined @ https://phbidlautdemo.prahu-hub.com/home/detailHakAksesbidowner/188:9494
[  201373ms] [LOG] undefined @ https://phbidlautdemo.prahu-hub.com/home/detailHakAksesbidowner/188:9494
[  201373ms] [LOG] undefined @ https://phbidlautdemo.prahu-hub.com/home/detailHakAksesbidowner/188:9494
[  201373ms] [LOG] undefined @ https://phbidlautdemo.prahu-hub.com/home/detailHakAksesbidowner/188:9494
[  201373ms] [LOG] undefined @ https://phbidlautdemo.prahu-hub.com/home/detailHakAksesbidowner/188:9494
[  201373ms] [LOG] undefined @ https://phbidlautdemo.prahu-hub.com/home/detailHakAksesbidowner/188:9494
[  201373ms] [LOG] undefined @ https://phbidlautdemo.prahu-hub.com/home/detailHakAksesbidowner/188:9494
[  201374ms] [LOG] undefined @ https://phbidlautdemo.prahu-hub.com/home/detailHakAksesbidowner/188:9494
[  201374ms] [LOG] undefined @ https://phbidlautdemo.prahu-hub.com/home/detailHakAksesbidowner/188:9494
[  201374ms] [LOG] undefined @ https://phbidlautdemo.prahu-hub.com/home/detailHakAksesbidowner/188:9494
[  201374ms] [LOG] undefined @ https://phbidlautdemo.prahu-hub.com/home/detailHakAksesbidowner/188:9494
[  201374ms] [LOG] undefined @ https://phbidlautdemo.prahu-hub.com/home/detailHakAksesbidowner/188:9494
[  201374ms] [LOG] undefined @ https://phbidlautdemo.prahu-hub.com/home/detailHakAksesbidowner/188:9494
[  201374ms] [LOG] undefined @ https://phbidlautdemo.prahu-hub.com/home/detailHakAksesbidowner/188:9494
[  201374ms] [LOG] undefined @ https://phbidlautdemo.prahu-hub.com/home/detailHakAksesbidowner/188:9494
[  201374ms] [LOG] undefined @ https://phbidlautdemo.prahu-hub.com/home/detailHakAksesbidowner/188:9494
[  201374ms] [LOG] undefined @ https://phbidlautdemo.prahu-hub.com/home/detailHakAksesbidowner/188:9494
[  201374ms] [LOG] undefined @ https://phbidlautdemo.prahu-hub.com/home/detailHakAksesbidowner/188:9494
[  201374ms] [LOG] undefined @ https://phbidlautdemo.prahu-hub.com/home/detailHakAksesbidowner/188:9494
[  201374ms] [LOG] undefined @ https://phbidlautdemo.prahu-hub.com/home/detailHakAksesbidowner/188:9494
[  201374ms] [LOG] undefined @ https://phbidlautdemo.prahu-hub.com/home/detailHakAksesbidowner/188:9494
[  201374ms] [LOG] undefined @ https://phbidlautdemo.prahu-hub.com/home/detailHakAksesbidowner/188:9494
[  201375ms] [LOG] undefined @ https://phbidlautdemo.prahu-hub.com/home/detailHakAksesbidowner/188:9494
[  201375ms] [LOG] undefined @ https://phbidlautdemo.prahu-hub.com/home/detailHakAksesbidowner/188:9494
[  201375ms] [LOG] undefined @ https://phbidlautdemo.prahu-hub.com/home/detailHakAksesbidowner/188:9494
[  201375ms] [LOG] undefined @ https://phbidlautdemo.prahu-hub.com/home/detailHakAksesbidowner/188:9494
[  201375ms] [LOG] undefined @ https://phbidlautdemo.prahu-hub.com/home/detailHakAksesbidowner/188:9494
[  201375ms] [LOG] undefined @ https://phbidlautdemo.prahu-hub.com/home/detailHakAksesbidowner/188:9494
[  201375ms] [LOG] undefined @ https://phbidlautdemo.prahu-hub.com/home/detailHakAksesbidowner/188:9494
[  201375ms] [LOG] undefined @ https://phbidlautdemo.prahu-hub.com/home/detailHakAksesbidowner/188:9494
[  201375ms] [LOG] undefined @ https://phbidlautdemo.prahu-hub.com/home/detailHakAksesbidowner/188:9494
[  201375ms] [LOG] undefined @ https://phbidlautdemo.prahu-hub.com/home/detailHakAksesbidowner/188:9494
[  201375ms] [LOG] undefined @ https://phbidlautdemo.prahu-hub.com/home/detailHakAksesbidowner/188:9494
[  201376ms] [LOG] undefined @ https://phbidlautdemo.prahu-hub.com/home/detailHakAksesbidowner/188:9494
[  201376ms] [LOG] undefined @ https://phbidlautdemo.prahu-hub.com/home/detailHakAksesbidowner/188:9494
[  201376ms] [LOG] undefined @ https://phbidlautdemo.prahu-hub.com/home/detailHakAksesbidowner/188:9494
[  201376ms] [LOG] undefined @ https://phbidlautdemo.prahu-hub.com/home/detailHakAksesbidowner/188:9494
[  201376ms] [LOG] undefined @ https://phbidlautdemo.prahu-hub.com/home/detailHakAksesbidowner/188:9494
[  201376ms] [LOG] undefined @ https://phbidlautdemo.prahu-hub.com/home/detailHakAksesbidowner/188:9494
[  201376ms] [LOG] undefined @ https://phbidlautdemo.prahu-hub.com/home/detailHakAksesbidowner/188:9494
[  201376ms] [LOG] undefined @ https://phbidlautdemo.prahu-hub.com/home/detailHakAksesbidowner/188:9494
[  201376ms] [LOG] undefined @ https://phbidlautdemo.prahu-hub.com/home/detailHakAksesbidowner/188:9494
[  201376ms] [LOG] undefined @ https://phbidlautdemo.prahu-hub.com/home/detailHakAksesbidowner/188:9494
[  201376ms] [LOG] undefined @ https://phbidlautdemo.prahu-hub.com/home/detailHakAksesbidowner/188:9494
[  201376ms] [LOG] undefined @ https://phbidlautdemo.prahu-hub.com/home/detailHakAksesbidowner/188:9494
[  201376ms] [LOG] undefined @ https://phbidlautdemo.prahu-hub.com/home/detailHakAksesbidowner/188:9494
[  201377ms] [LOG] undefined @ https://phbidlautdemo.prahu-hub.com/home/detailHakAksesbidowner/188:9494
[  201377ms] [LOG] undefined @ https://phbidlautdemo.prahu-hub.com/home/detailHakAksesbidowner/188:9494
[  201377ms] [LOG] undefined @ https://phbidlautdemo.prahu-hub.com/home/detailHakAksesbidowner/188:9494
[  201377ms] [LOG] undefined @ https://phbidlautdemo.prahu-hub.com/home/detailHakAksesbidowner/188:9494
[  201377ms] [LOG] undefined @ https://phbidlautdemo.prahu-hub.com/home/detailHakAksesbidowner/188:9494
[  201377ms] [LOG] undefined @ https://phbidlautdemo.prahu-hub.com/home/detailHakAksesbidowner/188:9494
[  201377ms] [LOG] undefined @ https://phbidlautdemo.prahu-hub.com/home/detailHakAksesbidowner/188:9494
[  201377ms] [LOG] undefined @ https://phbidlautdemo.prahu-hub.com/home/detailHakAksesbidowner/188:9494
[  201377ms] [LOG] undefined @ https://phbidlautdemo.prahu-hub.com/home/detailHakAksesbidowner/188:9494
[  201378ms] [LOG] undefined @ https://phbidlautdemo.prahu-hub.com/home/detailHakAksesbidowner/188:9494
[  201378ms] [LOG] undefined @ https://phbidlautdemo.prahu-hub.com/home/detailHakAksesbidowner/188:9494
[  201378ms] [LOG] undefined @ https://phbidlautdemo.prahu-hub.com/home/detailHakAksesbidowner/188:9494
[  201378ms] [LOG] undefined @ https://phbidlautdemo.prahu-hub.com/home/detailHakAksesbidowner/188:9494
[  201378ms] [LOG] undefined @ https://phbidlautdemo.prahu-hub.com/home/detailHakAksesbidowner/188:9494
[  201378ms] [LOG] undefined @ https://phbidlautdemo.prahu-hub.com/home/detailHakAksesbidowner/188:9494
[  201378ms] [LOG] undefined @ https://phbidlautdemo.prahu-hub.com/home/detailHakAksesbidowner/188:9494
[  201378ms] [LOG] undefined @ https://phbidlautdemo.prahu-hub.com/home/detailHakAksesbidowner/188:9494
[  201378ms] [LOG] undefined @ https://phbidlautdemo.prahu-hub.com/home/detailHakAksesbidowner/188:9494
[  201378ms] [LOG] undefined @ https://phbidlautdemo.prahu-hub.com/home/detailHakAksesbidowner/188:9494
[  201378ms] [LOG] undefined @ https://phbidlautdemo.prahu-hub.com/home/detailHakAksesbidowner/188:9494
[  201378ms] [LOG] undefined @ https://phbidlautdemo.prahu-hub.com/home/detailHakAksesbidowner/188:9494
[  201378ms] [LOG] undefined @ https://phbidlautdemo.prahu-hub.com/home/detailHakAksesbidowner/188:9494
[  201378ms] [LOG] undefined @ https://phbidlautdemo.prahu-hub.com/home/detailHakAksesbidowner/188:9494
[  201378ms] [LOG] undefined @ https://phbidlautdemo.prahu-hub.com/home/detailHakAksesbidowner/188:9494
[  201379ms] [LOG] undefined @ https://phbidlautdemo.prahu-hub.com/home/detailHakAksesbidowner/188:9494
[  201379ms] [LOG] undefined @ https://phbidlautdemo.prahu-hub.com/home/detailHakAksesbidowner/188:9494
[  201379ms] [LOG] undefined @ https://phbidlautdemo.prahu-hub.com/home/detailHakAksesbidowner/188:9494
[  201379ms] [LOG] undefined @ https://phbidlautdemo.prahu-hub.com/home/detailHakAksesbidowner/188:9494
[  201379ms] [LOG] undefined @ https://phbidlautdemo.prahu-hub.com/home/detailHakAksesbidowner/188:9494
[  201379ms] [LOG] undefined @ https://phbidlautdemo.prahu-hub.com/home/detailHakAksesbidowner/188:9494
[  201379ms] [LOG] undefined @ https://phbidlautdemo.prahu-hub.com/home/detailHakAksesbidowner/188:9494
[  201379ms] [LOG] undefined @ https://phbidlautdemo.prahu-hub.com/home/detailHakAksesbidowner/188:9494
[  201379ms] [LOG] undefined @ https://phbidlautdemo.prahu-hub.com/home/detailHakAksesbidowner/188:9494
[  201379ms] [LOG] undefined @ https://phbidlautdemo.prahu-hub.com/home/detailHakAksesbidowner/188:9494
[  201379ms] [LOG] undefined @ https://phbidlautdemo.prahu-hub.com/home/detailHakAksesbidowner/188:9494
[  201379ms] [LOG] undefined @ https://phbidlautdemo.prahu-hub.com/home/detailHakAksesbidowner/188:9494
[  201379ms] [LOG] undefined @ https://phbidlautdemo.prahu-hub.com/home/detailHakAksesbidowner/188:9494
[  201379ms] [LOG] undefined @ https://phbidlautdemo.prahu-hub.com/home/detailHakAksesbidowner/188:9494
[  201379ms] [LOG] undefined @ https://phbidlautdemo.prahu-hub.com/home/detailHakAksesbidowner/188:9494
[  201379ms] [LOG] undefined @ https://phbidlautdemo.prahu-hub.com/home/detailHakAksesbidowner/188:9494
[  201380ms] [LOG] undefined @ https://phbidlautdemo.prahu-hub.com/home/detailHakAksesbidowner/188:9494
[  201380ms] [LOG] undefined @ https://phbidlautdemo.prahu-hub.com/home/detailHakAksesbidowner/188:9494
[  201380ms] [LOG] undefined @ https://phbidlautdemo.prahu-hub.com/home/detailHakAksesbidowner/188:9494
[  201380ms] [LOG] undefined @ https://phbidlautdemo.prahu-hub.com/home/detailHakAksesbidowner/188:9494
[  201380ms] [LOG] undefined @ https://phbidlautdemo.prahu-hub.com/home/detailHakAksesbidowner/188:9494
[  201380ms] [LOG] undefined @ https://phbidlautdemo.prahu-hub.com/home/detailHakAksesbidowner/188:9494
[  201380ms] [LOG] undefined @ https://phbidlautdemo.prahu-hub.com/home/detailHakAksesbidowner/188:9494
[  201380ms] [LOG] undefined @ https://phbidlautdemo.prahu-hub.com/home/detailHakAksesbidowner/188:9494
[  201380ms] [LOG] undefined @ https://phbidlautdemo.prahu-hub.com/home/detailHakAksesbidowner/188:9494
[  201380ms] [LOG] undefined @ https://phbidlautdemo.prahu-hub.com/home/detailHakAksesbidowner/188:9494
[  201380ms] [LOG] undefined @ https://phbidlautdemo.prahu-hub.com/home/detailHakAksesbidowner/188:9494
[  201380ms] [LOG] undefined @ https://phbidlautdemo.prahu-hub.com/home/detailHakAksesbidowner/188:9494
[  201380ms] [LOG] undefined @ https://phbidlautdemo.prahu-hub.com/home/detailHakAksesbidowner/188:9494
[  201380ms] [LOG] undefined @ https://phbidlautdemo.prahu-hub.com/home/detailHakAksesbidowner/188:9494
[  201380ms] [LOG] undefined @ https://phbidlautdemo.prahu-hub.com/home/detailHakAksesbidowner/188:9494
[  201381ms] [LOG] undefined @ https://phbidlautdemo.prahu-hub.com/home/detailHakAksesbidowner/188:9494
[  201381ms] [LOG] undefined @ https://phbidlautdemo.prahu-hub.com/home/detailHakAksesbidowner/188:9494
[  201381ms] [LOG] undefined @ https://phbidlautdemo.prahu-hub.com/home/detailHakAksesbidowner/188:9494
[  201381ms] [LOG] undefined @ https://phbidlautdemo.prahu-hub.com/home/detailHakAksesbidowner/188:9494
[  201381ms] [LOG] undefined @ https://phbidlautdemo.prahu-hub.com/home/detailHakAksesbidowner/188:9494
[  201381ms] [LOG] undefined @ https://phbidlautdemo.prahu-hub.com/home/detailHakAksesbidowner/188:9494
[  201381ms] [LOG] undefined @ https://phbidlautdemo.prahu-hub.com/home/detailHakAksesbidowner/188:9494
[  201381ms] [LOG] undefined @ https://phbidlautdemo.prahu-hub.com/home/detailHakAksesbidowner/188:9494
[  201381ms] [LOG] undefined @ https://phbidlautdemo.prahu-hub.com/home/detailHakAksesbidowner/188:9494
[  201381ms] [LOG] undefined @ https://phbidlautdemo.prahu-hub.com/home/detailHakAksesbidowner/188:9494
[  201381ms] [LOG] undefined @ https://phbidlautdemo.prahu-hub.com/home/detailHakAksesbidowner/188:9494
[  201381ms] [LOG] undefined @ https://phbidlautdemo.prahu-hub.com/home/detailHakAksesbidowner/188:9494
[  201381ms] [LOG] undefined @ https://phbidlautdemo.prahu-hub.com/home/detailHakAksesbidowner/188:9494
[  201381ms] [LOG] undefined @ https://phbidlautdemo.prahu-hub.com/home/detailHakAksesbidowner/188:9494
[  201382ms] [LOG] undefined @ https://phbidlautdemo.prahu-hub.com/home/detailHakAksesbidowner/188:9494
[  201382ms] [LOG] undefined @ https://phbidlautdemo.prahu-hub.com/home/detailHakAksesbidowner/188:9494
[  201382ms] [LOG] undefined @ https://phbidlautdemo.prahu-hub.com/home/detailHakAksesbidowner/188:9494
[  201382ms] [LOG] undefined @ https://phbidlautdemo.prahu-hub.com/home/detailHakAksesbidowner/188:9494
[  201382ms] [LOG] undefined @ https://phbidlautdemo.prahu-hub.com/home/detailHakAksesbidowner/188:9494
[  201382ms] [LOG] undefined @ https://phbidlautdemo.prahu-hub.com/home/detailHakAksesbidowner/188:9494
[  201382ms] [LOG] undefined @ https://phbidlautdemo.prahu-hub.com/home/detailHakAksesbidowner/188:9494
[  201382ms] [LOG] undefined @ https://phbidlautdemo.prahu-hub.com/home/detailHakAksesbidowner/188:9494
[  201382ms] [LOG] undefined @ https://phbidlautdemo.prahu-hub.com/home/detailHakAksesbidowner/188:9494
[  201382ms] [LOG] undefined @ https://phbidlautdemo.prahu-hub.com/home/detailHakAksesbidowner/188:9494
[  201383ms] [LOG] WebSocket connection @ https://phbidlautdemo.prahu-hub.com/home/detailHakAksesbidowner/188:9537
[  201384ms] [LOG] WebSocket connection attempting... @ https://phbidlautdemo.prahu-hub.com/home/detailHakAksesbidowner/188:9615
[  201480ms] [LOG] WebSocket connected @ https://phbidlautdemo.prahu-hub.com/home/detailHakAksesbidowner/188:9546
[  201485ms] [LOG] update_dashboard_order_laut @ https://phbidlautdemo.prahu-hub.com/home/detailHakAksesbidowner/188:9587
[  201507ms] [LOG] Connected @ https://phbidlautdemo.prahu-hub.com/home/detailHakAksesbidowner/188:9587
[  201768ms] [LOG] 200 xhrglobal @ https://phbidlautdemo.prahu-hub.com/home/detailHakAksesbidowner/188:9468
[  201856ms] [LOG] 200 xhrglobal @ https://phbidlautdemo.prahu-hub.com/home/detailHakAksesbidowner/188:9468
[  203253ms] TypeError: $(...).DataTable is not a function
    at https://phbidlautdemo.prahu-hub.com/_resources/themes/prahutheme/js/scripts-init/tables.js:7:23
[  204974ms] Cannot use import statement outside a module
[  204979ms] ReferenceError: Chart is not defined
    at https://phbidlautdemo.prahu-hub.com/_resources/themes/prahutheme/js/scripts-init/charts/chartjs.js:8:13
[  205240ms] Unexpected token '<'
[  205240ms] Unexpected token '<'
[  205385ms] Uncaught TypeError: expect element to be DOM Element, but got null
    at n.init (https://cdnjs.cloudflare.com/ajax/libs/smooth-scrollbar/8.5.2/smooth-scrollbar.js:24:264)
    at <anonymous> (https://phbidlautdemo.prahu-hub.com/home/detailHakAksesbidowner/184:8701:14)
[  205413ms] [LOG] Pengaturan Akunnamanya @ https://phbidlautdemo.prahu-hub.com/home/detailHakAksesbidowner/184:1877
[  205423ms] [LOG] Modul : modul_analitik | Nama : lihat_data_analitik_scsr_by_provinsi @ https://phbidlautdemo.prahu-hub.com/home/detailHakAksesbidowner/184:8225
[  205426ms] [LOG] Modul : modul_analitik | Nama : export_data_scsr_by_provinsi @ https://phbidlautdemo.prahu-hub.com/home/detailHakAksesbidowner/184:8230
[  205427ms] [LOG] Modul : modul_analitik | Nama : lihat_data_analitik_scsr_by_kota @ https://phbidlautdemo.prahu-hub.com/home/detailHakAksesbidowner/184:8235
[  205428ms] [LOG] Modul : modul_analitik | Nama : export_data_scsr_by_kota @ https://phbidlautdemo.prahu-hub.com/home/detailHakAksesbidowner/184:8240
[  205429ms] [LOG] Modul : modul_analitik | Nama : lihat_data_analitik_scsr_by_consignee @ https://phbidlautdemo.prahu-hub.com/home/detailHakAksesbidowner/184:8245
[  205429ms] [LOG] Modul : modul_analitik | Nama : export_data_scsr_by_consignee @ https://phbidlautdemo.prahu-hub.com/home/detailHakAksesbidowner/184:8250
[  205430ms] [LOG] Modul : modul_analitik | Nama : lihat_data_analitik_fcu @ https://phbidlautdemo.prahu-hub.com/home/detailHakAksesbidowner/184:8255
[  205431ms] [LOG] Modul : modul_analitik | Nama : export_data_fcu @ https://phbidlautdemo.prahu-hub.com/home/detailHakAksesbidowner/184:8260
[  205432ms] [LOG] Modul : modul_analitik | Nama : lihat_data_analitik_otdr @ https://phbidlautdemo.prahu-hub.com/home/detailHakAksesbidowner/184:8265
[  205432ms] [LOG] Modul : modul_analitik | Nama : export_data_otdr @ https://phbidlautdemo.prahu-hub.com/home/detailHakAksesbidowner/184:8270
[  205433ms] [LOG] Modul : modul_analitik | Nama : lihat_data_analitik_sa @ https://phbidlautdemo.prahu-hub.com/home/detailHakAksesbidowner/184:8275
[  205434ms] [LOG] Modul : modul_analitik | Nama : export_data_sa @ https://phbidlautdemo.prahu-hub.com/home/detailHakAksesbidowner/184:8280
[  205439ms] [LOG] undefined @ https://phbidlautdemo.prahu-hub.com/home/detailHakAksesbidowner/184:9054
[  205439ms] [LOG] undefined @ https://phbidlautdemo.prahu-hub.com/home/detailHakAksesbidowner/184:9054
[  205439ms] [LOG] undefined @ https://phbidlautdemo.prahu-hub.com/home/detailHakAksesbidowner/184:9054
[  205439ms] [LOG] undefined @ https://phbidlautdemo.prahu-hub.com/home/detailHakAksesbidowner/184:9054
[  205439ms] [LOG] undefined @ https://phbidlautdemo.prahu-hub.com/home/detailHakAksesbidowner/184:9054
[  205439ms] [LOG] undefined @ https://phbidlautdemo.prahu-hub.com/home/detailHakAksesbidowner/184:9054
[  205440ms] [LOG] undefined @ https://phbidlautdemo.prahu-hub.com/home/detailHakAksesbidowner/184:9054
[  205440ms] [LOG] undefined @ https://phbidlautdemo.prahu-hub.com/home/detailHakAksesbidowner/184:9054
[  205440ms] [LOG] undefined @ https://phbidlautdemo.prahu-hub.com/home/detailHakAksesbidowner/184:9054
[  205440ms] [LOG] undefined @ https://phbidlautdemo.prahu-hub.com/home/detailHakAksesbidowner/184:9054
[  205440ms] [LOG] undefined @ https://phbidlautdemo.prahu-hub.com/home/detailHakAksesbidowner/184:9054
[  205440ms] [LOG] undefined @ https://phbidlautdemo.prahu-hub.com/home/detailHakAksesbidowner/184:9054
[  205440ms] [LOG] undefined @ https://phbidlautdemo.prahu-hub.com/home/detailHakAksesbidowner/184:9054
[  205440ms] [LOG] undefined @ https://phbidlautdemo.prahu-hub.com/home/detailHakAksesbidowner/184:9054
[  205440ms] [LOG] undefined @ https://phbidlautdemo.prahu-hub.com/home/detailHakAksesbidowner/184:9054
[  205441ms] [LOG] undefined @ https://phbidlautdemo.prahu-hub.com/home/detailHakAksesbidowner/184:9054
[  205441ms] [LOG] undefined @ https://phbidlautdemo.prahu-hub.com/home/detailHakAksesbidowner/184:9054
[  205441ms] [LOG] undefined @ https://phbidlautdemo.prahu-hub.com/home/detailHakAksesbidowner/184:9054
[  205441ms] [LOG] undefined @ https://phbidlautdemo.prahu-hub.com/home/detailHakAksesbidowner/184:9054
[  205441ms] [LOG] undefined @ https://phbidlautdemo.prahu-hub.com/home/detailHakAksesbidowner/184:9054
[  205441ms] [LOG] undefined @ https://phbidlautdemo.prahu-hub.com/home/detailHakAksesbidowner/184:9054
[  205441ms] [LOG] undefined @ https://phbidlautdemo.prahu-hub.com/home/detailHakAksesbidowner/184:9054
[  205441ms] [LOG] undefined @ https://phbidlautdemo.prahu-hub.com/home/detailHakAksesbidowner/184:9054
[  205442ms] [LOG] undefined @ https://phbidlautdemo.prahu-hub.com/home/detailHakAksesbidowner/184:9054
[  205442ms] [LOG] undefined @ https://phbidlautdemo.prahu-hub.com/home/detailHakAksesbidowner/184:9054
[  205442ms] [LOG] undefined @ https://phbidlautdemo.prahu-hub.com/home/detailHakAksesbidowner/184:9054
[  205442ms] [LOG] undefined @ https://phbidlautdemo.prahu-hub.com/home/detailHakAksesbidowner/184:9054
[  205442ms] [LOG] undefined @ https://phbidlautdemo.prahu-hub.com/home/detailHakAksesbidowner/184:9054
[  205442ms] [LOG] undefined @ https://phbidlautdemo.prahu-hub.com/home/detailHakAksesbidowner/184:9054
[  205442ms] [LOG] undefined @ https://phbidlautdemo.prahu-hub.com/home/detailHakAksesbidowner/184:9054
[  205443ms] [LOG] undefined @ https://phbidlautdemo.prahu-hub.com/home/detailHakAksesbidowner/184:9054
[  205443ms] [LOG] undefined @ https://phbidlautdemo.prahu-hub.com/home/detailHakAksesbidowner/184:9054
[  205443ms] [LOG] undefined @ https://phbidlautdemo.prahu-hub.com/home/detailHakAksesbidowner/184:9054
[  205443ms] [LOG] undefined @ https://phbidlautdemo.prahu-hub.com/home/detailHakAksesbidowner/184:9054
[  205444ms] [LOG] undefined @ https://phbidlautdemo.prahu-hub.com/home/detailHakAksesbidowner/184:9054
[  205444ms] [LOG] undefined @ https://phbidlautdemo.prahu-hub.com/home/detailHakAksesbidowner/184:9054
[  205444ms] [LOG] undefined @ https://phbidlautdemo.prahu-hub.com/home/detailHakAksesbidowner/184:9054
[  205444ms] [LOG] undefined @ https://phbidlautdemo.prahu-hub.com/home/detailHakAksesbidowner/184:9054
[  205445ms] [LOG] undefined @ https://phbidlautdemo.prahu-hub.com/home/detailHakAksesbidowner/184:9054
[  205445ms] [LOG] undefined @ https://phbidlautdemo.prahu-hub.com/home/detailHakAksesbidowner/184:9054
[  205445ms] [LOG] undefined @ https://phbidlautdemo.prahu-hub.com/home/detailHakAksesbidowner/184:9054
[  205446ms] [LOG] undefined @ https://phbidlautdemo.prahu-hub.com/home/detailHakAksesbidowner/184:9054
[  205446ms] [LOG] undefined @ https://phbidlautdemo.prahu-hub.com/home/detailHakAksesbidowner/184:9054
[  205446ms] [LOG] undefined @ https://phbidlautdemo.prahu-hub.com/home/detailHakAksesbidowner/184:9054
[  205446ms] [LOG] undefined @ https://phbidlautdemo.prahu-hub.com/home/detailHakAksesbidowner/184:9054
[  205446ms] [LOG] undefined @ https://phbidlautdemo.prahu-hub.com/home/detailHakAksesbidowner/184:9054
[  205446ms] [LOG] undefined @ https://phbidlautdemo.prahu-hub.com/home/detailHakAksesbidowner/184:9054
[  205447ms] [LOG] undefined @ https://phbidlautdemo.prahu-hub.com/home/detailHakAksesbidowner/184:9054
[  205447ms] [LOG] undefined @ https://phbidlautdemo.prahu-hub.com/home/detailHakAksesbidowner/184:9054
[  205447ms] [LOG] undefined @ https://phbidlautdemo.prahu-hub.com/home/detailHakAksesbidowner/184:9054
[  205447ms] [LOG] undefined @ https://phbidlautdemo.prahu-hub.com/home/detailHakAksesbidowner/184:9054
[  205447ms] [LOG] undefined @ https://phbidlautdemo.prahu-hub.com/home/detailHakAksesbidowner/184:9054
[  205447ms] [LOG] undefined @ https://phbidlautdemo.prahu-hub.com/home/detailHakAksesbidowner/184:9054
[  205447ms] [LOG] undefined @ https://phbidlautdemo.prahu-hub.com/home/detailHakAksesbidowner/184:9054
[  205447ms] [LOG] undefined @ https://phbidlautdemo.prahu-hub.com/home/detailHakAksesbidowner/184:9054
[  205447ms] [LOG] undefined @ https://phbidlautdemo.prahu-hub.com/home/detailHakAksesbidowner/184:9054
[  205448ms] [LOG] undefined @ https://phbidlautdemo.prahu-hub.com/home/detailHakAksesbidowner/184:9054
[  205448ms] [LOG] undefined @ https://phbidlautdemo.prahu-hub.com/home/detailHakAksesbidowner/184:9054
[  205448ms] [LOG] undefined @ https://phbidlautdemo.prahu-hub.com/home/detailHakAksesbidowner/184:9054
[  205448ms] [LOG] undefined @ https://phbidlautdemo.prahu-hub.com/home/detailHakAksesbidowner/184:9054
[  205448ms] [LOG] undefined @ https://phbidlautdemo.prahu-hub.com/home/detailHakAksesbidowner/184:9054
[  205448ms] [LOG] undefined @ https://phbidlautdemo.prahu-hub.com/home/detailHakAksesbidowner/184:9054
[  205448ms] [LOG] undefined @ https://phbidlautdemo.prahu-hub.com/home/detailHakAksesbidowner/184:9054
[  205448ms] [LOG] undefined @ https://phbidlautdemo.prahu-hub.com/home/detailHakAksesbidowner/184:9054
[  205449ms] [LOG] undefined @ https://phbidlautdemo.prahu-hub.com/home/detailHakAksesbidowner/184:9054
[  205449ms] [LOG] undefined @ https://phbidlautdemo.prahu-hub.com/home/detailHakAksesbidowner/184:9054
[  205449ms] [LOG] undefined @ https://phbidlautdemo.prahu-hub.com/home/detailHakAksesbidowner/184:9054
[  205449ms] [LOG] undefined @ https://phbidlautdemo.prahu-hub.com/home/detailHakAksesbidowner/184:9054
[  205449ms] [LOG] undefined @ https://phbidlautdemo.prahu-hub.com/home/detailHakAksesbidowner/184:9054
[  205449ms] [LOG] undefined @ https://phbidlautdemo.prahu-hub.com/home/detailHakAksesbidowner/184:9054
[  205450ms] [LOG] undefined @ https://phbidlautdemo.prahu-hub.com/home/detailHakAksesbidowner/184:9054
[  205450ms] [LOG] undefined @ https://phbidlautdemo.prahu-hub.com/home/detailHakAksesbidowner/184:9054
[  205450ms] [LOG] undefined @ https://phbidlautdemo.prahu-hub.com/home/detailHakAksesbidowner/184:9054
[  205450ms] [LOG] undefined @ https://phbidlautdemo.prahu-hub.com/home/detailHakAksesbidowner/184:9054
[  205450ms] [LOG] undefined @ https://phbidlautdemo.prahu-hub.com/home/detailHakAksesbidowner/184:9054
[  205450ms] [LOG] undefined @ https://phbidlautdemo.prahu-hub.com/home/detailHakAksesbidowner/184:9054
[  205450ms] [LOG] undefined @ https://phbidlautdemo.prahu-hub.com/home/detailHakAksesbidowner/184:9054
[  205450ms] [LOG] undefined @ https://phbidlautdemo.prahu-hub.com/home/detailHakAksesbidowner/184:9054
[  205451ms] [LOG] undefined @ https://phbidlautdemo.prahu-hub.com/home/detailHakAksesbidowner/184:9054
[  205451ms] [LOG] undefined @ https://phbidlautdemo.prahu-hub.com/home/detailHakAksesbidowner/184:9054
[  205451ms] [LOG] undefined @ https://phbidlautdemo.prahu-hub.com/home/detailHakAksesbidowner/184:9054
[  205451ms] [LOG] undefined @ https://phbidlautdemo.prahu-hub.com/home/detailHakAksesbidowner/184:9054
[  205451ms] [LOG] undefined @ https://phbidlautdemo.prahu-hub.com/home/detailHakAksesbidowner/184:9054
[  205451ms] [LOG] undefined @ https://phbidlautdemo.prahu-hub.com/home/detailHakAksesbidowner/184:9054
[  205451ms] [LOG] undefined @ https://phbidlautdemo.prahu-hub.com/home/detailHakAksesbidowner/184:9054
[  205451ms] [LOG] undefined @ https://phbidlautdemo.prahu-hub.com/home/detailHakAksesbidowner/184:9054
[  205451ms] [LOG] undefined @ https://phbidlautdemo.prahu-hub.com/home/detailHakAksesbidowner/184:9054
[  205451ms] [LOG] undefined @ https://phbidlautdemo.prahu-hub.com/home/detailHakAksesbidowner/184:9054
[  205451ms] [LOG] undefined @ https://phbidlautdemo.prahu-hub.com/home/detailHakAksesbidowner/184:9054
[  205451ms] [LOG] undefined @ https://phbidlautdemo.prahu-hub.com/home/detailHakAksesbidowner/184:9054
[  205451ms] [LOG] undefined @ https://phbidlautdemo.prahu-hub.com/home/detailHakAksesbidowner/184:9054
[  205451ms] [LOG] undefined @ https://phbidlautdemo.prahu-hub.com/home/detailHakAksesbidowner/184:9054
[  205451ms] [LOG] undefined @ https://phbidlautdemo.prahu-hub.com/home/detailHakAksesbidowner/184:9054
[  205452ms] [LOG] undefined @ https://phbidlautdemo.prahu-hub.com/home/detailHakAksesbidowner/184:9054
[  205452ms] [LOG] undefined @ https://phbidlautdemo.prahu-hub.com/home/detailHakAksesbidowner/184:9054
[  205452ms] [LOG] undefined @ https://phbidlautdemo.prahu-hub.com/home/detailHakAksesbidowner/184:9054
[  205452ms] [LOG] undefined @ https://phbidlautdemo.prahu-hub.com/home/detailHakAksesbidowner/184:9054
[  205452ms] [LOG] undefined @ https://phbidlautdemo.prahu-hub.com/home/detailHakAksesbidowner/184:9054
[  205452ms] [LOG] undefined @ https://phbidlautdemo.prahu-hub.com/home/detailHakAksesbidowner/184:9054
[  205452ms] [LOG] undefined @ https://phbidlautdemo.prahu-hub.com/home/detailHakAksesbidowner/184:9054
[  205452ms] [LOG] undefined @ https://phbidlautdemo.prahu-hub.com/home/detailHakAksesbidowner/184:9054
[  205452ms] [LOG] undefined @ https://phbidlautdemo.prahu-hub.com/home/detailHakAksesbidowner/184:9054
[  205452ms] [LOG] undefined @ https://phbidlautdemo.prahu-hub.com/home/detailHakAksesbidowner/184:9054
[  205452ms] [LOG] undefined @ https://phbidlautdemo.prahu-hub.com/home/detailHakAksesbidowner/184:9054
[  205452ms] [LOG] undefined @ https://phbidlautdemo.prahu-hub.com/home/detailHakAksesbidowner/184:9054
[  205452ms] [LOG] undefined @ https://phbidlautdemo.prahu-hub.com/home/detailHakAksesbidowner/184:9054
[  205452ms] [LOG] undefined @ https://phbidlautdemo.prahu-hub.com/home/detailHakAksesbidowner/184:9054
[  205452ms] [LOG] undefined @ https://phbidlautdemo.prahu-hub.com/home/detailHakAksesbidowner/184:9054
[  205452ms] [LOG] undefined @ https://phbidlautdemo.prahu-hub.com/home/detailHakAksesbidowner/184:9054
[  205452ms] [LOG] undefined @ https://phbidlautdemo.prahu-hub.com/home/detailHakAksesbidowner/184:9054
[  205453ms] [LOG] undefined @ https://phbidlautdemo.prahu-hub.com/home/detailHakAksesbidowner/184:9054
[  205453ms] [LOG] undefined @ https://phbidlautdemo.prahu-hub.com/home/detailHakAksesbidowner/184:9054
[  205453ms] [LOG] undefined @ https://phbidlautdemo.prahu-hub.com/home/detailHakAksesbidowner/184:9054
[  205453ms] [LOG] undefined @ https://phbidlautdemo.prahu-hub.com/home/detailHakAksesbidowner/184:9054
[  205454ms] [LOG] undefined @ https://phbidlautdemo.prahu-hub.com/home/detailHakAksesbidowner/184:9054
[  205454ms] [LOG] undefined @ https://phbidlautdemo.prahu-hub.com/home/detailHakAksesbidowner/184:9054
[  205454ms] [LOG] undefined @ https://phbidlautdemo.prahu-hub.com/home/detailHakAksesbidowner/184:9054
[  205455ms] [LOG] undefined @ https://phbidlautdemo.prahu-hub.com/home/detailHakAksesbidowner/184:9054
[  205455ms] [LOG] undefined @ https://phbidlautdemo.prahu-hub.com/home/detailHakAksesbidowner/184:9054
[  205455ms] [LOG] undefined @ https://phbidlautdemo.prahu-hub.com/home/detailHakAksesbidowner/184:9054
[  205455ms] [LOG] undefined @ https://phbidlautdemo.prahu-hub.com/home/detailHakAksesbidowner/184:9054
[  205456ms] [LOG] undefined @ https://phbidlautdemo.prahu-hub.com/home/detailHakAksesbidowner/184:9054
[  205456ms] [LOG] undefined @ https://phbidlautdemo.prahu-hub.com/home/detailHakAksesbidowner/184:9054
[  205456ms] [LOG] undefined @ https://phbidlautdemo.prahu-hub.com/home/detailHakAksesbidowner/184:9054
[  205456ms] [LOG] undefined @ https://phbidlautdemo.prahu-hub.com/home/detailHakAksesbidowner/184:9054
[  205456ms] [LOG] undefined @ https://phbidlautdemo.prahu-hub.com/home/detailHakAksesbidowner/184:9054
[  205456ms] [LOG] undefined @ https://phbidlautdemo.prahu-hub.com/home/detailHakAksesbidowner/184:9054
[  205457ms] [LOG] undefined @ https://phbidlautdemo.prahu-hub.com/home/detailHakAksesbidowner/184:9054
[  205457ms] [LOG] undefined @ https://phbidlautdemo.prahu-hub.com/home/detailHakAksesbidowner/184:9054
[  205457ms] [LOG] undefined @ https://phbidlautdemo.prahu-hub.com/home/detailHakAksesbidowner/184:9054
[  205457ms] [LOG] undefined @ https://phbidlautdemo.prahu-hub.com/home/detailHakAksesbidowner/184:9054
[  205457ms] [LOG] undefined @ https://phbidlautdemo.prahu-hub.com/home/detailHakAksesbidowner/184:9054
[  205457ms] [LOG] undefined @ https://phbidlautdemo.prahu-hub.com/home/detailHakAksesbidowner/184:9054
[  205457ms] [LOG] undefined @ https://phbidlautdemo.prahu-hub.com/home/detailHakAksesbidowner/184:9054
[  205457ms] [LOG] undefined @ https://phbidlautdemo.prahu-hub.com/home/detailHakAksesbidowner/184:9054
[  205457ms] [LOG] undefined @ https://phbidlautdemo.prahu-hub.com/home/detailHakAksesbidowner/184:9054
[  205458ms] [LOG] undefined @ https://phbidlautdemo.prahu-hub.com/home/detailHakAksesbidowner/184:9054
[  205458ms] [LOG] undefined @ https://phbidlautdemo.prahu-hub.com/home/detailHakAksesbidowner/184:9054
[  205458ms] [LOG] undefined @ https://phbidlautdemo.prahu-hub.com/home/detailHakAksesbidowner/184:9054
[  205458ms] [LOG] undefined @ https://phbidlautdemo.prahu-hub.com/home/detailHakAksesbidowner/184:9054
[  205458ms] [LOG] undefined @ https://phbidlautdemo.prahu-hub.com/home/detailHakAksesbidowner/184:9054
[  205459ms] [LOG] undefined @ https://phbidlautdemo.prahu-hub.com/home/detailHakAksesbidowner/184:9054
[  205459ms] [LOG] undefined @ https://phbidlautdemo.prahu-hub.com/home/detailHakAksesbidowner/184:9054
[  205459ms] [LOG] undefined @ https://phbidlautdemo.prahu-hub.com/home/detailHakAksesbidowner/184:9054
[  205459ms] [LOG] undefined @ https://phbidlautdemo.prahu-hub.com/home/detailHakAksesbidowner/184:9054
[  205459ms] [LOG] undefined @ https://phbidlautdemo.prahu-hub.com/home/detailHakAksesbidowner/184:9054
[  205460ms] [LOG] undefined @ https://phbidlautdemo.prahu-hub.com/home/detailHakAksesbidowner/184:9054
[  205460ms] [LOG] undefined @ https://phbidlautdemo.prahu-hub.com/home/detailHakAksesbidowner/184:9054
[  205460ms] [LOG] undefined @ https://phbidlautdemo.prahu-hub.com/home/detailHakAksesbidowner/184:9054
[  205460ms] [LOG] undefined @ https://phbidlautdemo.prahu-hub.com/home/detailHakAksesbidowner/184:9054
[  205460ms] [LOG] undefined @ https://phbidlautdemo.prahu-hub.com/home/detailHakAksesbidowner/184:9054
[  205461ms] [LOG] undefined @ https://phbidlautdemo.prahu-hub.com/home/detailHakAksesbidowner/184:9054
[  205461ms] [LOG] undefined @ https://phbidlautdemo.prahu-hub.com/home/detailHakAksesbidowner/184:9054
[  205461ms] [LOG] undefined @ https://phbidlautdemo.prahu-hub.com/home/detailHakAksesbidowner/184:9054
[  205461ms] [LOG] undefined @ https://phbidlautdemo.prahu-hub.com/home/detailHakAksesbidowner/184:9054
[  205461ms] [LOG] undefined @ https://phbidlautdemo.prahu-hub.com/home/detailHakAksesbidowner/184:9054
[  205462ms] [LOG] undefined @ https://phbidlautdemo.prahu-hub.com/home/detailHakAksesbidowner/184:9054
[  205462ms] [LOG] undefined @ https://phbidlautdemo.prahu-hub.com/home/detailHakAksesbidowner/184:9054
[  205462ms] [LOG] undefined @ https://phbidlautdemo.prahu-hub.com/home/detailHakAksesbidowner/184:9054
[  205462ms] [LOG] undefined @ https://phbidlautdemo.prahu-hub.com/home/detailHakAksesbidowner/184:9054
[  205462ms] [LOG] undefined @ https://phbidlautdemo.prahu-hub.com/home/detailHakAksesbidowner/184:9054
[  205463ms] [LOG] undefined @ https://phbidlautdemo.prahu-hub.com/home/detailHakAksesbidowner/184:9054
[  205463ms] [LOG] undefined @ https://phbidlautdemo.prahu-hub.com/home/detailHakAksesbidowner/184:9054
[  205463ms] [LOG] undefined @ https://phbidlautdemo.prahu-hub.com/home/detailHakAksesbidowner/184:9054
[  205463ms] [LOG] undefined @ https://phbidlautdemo.prahu-hub.com/home/detailHakAksesbidowner/184:9054
[  205463ms] [LOG] undefined @ https://phbidlautdemo.prahu-hub.com/home/detailHakAksesbidowner/184:9054
[  205464ms] [LOG] undefined @ https://phbidlautdemo.prahu-hub.com/home/detailHakAksesbidowner/184:9054
[  205464ms] [LOG] undefined @ https://phbidlautdemo.prahu-hub.com/home/detailHakAksesbidowner/184:9054
[  205464ms] [LOG] undefined @ https://phbidlautdemo.prahu-hub.com/home/detailHakAksesbidowner/184:9054
[  205464ms] [LOG] undefined @ https://phbidlautdemo.prahu-hub.com/home/detailHakAksesbidowner/184:9054
[  205464ms] [LOG] undefined @ https://phbidlautdemo.prahu-hub.com/home/detailHakAksesbidowner/184:9054
[  205464ms] [LOG] undefined @ https://phbidlautdemo.prahu-hub.com/home/detailHakAksesbidowner/184:9054
[  205464ms] [LOG] undefined @ https://phbidlautdemo.prahu-hub.com/home/detailHakAksesbidowner/184:9054
[  205464ms] [LOG] undefined @ https://phbidlautdemo.prahu-hub.com/home/detailHakAksesbidowner/184:9054
[  205464ms] [LOG] undefined @ https://phbidlautdemo.prahu-hub.com/home/detailHakAksesbidowner/184:9054
[  205464ms] [LOG] undefined @ https://phbidlautdemo.prahu-hub.com/home/detailHakAksesbidowner/184:9054
[  205465ms] [LOG] undefined @ https://phbidlautdemo.prahu-hub.com/home/detailHakAksesbidowner/184:9054
[  205465ms] [LOG] undefined @ https://phbidlautdemo.prahu-hub.com/home/detailHakAksesbidowner/184:9054
[  205465ms] [LOG] undefined @ https://phbidlautdemo.prahu-hub.com/home/detailHakAksesbidowner/184:9054
[  205465ms] [LOG] undefined @ https://phbidlautdemo.prahu-hub.com/home/detailHakAksesbidowner/184:9054
[  205465ms] [LOG] undefined @ https://phbidlautdemo.prahu-hub.com/home/detailHakAksesbidowner/184:9054
[  205465ms] [LOG] undefined @ https://phbidlautdemo.prahu-hub.com/home/detailHakAksesbidowner/184:9054
[  205465ms] [LOG] undefined @ https://phbidlautdemo.prahu-hub.com/home/detailHakAksesbidowner/184:9054
[  205465ms] [LOG] undefined @ https://phbidlautdemo.prahu-hub.com/home/detailHakAksesbidowner/184:9054
[  205465ms] [LOG] undefined @ https://phbidlautdemo.prahu-hub.com/home/detailHakAksesbidowner/184:9054
[  205465ms] [LOG] undefined @ https://phbidlautdemo.prahu-hub.com/home/detailHakAksesbidowner/184:9054
[  205466ms] [LOG] undefined @ https://phbidlautdemo.prahu-hub.com/home/detailHakAksesbidowner/184:9054
[  205466ms] [LOG] undefined @ https://phbidlautdemo.prahu-hub.com/home/detailHakAksesbidowner/184:9054
[  205466ms] [LOG] undefined @ https://phbidlautdemo.prahu-hub.com/home/detailHakAksesbidowner/184:9054
[  205466ms] [LOG] undefined @ https://phbidlautdemo.prahu-hub.com/home/detailHakAksesbidowner/184:9054
[  205466ms] [LOG] undefined @ https://phbidlautdemo.prahu-hub.com/home/detailHakAksesbidowner/184:9054
[  205466ms] [LOG] undefined @ https://phbidlautdemo.prahu-hub.com/home/detailHakAksesbidowner/184:9054
[  205466ms] [LOG] undefined @ https://phbidlautdemo.prahu-hub.com/home/detailHakAksesbidowner/184:9054
[  205466ms] [LOG] undefined @ https://phbidlautdemo.prahu-hub.com/home/detailHakAksesbidowner/184:9054
[  205466ms] [LOG] undefined @ https://phbidlautdemo.prahu-hub.com/home/detailHakAksesbidowner/184:9054
[  205467ms] [LOG] undefined @ https://phbidlautdemo.prahu-hub.com/home/detailHakAksesbidowner/184:9054
[  205467ms] [LOG] undefined @ https://phbidlautdemo.prahu-hub.com/home/detailHakAksesbidowner/184:9054
[  205467ms] [LOG] undefined @ https://phbidlautdemo.prahu-hub.com/home/detailHakAksesbidowner/184:9054
[  205467ms] [LOG] undefined @ https://phbidlautdemo.prahu-hub.com/home/detailHakAksesbidowner/184:9054
[  205467ms] [LOG] undefined @ https://phbidlautdemo.prahu-hub.com/home/detailHakAksesbidowner/184:9054
[  205467ms] [LOG] undefined @ https://phbidlautdemo.prahu-hub.com/home/detailHakAksesbidowner/184:9054
[  205467ms] [LOG] undefined @ https://phbidlautdemo.prahu-hub.com/home/detailHakAksesbidowner/184:9054
[  205467ms] [LOG] undefined @ https://phbidlautdemo.prahu-hub.com/home/detailHakAksesbidowner/184:9054
[  205467ms] [LOG] undefined @ https://phbidlautdemo.prahu-hub.com/home/detailHakAksesbidowner/184:9054
[  205468ms] [LOG] undefined @ https://phbidlautdemo.prahu-hub.com/home/detailHakAksesbidowner/184:9054
[  205468ms] [LOG] undefined @ https://phbidlautdemo.prahu-hub.com/home/detailHakAksesbidowner/184:9054
[  205468ms] [LOG] undefined @ https://phbidlautdemo.prahu-hub.com/home/detailHakAksesbidowner/184:9054
[  205468ms] [LOG] undefined @ https://phbidlautdemo.prahu-hub.com/home/detailHakAksesbidowner/184:9054
[  205468ms] [LOG] undefined @ https://phbidlautdemo.prahu-hub.com/home/detailHakAksesbidowner/184:9054
[  205468ms] [LOG] undefined @ https://phbidlautdemo.prahu-hub.com/home/detailHakAksesbidowner/184:9054
[  205468ms] [LOG] undefined @ https://phbidlautdemo.prahu-hub.com/home/detailHakAksesbidowner/184:9054
[  205468ms] [LOG] undefined @ https://phbidlautdemo.prahu-hub.com/home/detailHakAksesbidowner/184:9054
[  205469ms] [LOG] undefined @ https://phbidlautdemo.prahu-hub.com/home/detailHakAksesbidowner/184:9054
[  205469ms] [LOG] undefined @ https://phbidlautdemo.prahu-hub.com/home/detailHakAksesbidowner/184:9054
[  205469ms] [LOG] undefined @ https://phbidlautdemo.prahu-hub.com/home/detailHakAksesbidowner/184:9054
[  205469ms] [LOG] undefined @ https://phbidlautdemo.prahu-hub.com/home/detailHakAksesbidowner/184:9054
[  205469ms] [LOG] undefined @ https://phbidlautdemo.prahu-hub.com/home/detailHakAksesbidowner/184:9054
[  205469ms] [LOG] undefined @ https://phbidlautdemo.prahu-hub.com/home/detailHakAksesbidowner/184:9054
[  205469ms] [LOG] undefined @ https://phbidlautdemo.prahu-hub.com/home/detailHakAksesbidowner/184:9054
[  205469ms] [LOG] undefined @ https://phbidlautdemo.prahu-hub.com/home/detailHakAksesbidowner/184:9054
[  205469ms] [LOG] undefined @ https://phbidlautdemo.prahu-hub.com/home/detailHakAksesbidowner/184:9054
[  205469ms] [LOG] undefined @ https://phbidlautdemo.prahu-hub.com/home/detailHakAksesbidowner/184:9054
[  205469ms] [LOG] undefined @ https://phbidlautdemo.prahu-hub.com/home/detailHakAksesbidowner/184:9054
[  205469ms] [LOG] undefined @ https://phbidlautdemo.prahu-hub.com/home/detailHakAksesbidowner/184:9054
[  205469ms] [LOG] undefined @ https://phbidlautdemo.prahu-hub.com/home/detailHakAksesbidowner/184:9054
[  205469ms] [LOG] undefined @ https://phbidlautdemo.prahu-hub.com/home/detailHakAksesbidowner/184:9054
[  205469ms] [LOG] undefined @ https://phbidlautdemo.prahu-hub.com/home/detailHakAksesbidowner/184:9054
[  205469ms] [LOG] undefined @ https://phbidlautdemo.prahu-hub.com/home/detailHakAksesbidowner/184:9054
[  205470ms] [LOG] undefined @ https://phbidlautdemo.prahu-hub.com/home/detailHakAksesbidowner/184:9054
[  205470ms] [LOG] undefined @ https://phbidlautdemo.prahu-hub.com/home/detailHakAksesbidowner/184:9054
[  205471ms] [LOG] undefined @ https://phbidlautdemo.prahu-hub.com/home/detailHakAksesbidowner/184:9054
[  205471ms] [LOG] undefined @ https://phbidlautdemo.prahu-hub.com/home/detailHakAksesbidowner/184:9054
[  205471ms] [LOG] undefined @ https://phbidlautdemo.prahu-hub.com/home/detailHakAksesbidowner/184:9054
[  205471ms] [LOG] undefined @ https://phbidlautdemo.prahu-hub.com/home/detailHakAksesbidowner/184:9054
[  205471ms] [LOG] undefined @ https://phbidlautdemo.prahu-hub.com/home/detailHakAksesbidowner/184:9054
[  205471ms] [LOG] undefined @ https://phbidlautdemo.prahu-hub.com/home/detailHakAksesbidowner/184:9054
[  205472ms] [LOG] undefined @ https://phbidlautdemo.prahu-hub.com/home/detailHakAksesbidowner/184:9054
[  205472ms] [LOG] undefined @ https://phbidlautdemo.prahu-hub.com/home/detailHakAksesbidowner/184:9054
[  205472ms] [LOG] undefined @ https://phbidlautdemo.prahu-hub.com/home/detailHakAksesbidowner/184:9054
[  205472ms] [LOG] undefined @ https://phbidlautdemo.prahu-hub.com/home/detailHakAksesbidowner/184:9054
[  205472ms] [LOG] undefined @ https://phbidlautdemo.prahu-hub.com/home/detailHakAksesbidowner/184:9054
[  205472ms] [LOG] undefined @ https://phbidlautdemo.prahu-hub.com/home/detailHakAksesbidowner/184:9054
[  205473ms] [LOG] undefined @ https://phbidlautdemo.prahu-hub.com/home/detailHakAksesbidowner/184:9054
[  205473ms] [LOG] undefined @ https://phbidlautdemo.prahu-hub.com/home/detailHakAksesbidowner/184:9054
[  205473ms] [LOG] undefined @ https://phbidlautdemo.prahu-hub.com/home/detailHakAksesbidowner/184:9054
[  205473ms] [LOG] undefined @ https://phbidlautdemo.prahu-hub.com/home/detailHakAksesbidowner/184:9054
[  205473ms] [LOG] undefined @ https://phbidlautdemo.prahu-hub.com/home/detailHakAksesbidowner/184:9054
[  205473ms] [LOG] undefined @ https://phbidlautdemo.prahu-hub.com/home/detailHakAksesbidowner/184:9054
[  205473ms] [LOG] undefined @ https://phbidlautdemo.prahu-hub.com/home/detailHakAksesbidowner/184:9054
[  205474ms] [LOG] undefined @ https://phbidlautdemo.prahu-hub.com/home/detailHakAksesbidowner/184:9054
[  205474ms] [LOG] undefined @ https://phbidlautdemo.prahu-hub.com/home/detailHakAksesbidowner/184:9054
[  205474ms] [LOG] undefined @ https://phbidlautdemo.prahu-hub.com/home/detailHakAksesbidowner/184:9054
[  205474ms] [LOG] undefined @ https://phbidlautdemo.prahu-hub.com/home/detailHakAksesbidowner/184:9054
[  205474ms] [LOG] undefined @ https://phbidlautdemo.prahu-hub.com/home/detailHakAksesbidowner/184:9054
[  205474ms] [LOG] undefined @ https://phbidlautdemo.prahu-hub.com/home/detailHakAksesbidowner/184:9054
[  205475ms] [LOG] undefined @ https://phbidlautdemo.prahu-hub.com/home/detailHakAksesbidowner/184:9054
[  205475ms] [LOG] undefined @ https://phbidlautdemo.prahu-hub.com/home/detailHakAksesbidowner/184:9054
[  205475ms] [LOG] undefined @ https://phbidlautdemo.prahu-hub.com/home/detailHakAksesbidowner/184:9054
[  205475ms] [LOG] undefined @ https://phbidlautdemo.prahu-hub.com/home/detailHakAksesbidowner/184:9054
[  205475ms] [LOG] undefined @ https://phbidlautdemo.prahu-hub.com/home/detailHakAksesbidowner/184:9054
[  205475ms] [LOG] undefined @ https://phbidlautdemo.prahu-hub.com/home/detailHakAksesbidowner/184:9054
[  205476ms] [LOG] undefined @ https://phbidlautdemo.prahu-hub.com/home/detailHakAksesbidowner/184:9054
[  205476ms] [LOG] undefined @ https://phbidlautdemo.prahu-hub.com/home/detailHakAksesbidowner/184:9054
[  205476ms] [LOG] undefined @ https://phbidlautdemo.prahu-hub.com/home/detailHakAksesbidowner/184:9054
[  205477ms] [LOG] undefined @ https://phbidlautdemo.prahu-hub.com/home/detailHakAksesbidowner/184:9054
[  205477ms] [LOG] undefined @ https://phbidlautdemo.prahu-hub.com/home/detailHakAksesbidowner/184:9054
[  205477ms] [LOG] undefined @ https://phbidlautdemo.prahu-hub.com/home/detailHakAksesbidowner/184:9054
[  205477ms] [LOG] undefined @ https://phbidlautdemo.prahu-hub.com/home/detailHakAksesbidowner/184:9054
[  205477ms] [LOG] undefined @ https://phbidlautdemo.prahu-hub.com/home/detailHakAksesbidowner/184:9054
[  205478ms] [LOG] undefined @ https://phbidlautdemo.prahu-hub.com/home/detailHakAksesbidowner/184:9054
[  205478ms] [LOG] undefined @ https://phbidlautdemo.prahu-hub.com/home/detailHakAksesbidowner/184:9054
[  205478ms] [LOG] undefined @ https://phbidlautdemo.prahu-hub.com/home/detailHakAksesbidowner/184:9054
[  205478ms] [LOG] undefined @ https://phbidlautdemo.prahu-hub.com/home/detailHakAksesbidowner/184:9054
[  205480ms] [LOG] WebSocket connection @ https://phbidlautdemo.prahu-hub.com/home/detailHakAksesbidowner/184:9097
[  205480ms] [LOG] WebSocket connection attempting... @ https://phbidlautdemo.prahu-hub.com/home/detailHakAksesbidowner/184:9175
[  205580ms] [LOG] WebSocket connected @ https://phbidlautdemo.prahu-hub.com/home/detailHakAksesbidowner/184:9106
[  205582ms] [LOG] update_dashboard_order_laut @ https://phbidlautdemo.prahu-hub.com/home/detailHakAksesbidowner/184:9147
[  205611ms] [LOG] Connected @ https://phbidlautdemo.prahu-hub.com/home/detailHakAksesbidowner/184:9147
[  205831ms] [LOG] 200 xhrglobal @ https://phbidlautdemo.prahu-hub.com/home/detailHakAksesbidowner/184:9028
[  205911ms] [LOG] 200 xhrglobal @ https://phbidlautdemo.prahu-hub.com/home/detailHakAksesbidowner/184:9028
[  207439ms] TypeError: $(...).DataTable is not a function
    at https://phbidlautdemo.prahu-hub.com/_resources/themes/prahutheme/js/scripts-init/tables.js:7:23
[  208461ms] Cannot use import statement outside a module
[  208461ms] ReferenceError: Chart is not defined
    at https://phbidlautdemo.prahu-hub.com/_resources/themes/prahutheme/js/scripts-init/charts/chartjs.js:8:13
[  208896ms] Unexpected token '<'
[  209211ms] Unexpected token '<'
[  209360ms] Uncaught TypeError: expect element to be DOM Element, but got null
    at n.init (https://cdnjs.cloudflare.com/ajax/libs/smooth-scrollbar/8.5.2/smooth-scrollbar.js:24:264)
    at <anonymous> (https://phbidlautdemo.prahu-hub.com/home/detailHakAksesbidowner/164:9026:14)
[  209383ms] [LOG] Pengaturan Akunnamanya @ https://phbidlautdemo.prahu-hub.com/home/detailHakAksesbidowner/164:1877
[  209394ms] [LOG] Modul : modul_pengajuan_lelang_pilih_semua | Nama : lihat_daftar_pengajuan_lelang @ https://phbidlautdemo.prahu-hub.com/home/detailHakAksesbidowner/164:8225
[  209398ms] [LOG] Modul : modul_pengajuan_lelang_pilih_semua | Nama : buat_pengajuan_lelang @ https://phbidlautdemo.prahu-hub.com/home/detailHakAksesbidowner/164:8230
[  209399ms] [LOG] Modul : modul_pengajuan_lelang_pilih_semua | Nama : lihat_detail_pengajuan_lelang @ https://phbidlautdemo.prahu-hub.com/home/detailHakAksesbidowner/164:8235
[  209399ms] [LOG] Modul : modul_pengajuan_lelang_pilih_semua | Nama : batalkan_lelang @ https://phbidlautdemo.prahu-hub.com/home/detailHakAksesbidowner/164:8240
[  209401ms] [LOG] Modul : modul_pengajuan_lelang_pilih_semua | Nama : lihat_harga_penawaran @ https://phbidlautdemo.prahu-hub.com/home/detailHakAksesbidowner/164:8245
[  209402ms] [LOG] Modul : modul_pengajuan_lelang_pilih_semua | Nama : minta_update_harga @ https://phbidlautdemo.prahu-hub.com/home/detailHakAksesbidowner/164:8250
[  209402ms] [LOG] Modul : modul_pengajuan_lelang_pilih_semua | Nama : history_update_harga @ https://phbidlautdemo.prahu-hub.com/home/detailHakAksesbidowner/164:8255
[  209403ms] [LOG] Modul : modul_cari_penawaran_pilih_semua | Nama : cari_hasil_penawaran @ https://phbidlautdemo.prahu-hub.com/home/detailHakAksesbidowner/164:8260
[  209404ms] [LOG] Modul : modul_cari_penawaran_pilih_semua | Nama : export_harga_penawaran @ https://phbidlautdemo.prahu-hub.com/home/detailHakAksesbidowner/164:8265
[  209405ms] [LOG] Modul : modul_cari_penawaran_pilih_semua | Nama : buat_lelang_pengiriman @ https://phbidlautdemo.prahu-hub.com/home/detailHakAksesbidowner/164:8270
[  209406ms] [LOG] Modul : modul_cari_penawaran_pilih_semua | Nama : pesan_cari_penawaran @ https://phbidlautdemo.prahu-hub.com/home/detailHakAksesbidowner/164:8275
[  209406ms] [LOG] Modul : modul_cari_penawaran_pilih_semua | Nama : nego_harga_cari_penawaran @ https://phbidlautdemo.prahu-hub.com/home/detailHakAksesbidowner/164:8280
[  209407ms] [LOG] Modul : modul_cari_penawaran_pilih_semua | Nama : request_jadwal_cari_penawaran @ https://phbidlautdemo.prahu-hub.com/home/detailHakAksesbidowner/164:8285
[  209408ms] [LOG] Modul : modul_pengajuan_nego_pilih_semua | Nama : lihat_daftar_pengajuan_nego @ https://phbidlautdemo.prahu-hub.com/home/detailHakAksesbidowner/164:8290
[  209409ms] [LOG] Modul : modul_pengajuan_nego_pilih_semua | Nama : lihat_detail_pengajuan_nego @ https://phbidlautdemo.prahu-hub.com/home/detailHakAksesbidowner/164:8295
[  209409ms] [LOG] Modul : modul_pengajuan_nego_pilih_semua | Nama : lihat_riwayat_nego @ https://phbidlautdemo.prahu-hub.com/home/detailHakAksesbidowner/164:8300
[  209410ms] [LOG] Modul : modul_daftar_order_pilih_semua | Nama : lihat_daftar_order @ https://phbidlautdemo.prahu-hub.com/home/detailHakAksesbidowner/164:8305
[  209413ms] [LOG] Modul : modul_daftar_order_pilih_semua | Nama : detail_order @ https://phbidlautdemo.prahu-hub.com/home/detailHakAksesbidowner/164:8310
[  209414ms] [LOG] Modul : modul_daftar_order_pilih_semua | Nama : input_muatan @ https://phbidlautdemo.prahu-hub.com/home/detailHakAksesbidowner/164:8315
[  209414ms] [LOG] Modul : modul_daftar_order_pilih_semua | Nama : edit_data_muatan @ https://phbidlautdemo.prahu-hub.com/home/detailHakAksesbidowner/164:8320
[  209415ms] [LOG] Modul : modul_daftar_order_pilih_semua | Nama : batal_order @ https://phbidlautdemo.prahu-hub.com/home/detailHakAksesbidowner/164:8325
[  209416ms] [LOG] Modul : modul_daftar_order_pilih_semua | Nama : input_kontrak @ https://phbidlautdemo.prahu-hub.com/home/detailHakAksesbidowner/164:8330
[  209416ms] [LOG] Modul : modul_daftar_order_pilih_semua | Nama : lihat_unit @ https://phbidlautdemo.prahu-hub.com/home/detailHakAksesbidowner/164:8335
[  209418ms] [LOG] Modul : modul_daftar_order_pilih_semua | Nama : download_dokumen @ https://phbidlautdemo.prahu-hub.com/home/detailHakAksesbidowner/164:8340
[  209419ms] [LOG] Modul : modul_daftar_order_pilih_semua | Nama : beri_penilaian_bidder @ https://phbidlautdemo.prahu-hub.com/home/detailHakAksesbidowner/164:8345
[  209419ms] [LOG] Modul : modul_daftar_order_pilih_semua | Nama : download_invoice @ https://phbidlautdemo.prahu-hub.com/home/detailHakAksesbidowner/164:8350
[  209420ms] [LOG] Modul : modul_daftar_order_pilih_semua | Nama : lihat_biaya_tambahan @ https://phbidlautdemo.prahu-hub.com/home/detailHakAksesbidowner/164:8355
[  209421ms] [LOG] Modul : modul_daftar_order_pilih_semua | Nama : injput_biaya_tambahan @ https://phbidlautdemo.prahu-hub.com/home/detailHakAksesbidowner/164:8360
[  209421ms] [LOG] Modul : modul_daftar_order_pilih_semua | Nama : edit_biaya_tambahan @ https://phbidlautdemo.prahu-hub.com/home/detailHakAksesbidowner/164:8365
[  209422ms] [LOG] Modul : modul_daftar_order_pilih_semua | Nama : hapus_biaya_tambahan @ https://phbidlautdemo.prahu-hub.com/home/detailHakAksesbidowner/164:8370
[  209423ms] [LOG] Modul : modul_daftar_order_pilih_semua | Nama : lihat_pemesanan @ https://phbidlautdemo.prahu-hub.com/home/detailHakAksesbidowner/164:8375
[  209423ms] [LOG] Modul : modul_daftar_order_pilih_semua | Nama : lihat_dokumen_packinglist @ https://phbidlautdemo.prahu-hub.com/home/detailHakAksesbidowner/164:8380
[  209424ms] [LOG] Modul : modul_daftar_order_pilih_semua | Nama : download_dokumen_packinglist @ https://phbidlautdemo.prahu-hub.com/home/detailHakAksesbidowner/164:8385
[  209425ms] [LOG] Modul : modul_daftar_order_pilih_semua | Nama : lihat_kontrak @ https://phbidlautdemo.prahu-hub.com/home/detailHakAksesbidowner/164:8390
[  209425ms] [LOG] Modul : modul_daftar_order_pilih_semua | Nama : export_kontrak @ https://phbidlautdemo.prahu-hub.com/home/detailHakAksesbidowner/164:8395
[  209426ms] [LOG] Modul : modul_daftar_order_pilih_semua | Nama : download_dokumen_kontrak @ https://phbidlautdemo.prahu-hub.com/home/detailHakAksesbidowner/164:8400
[  209427ms] [LOG] Modul : modul_daftar_order_pilih_semua | Nama : lihat_data_tracking @ https://phbidlautdemo.prahu-hub.com/home/detailHakAksesbidowner/164:8405
[  209427ms] [LOG] Modul : modul_daftar_order_pilih_semua | Nama : lihat_detail_data_tracking @ https://phbidlautdemo.prahu-hub.com/home/detailHakAksesbidowner/164:8410
[  209428ms] [LOG] Modul : modul_daftar_order_pilih_semua | Nama : lihat_rating @ https://phbidlautdemo.prahu-hub.com/home/detailHakAksesbidowner/164:8415
[  209429ms] [LOG] Modul : modul_cek_jadwal_pelayaran_pilih_semua | Nama : lihat_jadwal_pelayaran @ https://phbidlautdemo.prahu-hub.com/home/detailHakAksesbidowner/164:8420
[  209430ms] [LOG] Modul : modul_laporan_pilih_semua | Nama : lihat_history_lelang @ https://phbidlautdemo.prahu-hub.com/home/detailHakAksesbidowner/164:8425
[  209432ms] [LOG] Modul : modul_laporan_pilih_semua | Nama : detail_export_history_lelang @ https://phbidlautdemo.prahu-hub.com/home/detailHakAksesbidowner/164:8430
[  209432ms] [LOG] Modul : modul_laporan_pilih_semua | Nama : lihat_laporan_logistik @ https://phbidlautdemo.prahu-hub.com/home/detailHakAksesbidowner/164:8435
[  209433ms] [LOG] Modul : modul_laporan_pilih_semua | Nama : detail_laporan_logistik @ https://phbidlautdemo.prahu-hub.com/home/detailHakAksesbidowner/164:8440
[  209434ms] [LOG] Modul : modul_laporan_pilih_semua | Nama : export_excel_laporan_logistik @ https://phbidlautdemo.prahu-hub.com/home/detailHakAksesbidowner/164:8445
[  209435ms] [LOG] Modul : modul_dasboard | Nama : lihat_dashboardmonitoring @ https://phbidlautdemo.prahu-hub.com/home/detailHakAksesbidowner/164:8450
[  209437ms] [LOG] Modul : modul_dasboard | Nama : export_excelmonitoring @ https://phbidlautdemo.prahu-hub.com/home/detailHakAksesbidowner/164:8455
[  209437ms] [LOG] Modul : modul_dasboard | Nama : frekuensi_pengiriman @ https://phbidlautdemo.prahu-hub.com/home/detailHakAksesbidowner/164:8460
[  209438ms] [LOG] Modul : modul_dasboard | Nama : lihat_grafikpengiriman @ https://phbidlautdemo.prahu-hub.com/home/detailHakAksesbidowner/164:8465
[  209439ms] [LOG] Modul : modul_pengaturan_akun_pilih_semua | Nama : lihat_daftar_hak_akses_bidowner @ https://phbidlautdemo.prahu-hub.com/home/detailHakAksesbidowner/164:8470
[  209440ms] [LOG] Modul : modul_pengaturan_akun_pilih_semua | Nama : detail_hak_akses_bidowner @ https://phbidlautdemo.prahu-hub.com/home/detailHakAksesbidowner/164:8475
[  209441ms] [LOG] Modul : modul_pengaturan_akun_pilih_semua | Nama : lihat_daftar_sub_user_bidowner @ https://phbidlautdemo.prahu-hub.com/home/detailHakAksesbidowner/164:8480
[  209441ms] [LOG] Modul : modul_pengaturan_akun_pilih_semua | Nama : tambah_sub_user_bidowner @ https://phbidlautdemo.prahu-hub.com/home/detailHakAksesbidowner/164:8485
[  209442ms] [LOG] Modul : modul_pengaturan_akun_pilih_semua | Nama : detail_sub_user_bidowner @ https://phbidlautdemo.prahu-hub.com/home/detailHakAksesbidowner/164:8490
[  209443ms] [LOG] Modul : modul_pengaturan_akun_pilih_semua | Nama : edit_sub_user_bidowner @ https://phbidlautdemo.prahu-hub.com/home/detailHakAksesbidowner/164:8495
[  209443ms] [LOG] Modul : modul_pengaturan_akun_pilih_semua | Nama : hapus_sub_user_bidowner @ https://phbidlautdemo.prahu-hub.com/home/detailHakAksesbidowner/164:8500
[  209444ms] [LOG] Modul : modul_preference_subuser_pilih_semua | Nama : daftar_preference_notif_subuser @ https://phbidlautdemo.prahu-hub.com/home/detailHakAksesbidowner/164:8505
[  209445ms] [LOG] Modul : modul_notifikasi_pilih_semua | Nama : nego_diterima_sistem_sub @ https://phbidlautdemo.prahu-hub.com/home/detailHakAksesbidowner/164:8510
[  209447ms] [LOG] Modul : modul_notifikasi_pilih_semua | Nama : nego_ditolak_sistem_sub @ https://phbidlautdemo.prahu-hub.com/home/detailHakAksesbidowner/164:8515
[  209448ms] [LOG] Modul : modul_notifikasi_pilih_semua | Nama : nego_dicounter_sistem_sub @ https://phbidlautdemo.prahu-hub.com/home/detailHakAksesbidowner/164:8520
[  209449ms] [LOG] Modul : modul_notifikasi_pilih_semua | Nama : perjanjian_pengiriman_diterima_sistem_sub @ https://phbidlautdemo.prahu-hub.com/home/detailHakAksesbidowner/164:8525
[  209450ms] [LOG] Modul : modul_notifikasi_pilih_semua | Nama : perjanjian_pengiriman_ditolak_sistem_sub @ https://phbidlautdemo.prahu-hub.com/home/detailHakAksesbidowner/164:8530
[  209451ms] [LOG] Modul : modul_notifikasi_pilih_semua | Nama : kelengkapan_data_unit_sistem_sub @ https://phbidlautdemo.prahu-hub.com/home/detailHakAksesbidowner/164:8535
[  209452ms] [LOG] Modul : modul_notifikasi_pilih_semua | Nama : perubahan_jadwal_sistem_sub @ https://phbidlautdemo.prahu-hub.com/home/detailHakAksesbidowner/164:8540
[  209452ms] [LOG] Modul : modul_notifikasi_pilih_semua | Nama : stuffing_sistem_sub @ https://phbidlautdemo.prahu-hub.com/home/detailHakAksesbidowner/164:8545
[  209453ms] [LOG] Modul : modul_notifikasi_pilih_semua | Nama : kapal_berlayar_sistem_sub @ https://phbidlautdemo.prahu-hub.com/home/detailHakAksesbidowner/164:8550
[  209454ms] [LOG] Modul : modul_notifikasi_pilih_semua | Nama : kapal_sandar_sistem_sub @ https://phbidlautdemo.prahu-hub.com/home/detailHakAksesbidowner/164:8555
[  209454ms] [LOG] Modul : modul_notifikasi_pilih_semua | Nama : rencana_dooring_sistem_sub @ https://phbidlautdemo.prahu-hub.com/home/detailHakAksesbidowner/164:8560
[  209455ms] [LOG] Modul : modul_notifikasi_pilih_semua | Nama : dooring_sistem_sub @ https://phbidlautdemo.prahu-hub.com/home/detailHakAksesbidowner/164:8565
[  209456ms] [LOG] Modul : modul_notifikasi_pilih_semua | Nama : dokumen_dikirim_sistem_sub @ https://phbidlautdemo.prahu-hub.com/home/detailHakAksesbidowner/164:8570
[  209456ms] [LOG] Modul : modul_notifikasi_pilih_semua | Nama : jadwal_tersedia_sistem_sub @ https://phbidlautdemo.prahu-hub.com/home/detailHakAksesbidowner/164:8575
[  209457ms] [LOG] Modul : modul_notifikasi_pilih_semua | Nama : notifikasi_perubahan_data_diterima_bcc @ https://phbidlautdemo.prahu-hub.com/home/detailHakAksesbidowner/164:8580
[  209457ms] [LOG] Modul : modul_notifikasi_pilih_semua | Nama : notifikasi_perubahan_data_ditolak_bcc @ https://phbidlautdemo.prahu-hub.com/home/detailHakAksesbidowner/164:8585
[  209458ms] [LOG] Modul : modul_notifikasi_pilih_semua | Nama : notifikasi_perjanjian_pengiriman_diterima_bcc @ https://phbidlautdemo.prahu-hub.com/home/detailHakAksesbidowner/164:8590
[  209458ms] [LOG] Modul : modul_notifikasi_pilih_semua | Nama : notifikasi_perjanjian_pengiriman_ditolak_bcc @ https://phbidlautdemo.prahu-hub.com/home/detailHakAksesbidowner/164:8595
[  209459ms] [LOG] Modul : modul_notifikasi_pilih_semua | Nama : notifikasi_kelengkapan_data_unit_bcc @ https://phbidlautdemo.prahu-hub.com/home/detailHakAksesbidowner/164:8600
[  209459ms] [LOG] Modul : modul_notifikasi_pilih_semua | Nama : notifikasi_perubahan_jadwal_bcc @ https://phbidlautdemo.prahu-hub.com/home/detailHakAksesbidowner/164:8605
[  209464ms] [LOG] undefined @ https://phbidlautdemo.prahu-hub.com/home/detailHakAksesbidowner/164:9379
[  209464ms] [LOG] undefined @ https://phbidlautdemo.prahu-hub.com/home/detailHakAksesbidowner/164:9379
[  209464ms] [LOG] undefined @ https://phbidlautdemo.prahu-hub.com/home/detailHakAksesbidowner/164:9379
[  209464ms] [LOG] undefined @ https://phbidlautdemo.prahu-hub.com/home/detailHakAksesbidowner/164:9379
[  209464ms] [LOG] undefined @ https://phbidlautdemo.prahu-hub.com/home/detailHakAksesbidowner/164:9379
[  209464ms] [LOG] undefined @ https://phbidlautdemo.prahu-hub.com/home/detailHakAksesbidowner/164:9379
[  209464ms] [LOG] undefined @ https://phbidlautdemo.prahu-hub.com/home/detailHakAksesbidowner/164:9379
[  209464ms] [LOG] undefined @ https://phbidlautdemo.prahu-hub.com/home/detailHakAksesbidowner/164:9379
[  209464ms] [LOG] undefined @ https://phbidlautdemo.prahu-hub.com/home/detailHakAksesbidowner/164:9379
[  209465ms] [LOG] undefined @ https://phbidlautdemo.prahu-hub.com/home/detailHakAksesbidowner/164:9379
[  209465ms] [LOG] undefined @ https://phbidlautdemo.prahu-hub.com/home/detailHakAksesbidowner/164:9379
[  209465ms] [LOG] undefined @ https://phbidlautdemo.prahu-hub.com/home/detailHakAksesbidowner/164:9379
[  209465ms] [LOG] undefined @ https://phbidlautdemo.prahu-hub.com/home/detailHakAksesbidowner/164:9379
[  209465ms] [LOG] undefined @ https://phbidlautdemo.prahu-hub.com/home/detailHakAksesbidowner/164:9379
[  209465ms] [LOG] undefined @ https://phbidlautdemo.prahu-hub.com/home/detailHakAksesbidowner/164:9379
[  209465ms] [LOG] undefined @ https://phbidlautdemo.prahu-hub.com/home/detailHakAksesbidowner/164:9379
[  209465ms] [LOG] undefined @ https://phbidlautdemo.prahu-hub.com/home/detailHakAksesbidowner/164:9379
[  209466ms] [LOG] undefined @ https://phbidlautdemo.prahu-hub.com/home/detailHakAksesbidowner/164:9379
[  209466ms] [LOG] undefined @ https://phbidlautdemo.prahu-hub.com/home/detailHakAksesbidowner/164:9379
[  209466ms] [LOG] undefined @ https://phbidlautdemo.prahu-hub.com/home/detailHakAksesbidowner/164:9379
[  209466ms] [LOG] undefined @ https://phbidlautdemo.prahu-hub.com/home/detailHakAksesbidowner/164:9379
[  209466ms] [LOG] undefined @ https://phbidlautdemo.prahu-hub.com/home/detailHakAksesbidowner/164:9379
[  209466ms] [LOG] undefined @ https://phbidlautdemo.prahu-hub.com/home/detailHakAksesbidowner/164:9379
[  209466ms] [LOG] undefined @ https://phbidlautdemo.prahu-hub.com/home/detailHakAksesbidowner/164:9379
[  209466ms] [LOG] undefined @ https://phbidlautdemo.prahu-hub.com/home/detailHakAksesbidowner/164:9379
[  209466ms] [LOG] undefined @ https://phbidlautdemo.prahu-hub.com/home/detailHakAksesbidowner/164:9379
[  209467ms] [LOG] undefined @ https://phbidlautdemo.prahu-hub.com/home/detailHakAksesbidowner/164:9379
[  209467ms] [LOG] undefined @ https://phbidlautdemo.prahu-hub.com/home/detailHakAksesbidowner/164:9379
[  209468ms] [LOG] undefined @ https://phbidlautdemo.prahu-hub.com/home/detailHakAksesbidowner/164:9379
[  209468ms] [LOG] undefined @ https://phbidlautdemo.prahu-hub.com/home/detailHakAksesbidowner/164:9379
[  209468ms] [LOG] undefined @ https://phbidlautdemo.prahu-hub.com/home/detailHakAksesbidowner/164:9379
[  209468ms] [LOG] undefined @ https://phbidlautdemo.prahu-hub.com/home/detailHakAksesbidowner/164:9379
[  209468ms] [LOG] undefined @ https://phbidlautdemo.prahu-hub.com/home/detailHakAksesbidowner/164:9379
[  209468ms] [LOG] undefined @ https://phbidlautdemo.prahu-hub.com/home/detailHakAksesbidowner/164:9379
[  209469ms] [LOG] undefined @ https://phbidlautdemo.prahu-hub.com/home/detailHakAksesbidowner/164:9379
[  209469ms] [LOG] undefined @ https://phbidlautdemo.prahu-hub.com/home/detailHakAksesbidowner/164:9379
[  209469ms] [LOG] undefined @ https://phbidlautdemo.prahu-hub.com/home/detailHakAksesbidowner/164:9379
[  209469ms] [LOG] undefined @ https://phbidlautdemo.prahu-hub.com/home/detailHakAksesbidowner/164:9379
[  209469ms] [LOG] undefined @ https://phbidlautdemo.prahu-hub.com/home/detailHakAksesbidowner/164:9379
[  209469ms] [LOG] undefined @ https://phbidlautdemo.prahu-hub.com/home/detailHakAksesbidowner/164:9379
[  209469ms] [LOG] undefined @ https://phbidlautdemo.prahu-hub.com/home/detailHakAksesbidowner/164:9379
[  209469ms] [LOG] undefined @ https://phbidlautdemo.prahu-hub.com/home/detailHakAksesbidowner/164:9379
[  209469ms] [LOG] undefined @ https://phbidlautdemo.prahu-hub.com/home/detailHakAksesbidowner/164:9379
[  209470ms] [LOG] undefined @ https://phbidlautdemo.prahu-hub.com/home/detailHakAksesbidowner/164:9379
[  209470ms] [LOG] undefined @ https://phbidlautdemo.prahu-hub.com/home/detailHakAksesbidowner/164:9379
[  209470ms] [LOG] undefined @ https://phbidlautdemo.prahu-hub.com/home/detailHakAksesbidowner/164:9379
[  209470ms] [LOG] undefined @ https://phbidlautdemo.prahu-hub.com/home/detailHakAksesbidowner/164:9379
[  209470ms] [LOG] undefined @ https://phbidlautdemo.prahu-hub.com/home/detailHakAksesbidowner/164:9379
[  209470ms] [LOG] undefined @ https://phbidlautdemo.prahu-hub.com/home/detailHakAksesbidowner/164:9379
[  209470ms] [LOG] undefined @ https://phbidlautdemo.prahu-hub.com/home/detailHakAksesbidowner/164:9379
[  209470ms] [LOG] undefined @ https://phbidlautdemo.prahu-hub.com/home/detailHakAksesbidowner/164:9379
[  209470ms] [LOG] undefined @ https://phbidlautdemo.prahu-hub.com/home/detailHakAksesbidowner/164:9379
[  209470ms] [LOG] undefined @ https://phbidlautdemo.prahu-hub.com/home/detailHakAksesbidowner/164:9379
[  209470ms] [LOG] undefined @ https://phbidlautdemo.prahu-hub.com/home/detailHakAksesbidowner/164:9379
[  209471ms] [LOG] undefined @ https://phbidlautdemo.prahu-hub.com/home/detailHakAksesbidowner/164:9379
[  209471ms] [LOG] undefined @ https://phbidlautdemo.prahu-hub.com/home/detailHakAksesbidowner/164:9379
[  209471ms] [LOG] undefined @ https://phbidlautdemo.prahu-hub.com/home/detailHakAksesbidowner/164:9379
[  209471ms] [LOG] undefined @ https://phbidlautdemo.prahu-hub.com/home/detailHakAksesbidowner/164:9379
[  209471ms] [LOG] undefined @ https://phbidlautdemo.prahu-hub.com/home/detailHakAksesbidowner/164:9379
[  209471ms] [LOG] undefined @ https://phbidlautdemo.prahu-hub.com/home/detailHakAksesbidowner/164:9379
[  209471ms] [LOG] undefined @ https://phbidlautdemo.prahu-hub.com/home/detailHakAksesbidowner/164:9379
[  209471ms] [LOG] undefined @ https://phbidlautdemo.prahu-hub.com/home/detailHakAksesbidowner/164:9379
[  209471ms] [LOG] undefined @ https://phbidlautdemo.prahu-hub.com/home/detailHakAksesbidowner/164:9379
[  209471ms] [LOG] undefined @ https://phbidlautdemo.prahu-hub.com/home/detailHakAksesbidowner/164:9379
[  209472ms] [LOG] undefined @ https://phbidlautdemo.prahu-hub.com/home/detailHakAksesbidowner/164:9379
[  209472ms] [LOG] undefined @ https://phbidlautdemo.prahu-hub.com/home/detailHakAksesbidowner/164:9379
[  209472ms] [LOG] undefined @ https://phbidlautdemo.prahu-hub.com/home/detailHakAksesbidowner/164:9379
[  209472ms] [LOG] undefined @ https://phbidlautdemo.prahu-hub.com/home/detailHakAksesbidowner/164:9379
[  209472ms] [LOG] undefined @ https://phbidlautdemo.prahu-hub.com/home/detailHakAksesbidowner/164:9379
[  209472ms] [LOG] undefined @ https://phbidlautdemo.prahu-hub.com/home/detailHakAksesbidowner/164:9379
[  209472ms] [LOG] undefined @ https://phbidlautdemo.prahu-hub.com/home/detailHakAksesbidowner/164:9379
[  209472ms] [LOG] undefined @ https://phbidlautdemo.prahu-hub.com/home/detailHakAksesbidowner/164:9379
[  209472ms] [LOG] undefined @ https://phbidlautdemo.prahu-hub.com/home/detailHakAksesbidowner/164:9379
[  209473ms] [LOG] undefined @ https://phbidlautdemo.prahu-hub.com/home/detailHakAksesbidowner/164:9379
[  209473ms] [LOG] undefined @ https://phbidlautdemo.prahu-hub.com/home/detailHakAksesbidowner/164:9379
[  209473ms] [LOG] undefined @ https://phbidlautdemo.prahu-hub.com/home/detailHakAksesbidowner/164:9379
[  209473ms] [LOG] undefined @ https://phbidlautdemo.prahu-hub.com/home/detailHakAksesbidowner/164:9379
[  209473ms] [LOG] undefined @ https://phbidlautdemo.prahu-hub.com/home/detailHakAksesbidowner/164:9379
[  209473ms] [LOG] undefined @ https://phbidlautdemo.prahu-hub.com/home/detailHakAksesbidowner/164:9379
[  209473ms] [LOG] undefined @ https://phbidlautdemo.prahu-hub.com/home/detailHakAksesbidowner/164:9379
[  209473ms] [LOG] undefined @ https://phbidlautdemo.prahu-hub.com/home/detailHakAksesbidowner/164:9379
[  209473ms] [LOG] undefined @ https://phbidlautdemo.prahu-hub.com/home/detailHakAksesbidowner/164:9379
[  209473ms] [LOG] undefined @ https://phbidlautdemo.prahu-hub.com/home/detailHakAksesbidowner/164:9379
[  209474ms] [LOG] undefined @ https://phbidlautdemo.prahu-hub.com/home/detailHakAksesbidowner/164:9379
[  209474ms] [LOG] undefined @ https://phbidlautdemo.prahu-hub.com/home/detailHakAksesbidowner/164:9379
[  209474ms] [LOG] undefined @ https://phbidlautdemo.prahu-hub.com/home/detailHakAksesbidowner/164:9379
[  209474ms] [LOG] undefined @ https://phbidlautdemo.prahu-hub.com/home/detailHakAksesbidowner/164:9379
[  209474ms] [LOG] undefined @ https://phbidlautdemo.prahu-hub.com/home/detailHakAksesbidowner/164:9379
[  209474ms] [LOG] undefined @ https://phbidlautdemo.prahu-hub.com/home/detailHakAksesbidowner/164:9379
[  209474ms] [LOG] undefined @ https://phbidlautdemo.prahu-hub.com/home/detailHakAksesbidowner/164:9379
[  209474ms] [LOG] undefined @ https://phbidlautdemo.prahu-hub.com/home/detailHakAksesbidowner/164:9379
[  209474ms] [LOG] undefined @ https://phbidlautdemo.prahu-hub.com/home/detailHakAksesbidowner/164:9379
[  209474ms] [LOG] undefined @ https://phbidlautdemo.prahu-hub.com/home/detailHakAksesbidowner/164:9379
[  209474ms] [LOG] undefined @ https://phbidlautdemo.prahu-hub.com/home/detailHakAksesbidowner/164:9379
[  209475ms] [LOG] undefined @ https://phbidlautdemo.prahu-hub.com/home/detailHakAksesbidowner/164:9379
[  209475ms] [LOG] undefined @ https://phbidlautdemo.prahu-hub.com/home/detailHakAksesbidowner/164:9379
[  209475ms] [LOG] undefined @ https://phbidlautdemo.prahu-hub.com/home/detailHakAksesbidowner/164:9379
[  209475ms] [LOG] undefined @ https://phbidlautdemo.prahu-hub.com/home/detailHakAksesbidowner/164:9379
[  209475ms] [LOG] undefined @ https://phbidlautdemo.prahu-hub.com/home/detailHakAksesbidowner/164:9379
[  209475ms] [LOG] undefined @ https://phbidlautdemo.prahu-hub.com/home/detailHakAksesbidowner/164:9379
[  209476ms] [LOG] undefined @ https://phbidlautdemo.prahu-hub.com/home/detailHakAksesbidowner/164:9379
[  209476ms] [LOG] undefined @ https://phbidlautdemo.prahu-hub.com/home/detailHakAksesbidowner/164:9379
[  209476ms] [LOG] undefined @ https://phbidlautdemo.prahu-hub.com/home/detailHakAksesbidowner/164:9379
[  209476ms] [LOG] undefined @ https://phbidlautdemo.prahu-hub.com/home/detailHakAksesbidowner/164:9379
[  209476ms] [LOG] undefined @ https://phbidlautdemo.prahu-hub.com/home/detailHakAksesbidowner/164:9379
[  209476ms] [LOG] undefined @ https://phbidlautdemo.prahu-hub.com/home/detailHakAksesbidowner/164:9379
[  209476ms] [LOG] undefined @ https://phbidlautdemo.prahu-hub.com/home/detailHakAksesbidowner/164:9379
[  209476ms] [LOG] undefined @ https://phbidlautdemo.prahu-hub.com/home/detailHakAksesbidowner/164:9379
[  209477ms] [LOG] undefined @ https://phbidlautdemo.prahu-hub.com/home/detailHakAksesbidowner/164:9379
[  209477ms] [LOG] undefined @ https://phbidlautdemo.prahu-hub.com/home/detailHakAksesbidowner/164:9379
[  209477ms] [LOG] undefined @ https://phbidlautdemo.prahu-hub.com/home/detailHakAksesbidowner/164:9379
[  209477ms] [LOG] undefined @ https://phbidlautdemo.prahu-hub.com/home/detailHakAksesbidowner/164:9379
[  209477ms] [LOG] undefined @ https://phbidlautdemo.prahu-hub.com/home/detailHakAksesbidowner/164:9379
[  209477ms] [LOG] undefined @ https://phbidlautdemo.prahu-hub.com/home/detailHakAksesbidowner/164:9379
[  209477ms] [LOG] undefined @ https://phbidlautdemo.prahu-hub.com/home/detailHakAksesbidowner/164:9379
[  209477ms] [LOG] undefined @ https://phbidlautdemo.prahu-hub.com/home/detailHakAksesbidowner/164:9379
[  209477ms] [LOG] undefined @ https://phbidlautdemo.prahu-hub.com/home/detailHakAksesbidowner/164:9379
[  209477ms] [LOG] undefined @ https://phbidlautdemo.prahu-hub.com/home/detailHakAksesbidowner/164:9379
[  209478ms] [LOG] undefined @ https://phbidlautdemo.prahu-hub.com/home/detailHakAksesbidowner/164:9379
[  209478ms] [LOG] undefined @ https://phbidlautdemo.prahu-hub.com/home/detailHakAksesbidowner/164:9379
[  209478ms] [LOG] undefined @ https://phbidlautdemo.prahu-hub.com/home/detailHakAksesbidowner/164:9379
[  209478ms] [LOG] undefined @ https://phbidlautdemo.prahu-hub.com/home/detailHakAksesbidowner/164:9379
[  209478ms] [LOG] undefined @ https://phbidlautdemo.prahu-hub.com/home/detailHakAksesbidowner/164:9379
[  209478ms] [LOG] undefined @ https://phbidlautdemo.prahu-hub.com/home/detailHakAksesbidowner/164:9379
[  209478ms] [LOG] undefined @ https://phbidlautdemo.prahu-hub.com/home/detailHakAksesbidowner/164:9379
[  209478ms] [LOG] undefined @ https://phbidlautdemo.prahu-hub.com/home/detailHakAksesbidowner/164:9379
[  209478ms] [LOG] undefined @ https://phbidlautdemo.prahu-hub.com/home/detailHakAksesbidowner/164:9379
[  209478ms] [LOG] undefined @ https://phbidlautdemo.prahu-hub.com/home/detailHakAksesbidowner/164:9379
[  209479ms] [LOG] undefined @ https://phbidlautdemo.prahu-hub.com/home/detailHakAksesbidowner/164:9379
[  209479ms] [LOG] undefined @ https://phbidlautdemo.prahu-hub.com/home/detailHakAksesbidowner/164:9379
[  209479ms] [LOG] undefined @ https://phbidlautdemo.prahu-hub.com/home/detailHakAksesbidowner/164:9379
[  209479ms] [LOG] undefined @ https://phbidlautdemo.prahu-hub.com/home/detailHakAksesbidowner/164:9379
[  209479ms] [LOG] undefined @ https://phbidlautdemo.prahu-hub.com/home/detailHakAksesbidowner/164:9379
[  209479ms] [LOG] undefined @ https://phbidlautdemo.prahu-hub.com/home/detailHakAksesbidowner/164:9379
[  209479ms] [LOG] undefined @ https://phbidlautdemo.prahu-hub.com/home/detailHakAksesbidowner/164:9379
[  209479ms] [LOG] undefined @ https://phbidlautdemo.prahu-hub.com/home/detailHakAksesbidowner/164:9379
[  209479ms] [LOG] undefined @ https://phbidlautdemo.prahu-hub.com/home/detailHakAksesbidowner/164:9379
[  209480ms] [LOG] undefined @ https://phbidlautdemo.prahu-hub.com/home/detailHakAksesbidowner/164:9379
[  209480ms] [LOG] undefined @ https://phbidlautdemo.prahu-hub.com/home/detailHakAksesbidowner/164:9379
[  209480ms] [LOG] undefined @ https://phbidlautdemo.prahu-hub.com/home/detailHakAksesbidowner/164:9379
[  209480ms] [LOG] undefined @ https://phbidlautdemo.prahu-hub.com/home/detailHakAksesbidowner/164:9379
[  209480ms] [LOG] undefined @ https://phbidlautdemo.prahu-hub.com/home/detailHakAksesbidowner/164:9379
[  209480ms] [LOG] undefined @ https://phbidlautdemo.prahu-hub.com/home/detailHakAksesbidowner/164:9379
[  209480ms] [LOG] undefined @ https://phbidlautdemo.prahu-hub.com/home/detailHakAksesbidowner/164:9379
[  209481ms] [LOG] undefined @ https://phbidlautdemo.prahu-hub.com/home/detailHakAksesbidowner/164:9379
[  209481ms] [LOG] undefined @ https://phbidlautdemo.prahu-hub.com/home/detailHakAksesbidowner/164:9379
[  209481ms] [LOG] undefined @ https://phbidlautdemo.prahu-hub.com/home/detailHakAksesbidowner/164:9379
[  209481ms] [LOG] undefined @ https://phbidlautdemo.prahu-hub.com/home/detailHakAksesbidowner/164:9379
[  209481ms] [LOG] undefined @ https://phbidlautdemo.prahu-hub.com/home/detailHakAksesbidowner/164:9379
[  209481ms] [LOG] undefined @ https://phbidlautdemo.prahu-hub.com/home/detailHakAksesbidowner/164:9379
[  209481ms] [LOG] undefined @ https://phbidlautdemo.prahu-hub.com/home/detailHakAksesbidowner/164:9379
[  209481ms] [LOG] undefined @ https://phbidlautdemo.prahu-hub.com/home/detailHakAksesbidowner/164:9379
[  209482ms] [LOG] undefined @ https://phbidlautdemo.prahu-hub.com/home/detailHakAksesbidowner/164:9379
[  209482ms] [LOG] undefined @ https://phbidlautdemo.prahu-hub.com/home/detailHakAksesbidowner/164:9379
[  209482ms] [LOG] undefined @ https://phbidlautdemo.prahu-hub.com/home/detailHakAksesbidowner/164:9379
[  209482ms] [LOG] undefined @ https://phbidlautdemo.prahu-hub.com/home/detailHakAksesbidowner/164:9379
[  209482ms] [LOG] undefined @ https://phbidlautdemo.prahu-hub.com/home/detailHakAksesbidowner/164:9379
[  209482ms] [LOG] undefined @ https://phbidlautdemo.prahu-hub.com/home/detailHakAksesbidowner/164:9379
[  209482ms] [LOG] undefined @ https://phbidlautdemo.prahu-hub.com/home/detailHakAksesbidowner/164:9379
[  209482ms] [LOG] undefined @ https://phbidlautdemo.prahu-hub.com/home/detailHakAksesbidowner/164:9379
[  209482ms] [LOG] undefined @ https://phbidlautdemo.prahu-hub.com/home/detailHakAksesbidowner/164:9379
[  209483ms] [LOG] undefined @ https://phbidlautdemo.prahu-hub.com/home/detailHakAksesbidowner/164:9379
[  209483ms] [LOG] undefined @ https://phbidlautdemo.prahu-hub.com/home/detailHakAksesbidowner/164:9379
[  209483ms] [LOG] undefined @ https://phbidlautdemo.prahu-hub.com/home/detailHakAksesbidowner/164:9379
[  209483ms] [LOG] undefined @ https://phbidlautdemo.prahu-hub.com/home/detailHakAksesbidowner/164:9379
[  209483ms] [LOG] undefined @ https://phbidlautdemo.prahu-hub.com/home/detailHakAksesbidowner/164:9379
[  209483ms] [LOG] undefined @ https://phbidlautdemo.prahu-hub.com/home/detailHakAksesbidowner/164:9379
[  209483ms] [LOG] undefined @ https://phbidlautdemo.prahu-hub.com/home/detailHakAksesbidowner/164:9379
[  209484ms] [LOG] undefined @ https://phbidlautdemo.prahu-hub.com/home/detailHakAksesbidowner/164:9379
[  209484ms] [LOG] undefined @ https://phbidlautdemo.prahu-hub.com/home/detailHakAksesbidowner/164:9379
[  209485ms] [LOG] undefined @ https://phbidlautdemo.prahu-hub.com/home/detailHakAksesbidowner/164:9379
[  209485ms] [LOG] undefined @ https://phbidlautdemo.prahu-hub.com/home/detailHakAksesbidowner/164:9379
[  209485ms] [LOG] undefined @ https://phbidlautdemo.prahu-hub.com/home/detailHakAksesbidowner/164:9379
[  209485ms] [LOG] undefined @ https://phbidlautdemo.prahu-hub.com/home/detailHakAksesbidowner/164:9379
[  209485ms] [LOG] undefined @ https://phbidlautdemo.prahu-hub.com/home/detailHakAksesbidowner/164:9379
[  209486ms] [LOG] undefined @ https://phbidlautdemo.prahu-hub.com/home/detailHakAksesbidowner/164:9379
[  209486ms] [LOG] undefined @ https://phbidlautdemo.prahu-hub.com/home/detailHakAksesbidowner/164:9379
[  209486ms] [LOG] undefined @ https://phbidlautdemo.prahu-hub.com/home/detailHakAksesbidowner/164:9379
[  209486ms] [LOG] undefined @ https://phbidlautdemo.prahu-hub.com/home/detailHakAksesbidowner/164:9379
[  209486ms] [LOG] undefined @ https://phbidlautdemo.prahu-hub.com/home/detailHakAksesbidowner/164:9379
[  209486ms] [LOG] undefined @ https://phbidlautdemo.prahu-hub.com/home/detailHakAksesbidowner/164:9379
[  209486ms] [LOG] undefined @ https://phbidlautdemo.prahu-hub.com/home/detailHakAksesbidowner/164:9379
[  209486ms] [LOG] undefined @ https://phbidlautdemo.prahu-hub.com/home/detailHakAksesbidowner/164:9379
[  209486ms] [LOG] undefined @ https://phbidlautdemo.prahu-hub.com/home/detailHakAksesbidowner/164:9379
[  209486ms] [LOG] undefined @ https://phbidlautdemo.prahu-hub.com/home/detailHakAksesbidowner/164:9379
[  209487ms] [LOG] undefined @ https://phbidlautdemo.prahu-hub.com/home/detailHakAksesbidowner/164:9379
[  209487ms] [LOG] undefined @ https://phbidlautdemo.prahu-hub.com/home/detailHakAksesbidowner/164:9379
[  209487ms] [LOG] undefined @ https://phbidlautdemo.prahu-hub.com/home/detailHakAksesbidowner/164:9379
[  209487ms] [LOG] undefined @ https://phbidlautdemo.prahu-hub.com/home/detailHakAksesbidowner/164:9379
[  209487ms] [LOG] undefined @ https://phbidlautdemo.prahu-hub.com/home/detailHakAksesbidowner/164:9379
[  209487ms] [LOG] undefined @ https://phbidlautdemo.prahu-hub.com/home/detailHakAksesbidowner/164:9379
[  209487ms] [LOG] undefined @ https://phbidlautdemo.prahu-hub.com/home/detailHakAksesbidowner/164:9379
[  209487ms] [LOG] undefined @ https://phbidlautdemo.prahu-hub.com/home/detailHakAksesbidowner/164:9379
[  209488ms] [LOG] undefined @ https://phbidlautdemo.prahu-hub.com/home/detailHakAksesbidowner/164:9379
[  209488ms] [LOG] undefined @ https://phbidlautdemo.prahu-hub.com/home/detailHakAksesbidowner/164:9379
[  209488ms] [LOG] undefined @ https://phbidlautdemo.prahu-hub.com/home/detailHakAksesbidowner/164:9379
[  209488ms] [LOG] undefined @ https://phbidlautdemo.prahu-hub.com/home/detailHakAksesbidowner/164:9379
[  209488ms] [LOG] undefined @ https://phbidlautdemo.prahu-hub.com/home/detailHakAksesbidowner/164:9379
[  209488ms] [LOG] undefined @ https://phbidlautdemo.prahu-hub.com/home/detailHakAksesbidowner/164:9379
[  209488ms] [LOG] undefined @ https://phbidlautdemo.prahu-hub.com/home/detailHakAksesbidowner/164:9379
[  209488ms] [LOG] undefined @ https://phbidlautdemo.prahu-hub.com/home/detailHakAksesbidowner/164:9379
[  209488ms] [LOG] undefined @ https://phbidlautdemo.prahu-hub.com/home/detailHakAksesbidowner/164:9379
[  209488ms] [LOG] undefined @ https://phbidlautdemo.prahu-hub.com/home/detailHakAksesbidowner/164:9379
[  209489ms] [LOG] undefined @ https://phbidlautdemo.prahu-hub.com/home/detailHakAksesbidowner/164:9379
[  209489ms] [LOG] undefined @ https://phbidlautdemo.prahu-hub.com/home/detailHakAksesbidowner/164:9379
[  209489ms] [LOG] undefined @ https://phbidlautdemo.prahu-hub.com/home/detailHakAksesbidowner/164:9379
[  209489ms] [LOG] undefined @ https://phbidlautdemo.prahu-hub.com/home/detailHakAksesbidowner/164:9379
[  209489ms] [LOG] undefined @ https://phbidlautdemo.prahu-hub.com/home/detailHakAksesbidowner/164:9379
[  209489ms] [LOG] undefined @ https://phbidlautdemo.prahu-hub.com/home/detailHakAksesbidowner/164:9379
[  209489ms] [LOG] undefined @ https://phbidlautdemo.prahu-hub.com/home/detailHakAksesbidowner/164:9379
[  209489ms] [LOG] undefined @ https://phbidlautdemo.prahu-hub.com/home/detailHakAksesbidowner/164:9379
[  209490ms] [LOG] undefined @ https://phbidlautdemo.prahu-hub.com/home/detailHakAksesbidowner/164:9379
[  209490ms] [LOG] undefined @ https://phbidlautdemo.prahu-hub.com/home/detailHakAksesbidowner/164:9379
[  209490ms] [LOG] undefined @ https://phbidlautdemo.prahu-hub.com/home/detailHakAksesbidowner/164:9379
[  209490ms] [LOG] undefined @ https://phbidlautdemo.prahu-hub.com/home/detailHakAksesbidowner/164:9379
[  209490ms] [LOG] undefined @ https://phbidlautdemo.prahu-hub.com/home/detailHakAksesbidowner/164:9379
[  209490ms] [LOG] undefined @ https://phbidlautdemo.prahu-hub.com/home/detailHakAksesbidowner/164:9379
[  209490ms] [LOG] undefined @ https://phbidlautdemo.prahu-hub.com/home/detailHakAksesbidowner/164:9379
[  209490ms] [LOG] undefined @ https://phbidlautdemo.prahu-hub.com/home/detailHakAksesbidowner/164:9379
[  209490ms] [LOG] undefined @ https://phbidlautdemo.prahu-hub.com/home/detailHakAksesbidowner/164:9379
[  209491ms] [LOG] undefined @ https://phbidlautdemo.prahu-hub.com/home/detailHakAksesbidowner/164:9379
[  209491ms] [LOG] undefined @ https://phbidlautdemo.prahu-hub.com/home/detailHakAksesbidowner/164:9379
[  209491ms] [LOG] undefined @ https://phbidlautdemo.prahu-hub.com/home/detailHakAksesbidowner/164:9379
[  209491ms] [LOG] undefined @ https://phbidlautdemo.prahu-hub.com/home/detailHakAksesbidowner/164:9379
[  209491ms] [LOG] undefined @ https://phbidlautdemo.prahu-hub.com/home/detailHakAksesbidowner/164:9379
[  209491ms] [LOG] undefined @ https://phbidlautdemo.prahu-hub.com/home/detailHakAksesbidowner/164:9379
[  209491ms] [LOG] undefined @ https://phbidlautdemo.prahu-hub.com/home/detailHakAksesbidowner/164:9379
[  209492ms] [LOG] undefined @ https://phbidlautdemo.prahu-hub.com/home/detailHakAksesbidowner/164:9379
[  209492ms] [LOG] undefined @ https://phbidlautdemo.prahu-hub.com/home/detailHakAksesbidowner/164:9379
[  209492ms] [LOG] undefined @ https://phbidlautdemo.prahu-hub.com/home/detailHakAksesbidowner/164:9379
[  209492ms] [LOG] undefined @ https://phbidlautdemo.prahu-hub.com/home/detailHakAksesbidowner/164:9379
[  209492ms] [LOG] undefined @ https://phbidlautdemo.prahu-hub.com/home/detailHakAksesbidowner/164:9379
[  209492ms] [LOG] undefined @ https://phbidlautdemo.prahu-hub.com/home/detailHakAksesbidowner/164:9379
[  209492ms] [LOG] undefined @ https://phbidlautdemo.prahu-hub.com/home/detailHakAksesbidowner/164:9379
[  209492ms] [LOG] undefined @ https://phbidlautdemo.prahu-hub.com/home/detailHakAksesbidowner/164:9379
[  209492ms] [LOG] undefined @ https://phbidlautdemo.prahu-hub.com/home/detailHakAksesbidowner/164:9379
[  209492ms] [LOG] undefined @ https://phbidlautdemo.prahu-hub.com/home/detailHakAksesbidowner/164:9379
[  209493ms] [LOG] undefined @ https://phbidlautdemo.prahu-hub.com/home/detailHakAksesbidowner/164:9379
[  209493ms] [LOG] undefined @ https://phbidlautdemo.prahu-hub.com/home/detailHakAksesbidowner/164:9379
[  209493ms] [LOG] undefined @ https://phbidlautdemo.prahu-hub.com/home/detailHakAksesbidowner/164:9379
[  209493ms] [LOG] undefined @ https://phbidlautdemo.prahu-hub.com/home/detailHakAksesbidowner/164:9379
[  209493ms] [LOG] undefined @ https://phbidlautdemo.prahu-hub.com/home/detailHakAksesbidowner/164:9379
[  209493ms] [LOG] undefined @ https://phbidlautdemo.prahu-hub.com/home/detailHakAksesbidowner/164:9379
[  209493ms] [LOG] undefined @ https://phbidlautdemo.prahu-hub.com/home/detailHakAksesbidowner/164:9379
[  209493ms] [LOG] undefined @ https://phbidlautdemo.prahu-hub.com/home/detailHakAksesbidowner/164:9379
[  209493ms] [LOG] undefined @ https://phbidlautdemo.prahu-hub.com/home/detailHakAksesbidowner/164:9379
[  209494ms] [LOG] undefined @ https://phbidlautdemo.prahu-hub.com/home/detailHakAksesbidowner/164:9379
[  209494ms] [LOG] undefined @ https://phbidlautdemo.prahu-hub.com/home/detailHakAksesbidowner/164:9379
[  209494ms] [LOG] undefined @ https://phbidlautdemo.prahu-hub.com/home/detailHakAksesbidowner/164:9379
[  209494ms] [LOG] undefined @ https://phbidlautdemo.prahu-hub.com/home/detailHakAksesbidowner/164:9379
[  209494ms] [LOG] undefined @ https://phbidlautdemo.prahu-hub.com/home/detailHakAksesbidowner/164:9379
[  209494ms] [LOG] undefined @ https://phbidlautdemo.prahu-hub.com/home/detailHakAksesbidowner/164:9379
[  209494ms] [LOG] undefined @ https://phbidlautdemo.prahu-hub.com/home/detailHakAksesbidowner/164:9379
[  209494ms] [LOG] undefined @ https://phbidlautdemo.prahu-hub.com/home/detailHakAksesbidowner/164:9379
[  209495ms] [LOG] undefined @ https://phbidlautdemo.prahu-hub.com/home/detailHakAksesbidowner/164:9379
[  209495ms] [LOG] undefined @ https://phbidlautdemo.prahu-hub.com/home/detailHakAksesbidowner/164:9379
[  209495ms] [LOG] undefined @ https://phbidlautdemo.prahu-hub.com/home/detailHakAksesbidowner/164:9379
[  209495ms] [LOG] undefined @ https://phbidlautdemo.prahu-hub.com/home/detailHakAksesbidowner/164:9379
[  209495ms] [LOG] undefined @ https://phbidlautdemo.prahu-hub.com/home/detailHakAksesbidowner/164:9379
[  209495ms] [LOG] undefined @ https://phbidlautdemo.prahu-hub.com/home/detailHakAksesbidowner/164:9379
[  209495ms] [LOG] undefined @ https://phbidlautdemo.prahu-hub.com/home/detailHakAksesbidowner/164:9379
[  209495ms] [LOG] undefined @ https://phbidlautdemo.prahu-hub.com/home/detailHakAksesbidowner/164:9379
[  209495ms] [LOG] undefined @ https://phbidlautdemo.prahu-hub.com/home/detailHakAksesbidowner/164:9379
[  209495ms] [LOG] undefined @ https://phbidlautdemo.prahu-hub.com/home/detailHakAksesbidowner/164:9379
[  209496ms] [LOG] undefined @ https://phbidlautdemo.prahu-hub.com/home/detailHakAksesbidowner/164:9379
[  209496ms] [LOG] undefined @ https://phbidlautdemo.prahu-hub.com/home/detailHakAksesbidowner/164:9379
[  209496ms] [LOG] undefined @ https://phbidlautdemo.prahu-hub.com/home/detailHakAksesbidowner/164:9379
[  209496ms] [LOG] undefined @ https://phbidlautdemo.prahu-hub.com/home/detailHakAksesbidowner/164:9379
[  209496ms] [LOG] undefined @ https://phbidlautdemo.prahu-hub.com/home/detailHakAksesbidowner/164:9379
[  209496ms] [LOG] undefined @ https://phbidlautdemo.prahu-hub.com/home/detailHakAksesbidowner/164:9379
[  209496ms] [LOG] undefined @ https://phbidlautdemo.prahu-hub.com/home/detailHakAksesbidowner/164:9379
[  209496ms] [LOG] undefined @ https://phbidlautdemo.prahu-hub.com/home/detailHakAksesbidowner/164:9379
[  209496ms] [LOG] undefined @ https://phbidlautdemo.prahu-hub.com/home/detailHakAksesbidowner/164:9379
[  209497ms] [LOG] WebSocket connection @ https://phbidlautdemo.prahu-hub.com/home/detailHakAksesbidowner/164:9422
[  209498ms] [LOG] WebSocket connection attempting... @ https://phbidlautdemo.prahu-hub.com/home/detailHakAksesbidowner/164:9500
[  209608ms] [LOG] WebSocket connected @ https://phbidlautdemo.prahu-hub.com/home/detailHakAksesbidowner/164:9431
[  209609ms] [LOG] update_dashboard_order_laut @ https://phbidlautdemo.prahu-hub.com/home/detailHakAksesbidowner/164:9472
[  209635ms] [LOG] Connected @ https://phbidlautdemo.prahu-hub.com/home/detailHakAksesbidowner/164:9472
[  209786ms] [LOG] 200 xhrglobal @ https://phbidlautdemo.prahu-hub.com/home/detailHakAksesbidowner/164:9353
[  209873ms] [LOG] 200 xhrglobal @ https://phbidlautdemo.prahu-hub.com/home/detailHakAksesbidowner/164:9353
[  211384ms] TypeError: $(...).DataTable is not a function
    at https://phbidlautdemo.prahu-hub.com/_resources/themes/prahutheme/js/scripts-init/tables.js:7:23
[  212344ms] Cannot use import statement outside a module
[  212361ms] ReferenceError: Chart is not defined
    at https://phbidlautdemo.prahu-hub.com/_resources/themes/prahutheme/js/scripts-init/charts/chartjs.js:8:13
[  212453ms] Unexpected token '<'
[  212591ms] Unexpected token '<'
[  212745ms] Uncaught TypeError: expect element to be DOM Element, but got null
    at n.init (https://cdnjs.cloudflare.com/ajax/libs/smooth-scrollbar/8.5.2/smooth-scrollbar.js:24:264)
    at <anonymous> (https://phbidlautdemo.prahu-hub.com/home/detailHakAksesBidowner/195:9106:14)
[  212771ms] [LOG] Pengaturan Akunnamanya @ https://phbidlautdemo.prahu-hub.com/home/detailHakAksesBidowner/195:1877
[  212784ms] [LOG] Modul : modul_master_pilih_semua | Nama : lihat_master_jenis_muatan @ https://phbidlautdemo.prahu-hub.com/home/detailHakAksesBidowner/195:8225
[  212789ms] [LOG] Modul : modul_master_pilih_semua | Nama : lihat_daftar_jenis_muatan @ https://phbidlautdemo.prahu-hub.com/home/detailHakAksesBidowner/195:8230
[  212790ms] [LOG] Modul : modul_master_pilih_semua | Nama : tambah_jenis_muatan @ https://phbidlautdemo.prahu-hub.com/home/detailHakAksesBidowner/195:8235
[  212791ms] [LOG] Modul : modul_master_pilih_semua | Nama : edit_jenis_muatan @ https://phbidlautdemo.prahu-hub.com/home/detailHakAksesBidowner/195:8240
[  212792ms] [LOG] Modul : modul_master_pilih_semua | Nama : hapus_jenis_muatan @ https://phbidlautdemo.prahu-hub.com/home/detailHakAksesBidowner/195:8245
[  212793ms] [LOG] Modul : modul_master_pilih_semua | Nama : lihat_master_harga_barang @ https://phbidlautdemo.prahu-hub.com/home/detailHakAksesBidowner/195:8250
[  212793ms] [LOG] Modul : modul_master_pilih_semua | Nama : lihat_daftar_harga_barang @ https://phbidlautdemo.prahu-hub.com/home/detailHakAksesBidowner/195:8255
[  212794ms] [LOG] Modul : modul_master_pilih_semua | Nama : tambah_harga_barang @ https://phbidlautdemo.prahu-hub.com/home/detailHakAksesBidowner/195:8260
[  212795ms] [LOG] Modul : modul_master_pilih_semua | Nama : edit_harga_barang @ https://phbidlautdemo.prahu-hub.com/home/detailHakAksesBidowner/195:8265
[  212797ms] [LOG] Modul : modul_master_pilih_semua | Nama : hapus_harga_barang @ https://phbidlautdemo.prahu-hub.com/home/detailHakAksesBidowner/195:8270
[  212798ms] [LOG] Modul : modul_pengajuan_lelang_pilih_semua | Nama : lihat_daftar_pengajuan_lelang @ https://phbidlautdemo.prahu-hub.com/home/detailHakAksesBidowner/195:8275
[  212800ms] [LOG] Modul : modul_pengajuan_lelang_pilih_semua | Nama : buat_pengajuan_lelang @ https://phbidlautdemo.prahu-hub.com/home/detailHakAksesBidowner/195:8280
[  212800ms] [LOG] Modul : modul_pengajuan_lelang_pilih_semua | Nama : lihat_detail_pengajuan_lelang @ https://phbidlautdemo.prahu-hub.com/home/detailHakAksesBidowner/195:8285
[  212801ms] [LOG] Modul : modul_pengajuan_lelang_pilih_semua | Nama : batalkan_lelang @ https://phbidlautdemo.prahu-hub.com/home/detailHakAksesBidowner/195:8290
[  212802ms] [LOG] Modul : modul_pengajuan_lelang_pilih_semua | Nama : lihat_harga_penawaran @ https://phbidlautdemo.prahu-hub.com/home/detailHakAksesBidowner/195:8295
[  212802ms] [LOG] Modul : modul_pengajuan_lelang_pilih_semua | Nama : history_update_harga @ https://phbidlautdemo.prahu-hub.com/home/detailHakAksesBidowner/195:8300
[  212803ms] [LOG] Modul : modul_pengajuan_lelang_pilih_semua | Nama : harga_tidak_ditampilkan_pengajuan_lelang @ https://phbidlautdemo.prahu-hub.com/home/detailHakAksesBidowner/195:8305
[  212804ms] [LOG] Modul : modul_cari_penawaran_pilih_semua | Nama : cari_hasil_penawaran @ https://phbidlautdemo.prahu-hub.com/home/detailHakAksesBidowner/195:8310
[  212805ms] [LOG] Modul : modul_cari_penawaran_pilih_semua | Nama : export_harga_penawaran @ https://phbidlautdemo.prahu-hub.com/home/detailHakAksesBidowner/195:8315
[  212806ms] [LOG] Modul : modul_cari_penawaran_pilih_semua | Nama : buat_lelang_pengiriman @ https://phbidlautdemo.prahu-hub.com/home/detailHakAksesBidowner/195:8320
[  212806ms] [LOG] Modul : modul_cari_penawaran_pilih_semua | Nama : pesan_cari_penawaran @ https://phbidlautdemo.prahu-hub.com/home/detailHakAksesBidowner/195:8325
[  212807ms] [LOG] Modul : modul_cari_penawaran_pilih_semua | Nama : nego_harga_cari_penawaran @ https://phbidlautdemo.prahu-hub.com/home/detailHakAksesBidowner/195:8330
[  212807ms] [LOG] Modul : modul_cari_penawaran_pilih_semua | Nama : request_jadwal_cari_penawaran @ https://phbidlautdemo.prahu-hub.com/home/detailHakAksesBidowner/195:8335
[  212808ms] [LOG] Modul : modul_pengajuan_lelang_pilih_semua | Nama : minta_update_harga @ https://phbidlautdemo.prahu-hub.com/home/detailHakAksesBidowner/195:8340
[  212808ms] [LOG] Modul : modul_pengajuan_lelang_pilih_semua | Nama : close_request_harga @ https://phbidlautdemo.prahu-hub.com/home/detailHakAksesBidowner/195:8345
[  212809ms] [LOG] Modul : modul_pengajuan_nego_pilih_semua | Nama : lihat_daftar_pengajuan_nego @ https://phbidlautdemo.prahu-hub.com/home/detailHakAksesBidowner/195:8350
[  212810ms] [LOG] Modul : modul_pengajuan_nego_pilih_semua | Nama : lihat_detail_pengajuan_nego @ https://phbidlautdemo.prahu-hub.com/home/detailHakAksesBidowner/195:8355
[  212811ms] [LOG] Modul : modul_pengajuan_nego_pilih_semua | Nama : lihat_riwayat_nego @ https://phbidlautdemo.prahu-hub.com/home/detailHakAksesBidowner/195:8360
[  212812ms] [LOG] Modul : modul_daftar_order_pilih_semua | Nama : lihat_daftar_order @ https://phbidlautdemo.prahu-hub.com/home/detailHakAksesBidowner/195:8365
[  212816ms] [LOG] Modul : modul_daftar_order_pilih_semua | Nama : detail_order @ https://phbidlautdemo.prahu-hub.com/home/detailHakAksesBidowner/195:8370
[  212816ms] [LOG] Modul : modul_daftar_order_pilih_semua | Nama : harga_tidak_ditampilkan_order @ https://phbidlautdemo.prahu-hub.com/home/detailHakAksesBidowner/195:8375
[  212817ms] [LOG] Modul : modul_daftar_order_pilih_semua | Nama : input_muatan @ https://phbidlautdemo.prahu-hub.com/home/detailHakAksesBidowner/195:8380
[  212818ms] [LOG] Modul : modul_daftar_order_pilih_semua | Nama : edit_data_muatan @ https://phbidlautdemo.prahu-hub.com/home/detailHakAksesBidowner/195:8385
[  212819ms] [LOG] Modul : modul_daftar_order_pilih_semua | Nama : input_nomor_referensi @ https://phbidlautdemo.prahu-hub.com/home/detailHakAksesBidowner/195:8390
[  212819ms] [LOG] Modul : modul_daftar_order_pilih_semua | Nama : edit_nomor_referensi @ https://phbidlautdemo.prahu-hub.com/home/detailHakAksesBidowner/195:8395
[  212820ms] [LOG] Modul : modul_daftar_order_pilih_semua | Nama : batal_order @ https://phbidlautdemo.prahu-hub.com/home/detailHakAksesBidowner/195:8400
[  212821ms] [LOG] Modul : modul_daftar_order_pilih_semua | Nama : input_kontrak @ https://phbidlautdemo.prahu-hub.com/home/detailHakAksesBidowner/195:8405
[  212821ms] [LOG] Modul : modul_daftar_order_pilih_semua | Nama : lihat_unit @ https://phbidlautdemo.prahu-hub.com/home/detailHakAksesBidowner/195:8410
[  212822ms] [LOG] Modul : modul_daftar_order_pilih_semua | Nama : download_dokumen @ https://phbidlautdemo.prahu-hub.com/home/detailHakAksesBidowner/195:8415
[  212823ms] [LOG] Modul : modul_daftar_order_pilih_semua | Nama : beri_penilaian_bidder @ https://phbidlautdemo.prahu-hub.com/home/detailHakAksesBidowner/195:8420
[  212824ms] [LOG] Modul : modul_daftar_order_pilih_semua | Nama : download_invoice @ https://phbidlautdemo.prahu-hub.com/home/detailHakAksesBidowner/195:8425
[  212824ms] [LOG] Modul : modul_daftar_order_pilih_semua | Nama : lihat_biaya_tambahan @ https://phbidlautdemo.prahu-hub.com/home/detailHakAksesBidowner/195:8430
[  212825ms] [LOG] Modul : modul_daftar_order_pilih_semua | Nama : injput_biaya_tambahan @ https://phbidlautdemo.prahu-hub.com/home/detailHakAksesBidowner/195:8435
[  212825ms] [LOG] Modul : modul_daftar_order_pilih_semua | Nama : edit_biaya_tambahan @ https://phbidlautdemo.prahu-hub.com/home/detailHakAksesBidowner/195:8440
[  212826ms] [LOG] Modul : modul_daftar_order_pilih_semua | Nama : hapus_biaya_tambahan @ https://phbidlautdemo.prahu-hub.com/home/detailHakAksesBidowner/195:8445
[  212827ms] [LOG] Modul : modul_daftar_order_pilih_semua | Nama : lihat_pemesanan @ https://phbidlautdemo.prahu-hub.com/home/detailHakAksesBidowner/195:8450
[  212827ms] [LOG] Modul : modul_daftar_order_pilih_semua | Nama : lihat_dokumen_packinglist @ https://phbidlautdemo.prahu-hub.com/home/detailHakAksesBidowner/195:8455
[  212828ms] [LOG] Modul : modul_daftar_order_pilih_semua | Nama : download_dokumen_packinglist @ https://phbidlautdemo.prahu-hub.com/home/detailHakAksesBidowner/195:8460
[  212828ms] [LOG] Modul : modul_daftar_order_pilih_semua | Nama : lihat_kontrak @ https://phbidlautdemo.prahu-hub.com/home/detailHakAksesBidowner/195:8465
[  212830ms] [LOG] Modul : modul_daftar_order_pilih_semua | Nama : export_kontrak @ https://phbidlautdemo.prahu-hub.com/home/detailHakAksesBidowner/195:8470
[  212831ms] [LOG] Modul : modul_daftar_order_pilih_semua | Nama : download_dokumen_kontrak @ https://phbidlautdemo.prahu-hub.com/home/detailHakAksesBidowner/195:8475
[  212832ms] [LOG] Modul : modul_daftar_order_pilih_semua | Nama : lihat_data_tracking @ https://phbidlautdemo.prahu-hub.com/home/detailHakAksesBidowner/195:8480
[  212832ms] [LOG] Modul : modul_daftar_order_pilih_semua | Nama : lihat_detail_data_tracking @ https://phbidlautdemo.prahu-hub.com/home/detailHakAksesBidowner/195:8485
[  212833ms] [LOG] Modul : modul_daftar_order_pilih_semua | Nama : lihat_rating @ https://phbidlautdemo.prahu-hub.com/home/detailHakAksesBidowner/195:8490
[  212833ms] [LOG] Modul : modul_cek_jadwal_pelayaran_pilih_semua | Nama : lihat_jadwal_pelayaran @ https://phbidlautdemo.prahu-hub.com/home/detailHakAksesBidowner/195:8495
[  212835ms] [LOG] Modul : modul_laporan_pilih_semua | Nama : lihat_history_lelang @ https://phbidlautdemo.prahu-hub.com/home/detailHakAksesBidowner/195:8500
[  212837ms] [LOG] Modul : modul_laporan_pilih_semua | Nama : detail_export_history_lelang @ https://phbidlautdemo.prahu-hub.com/home/detailHakAksesBidowner/195:8505
[  212837ms] [LOG] Modul : modul_laporan_pilih_semua | Nama : lihat_laporan_logistik @ https://phbidlautdemo.prahu-hub.com/home/detailHakAksesBidowner/195:8510
[  212838ms] [LOG] Modul : modul_laporan_pilih_semua | Nama : detail_laporan_logistik @ https://phbidlautdemo.prahu-hub.com/home/detailHakAksesBidowner/195:8515
[  212838ms] [LOG] Modul : modul_laporan_pilih_semua | Nama : export_excel_laporan_logistik @ https://phbidlautdemo.prahu-hub.com/home/detailHakAksesBidowner/195:8520
[  212839ms] [LOG] Modul : modul_laporan_pilih_semua | Nama : harga_tidak_ditampilkan_laporan @ https://phbidlautdemo.prahu-hub.com/home/detailHakAksesBidowner/195:8525
[  212839ms] [LOG] Modul : modul_dasboard | Nama : lihat_dashboardmonitoring @ https://phbidlautdemo.prahu-hub.com/home/detailHakAksesBidowner/195:8530
[  212841ms] [LOG] Modul : modul_dasboard | Nama : export_excelmonitoring @ https://phbidlautdemo.prahu-hub.com/home/detailHakAksesBidowner/195:8535
[  212841ms] [LOG] Modul : modul_dasboard | Nama : frekuensi_pengiriman @ https://phbidlautdemo.prahu-hub.com/home/detailHakAksesBidowner/195:8540
[  212842ms] [LOG] Modul : modul_dasboard | Nama : lihat_grafikpengiriman @ https://phbidlautdemo.prahu-hub.com/home/detailHakAksesBidowner/195:8545
[  212842ms] [LOG] Modul : modul_dasboard | Nama : lihat_ringkasan_analitik @ https://phbidlautdemo.prahu-hub.com/home/detailHakAksesBidowner/195:8550
[  212843ms] [LOG] Modul : modul_pengaturan_akun_pilih_semua | Nama : lihat_daftar_hak_akses_bidowner @ https://phbidlautdemo.prahu-hub.com/home/detailHakAksesBidowner/195:8555
[  212844ms] [LOG] Modul : modul_pengaturan_akun_pilih_semua | Nama : detail_hak_akses_bidowner @ https://phbidlautdemo.prahu-hub.com/home/detailHakAksesBidowner/195:8560
[  212845ms] [LOG] Modul : modul_pengaturan_akun_pilih_semua | Nama : lihat_daftar_sub_user_bidowner @ https://phbidlautdemo.prahu-hub.com/home/detailHakAksesBidowner/195:8565
[  212846ms] [LOG] Modul : modul_pengaturan_akun_pilih_semua | Nama : tambah_sub_user_bidowner @ https://phbidlautdemo.prahu-hub.com/home/detailHakAksesBidowner/195:8570
[  212847ms] [LOG] Modul : modul_pengaturan_akun_pilih_semua | Nama : detail_sub_user_bidowner @ https://phbidlautdemo.prahu-hub.com/home/detailHakAksesBidowner/195:8575
[  212848ms] [LOG] Modul : modul_pengaturan_akun_pilih_semua | Nama : edit_sub_user_bidowner @ https://phbidlautdemo.prahu-hub.com/home/detailHakAksesBidowner/195:8580
[  212848ms] [LOG] Modul : modul_pengaturan_akun_pilih_semua | Nama : hapus_sub_user_bidowner @ https://phbidlautdemo.prahu-hub.com/home/detailHakAksesBidowner/195:8585
[  212849ms] [LOG] Modul : modul_preference_subuser_pilih_semua | Nama : daftar_preference_notif_subuser @ https://phbidlautdemo.prahu-hub.com/home/detailHakAksesBidowner/195:8590
[  212850ms] [LOG] Modul : modul_notifikasi_pilih_semua | Nama : nego_diterima_sistem_sub @ https://phbidlautdemo.prahu-hub.com/home/detailHakAksesBidowner/195:8595
[  212852ms] [LOG] Modul : modul_notifikasi_pilih_semua | Nama : nego_ditolak_sistem_sub @ https://phbidlautdemo.prahu-hub.com/home/detailHakAksesBidowner/195:8600
[  212853ms] [LOG] Modul : modul_notifikasi_pilih_semua | Nama : nego_dicounter_sistem_sub @ https://phbidlautdemo.prahu-hub.com/home/detailHakAksesBidowner/195:8605
[  212854ms] [LOG] Modul : modul_notifikasi_pilih_semua | Nama : perjanjian_pengiriman_diterima_sistem_sub @ https://phbidlautdemo.prahu-hub.com/home/detailHakAksesBidowner/195:8610
[  212854ms] [LOG] Modul : modul_notifikasi_pilih_semua | Nama : perjanjian_pengiriman_ditolak_sistem_sub @ https://phbidlautdemo.prahu-hub.com/home/detailHakAksesBidowner/195:8615
[  212855ms] [LOG] Modul : modul_notifikasi_pilih_semua | Nama : kelengkapan_data_unit_sistem_sub @ https://phbidlautdemo.prahu-hub.com/home/detailHakAksesBidowner/195:8620
[  212855ms] [LOG] Modul : modul_notifikasi_pilih_semua | Nama : perubahan_jadwal_sistem_sub @ https://phbidlautdemo.prahu-hub.com/home/detailHakAksesBidowner/195:8625
[  212856ms] [LOG] Modul : modul_notifikasi_pilih_semua | Nama : stuffing_sistem_sub @ https://phbidlautdemo.prahu-hub.com/home/detailHakAksesBidowner/195:8630
[  212856ms] [LOG] Modul : modul_notifikasi_pilih_semua | Nama : kapal_berlayar_sistem_sub @ https://phbidlautdemo.prahu-hub.com/home/detailHakAksesBidowner/195:8635
[  212857ms] [LOG] Modul : modul_notifikasi_pilih_semua | Nama : kapal_sandar_sistem_sub @ https://phbidlautdemo.prahu-hub.com/home/detailHakAksesBidowner/195:8640
[  212858ms] [LOG] Modul : modul_notifikasi_pilih_semua | Nama : rencana_dooring_sistem_sub @ https://phbidlautdemo.prahu-hub.com/home/detailHakAksesBidowner/195:8645
[  212858ms] [LOG] Modul : modul_notifikasi_pilih_semua | Nama : dooring_sistem_sub @ https://phbidlautdemo.prahu-hub.com/home/detailHakAksesBidowner/195:8650
[  212859ms] [LOG] Modul : modul_notifikasi_pilih_semua | Nama : surat_jalan_sistem_sub @ https://phbidlautdemo.prahu-hub.com/home/detailHakAksesBidowner/195:8655
[  212859ms] [LOG] Modul : modul_notifikasi_pilih_semua | Nama : jadwal_tersedia_sistem_sub @ https://phbidlautdemo.prahu-hub.com/home/detailHakAksesBidowner/195:8660
[  212860ms] [LOG] Modul : modul_notifikasi_pilih_semua | Nama : notifikasi_perjanjian_pengiriman_diterima_bcc @ https://phbidlautdemo.prahu-hub.com/home/detailHakAksesBidowner/195:8665
[  212860ms] [LOG] Modul : modul_notifikasi_pilih_semua | Nama : notifikasi_perjanjian_pengiriman_ditolak_bcc @ https://phbidlautdemo.prahu-hub.com/home/detailHakAksesBidowner/195:8670
[  212861ms] [LOG] Modul : modul_notifikasi_pilih_semua | Nama : notifikasi_kelengkapan_data_unit_bcc @ https://phbidlautdemo.prahu-hub.com/home/detailHakAksesBidowner/195:8675
[  212862ms] [LOG] Modul : modul_notifikasi_pilih_semua | Nama : notifikasi_perubahan_jadwal_bcc @ https://phbidlautdemo.prahu-hub.com/home/detailHakAksesBidowner/195:8680
[  212863ms] [LOG] Modul : modul_notifikasi_pilih_semua | Nama : harga_tidak_ditampilkan_notifikasi_email_bcc @ https://phbidlautdemo.prahu-hub.com/home/detailHakAksesBidowner/195:8685
[  212875ms] [LOG] undefined @ https://phbidlautdemo.prahu-hub.com/home/detailHakAksesBidowner/195:9459
[  212875ms] [LOG] undefined @ https://phbidlautdemo.prahu-hub.com/home/detailHakAksesBidowner/195:9459
[  212875ms] [LOG] undefined @ https://phbidlautdemo.prahu-hub.com/home/detailHakAksesBidowner/195:9459
[  212875ms] [LOG] undefined @ https://phbidlautdemo.prahu-hub.com/home/detailHakAksesBidowner/195:9459
[  212875ms] [LOG] undefined @ https://phbidlautdemo.prahu-hub.com/home/detailHakAksesBidowner/195:9459
[  212876ms] [LOG] undefined @ https://phbidlautdemo.prahu-hub.com/home/detailHakAksesBidowner/195:9459
[  212876ms] [LOG] undefined @ https://phbidlautdemo.prahu-hub.com/home/detailHakAksesBidowner/195:9459
[  212876ms] [LOG] undefined @ https://phbidlautdemo.prahu-hub.com/home/detailHakAksesBidowner/195:9459
[  212876ms] [LOG] undefined @ https://phbidlautdemo.prahu-hub.com/home/detailHakAksesBidowner/195:9459
[  212876ms] [LOG] undefined @ https://phbidlautdemo.prahu-hub.com/home/detailHakAksesBidowner/195:9459
[  212876ms] [LOG] undefined @ https://phbidlautdemo.prahu-hub.com/home/detailHakAksesBidowner/195:9459
[  212876ms] [LOG] undefined @ https://phbidlautdemo.prahu-hub.com/home/detailHakAksesBidowner/195:9459
[  212876ms] [LOG] undefined @ https://phbidlautdemo.prahu-hub.com/home/detailHakAksesBidowner/195:9459
[  212876ms] [LOG] undefined @ https://phbidlautdemo.prahu-hub.com/home/detailHakAksesBidowner/195:9459
[  212876ms] [LOG] undefined @ https://phbidlautdemo.prahu-hub.com/home/detailHakAksesBidowner/195:9459
[  212876ms] [LOG] undefined @ https://phbidlautdemo.prahu-hub.com/home/detailHakAksesBidowner/195:9459
[  212876ms] [LOG] undefined @ https://phbidlautdemo.prahu-hub.com/home/detailHakAksesBidowner/195:9459
[  212876ms] [LOG] undefined @ https://phbidlautdemo.prahu-hub.com/home/detailHakAksesBidowner/195:9459
[  212876ms] [LOG] undefined @ https://phbidlautdemo.prahu-hub.com/home/detailHakAksesBidowner/195:9459
[  212877ms] [LOG] undefined @ https://phbidlautdemo.prahu-hub.com/home/detailHakAksesBidowner/195:9459
[  212877ms] [LOG] undefined @ https://phbidlautdemo.prahu-hub.com/home/detailHakAksesBidowner/195:9459
[  212877ms] [LOG] undefined @ https://phbidlautdemo.prahu-hub.com/home/detailHakAksesBidowner/195:9459
[  212877ms] [LOG] undefined @ https://phbidlautdemo.prahu-hub.com/home/detailHakAksesBidowner/195:9459
[  212877ms] [LOG] undefined @ https://phbidlautdemo.prahu-hub.com/home/detailHakAksesBidowner/195:9459
[  212877ms] [LOG] undefined @ https://phbidlautdemo.prahu-hub.com/home/detailHakAksesBidowner/195:9459
[  212877ms] [LOG] undefined @ https://phbidlautdemo.prahu-hub.com/home/detailHakAksesBidowner/195:9459
[  212877ms] [LOG] undefined @ https://phbidlautdemo.prahu-hub.com/home/detailHakAksesBidowner/195:9459
[  212877ms] [LOG] undefined @ https://phbidlautdemo.prahu-hub.com/home/detailHakAksesBidowner/195:9459
[  212877ms] [LOG] undefined @ https://phbidlautdemo.prahu-hub.com/home/detailHakAksesBidowner/195:9459
[  212877ms] [LOG] undefined @ https://phbidlautdemo.prahu-hub.com/home/detailHakAksesBidowner/195:9459
[  212877ms] [LOG] undefined @ https://phbidlautdemo.prahu-hub.com/home/detailHakAksesBidowner/195:9459
[  212877ms] [LOG] undefined @ https://phbidlautdemo.prahu-hub.com/home/detailHakAksesBidowner/195:9459
[  212877ms] [LOG] undefined @ https://phbidlautdemo.prahu-hub.com/home/detailHakAksesBidowner/195:9459
[  212878ms] [LOG] undefined @ https://phbidlautdemo.prahu-hub.com/home/detailHakAksesBidowner/195:9459
[  212878ms] [LOG] undefined @ https://phbidlautdemo.prahu-hub.com/home/detailHakAksesBidowner/195:9459
[  212878ms] [LOG] undefined @ https://phbidlautdemo.prahu-hub.com/home/detailHakAksesBidowner/195:9459
[  212878ms] [LOG] undefined @ https://phbidlautdemo.prahu-hub.com/home/detailHakAksesBidowner/195:9459
[  212878ms] [LOG] undefined @ https://phbidlautdemo.prahu-hub.com/home/detailHakAksesBidowner/195:9459
[  212878ms] [LOG] undefined @ https://phbidlautdemo.prahu-hub.com/home/detailHakAksesBidowner/195:9459
[  212878ms] [LOG] undefined @ https://phbidlautdemo.prahu-hub.com/home/detailHakAksesBidowner/195:9459
[  212878ms] [LOG] undefined @ https://phbidlautdemo.prahu-hub.com/home/detailHakAksesBidowner/195:9459
[  212878ms] [LOG] undefined @ https://phbidlautdemo.prahu-hub.com/home/detailHakAksesBidowner/195:9459
[  212878ms] [LOG] undefined @ https://phbidlautdemo.prahu-hub.com/home/detailHakAksesBidowner/195:9459
[  212878ms] [LOG] undefined @ https://phbidlautdemo.prahu-hub.com/home/detailHakAksesBidowner/195:9459
[  212878ms] [LOG] undefined @ https://phbidlautdemo.prahu-hub.com/home/detailHakAksesBidowner/195:9459
[  212878ms] [LOG] undefined @ https://phbidlautdemo.prahu-hub.com/home/detailHakAksesBidowner/195:9459
[  212878ms] [LOG] undefined @ https://phbidlautdemo.prahu-hub.com/home/detailHakAksesBidowner/195:9459
[  212879ms] [LOG] undefined @ https://phbidlautdemo.prahu-hub.com/home/detailHakAksesBidowner/195:9459
[  212879ms] [LOG] undefined @ https://phbidlautdemo.prahu-hub.com/home/detailHakAksesBidowner/195:9459
[  212879ms] [LOG] undefined @ https://phbidlautdemo.prahu-hub.com/home/detailHakAksesBidowner/195:9459
[  212879ms] [LOG] undefined @ https://phbidlautdemo.prahu-hub.com/home/detailHakAksesBidowner/195:9459
[  212879ms] [LOG] undefined @ https://phbidlautdemo.prahu-hub.com/home/detailHakAksesBidowner/195:9459
[  212879ms] [LOG] undefined @ https://phbidlautdemo.prahu-hub.com/home/detailHakAksesBidowner/195:9459
[  212880ms] [LOG] undefined @ https://phbidlautdemo.prahu-hub.com/home/detailHakAksesBidowner/195:9459
[  212880ms] [LOG] undefined @ https://phbidlautdemo.prahu-hub.com/home/detailHakAksesBidowner/195:9459
[  212880ms] [LOG] undefined @ https://phbidlautdemo.prahu-hub.com/home/detailHakAksesBidowner/195:9459
[  212880ms] [LOG] undefined @ https://phbidlautdemo.prahu-hub.com/home/detailHakAksesBidowner/195:9459
[  212880ms] [LOG] undefined @ https://phbidlautdemo.prahu-hub.com/home/detailHakAksesBidowner/195:9459
[  212880ms] [LOG] undefined @ https://phbidlautdemo.prahu-hub.com/home/detailHakAksesBidowner/195:9459
[  212880ms] [LOG] undefined @ https://phbidlautdemo.prahu-hub.com/home/detailHakAksesBidowner/195:9459
[  212880ms] [LOG] undefined @ https://phbidlautdemo.prahu-hub.com/home/detailHakAksesBidowner/195:9459
[  212881ms] [LOG] undefined @ https://phbidlautdemo.prahu-hub.com/home/detailHakAksesBidowner/195:9459
[  212881ms] [LOG] undefined @ https://phbidlautdemo.prahu-hub.com/home/detailHakAksesBidowner/195:9459
[  212881ms] [LOG] undefined @ https://phbidlautdemo.prahu-hub.com/home/detailHakAksesBidowner/195:9459
[  212881ms] [LOG] undefined @ https://phbidlautdemo.prahu-hub.com/home/detailHakAksesBidowner/195:9459
[  212881ms] [LOG] undefined @ https://phbidlautdemo.prahu-hub.com/home/detailHakAksesBidowner/195:9459
[  212881ms] [LOG] undefined @ https://phbidlautdemo.prahu-hub.com/home/detailHakAksesBidowner/195:9459
[  212881ms] [LOG] undefined @ https://phbidlautdemo.prahu-hub.com/home/detailHakAksesBidowner/195:9459
[  212881ms] [LOG] undefined @ https://phbidlautdemo.prahu-hub.com/home/detailHakAksesBidowner/195:9459
[  212881ms] [LOG] undefined @ https://phbidlautdemo.prahu-hub.com/home/detailHakAksesBidowner/195:9459
[  212881ms] [LOG] undefined @ https://phbidlautdemo.prahu-hub.com/home/detailHakAksesBidowner/195:9459
[  212881ms] [LOG] undefined @ https://phbidlautdemo.prahu-hub.com/home/detailHakAksesBidowner/195:9459
[  212881ms] [LOG] undefined @ https://phbidlautdemo.prahu-hub.com/home/detailHakAksesBidowner/195:9459
[  212881ms] [LOG] undefined @ https://phbidlautdemo.prahu-hub.com/home/detailHakAksesBidowner/195:9459
[  212882ms] [LOG] undefined @ https://phbidlautdemo.prahu-hub.com/home/detailHakAksesBidowner/195:9459
[  212882ms] [LOG] undefined @ https://phbidlautdemo.prahu-hub.com/home/detailHakAksesBidowner/195:9459
[  212882ms] [LOG] undefined @ https://phbidlautdemo.prahu-hub.com/home/detailHakAksesBidowner/195:9459
[  212882ms] [LOG] undefined @ https://phbidlautdemo.prahu-hub.com/home/detailHakAksesBidowner/195:9459
[  212882ms] [LOG] undefined @ https://phbidlautdemo.prahu-hub.com/home/detailHakAksesBidowner/195:9459
[  212882ms] [LOG] undefined @ https://phbidlautdemo.prahu-hub.com/home/detailHakAksesBidowner/195:9459
[  212882ms] [LOG] undefined @ https://phbidlautdemo.prahu-hub.com/home/detailHakAksesBidowner/195:9459
[  212882ms] [LOG] undefined @ https://phbidlautdemo.prahu-hub.com/home/detailHakAksesBidowner/195:9459
[  212882ms] [LOG] undefined @ https://phbidlautdemo.prahu-hub.com/home/detailHakAksesBidowner/195:9459
[  212882ms] [LOG] undefined @ https://phbidlautdemo.prahu-hub.com/home/detailHakAksesBidowner/195:9459
[  212882ms] [LOG] undefined @ https://phbidlautdemo.prahu-hub.com/home/detailHakAksesBidowner/195:9459
[  212882ms] [LOG] undefined @ https://phbidlautdemo.prahu-hub.com/home/detailHakAksesBidowner/195:9459
[  212882ms] [LOG] undefined @ https://phbidlautdemo.prahu-hub.com/home/detailHakAksesBidowner/195:9459
[  212882ms] [LOG] undefined @ https://phbidlautdemo.prahu-hub.com/home/detailHakAksesBidowner/195:9459
[  212883ms] [LOG] undefined @ https://phbidlautdemo.prahu-hub.com/home/detailHakAksesBidowner/195:9459
[  212883ms] [LOG] undefined @ https://phbidlautdemo.prahu-hub.com/home/detailHakAksesBidowner/195:9459
[  212883ms] [LOG] undefined @ https://phbidlautdemo.prahu-hub.com/home/detailHakAksesBidowner/195:9459
[  212883ms] [LOG] undefined @ https://phbidlautdemo.prahu-hub.com/home/detailHakAksesBidowner/195:9459
[  212883ms] [LOG] undefined @ https://phbidlautdemo.prahu-hub.com/home/detailHakAksesBidowner/195:9459
[  212883ms] [LOG] undefined @ https://phbidlautdemo.prahu-hub.com/home/detailHakAksesBidowner/195:9459
[  212883ms] [LOG] undefined @ https://phbidlautdemo.prahu-hub.com/home/detailHakAksesBidowner/195:9459
[  212883ms] [LOG] undefined @ https://phbidlautdemo.prahu-hub.com/home/detailHakAksesBidowner/195:9459
[  212883ms] [LOG] undefined @ https://phbidlautdemo.prahu-hub.com/home/detailHakAksesBidowner/195:9459
[  212883ms] [LOG] undefined @ https://phbidlautdemo.prahu-hub.com/home/detailHakAksesBidowner/195:9459
[  212883ms] [LOG] undefined @ https://phbidlautdemo.prahu-hub.com/home/detailHakAksesBidowner/195:9459
[  212883ms] [LOG] undefined @ https://phbidlautdemo.prahu-hub.com/home/detailHakAksesBidowner/195:9459
[  212883ms] [LOG] undefined @ https://phbidlautdemo.prahu-hub.com/home/detailHakAksesBidowner/195:9459
[  212883ms] [LOG] undefined @ https://phbidlautdemo.prahu-hub.com/home/detailHakAksesBidowner/195:9459
[  212883ms] [LOG] undefined @ https://phbidlautdemo.prahu-hub.com/home/detailHakAksesBidowner/195:9459
[  212884ms] [LOG] undefined @ https://phbidlautdemo.prahu-hub.com/home/detailHakAksesBidowner/195:9459
[  212884ms] [LOG] undefined @ https://phbidlautdemo.prahu-hub.com/home/detailHakAksesBidowner/195:9459
[  212884ms] [LOG] undefined @ https://phbidlautdemo.prahu-hub.com/home/detailHakAksesBidowner/195:9459
[  212884ms] [LOG] undefined @ https://phbidlautdemo.prahu-hub.com/home/detailHakAksesBidowner/195:9459
[  212884ms] [LOG] undefined @ https://phbidlautdemo.prahu-hub.com/home/detailHakAksesBidowner/195:9459
[  212884ms] [LOG] undefined @ https://phbidlautdemo.prahu-hub.com/home/detailHakAksesBidowner/195:9459
[  212884ms] [LOG] undefined @ https://phbidlautdemo.prahu-hub.com/home/detailHakAksesBidowner/195:9459
[  212884ms] [LOG] undefined @ https://phbidlautdemo.prahu-hub.com/home/detailHakAksesBidowner/195:9459
[  212884ms] [LOG] undefined @ https://phbidlautdemo.prahu-hub.com/home/detailHakAksesBidowner/195:9459
[  212884ms] [LOG] undefined @ https://phbidlautdemo.prahu-hub.com/home/detailHakAksesBidowner/195:9459
[  212884ms] [LOG] undefined @ https://phbidlautdemo.prahu-hub.com/home/detailHakAksesBidowner/195:9459
[  212885ms] [LOG] undefined @ https://phbidlautdemo.prahu-hub.com/home/detailHakAksesBidowner/195:9459
[  212885ms] [LOG] undefined @ https://phbidlautdemo.prahu-hub.com/home/detailHakAksesBidowner/195:9459
[  212885ms] [LOG] undefined @ https://phbidlautdemo.prahu-hub.com/home/detailHakAksesBidowner/195:9459
[  212885ms] [LOG] undefined @ https://phbidlautdemo.prahu-hub.com/home/detailHakAksesBidowner/195:9459
[  212885ms] [LOG] undefined @ https://phbidlautdemo.prahu-hub.com/home/detailHakAksesBidowner/195:9459
[  212885ms] [LOG] undefined @ https://phbidlautdemo.prahu-hub.com/home/detailHakAksesBidowner/195:9459
[  212885ms] [LOG] undefined @ https://phbidlautdemo.prahu-hub.com/home/detailHakAksesBidowner/195:9459
[  212885ms] [LOG] undefined @ https://phbidlautdemo.prahu-hub.com/home/detailHakAksesBidowner/195:9459
[  212885ms] [LOG] undefined @ https://phbidlautdemo.prahu-hub.com/home/detailHakAksesBidowner/195:9459
[  212886ms] [LOG] undefined @ https://phbidlautdemo.prahu-hub.com/home/detailHakAksesBidowner/195:9459
[  212886ms] [LOG] undefined @ https://phbidlautdemo.prahu-hub.com/home/detailHakAksesBidowner/195:9459
[  212886ms] [LOG] undefined @ https://phbidlautdemo.prahu-hub.com/home/detailHakAksesBidowner/195:9459
[  212886ms] [LOG] undefined @ https://phbidlautdemo.prahu-hub.com/home/detailHakAksesBidowner/195:9459
[  212886ms] [LOG] undefined @ https://phbidlautdemo.prahu-hub.com/home/detailHakAksesBidowner/195:9459
[  212886ms] [LOG] undefined @ https://phbidlautdemo.prahu-hub.com/home/detailHakAksesBidowner/195:9459
[  212886ms] [LOG] undefined @ https://phbidlautdemo.prahu-hub.com/home/detailHakAksesBidowner/195:9459
[  212886ms] [LOG] undefined @ https://phbidlautdemo.prahu-hub.com/home/detailHakAksesBidowner/195:9459
[  212886ms] [LOG] undefined @ https://phbidlautdemo.prahu-hub.com/home/detailHakAksesBidowner/195:9459
[  212886ms] [LOG] undefined @ https://phbidlautdemo.prahu-hub.com/home/detailHakAksesBidowner/195:9459
[  212887ms] [LOG] undefined @ https://phbidlautdemo.prahu-hub.com/home/detailHakAksesBidowner/195:9459
[  212887ms] [LOG] undefined @ https://phbidlautdemo.prahu-hub.com/home/detailHakAksesBidowner/195:9459
[  212887ms] [LOG] undefined @ https://phbidlautdemo.prahu-hub.com/home/detailHakAksesBidowner/195:9459
[  212887ms] [LOG] undefined @ https://phbidlautdemo.prahu-hub.com/home/detailHakAksesBidowner/195:9459
[  212887ms] [LOG] undefined @ https://phbidlautdemo.prahu-hub.com/home/detailHakAksesBidowner/195:9459
[  212887ms] [LOG] undefined @ https://phbidlautdemo.prahu-hub.com/home/detailHakAksesBidowner/195:9459
[  212887ms] [LOG] undefined @ https://phbidlautdemo.prahu-hub.com/home/detailHakAksesBidowner/195:9459
[  212887ms] [LOG] undefined @ https://phbidlautdemo.prahu-hub.com/home/detailHakAksesBidowner/195:9459
[  212887ms] [LOG] undefined @ https://phbidlautdemo.prahu-hub.com/home/detailHakAksesBidowner/195:9459
[  212887ms] [LOG] undefined @ https://phbidlautdemo.prahu-hub.com/home/detailHakAksesBidowner/195:9459
[  212888ms] [LOG] undefined @ https://phbidlautdemo.prahu-hub.com/home/detailHakAksesBidowner/195:9459
[  212888ms] [LOG] undefined @ https://phbidlautdemo.prahu-hub.com/home/detailHakAksesBidowner/195:9459
[  212888ms] [LOG] undefined @ https://phbidlautdemo.prahu-hub.com/home/detailHakAksesBidowner/195:9459
[  212888ms] [LOG] undefined @ https://phbidlautdemo.prahu-hub.com/home/detailHakAksesBidowner/195:9459
[  212888ms] [LOG] undefined @ https://phbidlautdemo.prahu-hub.com/home/detailHakAksesBidowner/195:9459
[  212888ms] [LOG] undefined @ https://phbidlautdemo.prahu-hub.com/home/detailHakAksesBidowner/195:9459
[  212888ms] [LOG] undefined @ https://phbidlautdemo.prahu-hub.com/home/detailHakAksesBidowner/195:9459
[  212888ms] [LOG] undefined @ https://phbidlautdemo.prahu-hub.com/home/detailHakAksesBidowner/195:9459
[  212888ms] [LOG] undefined @ https://phbidlautdemo.prahu-hub.com/home/detailHakAksesBidowner/195:9459
[  212888ms] [LOG] undefined @ https://phbidlautdemo.prahu-hub.com/home/detailHakAksesBidowner/195:9459
[  212888ms] [LOG] undefined @ https://phbidlautdemo.prahu-hub.com/home/detailHakAksesBidowner/195:9459
[  212888ms] [LOG] undefined @ https://phbidlautdemo.prahu-hub.com/home/detailHakAksesBidowner/195:9459
[  212888ms] [LOG] undefined @ https://phbidlautdemo.prahu-hub.com/home/detailHakAksesBidowner/195:9459
[  212889ms] [LOG] undefined @ https://phbidlautdemo.prahu-hub.com/home/detailHakAksesBidowner/195:9459
[  212889ms] [LOG] undefined @ https://phbidlautdemo.prahu-hub.com/home/detailHakAksesBidowner/195:9459
[  212889ms] [LOG] undefined @ https://phbidlautdemo.prahu-hub.com/home/detailHakAksesBidowner/195:9459
[  212889ms] [LOG] undefined @ https://phbidlautdemo.prahu-hub.com/home/detailHakAksesBidowner/195:9459
[  212889ms] [LOG] undefined @ https://phbidlautdemo.prahu-hub.com/home/detailHakAksesBidowner/195:9459
[  212889ms] [LOG] undefined @ https://phbidlautdemo.prahu-hub.com/home/detailHakAksesBidowner/195:9459
[  212889ms] [LOG] undefined @ https://phbidlautdemo.prahu-hub.com/home/detailHakAksesBidowner/195:9459
[  212889ms] [LOG] undefined @ https://phbidlautdemo.prahu-hub.com/home/detailHakAksesBidowner/195:9459
[  212889ms] [LOG] undefined @ https://phbidlautdemo.prahu-hub.com/home/detailHakAksesBidowner/195:9459
[  212889ms] [LOG] undefined @ https://phbidlautdemo.prahu-hub.com/home/detailHakAksesBidowner/195:9459
[  212889ms] [LOG] undefined @ https://phbidlautdemo.prahu-hub.com/home/detailHakAksesBidowner/195:9459
[  212889ms] [LOG] undefined @ https://phbidlautdemo.prahu-hub.com/home/detailHakAksesBidowner/195:9459
[  212889ms] [LOG] undefined @ https://phbidlautdemo.prahu-hub.com/home/detailHakAksesBidowner/195:9459
[  212889ms] [LOG] undefined @ https://phbidlautdemo.prahu-hub.com/home/detailHakAksesBidowner/195:9459
[  212889ms] [LOG] undefined @ https://phbidlautdemo.prahu-hub.com/home/detailHakAksesBidowner/195:9459
[  212889ms] [LOG] undefined @ https://phbidlautdemo.prahu-hub.com/home/detailHakAksesBidowner/195:9459
[  212890ms] [LOG] undefined @ https://phbidlautdemo.prahu-hub.com/home/detailHakAksesBidowner/195:9459
[  212890ms] [LOG] undefined @ https://phbidlautdemo.prahu-hub.com/home/detailHakAksesBidowner/195:9459
[  212890ms] [LOG] undefined @ https://phbidlautdemo.prahu-hub.com/home/detailHakAksesBidowner/195:9459
[  212890ms] [LOG] undefined @ https://phbidlautdemo.prahu-hub.com/home/detailHakAksesBidowner/195:9459
[  212890ms] [LOG] undefined @ https://phbidlautdemo.prahu-hub.com/home/detailHakAksesBidowner/195:9459
[  212890ms] [LOG] undefined @ https://phbidlautdemo.prahu-hub.com/home/detailHakAksesBidowner/195:9459
[  212890ms] [LOG] undefined @ https://phbidlautdemo.prahu-hub.com/home/detailHakAksesBidowner/195:9459
[  212890ms] [LOG] undefined @ https://phbidlautdemo.prahu-hub.com/home/detailHakAksesBidowner/195:9459
[  212890ms] [LOG] undefined @ https://phbidlautdemo.prahu-hub.com/home/detailHakAksesBidowner/195:9459
[  212890ms] [LOG] undefined @ https://phbidlautdemo.prahu-hub.com/home/detailHakAksesBidowner/195:9459
[  212890ms] [LOG] undefined @ https://phbidlautdemo.prahu-hub.com/home/detailHakAksesBidowner/195:9459
[  212890ms] [LOG] undefined @ https://phbidlautdemo.prahu-hub.com/home/detailHakAksesBidowner/195:9459
[  212890ms] [LOG] undefined @ https://phbidlautdemo.prahu-hub.com/home/detailHakAksesBidowner/195:9459
[  212890ms] [LOG] undefined @ https://phbidlautdemo.prahu-hub.com/home/detailHakAksesBidowner/195:9459
[  212890ms] [LOG] undefined @ https://phbidlautdemo.prahu-hub.com/home/detailHakAksesBidowner/195:9459
[  212890ms] [LOG] undefined @ https://phbidlautdemo.prahu-hub.com/home/detailHakAksesBidowner/195:9459
[  212891ms] [LOG] undefined @ https://phbidlautdemo.prahu-hub.com/home/detailHakAksesBidowner/195:9459
[  212891ms] [LOG] undefined @ https://phbidlautdemo.prahu-hub.com/home/detailHakAksesBidowner/195:9459
[  212891ms] [LOG] undefined @ https://phbidlautdemo.prahu-hub.com/home/detailHakAksesBidowner/195:9459
[  212891ms] [LOG] undefined @ https://phbidlautdemo.prahu-hub.com/home/detailHakAksesBidowner/195:9459
[  212891ms] [LOG] undefined @ https://phbidlautdemo.prahu-hub.com/home/detailHakAksesBidowner/195:9459
[  212891ms] [LOG] undefined @ https://phbidlautdemo.prahu-hub.com/home/detailHakAksesBidowner/195:9459
[  212891ms] [LOG] undefined @ https://phbidlautdemo.prahu-hub.com/home/detailHakAksesBidowner/195:9459
[  212891ms] [LOG] undefined @ https://phbidlautdemo.prahu-hub.com/home/detailHakAksesBidowner/195:9459
[  212891ms] [LOG] undefined @ https://phbidlautdemo.prahu-hub.com/home/detailHakAksesBidowner/195:9459
[  212891ms] [LOG] undefined @ https://phbidlautdemo.prahu-hub.com/home/detailHakAksesBidowner/195:9459
[  212891ms] [LOG] undefined @ https://phbidlautdemo.prahu-hub.com/home/detailHakAksesBidowner/195:9459
[  212891ms] [LOG] undefined @ https://phbidlautdemo.prahu-hub.com/home/detailHakAksesBidowner/195:9459
[  212891ms] [LOG] undefined @ https://phbidlautdemo.prahu-hub.com/home/detailHakAksesBidowner/195:9459
[  212891ms] [LOG] undefined @ https://phbidlautdemo.prahu-hub.com/home/detailHakAksesBidowner/195:9459
[  212891ms] [LOG] undefined @ https://phbidlautdemo.prahu-hub.com/home/detailHakAksesBidowner/195:9459
[  212892ms] [LOG] undefined @ https://phbidlautdemo.prahu-hub.com/home/detailHakAksesBidowner/195:9459
[  212892ms] [LOG] undefined @ https://phbidlautdemo.prahu-hub.com/home/detailHakAksesBidowner/195:9459
[  212892ms] [LOG] undefined @ https://phbidlautdemo.prahu-hub.com/home/detailHakAksesBidowner/195:9459
[  212892ms] [LOG] undefined @ https://phbidlautdemo.prahu-hub.com/home/detailHakAksesBidowner/195:9459
[  212892ms] [LOG] undefined @ https://phbidlautdemo.prahu-hub.com/home/detailHakAksesBidowner/195:9459
[  212892ms] [LOG] undefined @ https://phbidlautdemo.prahu-hub.com/home/detailHakAksesBidowner/195:9459
[  212892ms] [LOG] undefined @ https://phbidlautdemo.prahu-hub.com/home/detailHakAksesBidowner/195:9459
[  212892ms] [LOG] undefined @ https://phbidlautdemo.prahu-hub.com/home/detailHakAksesBidowner/195:9459
[  212892ms] [LOG] undefined @ https://phbidlautdemo.prahu-hub.com/home/detailHakAksesBidowner/195:9459
[  212892ms] [LOG] undefined @ https://phbidlautdemo.prahu-hub.com/home/detailHakAksesBidowner/195:9459
[  212892ms] [LOG] undefined @ https://phbidlautdemo.prahu-hub.com/home/detailHakAksesBidowner/195:9459
[  212892ms] [LOG] undefined @ https://phbidlautdemo.prahu-hub.com/home/detailHakAksesBidowner/195:9459
[  212893ms] [LOG] undefined @ https://phbidlautdemo.prahu-hub.com/home/detailHakAksesBidowner/195:9459
[  212893ms] [LOG] undefined @ https://phbidlautdemo.prahu-hub.com/home/detailHakAksesBidowner/195:9459
[  212893ms] [LOG] undefined @ https://phbidlautdemo.prahu-hub.com/home/detailHakAksesBidowner/195:9459
[  212893ms] [LOG] undefined @ https://phbidlautdemo.prahu-hub.com/home/detailHakAksesBidowner/195:9459
[  212893ms] [LOG] undefined @ https://phbidlautdemo.prahu-hub.com/home/detailHakAksesBidowner/195:9459
[  212893ms] [LOG] undefined @ https://phbidlautdemo.prahu-hub.com/home/detailHakAksesBidowner/195:9459
[  212893ms] [LOG] undefined @ https://phbidlautdemo.prahu-hub.com/home/detailHakAksesBidowner/195:9459
[  212894ms] [LOG] undefined @ https://phbidlautdemo.prahu-hub.com/home/detailHakAksesBidowner/195:9459
[  212894ms] [LOG] undefined @ https://phbidlautdemo.prahu-hub.com/home/detailHakAksesBidowner/195:9459
[  212894ms] [LOG] undefined @ https://phbidlautdemo.prahu-hub.com/home/detailHakAksesBidowner/195:9459
[  212894ms] [LOG] undefined @ https://phbidlautdemo.prahu-hub.com/home/detailHakAksesBidowner/195:9459
[  212894ms] [LOG] undefined @ https://phbidlautdemo.prahu-hub.com/home/detailHakAksesBidowner/195:9459
[  212894ms] [LOG] undefined @ https://phbidlautdemo.prahu-hub.com/home/detailHakAksesBidowner/195:9459
[  212894ms] [LOG] undefined @ https://phbidlautdemo.prahu-hub.com/home/detailHakAksesBidowner/195:9459
[  212894ms] [LOG] undefined @ https://phbidlautdemo.prahu-hub.com/home/detailHakAksesBidowner/195:9459
[  212895ms] [LOG] undefined @ https://phbidlautdemo.prahu-hub.com/home/detailHakAksesBidowner/195:9459
[  212895ms] [LOG] undefined @ https://phbidlautdemo.prahu-hub.com/home/detailHakAksesBidowner/195:9459
[  212895ms] [LOG] undefined @ https://phbidlautdemo.prahu-hub.com/home/detailHakAksesBidowner/195:9459
[  212895ms] [LOG] undefined @ https://phbidlautdemo.prahu-hub.com/home/detailHakAksesBidowner/195:9459
[  212895ms] [LOG] undefined @ https://phbidlautdemo.prahu-hub.com/home/detailHakAksesBidowner/195:9459
[  212895ms] [LOG] undefined @ https://phbidlautdemo.prahu-hub.com/home/detailHakAksesBidowner/195:9459
[  212895ms] [LOG] undefined @ https://phbidlautdemo.prahu-hub.com/home/detailHakAksesBidowner/195:9459
[  212895ms] [LOG] undefined @ https://phbidlautdemo.prahu-hub.com/home/detailHakAksesBidowner/195:9459
[  212895ms] [LOG] undefined @ https://phbidlautdemo.prahu-hub.com/home/detailHakAksesBidowner/195:9459
[  212896ms] [LOG] undefined @ https://phbidlautdemo.prahu-hub.com/home/detailHakAksesBidowner/195:9459
[  212897ms] [LOG] undefined @ https://phbidlautdemo.prahu-hub.com/home/detailHakAksesBidowner/195:9459
[  212897ms] [LOG] undefined @ https://phbidlautdemo.prahu-hub.com/home/detailHakAksesBidowner/195:9459
[  212897ms] [LOG] undefined @ https://phbidlautdemo.prahu-hub.com/home/detailHakAksesBidowner/195:9459
[  212897ms] [LOG] undefined @ https://phbidlautdemo.prahu-hub.com/home/detailHakAksesBidowner/195:9459
[  212898ms] [LOG] undefined @ https://phbidlautdemo.prahu-hub.com/home/detailHakAksesBidowner/195:9459
[  212898ms] [LOG] undefined @ https://phbidlautdemo.prahu-hub.com/home/detailHakAksesBidowner/195:9459
[  212898ms] [LOG] undefined @ https://phbidlautdemo.prahu-hub.com/home/detailHakAksesBidowner/195:9459
[  212898ms] [LOG] undefined @ https://phbidlautdemo.prahu-hub.com/home/detailHakAksesBidowner/195:9459
[  212898ms] [LOG] undefined @ https://phbidlautdemo.prahu-hub.com/home/detailHakAksesBidowner/195:9459
[  212898ms] [LOG] undefined @ https://phbidlautdemo.prahu-hub.com/home/detailHakAksesBidowner/195:9459
[  212898ms] [LOG] undefined @ https://phbidlautdemo.prahu-hub.com/home/detailHakAksesBidowner/195:9459
[  212899ms] [LOG] undefined @ https://phbidlautdemo.prahu-hub.com/home/detailHakAksesBidowner/195:9459
[  212899ms] [LOG] undefined @ https://phbidlautdemo.prahu-hub.com/home/detailHakAksesBidowner/195:9459
[  212899ms] [LOG] undefined @ https://phbidlautdemo.prahu-hub.com/home/detailHakAksesBidowner/195:9459
[  212899ms] [LOG] undefined @ https://phbidlautdemo.prahu-hub.com/home/detailHakAksesBidowner/195:9459
[  212899ms] [LOG] undefined @ https://phbidlautdemo.prahu-hub.com/home/detailHakAksesBidowner/195:9459
[  212899ms] [LOG] undefined @ https://phbidlautdemo.prahu-hub.com/home/detailHakAksesBidowner/195:9459
[  212899ms] [LOG] undefined @ https://phbidlautdemo.prahu-hub.com/home/detailHakAksesBidowner/195:9459
[  212900ms] [LOG] undefined @ https://phbidlautdemo.prahu-hub.com/home/detailHakAksesBidowner/195:9459
[  212900ms] [LOG] undefined @ https://phbidlautdemo.prahu-hub.com/home/detailHakAksesBidowner/195:9459
[  212900ms] [LOG] undefined @ https://phbidlautdemo.prahu-hub.com/home/detailHakAksesBidowner/195:9459
[  212900ms] [LOG] undefined @ https://phbidlautdemo.prahu-hub.com/home/detailHakAksesBidowner/195:9459
[  212900ms] [LOG] undefined @ https://phbidlautdemo.prahu-hub.com/home/detailHakAksesBidowner/195:9459
[  212900ms] [LOG] undefined @ https://phbidlautdemo.prahu-hub.com/home/detailHakAksesBidowner/195:9459
[  212900ms] [LOG] undefined @ https://phbidlautdemo.prahu-hub.com/home/detailHakAksesBidowner/195:9459
[  212900ms] [LOG] undefined @ https://phbidlautdemo.prahu-hub.com/home/detailHakAksesBidowner/195:9459
[  212900ms] [LOG] undefined @ https://phbidlautdemo.prahu-hub.com/home/detailHakAksesBidowner/195:9459
[  212900ms] [LOG] undefined @ https://phbidlautdemo.prahu-hub.com/home/detailHakAksesBidowner/195:9459
[  212900ms] [LOG] undefined @ https://phbidlautdemo.prahu-hub.com/home/detailHakAksesBidowner/195:9459
[  212900ms] [LOG] undefined @ https://phbidlautdemo.prahu-hub.com/home/detailHakAksesBidowner/195:9459
[  212901ms] [LOG] undefined @ https://phbidlautdemo.prahu-hub.com/home/detailHakAksesBidowner/195:9459
[  212901ms] [LOG] undefined @ https://phbidlautdemo.prahu-hub.com/home/detailHakAksesBidowner/195:9459
[  212901ms] [LOG] undefined @ https://phbidlautdemo.prahu-hub.com/home/detailHakAksesBidowner/195:9459
[  212902ms] [LOG] WebSocket connection @ https://phbidlautdemo.prahu-hub.com/home/detailHakAksesBidowner/195:9502
[  212902ms] [LOG] WebSocket connection attempting... @ https://phbidlautdemo.prahu-hub.com/home/detailHakAksesBidowner/195:9580
[  213001ms] [LOG] WebSocket connected @ https://phbidlautdemo.prahu-hub.com/home/detailHakAksesBidowner/195:9511
[  213002ms] [LOG] update_dashboard_order_laut @ https://phbidlautdemo.prahu-hub.com/home/detailHakAksesBidowner/195:9552
[  213027ms] [LOG] Connected @ https://phbidlautdemo.prahu-hub.com/home/detailHakAksesBidowner/195:9552
[  213131ms] [LOG] 200 xhrglobal @ https://phbidlautdemo.prahu-hub.com/home/detailHakAksesBidowner/195:9433
[  213192ms] [LOG] 200 xhrglobal @ https://phbidlautdemo.prahu-hub.com/home/detailHakAksesBidowner/195:9433
[  214791ms] TypeError: $(...).DataTable is not a function
    at https://phbidlautdemo.prahu-hub.com/_resources/themes/prahutheme/js/scripts-init/tables.js:7:23
[  215831ms] Cannot use import statement outside a module
[  215843ms] ReferenceError: Chart is not defined
    at https://phbidlautdemo.prahu-hub.com/_resources/themes/prahutheme/js/scripts-init/charts/chartjs.js:8:13
[  215864ms] Unexpected token '<'
[  215973ms] Unexpected token '<'
[  216082ms] Uncaught TypeError: expect element to be DOM Element, but got null
    at n.init (https://cdnjs.cloudflare.com/ajax/libs/smooth-scrollbar/8.5.2/smooth-scrollbar.js:24:264)
    at <anonymous> (https://phbidlautdemo.prahu-hub.com/home/detailHakAksesBidowner/188:9141:14)
[  216102ms] [LOG] Pengaturan Akunnamanya @ https://phbidlautdemo.prahu-hub.com/home/detailHakAksesBidowner/188:1877
[  216109ms] [LOG] Modul : modul_semua | Nama : semua_akses @ https://phbidlautdemo.prahu-hub.com/home/detailHakAksesBidowner/188:8225
[  216109ms] [LOG] Modul : modul_master_pilih_semua | Nama : lihat_master_jenis_muatan @ https://phbidlautdemo.prahu-hub.com/home/detailHakAksesBidowner/188:8230
[  216113ms] [LOG] Modul : modul_master_pilih_semua | Nama : lihat_daftar_jenis_muatan @ https://phbidlautdemo.prahu-hub.com/home/detailHakAksesBidowner/188:8235
[  216113ms] [LOG] Modul : modul_master_pilih_semua | Nama : tambah_jenis_muatan @ https://phbidlautdemo.prahu-hub.com/home/detailHakAksesBidowner/188:8240
[  216114ms] [LOG] Modul : modul_master_pilih_semua | Nama : edit_jenis_muatan @ https://phbidlautdemo.prahu-hub.com/home/detailHakAksesBidowner/188:8245
[  216114ms] [LOG] Modul : modul_master_pilih_semua | Nama : hapus_jenis_muatan @ https://phbidlautdemo.prahu-hub.com/home/detailHakAksesBidowner/188:8250
[  216115ms] [LOG] Modul : modul_master_pilih_semua | Nama : lihat_master_harga_barang @ https://phbidlautdemo.prahu-hub.com/home/detailHakAksesBidowner/188:8255
[  216116ms] [LOG] Modul : modul_master_pilih_semua | Nama : lihat_daftar_harga_barang @ https://phbidlautdemo.prahu-hub.com/home/detailHakAksesBidowner/188:8260
[  216116ms] [LOG] Modul : modul_master_pilih_semua | Nama : tambah_harga_barang @ https://phbidlautdemo.prahu-hub.com/home/detailHakAksesBidowner/188:8265
[  216117ms] [LOG] Modul : modul_master_pilih_semua | Nama : edit_harga_barang @ https://phbidlautdemo.prahu-hub.com/home/detailHakAksesBidowner/188:8270
[  216117ms] [LOG] Modul : modul_master_pilih_semua | Nama : hapus_harga_barang @ https://phbidlautdemo.prahu-hub.com/home/detailHakAksesBidowner/188:8275
[  216118ms] [LOG] Modul : modul_analitik | Nama : lihat_data_analitik_scsr_by_provinsi @ https://phbidlautdemo.prahu-hub.com/home/detailHakAksesBidowner/188:8280
[  216120ms] [LOG] Modul : modul_analitik | Nama : export_data_scsr_by_provinsi @ https://phbidlautdemo.prahu-hub.com/home/detailHakAksesBidowner/188:8285
[  216120ms] [LOG] Modul : modul_analitik | Nama : lihat_data_analitik_scsr_by_kota @ https://phbidlautdemo.prahu-hub.com/home/detailHakAksesBidowner/188:8290
[  216121ms] [LOG] Modul : modul_analitik | Nama : export_data_scsr_by_kota @ https://phbidlautdemo.prahu-hub.com/home/detailHakAksesBidowner/188:8295
[  216122ms] [LOG] Modul : modul_analitik | Nama : lihat_data_analitik_scsr_by_consignee @ https://phbidlautdemo.prahu-hub.com/home/detailHakAksesBidowner/188:8300
[  216123ms] [LOG] Modul : modul_analitik | Nama : export_data_scsr_by_consignee @ https://phbidlautdemo.prahu-hub.com/home/detailHakAksesBidowner/188:8305
[  216123ms] [LOG] Modul : modul_analitik | Nama : lihat_data_analitik_fcu @ https://phbidlautdemo.prahu-hub.com/home/detailHakAksesBidowner/188:8310
[  216124ms] [LOG] Modul : modul_analitik | Nama : export_data_fcu @ https://phbidlautdemo.prahu-hub.com/home/detailHakAksesBidowner/188:8315
[  216125ms] [LOG] Modul : modul_analitik | Nama : lihat_data_analitik_otdr @ https://phbidlautdemo.prahu-hub.com/home/detailHakAksesBidowner/188:8320
[  216126ms] [LOG] Modul : modul_analitik | Nama : export_data_otdr @ https://phbidlautdemo.prahu-hub.com/home/detailHakAksesBidowner/188:8325
[  216126ms] [LOG] Modul : modul_analitik | Nama : lihat_data_analitik_sa @ https://phbidlautdemo.prahu-hub.com/home/detailHakAksesBidowner/188:8330
[  216127ms] [LOG] Modul : modul_analitik | Nama : export_data_sa @ https://phbidlautdemo.prahu-hub.com/home/detailHakAksesBidowner/188:8335
[  216128ms] [LOG] Modul : modul_pengajuan_lelang_pilih_semua | Nama : lihat_daftar_pengajuan_lelang @ https://phbidlautdemo.prahu-hub.com/home/detailHakAksesBidowner/188:8340
[  216129ms] [LOG] Modul : modul_pengajuan_lelang_pilih_semua | Nama : buat_pengajuan_lelang @ https://phbidlautdemo.prahu-hub.com/home/detailHakAksesBidowner/188:8345
[  216130ms] [LOG] Modul : modul_pengajuan_lelang_pilih_semua | Nama : lihat_detail_pengajuan_lelang @ https://phbidlautdemo.prahu-hub.com/home/detailHakAksesBidowner/188:8350
[  216130ms] [LOG] Modul : modul_pengajuan_lelang_pilih_semua | Nama : batalkan_lelang @ https://phbidlautdemo.prahu-hub.com/home/detailHakAksesBidowner/188:8355
[  216131ms] [LOG] Modul : modul_pengajuan_lelang_pilih_semua | Nama : lihat_harga_penawaran @ https://phbidlautdemo.prahu-hub.com/home/detailHakAksesBidowner/188:8360
[  216131ms] [LOG] Modul : modul_pengajuan_lelang_pilih_semua | Nama : history_update_harga @ https://phbidlautdemo.prahu-hub.com/home/detailHakAksesBidowner/188:8365
[  216132ms] [LOG] Modul : modul_cari_penawaran_pilih_semua | Nama : cari_hasil_penawaran @ https://phbidlautdemo.prahu-hub.com/home/detailHakAksesBidowner/188:8370
[  216133ms] [LOG] Modul : modul_cari_penawaran_pilih_semua | Nama : export_harga_penawaran @ https://phbidlautdemo.prahu-hub.com/home/detailHakAksesBidowner/188:8375
[  216134ms] [LOG] Modul : modul_cari_penawaran_pilih_semua | Nama : buat_lelang_pengiriman @ https://phbidlautdemo.prahu-hub.com/home/detailHakAksesBidowner/188:8380
[  216134ms] [LOG] Modul : modul_cari_penawaran_pilih_semua | Nama : pesan_cari_penawaran @ https://phbidlautdemo.prahu-hub.com/home/detailHakAksesBidowner/188:8385
[  216135ms] [LOG] Modul : modul_cari_penawaran_pilih_semua | Nama : nego_harga_cari_penawaran @ https://phbidlautdemo.prahu-hub.com/home/detailHakAksesBidowner/188:8390
[  216136ms] [LOG] Modul : modul_cari_penawaran_pilih_semua | Nama : request_jadwal_cari_penawaran @ https://phbidlautdemo.prahu-hub.com/home/detailHakAksesBidowner/188:8395
[  216136ms] [LOG] Modul : modul_pengajuan_lelang_pilih_semua | Nama : minta_update_harga @ https://phbidlautdemo.prahu-hub.com/home/detailHakAksesBidowner/188:8400
[  216137ms] [LOG] Modul : modul_pengajuan_lelang_pilih_semua | Nama : close_request_harga @ https://phbidlautdemo.prahu-hub.com/home/detailHakAksesBidowner/188:8405
[  216137ms] [LOG] Modul : modul_pengajuan_nego_pilih_semua | Nama : lihat_daftar_pengajuan_nego @ https://phbidlautdemo.prahu-hub.com/home/detailHakAksesBidowner/188:8410
[  216138ms] [LOG] Modul : modul_pengajuan_nego_pilih_semua | Nama : lihat_detail_pengajuan_nego @ https://phbidlautdemo.prahu-hub.com/home/detailHakAksesBidowner/188:8415
[  216139ms] [LOG] Modul : modul_pengajuan_nego_pilih_semua | Nama : lihat_riwayat_nego @ https://phbidlautdemo.prahu-hub.com/home/detailHakAksesBidowner/188:8420
[  216139ms] [LOG] Modul : modul_daftar_order_pilih_semua | Nama : lihat_daftar_order @ https://phbidlautdemo.prahu-hub.com/home/detailHakAksesBidowner/188:8425
[  216142ms] [LOG] Modul : modul_daftar_order_pilih_semua | Nama : detail_order @ https://phbidlautdemo.prahu-hub.com/home/detailHakAksesBidowner/188:8430
[  216143ms] [LOG] Modul : modul_daftar_order_pilih_semua | Nama : input_muatan @ https://phbidlautdemo.prahu-hub.com/home/detailHakAksesBidowner/188:8435
[  216143ms] [LOG] Modul : modul_daftar_order_pilih_semua | Nama : edit_data_muatan @ https://phbidlautdemo.prahu-hub.com/home/detailHakAksesBidowner/188:8440
[  216144ms] [LOG] Modul : modul_daftar_order_pilih_semua | Nama : batal_order @ https://phbidlautdemo.prahu-hub.com/home/detailHakAksesBidowner/188:8445
[  216145ms] [LOG] Modul : modul_daftar_order_pilih_semua | Nama : input_kontrak @ https://phbidlautdemo.prahu-hub.com/home/detailHakAksesBidowner/188:8450
[  216145ms] [LOG] Modul : modul_daftar_order_pilih_semua | Nama : lihat_unit @ https://phbidlautdemo.prahu-hub.com/home/detailHakAksesBidowner/188:8455
[  216146ms] [LOG] Modul : modul_daftar_order_pilih_semua | Nama : download_dokumen @ https://phbidlautdemo.prahu-hub.com/home/detailHakAksesBidowner/188:8460
[  216147ms] [LOG] Modul : modul_daftar_order_pilih_semua | Nama : beri_penilaian_bidder @ https://phbidlautdemo.prahu-hub.com/home/detailHakAksesBidowner/188:8465
[  216147ms] [LOG] Modul : modul_daftar_order_pilih_semua | Nama : download_invoice @ https://phbidlautdemo.prahu-hub.com/home/detailHakAksesBidowner/188:8470
[  216148ms] [LOG] Modul : modul_daftar_order_pilih_semua | Nama : lihat_biaya_tambahan @ https://phbidlautdemo.prahu-hub.com/home/detailHakAksesBidowner/188:8475
[  216148ms] [LOG] Modul : modul_daftar_order_pilih_semua | Nama : injput_biaya_tambahan @ https://phbidlautdemo.prahu-hub.com/home/detailHakAksesBidowner/188:8480
[  216149ms] [LOG] Modul : modul_daftar_order_pilih_semua | Nama : edit_biaya_tambahan @ https://phbidlautdemo.prahu-hub.com/home/detailHakAksesBidowner/188:8485
[  216150ms] [LOG] Modul : modul_daftar_order_pilih_semua | Nama : hapus_biaya_tambahan @ https://phbidlautdemo.prahu-hub.com/home/detailHakAksesBidowner/188:8490
[  216150ms] [LOG] Modul : modul_daftar_order_pilih_semua | Nama : lihat_pemesanan @ https://phbidlautdemo.prahu-hub.com/home/detailHakAksesBidowner/188:8495
[  216151ms] [LOG] Modul : modul_daftar_order_pilih_semua | Nama : lihat_dokumen_packinglist @ https://phbidlautdemo.prahu-hub.com/home/detailHakAksesBidowner/188:8500
[  216152ms] [LOG] Modul : modul_daftar_order_pilih_semua | Nama : download_dokumen_packinglist @ https://phbidlautdemo.prahu-hub.com/home/detailHakAksesBidowner/188:8505
[  216152ms] [LOG] Modul : modul_daftar_order_pilih_semua | Nama : lihat_kontrak @ https://phbidlautdemo.prahu-hub.com/home/detailHakAksesBidowner/188:8510
[  216153ms] [LOG] Modul : modul_daftar_order_pilih_semua | Nama : export_kontrak @ https://phbidlautdemo.prahu-hub.com/home/detailHakAksesBidowner/188:8515
[  216154ms] [LOG] Modul : modul_daftar_order_pilih_semua | Nama : download_dokumen_kontrak @ https://phbidlautdemo.prahu-hub.com/home/detailHakAksesBidowner/188:8520
[  216154ms] [LOG] Modul : modul_daftar_order_pilih_semua | Nama : lihat_data_tracking @ https://phbidlautdemo.prahu-hub.com/home/detailHakAksesBidowner/188:8525
[  216155ms] [LOG] Modul : modul_daftar_order_pilih_semua | Nama : lihat_detail_data_tracking @ https://phbidlautdemo.prahu-hub.com/home/detailHakAksesBidowner/188:8530
[  216156ms] [LOG] Modul : modul_daftar_order_pilih_semua | Nama : lihat_rating @ https://phbidlautdemo.prahu-hub.com/home/detailHakAksesBidowner/188:8535
[  216156ms] [LOG] Modul : modul_cek_jadwal_pelayaran_pilih_semua | Nama : lihat_jadwal_pelayaran @ https://phbidlautdemo.prahu-hub.com/home/detailHakAksesBidowner/188:8540
[  216158ms] [LOG] Modul : modul_laporan_pilih_semua | Nama : lihat_history_lelang @ https://phbidlautdemo.prahu-hub.com/home/detailHakAksesBidowner/188:8545
[  216159ms] [LOG] Modul : modul_laporan_pilih_semua | Nama : detail_export_history_lelang @ https://phbidlautdemo.prahu-hub.com/home/detailHakAksesBidowner/188:8550
[  216160ms] [LOG] Modul : modul_laporan_pilih_semua | Nama : lihat_laporan_logistik @ https://phbidlautdemo.prahu-hub.com/home/detailHakAksesBidowner/188:8555
[  216160ms] [LOG] Modul : modul_laporan_pilih_semua | Nama : detail_laporan_logistik @ https://phbidlautdemo.prahu-hub.com/home/detailHakAksesBidowner/188:8560
[  216161ms] [LOG] Modul : modul_laporan_pilih_semua | Nama : export_excel_laporan_logistik @ https://phbidlautdemo.prahu-hub.com/home/detailHakAksesBidowner/188:8565
[  216161ms] [LOG] Modul : modul_dasboard | Nama : lihat_dashboardmonitoring @ https://phbidlautdemo.prahu-hub.com/home/detailHakAksesBidowner/188:8570
[  216163ms] [LOG] Modul : modul_dasboard | Nama : export_excelmonitoring @ https://phbidlautdemo.prahu-hub.com/home/detailHakAksesBidowner/188:8575
[  216163ms] [LOG] Modul : modul_dasboard | Nama : frekuensi_pengiriman @ https://phbidlautdemo.prahu-hub.com/home/detailHakAksesBidowner/188:8580
[  216164ms] [LOG] Modul : modul_dasboard | Nama : lihat_grafikpengiriman @ https://phbidlautdemo.prahu-hub.com/home/detailHakAksesBidowner/188:8585
[  216165ms] [LOG] Modul : modul_pengaturan_akun_pilih_semua | Nama : lihat_daftar_hak_akses_bidowner @ https://phbidlautdemo.prahu-hub.com/home/detailHakAksesBidowner/188:8590
[  216166ms] [LOG] Modul : modul_pengaturan_akun_pilih_semua | Nama : detail_hak_akses_bidowner @ https://phbidlautdemo.prahu-hub.com/home/detailHakAksesBidowner/188:8595
[  216167ms] [LOG] Modul : modul_pengaturan_akun_pilih_semua | Nama : lihat_daftar_sub_user_bidowner @ https://phbidlautdemo.prahu-hub.com/home/detailHakAksesBidowner/188:8600
[  216167ms] [LOG] Modul : modul_pengaturan_akun_pilih_semua | Nama : tambah_sub_user_bidowner @ https://phbidlautdemo.prahu-hub.com/home/detailHakAksesBidowner/188:8605
[  216168ms] [LOG] Modul : modul_pengaturan_akun_pilih_semua | Nama : detail_sub_user_bidowner @ https://phbidlautdemo.prahu-hub.com/home/detailHakAksesBidowner/188:8610
[  216168ms] [LOG] Modul : modul_pengaturan_akun_pilih_semua | Nama : edit_sub_user_bidowner @ https://phbidlautdemo.prahu-hub.com/home/detailHakAksesBidowner/188:8615
[  216169ms] [LOG] Modul : modul_pengaturan_akun_pilih_semua | Nama : hapus_sub_user_bidowner @ https://phbidlautdemo.prahu-hub.com/home/detailHakAksesBidowner/188:8620
[  216170ms] [LOG] Modul : modul_preference_subuser_pilih_semua | Nama : daftar_preference_notif_subuser @ https://phbidlautdemo.prahu-hub.com/home/detailHakAksesBidowner/188:8625
[  216170ms] [LOG] Modul : modul_notifikasi_pilih_semua | Nama : nego_diterima_sistem_sub @ https://phbidlautdemo.prahu-hub.com/home/detailHakAksesBidowner/188:8630
[  216173ms] [LOG] Modul : modul_notifikasi_pilih_semua | Nama : nego_ditolak_sistem_sub @ https://phbidlautdemo.prahu-hub.com/home/detailHakAksesBidowner/188:8635
[  216173ms] [LOG] Modul : modul_notifikasi_pilih_semua | Nama : nego_dicounter_sistem_sub @ https://phbidlautdemo.prahu-hub.com/home/detailHakAksesBidowner/188:8640
[  216173ms] [LOG] Modul : modul_notifikasi_pilih_semua | Nama : perjanjian_pengiriman_diterima_sistem_sub @ https://phbidlautdemo.prahu-hub.com/home/detailHakAksesBidowner/188:8645
[  216174ms] [LOG] Modul : modul_notifikasi_pilih_semua | Nama : perjanjian_pengiriman_ditolak_sistem_sub @ https://phbidlautdemo.prahu-hub.com/home/detailHakAksesBidowner/188:8650
[  216175ms] [LOG] Modul : modul_notifikasi_pilih_semua | Nama : kelengkapan_data_unit_sistem_sub @ https://phbidlautdemo.prahu-hub.com/home/detailHakAksesBidowner/188:8655
[  216175ms] [LOG] Modul : modul_notifikasi_pilih_semua | Nama : perubahan_jadwal_sistem_sub @ https://phbidlautdemo.prahu-hub.com/home/detailHakAksesBidowner/188:8660
[  216175ms] [LOG] Modul : modul_notifikasi_pilih_semua | Nama : stuffing_sistem_sub @ https://phbidlautdemo.prahu-hub.com/home/detailHakAksesBidowner/188:8665
[  216176ms] [LOG] Modul : modul_notifikasi_pilih_semua | Nama : kapal_berlayar_sistem_sub @ https://phbidlautdemo.prahu-hub.com/home/detailHakAksesBidowner/188:8670
[  216176ms] [LOG] Modul : modul_notifikasi_pilih_semua | Nama : kapal_sandar_sistem_sub @ https://phbidlautdemo.prahu-hub.com/home/detailHakAksesBidowner/188:8675
[  216177ms] [LOG] Modul : modul_notifikasi_pilih_semua | Nama : rencana_dooring_sistem_sub @ https://phbidlautdemo.prahu-hub.com/home/detailHakAksesBidowner/188:8680
[  216178ms] [LOG] Modul : modul_notifikasi_pilih_semua | Nama : dooring_sistem_sub @ https://phbidlautdemo.prahu-hub.com/home/detailHakAksesBidowner/188:8685
[  216178ms] [LOG] Modul : modul_notifikasi_pilih_semua | Nama : surat_jalan_sistem_sub @ https://phbidlautdemo.prahu-hub.com/home/detailHakAksesBidowner/188:8690
[  216179ms] [LOG] Modul : modul_notifikasi_pilih_semua | Nama : dokumen_dikirim_sistem_sub @ https://phbidlautdemo.prahu-hub.com/home/detailHakAksesBidowner/188:8695
[  216180ms] [LOG] Modul : modul_notifikasi_pilih_semua | Nama : jadwal_tersedia_sistem_sub @ https://phbidlautdemo.prahu-hub.com/home/detailHakAksesBidowner/188:8700
[  216181ms] [LOG] Modul : modul_notifikasi_pilih_semua | Nama : notifikasi_perjanjian_pengiriman_diterima_bcc @ https://phbidlautdemo.prahu-hub.com/home/detailHakAksesBidowner/188:8705
[  216181ms] [LOG] Modul : modul_notifikasi_pilih_semua | Nama : notifikasi_perjanjian_pengiriman_ditolak_bcc @ https://phbidlautdemo.prahu-hub.com/home/detailHakAksesBidowner/188:8710
[  216182ms] [LOG] Modul : modul_notifikasi_pilih_semua | Nama : notifikasi_kelengkapan_data_unit_bcc @ https://phbidlautdemo.prahu-hub.com/home/detailHakAksesBidowner/188:8715
[  216182ms] [LOG] Modul : modul_notifikasi_pilih_semua | Nama : notifikasi_perubahan_jadwal_bcc @ https://phbidlautdemo.prahu-hub.com/home/detailHakAksesBidowner/188:8720
[  216186ms] [LOG] undefined @ https://phbidlautdemo.prahu-hub.com/home/detailHakAksesBidowner/188:9494
[  216186ms] [LOG] undefined @ https://phbidlautdemo.prahu-hub.com/home/detailHakAksesBidowner/188:9494
[  216186ms] [LOG] undefined @ https://phbidlautdemo.prahu-hub.com/home/detailHakAksesBidowner/188:9494
[  216186ms] [LOG] undefined @ https://phbidlautdemo.prahu-hub.com/home/detailHakAksesBidowner/188:9494
[  216186ms] [LOG] undefined @ https://phbidlautdemo.prahu-hub.com/home/detailHakAksesBidowner/188:9494
[  216186ms] [LOG] undefined @ https://phbidlautdemo.prahu-hub.com/home/detailHakAksesBidowner/188:9494
[  216186ms] [LOG] undefined @ https://phbidlautdemo.prahu-hub.com/home/detailHakAksesBidowner/188:9494
[  216186ms] [LOG] undefined @ https://phbidlautdemo.prahu-hub.com/home/detailHakAksesBidowner/188:9494
[  216186ms] [LOG] undefined @ https://phbidlautdemo.prahu-hub.com/home/detailHakAksesBidowner/188:9494
[  216187ms] [LOG] undefined @ https://phbidlautdemo.prahu-hub.com/home/detailHakAksesBidowner/188:9494
[  216187ms] [LOG] undefined @ https://phbidlautdemo.prahu-hub.com/home/detailHakAksesBidowner/188:9494
[  216187ms] [LOG] undefined @ https://phbidlautdemo.prahu-hub.com/home/detailHakAksesBidowner/188:9494
[  216187ms] [LOG] undefined @ https://phbidlautdemo.prahu-hub.com/home/detailHakAksesBidowner/188:9494
[  216187ms] [LOG] undefined @ https://phbidlautdemo.prahu-hub.com/home/detailHakAksesBidowner/188:9494
[  216187ms] [LOG] undefined @ https://phbidlautdemo.prahu-hub.com/home/detailHakAksesBidowner/188:9494
[  216187ms] [LOG] undefined @ https://phbidlautdemo.prahu-hub.com/home/detailHakAksesBidowner/188:9494
[  216187ms] [LOG] undefined @ https://phbidlautdemo.prahu-hub.com/home/detailHakAksesBidowner/188:9494
[  216188ms] [LOG] undefined @ https://phbidlautdemo.prahu-hub.com/home/detailHakAksesBidowner/188:9494
[  216188ms] [LOG] undefined @ https://phbidlautdemo.prahu-hub.com/home/detailHakAksesBidowner/188:9494
[  216188ms] [LOG] undefined @ https://phbidlautdemo.prahu-hub.com/home/detailHakAksesBidowner/188:9494
[  216188ms] [LOG] undefined @ https://phbidlautdemo.prahu-hub.com/home/detailHakAksesBidowner/188:9494
[  216188ms] [LOG] undefined @ https://phbidlautdemo.prahu-hub.com/home/detailHakAksesBidowner/188:9494
[  216188ms] [LOG] undefined @ https://phbidlautdemo.prahu-hub.com/home/detailHakAksesBidowner/188:9494
[  216188ms] [LOG] undefined @ https://phbidlautdemo.prahu-hub.com/home/detailHakAksesBidowner/188:9494
[  216188ms] [LOG] undefined @ https://phbidlautdemo.prahu-hub.com/home/detailHakAksesBidowner/188:9494
[  216189ms] [LOG] undefined @ https://phbidlautdemo.prahu-hub.com/home/detailHakAksesBidowner/188:9494
[  216189ms] [LOG] undefined @ https://phbidlautdemo.prahu-hub.com/home/detailHakAksesBidowner/188:9494
[  216189ms] [LOG] undefined @ https://phbidlautdemo.prahu-hub.com/home/detailHakAksesBidowner/188:9494
[  216189ms] [LOG] undefined @ https://phbidlautdemo.prahu-hub.com/home/detailHakAksesBidowner/188:9494
[  216189ms] [LOG] undefined @ https://phbidlautdemo.prahu-hub.com/home/detailHakAksesBidowner/188:9494
[  216189ms] [LOG] undefined @ https://phbidlautdemo.prahu-hub.com/home/detailHakAksesBidowner/188:9494
[  216189ms] [LOG] undefined @ https://phbidlautdemo.prahu-hub.com/home/detailHakAksesBidowner/188:9494
[  216189ms] [LOG] undefined @ https://phbidlautdemo.prahu-hub.com/home/detailHakAksesBidowner/188:9494
[  216190ms] [LOG] undefined @ https://phbidlautdemo.prahu-hub.com/home/detailHakAksesBidowner/188:9494
[  216190ms] [LOG] undefined @ https://phbidlautdemo.prahu-hub.com/home/detailHakAksesBidowner/188:9494
[  216190ms] [LOG] undefined @ https://phbidlautdemo.prahu-hub.com/home/detailHakAksesBidowner/188:9494
[  216190ms] [LOG] undefined @ https://phbidlautdemo.prahu-hub.com/home/detailHakAksesBidowner/188:9494
[  216190ms] [LOG] undefined @ https://phbidlautdemo.prahu-hub.com/home/detailHakAksesBidowner/188:9494
[  216190ms] [LOG] undefined @ https://phbidlautdemo.prahu-hub.com/home/detailHakAksesBidowner/188:9494
[  216190ms] [LOG] undefined @ https://phbidlautdemo.prahu-hub.com/home/detailHakAksesBidowner/188:9494
[  216190ms] [LOG] undefined @ https://phbidlautdemo.prahu-hub.com/home/detailHakAksesBidowner/188:9494
[  216191ms] [LOG] undefined @ https://phbidlautdemo.prahu-hub.com/home/detailHakAksesBidowner/188:9494
[  216191ms] [LOG] undefined @ https://phbidlautdemo.prahu-hub.com/home/detailHakAksesBidowner/188:9494
[  216191ms] [LOG] undefined @ https://phbidlautdemo.prahu-hub.com/home/detailHakAksesBidowner/188:9494
[  216191ms] [LOG] undefined @ https://phbidlautdemo.prahu-hub.com/home/detailHakAksesBidowner/188:9494
[  216191ms] [LOG] undefined @ https://phbidlautdemo.prahu-hub.com/home/detailHakAksesBidowner/188:9494
[  216191ms] [LOG] undefined @ https://phbidlautdemo.prahu-hub.com/home/detailHakAksesBidowner/188:9494
[  216191ms] [LOG] undefined @ https://phbidlautdemo.prahu-hub.com/home/detailHakAksesBidowner/188:9494
[  216191ms] [LOG] undefined @ https://phbidlautdemo.prahu-hub.com/home/detailHakAksesBidowner/188:9494
[  216191ms] [LOG] undefined @ https://phbidlautdemo.prahu-hub.com/home/detailHakAksesBidowner/188:9494
[  216191ms] [LOG] undefined @ https://phbidlautdemo.prahu-hub.com/home/detailHakAksesBidowner/188:9494
[  216192ms] [LOG] undefined @ https://phbidlautdemo.prahu-hub.com/home/detailHakAksesBidowner/188:9494
[  216192ms] [LOG] undefined @ https://phbidlautdemo.prahu-hub.com/home/detailHakAksesBidowner/188:9494
[  216192ms] [LOG] undefined @ https://phbidlautdemo.prahu-hub.com/home/detailHakAksesBidowner/188:9494
[  216192ms] [LOG] undefined @ https://phbidlautdemo.prahu-hub.com/home/detailHakAksesBidowner/188:9494
[  216192ms] [LOG] undefined @ https://phbidlautdemo.prahu-hub.com/home/detailHakAksesBidowner/188:9494
[  216192ms] [LOG] undefined @ https://phbidlautdemo.prahu-hub.com/home/detailHakAksesBidowner/188:9494
[  216192ms] [LOG] undefined @ https://phbidlautdemo.prahu-hub.com/home/detailHakAksesBidowner/188:9494
[  216192ms] [LOG] undefined @ https://phbidlautdemo.prahu-hub.com/home/detailHakAksesBidowner/188:9494
[  216193ms] [LOG] undefined @ https://phbidlautdemo.prahu-hub.com/home/detailHakAksesBidowner/188:9494
[  216193ms] [LOG] undefined @ https://phbidlautdemo.prahu-hub.com/home/detailHakAksesBidowner/188:9494
[  216193ms] [LOG] undefined @ https://phbidlautdemo.prahu-hub.com/home/detailHakAksesBidowner/188:9494
[  216193ms] [LOG] undefined @ https://phbidlautdemo.prahu-hub.com/home/detailHakAksesBidowner/188:9494
[  216193ms] [LOG] undefined @ https://phbidlautdemo.prahu-hub.com/home/detailHakAksesBidowner/188:9494
[  216193ms] [LOG] undefined @ https://phbidlautdemo.prahu-hub.com/home/detailHakAksesBidowner/188:9494
[  216193ms] [LOG] undefined @ https://phbidlautdemo.prahu-hub.com/home/detailHakAksesBidowner/188:9494
[  216193ms] [LOG] undefined @ https://phbidlautdemo.prahu-hub.com/home/detailHakAksesBidowner/188:9494
[  216194ms] [LOG] undefined @ https://phbidlautdemo.prahu-hub.com/home/detailHakAksesBidowner/188:9494
[  216194ms] [LOG] undefined @ https://phbidlautdemo.prahu-hub.com/home/detailHakAksesBidowner/188:9494
[  216194ms] [LOG] undefined @ https://phbidlautdemo.prahu-hub.com/home/detailHakAksesBidowner/188:9494
[  216194ms] [LOG] undefined @ https://phbidlautdemo.prahu-hub.com/home/detailHakAksesBidowner/188:9494
[  216194ms] [LOG] undefined @ https://phbidlautdemo.prahu-hub.com/home/detailHakAksesBidowner/188:9494
[  216194ms] [LOG] undefined @ https://phbidlautdemo.prahu-hub.com/home/detailHakAksesBidowner/188:9494
[  216194ms] [LOG] undefined @ https://phbidlautdemo.prahu-hub.com/home/detailHakAksesBidowner/188:9494
[  216194ms] [LOG] undefined @ https://phbidlautdemo.prahu-hub.com/home/detailHakAksesBidowner/188:9494
[  216195ms] [LOG] undefined @ https://phbidlautdemo.prahu-hub.com/home/detailHakAksesBidowner/188:9494
[  216195ms] [LOG] undefined @ https://phbidlautdemo.prahu-hub.com/home/detailHakAksesBidowner/188:9494
[  216195ms] [LOG] undefined @ https://phbidlautdemo.prahu-hub.com/home/detailHakAksesBidowner/188:9494
[  216195ms] [LOG] undefined @ https://phbidlautdemo.prahu-hub.com/home/detailHakAksesBidowner/188:9494
[  216195ms] [LOG] undefined @ https://phbidlautdemo.prahu-hub.com/home/detailHakAksesBidowner/188:9494
[  216195ms] [LOG] undefined @ https://phbidlautdemo.prahu-hub.com/home/detailHakAksesBidowner/188:9494
[  216195ms] [LOG] undefined @ https://phbidlautdemo.prahu-hub.com/home/detailHakAksesBidowner/188:9494
[  216195ms] [LOG] undefined @ https://phbidlautdemo.prahu-hub.com/home/detailHakAksesBidowner/188:9494
[  216195ms] [LOG] undefined @ https://phbidlautdemo.prahu-hub.com/home/detailHakAksesBidowner/188:9494
[  216196ms] [LOG] undefined @ https://phbidlautdemo.prahu-hub.com/home/detailHakAksesBidowner/188:9494
[  216196ms] [LOG] undefined @ https://phbidlautdemo.prahu-hub.com/home/detailHakAksesBidowner/188:9494
[  216196ms] [LOG] undefined @ https://phbidlautdemo.prahu-hub.com/home/detailHakAksesBidowner/188:9494
[  216196ms] [LOG] undefined @ https://phbidlautdemo.prahu-hub.com/home/detailHakAksesBidowner/188:9494
[  216196ms] [LOG] undefined @ https://phbidlautdemo.prahu-hub.com/home/detailHakAksesBidowner/188:9494
[  216196ms] [LOG] undefined @ https://phbidlautdemo.prahu-hub.com/home/detailHakAksesBidowner/188:9494
[  216196ms] [LOG] undefined @ https://phbidlautdemo.prahu-hub.com/home/detailHakAksesBidowner/188:9494
[  216196ms] [LOG] undefined @ https://phbidlautdemo.prahu-hub.com/home/detailHakAksesBidowner/188:9494
[  216196ms] [LOG] undefined @ https://phbidlautdemo.prahu-hub.com/home/detailHakAksesBidowner/188:9494
[  216196ms] [LOG] undefined @ https://phbidlautdemo.prahu-hub.com/home/detailHakAksesBidowner/188:9494
[  216197ms] [LOG] undefined @ https://phbidlautdemo.prahu-hub.com/home/detailHakAksesBidowner/188:9494
[  216197ms] [LOG] undefined @ https://phbidlautdemo.prahu-hub.com/home/detailHakAksesBidowner/188:9494
[  216197ms] [LOG] undefined @ https://phbidlautdemo.prahu-hub.com/home/detailHakAksesBidowner/188:9494
[  216197ms] [LOG] undefined @ https://phbidlautdemo.prahu-hub.com/home/detailHakAksesBidowner/188:9494
[  216197ms] [LOG] undefined @ https://phbidlautdemo.prahu-hub.com/home/detailHakAksesBidowner/188:9494
[  216197ms] [LOG] undefined @ https://phbidlautdemo.prahu-hub.com/home/detailHakAksesBidowner/188:9494
[  216197ms] [LOG] undefined @ https://phbidlautdemo.prahu-hub.com/home/detailHakAksesBidowner/188:9494
[  216197ms] [LOG] undefined @ https://phbidlautdemo.prahu-hub.com/home/detailHakAksesBidowner/188:9494
[  216197ms] [LOG] undefined @ https://phbidlautdemo.prahu-hub.com/home/detailHakAksesBidowner/188:9494
[  216197ms] [LOG] undefined @ https://phbidlautdemo.prahu-hub.com/home/detailHakAksesBidowner/188:9494
[  216198ms] [LOG] undefined @ https://phbidlautdemo.prahu-hub.com/home/detailHakAksesBidowner/188:9494
[  216198ms] [LOG] undefined @ https://phbidlautdemo.prahu-hub.com/home/detailHakAksesBidowner/188:9494
[  216198ms] [LOG] undefined @ https://phbidlautdemo.prahu-hub.com/home/detailHakAksesBidowner/188:9494
[  216198ms] [LOG] undefined @ https://phbidlautdemo.prahu-hub.com/home/detailHakAksesBidowner/188:9494
[  216198ms] [LOG] undefined @ https://phbidlautdemo.prahu-hub.com/home/detailHakAksesBidowner/188:9494
[  216198ms] [LOG] undefined @ https://phbidlautdemo.prahu-hub.com/home/detailHakAksesBidowner/188:9494
[  216198ms] [LOG] undefined @ https://phbidlautdemo.prahu-hub.com/home/detailHakAksesBidowner/188:9494
[  216198ms] [LOG] undefined @ https://phbidlautdemo.prahu-hub.com/home/detailHakAksesBidowner/188:9494
[  216199ms] [LOG] undefined @ https://phbidlautdemo.prahu-hub.com/home/detailHakAksesBidowner/188:9494
[  216199ms] [LOG] undefined @ https://phbidlautdemo.prahu-hub.com/home/detailHakAksesBidowner/188:9494
[  216199ms] [LOG] undefined @ https://phbidlautdemo.prahu-hub.com/home/detailHakAksesBidowner/188:9494
[  216199ms] [LOG] undefined @ https://phbidlautdemo.prahu-hub.com/home/detailHakAksesBidowner/188:9494
[  216199ms] [LOG] undefined @ https://phbidlautdemo.prahu-hub.com/home/detailHakAksesBidowner/188:9494
[  216199ms] [LOG] undefined @ https://phbidlautdemo.prahu-hub.com/home/detailHakAksesBidowner/188:9494
[  216199ms] [LOG] undefined @ https://phbidlautdemo.prahu-hub.com/home/detailHakAksesBidowner/188:9494
[  216199ms] [LOG] undefined @ https://phbidlautdemo.prahu-hub.com/home/detailHakAksesBidowner/188:9494
[  216199ms] [LOG] undefined @ https://phbidlautdemo.prahu-hub.com/home/detailHakAksesBidowner/188:9494
[  216200ms] [LOG] undefined @ https://phbidlautdemo.prahu-hub.com/home/detailHakAksesBidowner/188:9494
[  216200ms] [LOG] undefined @ https://phbidlautdemo.prahu-hub.com/home/detailHakAksesBidowner/188:9494
[  216200ms] [LOG] undefined @ https://phbidlautdemo.prahu-hub.com/home/detailHakAksesBidowner/188:9494
[  216200ms] [LOG] undefined @ https://phbidlautdemo.prahu-hub.com/home/detailHakAksesBidowner/188:9494
[  216200ms] [LOG] undefined @ https://phbidlautdemo.prahu-hub.com/home/detailHakAksesBidowner/188:9494
[  216200ms] [LOG] undefined @ https://phbidlautdemo.prahu-hub.com/home/detailHakAksesBidowner/188:9494
[  216200ms] [LOG] undefined @ https://phbidlautdemo.prahu-hub.com/home/detailHakAksesBidowner/188:9494
[  216200ms] [LOG] undefined @ https://phbidlautdemo.prahu-hub.com/home/detailHakAksesBidowner/188:9494
[  216200ms] [LOG] undefined @ https://phbidlautdemo.prahu-hub.com/home/detailHakAksesBidowner/188:9494
[  216201ms] [LOG] undefined @ https://phbidlautdemo.prahu-hub.com/home/detailHakAksesBidowner/188:9494
[  216201ms] [LOG] undefined @ https://phbidlautdemo.prahu-hub.com/home/detailHakAksesBidowner/188:9494
[  216201ms] [LOG] undefined @ https://phbidlautdemo.prahu-hub.com/home/detailHakAksesBidowner/188:9494
[  216201ms] [LOG] undefined @ https://phbidlautdemo.prahu-hub.com/home/detailHakAksesBidowner/188:9494
[  216201ms] [LOG] undefined @ https://phbidlautdemo.prahu-hub.com/home/detailHakAksesBidowner/188:9494
[  216201ms] [LOG] undefined @ https://phbidlautdemo.prahu-hub.com/home/detailHakAksesBidowner/188:9494
[  216201ms] [LOG] undefined @ https://phbidlautdemo.prahu-hub.com/home/detailHakAksesBidowner/188:9494
[  216201ms] [LOG] undefined @ https://phbidlautdemo.prahu-hub.com/home/detailHakAksesBidowner/188:9494
[  216201ms] [LOG] undefined @ https://phbidlautdemo.prahu-hub.com/home/detailHakAksesBidowner/188:9494
[  216202ms] [LOG] undefined @ https://phbidlautdemo.prahu-hub.com/home/detailHakAksesBidowner/188:9494
[  216202ms] [LOG] undefined @ https://phbidlautdemo.prahu-hub.com/home/detailHakAksesBidowner/188:9494
[  216202ms] [LOG] undefined @ https://phbidlautdemo.prahu-hub.com/home/detailHakAksesBidowner/188:9494
[  216202ms] [LOG] undefined @ https://phbidlautdemo.prahu-hub.com/home/detailHakAksesBidowner/188:9494
[  216202ms] [LOG] undefined @ https://phbidlautdemo.prahu-hub.com/home/detailHakAksesBidowner/188:9494
[  216202ms] [LOG] undefined @ https://phbidlautdemo.prahu-hub.com/home/detailHakAksesBidowner/188:9494
[  216202ms] [LOG] undefined @ https://phbidlautdemo.prahu-hub.com/home/detailHakAksesBidowner/188:9494
[  216203ms] [LOG] undefined @ https://phbidlautdemo.prahu-hub.com/home/detailHakAksesBidowner/188:9494
[  216203ms] [LOG] undefined @ https://phbidlautdemo.prahu-hub.com/home/detailHakAksesBidowner/188:9494
[  216203ms] [LOG] undefined @ https://phbidlautdemo.prahu-hub.com/home/detailHakAksesBidowner/188:9494
[  216203ms] [LOG] undefined @ https://phbidlautdemo.prahu-hub.com/home/detailHakAksesBidowner/188:9494
[  216203ms] [LOG] undefined @ https://phbidlautdemo.prahu-hub.com/home/detailHakAksesBidowner/188:9494
[  216203ms] [LOG] undefined @ https://phbidlautdemo.prahu-hub.com/home/detailHakAksesBidowner/188:9494
[  216203ms] [LOG] undefined @ https://phbidlautdemo.prahu-hub.com/home/detailHakAksesBidowner/188:9494
[  216203ms] [LOG] undefined @ https://phbidlautdemo.prahu-hub.com/home/detailHakAksesBidowner/188:9494
[  216203ms] [LOG] undefined @ https://phbidlautdemo.prahu-hub.com/home/detailHakAksesBidowner/188:9494
[  216204ms] [LOG] undefined @ https://phbidlautdemo.prahu-hub.com/home/detailHakAksesBidowner/188:9494
[  216204ms] [LOG] undefined @ https://phbidlautdemo.prahu-hub.com/home/detailHakAksesBidowner/188:9494
[  216204ms] [LOG] undefined @ https://phbidlautdemo.prahu-hub.com/home/detailHakAksesBidowner/188:9494
[  216204ms] [LOG] undefined @ https://phbidlautdemo.prahu-hub.com/home/detailHakAksesBidowner/188:9494
[  216204ms] [LOG] undefined @ https://phbidlautdemo.prahu-hub.com/home/detailHakAksesBidowner/188:9494
[  216204ms] [LOG] undefined @ https://phbidlautdemo.prahu-hub.com/home/detailHakAksesBidowner/188:9494
[  216204ms] [LOG] undefined @ https://phbidlautdemo.prahu-hub.com/home/detailHakAksesBidowner/188:9494
[  216204ms] [LOG] undefined @ https://phbidlautdemo.prahu-hub.com/home/detailHakAksesBidowner/188:9494
[  216204ms] [LOG] undefined @ https://phbidlautdemo.prahu-hub.com/home/detailHakAksesBidowner/188:9494
[  216205ms] [LOG] undefined @ https://phbidlautdemo.prahu-hub.com/home/detailHakAksesBidowner/188:9494
[  216205ms] [LOG] undefined @ https://phbidlautdemo.prahu-hub.com/home/detailHakAksesBidowner/188:9494
[  216205ms] [LOG] undefined @ https://phbidlautdemo.prahu-hub.com/home/detailHakAksesBidowner/188:9494
[  216205ms] [LOG] undefined @ https://phbidlautdemo.prahu-hub.com/home/detailHakAksesBidowner/188:9494
[  216205ms] [LOG] undefined @ https://phbidlautdemo.prahu-hub.com/home/detailHakAksesBidowner/188:9494
[  216205ms] [LOG] undefined @ https://phbidlautdemo.prahu-hub.com/home/detailHakAksesBidowner/188:9494
[  216205ms] [LOG] undefined @ https://phbidlautdemo.prahu-hub.com/home/detailHakAksesBidowner/188:9494
[  216205ms] [LOG] undefined @ https://phbidlautdemo.prahu-hub.com/home/detailHakAksesBidowner/188:9494
[  216205ms] [LOG] undefined @ https://phbidlautdemo.prahu-hub.com/home/detailHakAksesBidowner/188:9494
[  216206ms] [LOG] undefined @ https://phbidlautdemo.prahu-hub.com/home/detailHakAksesBidowner/188:9494
[  216206ms] [LOG] undefined @ https://phbidlautdemo.prahu-hub.com/home/detailHakAksesBidowner/188:9494
[  216206ms] [LOG] undefined @ https://phbidlautdemo.prahu-hub.com/home/detailHakAksesBidowner/188:9494
[  216206ms] [LOG] undefined @ https://phbidlautdemo.prahu-hub.com/home/detailHakAksesBidowner/188:9494
[  216206ms] [LOG] undefined @ https://phbidlautdemo.prahu-hub.com/home/detailHakAksesBidowner/188:9494
[  216206ms] [LOG] undefined @ https://phbidlautdemo.prahu-hub.com/home/detailHakAksesBidowner/188:9494
[  216206ms] [LOG] undefined @ https://phbidlautdemo.prahu-hub.com/home/detailHakAksesBidowner/188:9494
[  216206ms] [LOG] undefined @ https://phbidlautdemo.prahu-hub.com/home/detailHakAksesBidowner/188:9494
[  216207ms] [LOG] undefined @ https://phbidlautdemo.prahu-hub.com/home/detailHakAksesBidowner/188:9494
[  216207ms] [LOG] undefined @ https://phbidlautdemo.prahu-hub.com/home/detailHakAksesBidowner/188:9494
[  216207ms] [LOG] undefined @ https://phbidlautdemo.prahu-hub.com/home/detailHakAksesBidowner/188:9494
[  216207ms] [LOG] undefined @ https://phbidlautdemo.prahu-hub.com/home/detailHakAksesBidowner/188:9494
[  216207ms] [LOG] undefined @ https://phbidlautdemo.prahu-hub.com/home/detailHakAksesBidowner/188:9494
[  216207ms] [LOG] undefined @ https://phbidlautdemo.prahu-hub.com/home/detailHakAksesBidowner/188:9494
[  216207ms] [LOG] undefined @ https://phbidlautdemo.prahu-hub.com/home/detailHakAksesBidowner/188:9494
[  216207ms] [LOG] undefined @ https://phbidlautdemo.prahu-hub.com/home/detailHakAksesBidowner/188:9494
[  216207ms] [LOG] undefined @ https://phbidlautdemo.prahu-hub.com/home/detailHakAksesBidowner/188:9494
[  216208ms] [LOG] undefined @ https://phbidlautdemo.prahu-hub.com/home/detailHakAksesBidowner/188:9494
[  216208ms] [LOG] undefined @ https://phbidlautdemo.prahu-hub.com/home/detailHakAksesBidowner/188:9494
[  216208ms] [LOG] undefined @ https://phbidlautdemo.prahu-hub.com/home/detailHakAksesBidowner/188:9494
[  216208ms] [LOG] undefined @ https://phbidlautdemo.prahu-hub.com/home/detailHakAksesBidowner/188:9494
[  216208ms] [LOG] undefined @ https://phbidlautdemo.prahu-hub.com/home/detailHakAksesBidowner/188:9494
[  216208ms] [LOG] undefined @ https://phbidlautdemo.prahu-hub.com/home/detailHakAksesBidowner/188:9494
[  216208ms] [LOG] undefined @ https://phbidlautdemo.prahu-hub.com/home/detailHakAksesBidowner/188:9494
[  216208ms] [LOG] undefined @ https://phbidlautdemo.prahu-hub.com/home/detailHakAksesBidowner/188:9494
[  216208ms] [LOG] undefined @ https://phbidlautdemo.prahu-hub.com/home/detailHakAksesBidowner/188:9494
[  216208ms] [LOG] undefined @ https://phbidlautdemo.prahu-hub.com/home/detailHakAksesBidowner/188:9494
[  216209ms] [LOG] undefined @ https://phbidlautdemo.prahu-hub.com/home/detailHakAksesBidowner/188:9494
[  216209ms] [LOG] undefined @ https://phbidlautdemo.prahu-hub.com/home/detailHakAksesBidowner/188:9494
[  216209ms] [LOG] undefined @ https://phbidlautdemo.prahu-hub.com/home/detailHakAksesBidowner/188:9494
[  216209ms] [LOG] undefined @ https://phbidlautdemo.prahu-hub.com/home/detailHakAksesBidowner/188:9494
[  216209ms] [LOG] undefined @ https://phbidlautdemo.prahu-hub.com/home/detailHakAksesBidowner/188:9494
[  216209ms] [LOG] undefined @ https://phbidlautdemo.prahu-hub.com/home/detailHakAksesBidowner/188:9494
[  216209ms] [LOG] undefined @ https://phbidlautdemo.prahu-hub.com/home/detailHakAksesBidowner/188:9494
[  216209ms] [LOG] undefined @ https://phbidlautdemo.prahu-hub.com/home/detailHakAksesBidowner/188:9494
[  216209ms] [LOG] undefined @ https://phbidlautdemo.prahu-hub.com/home/detailHakAksesBidowner/188:9494
[  216210ms] [LOG] undefined @ https://phbidlautdemo.prahu-hub.com/home/detailHakAksesBidowner/188:9494
[  216210ms] [LOG] undefined @ https://phbidlautdemo.prahu-hub.com/home/detailHakAksesBidowner/188:9494
[  216210ms] [LOG] undefined @ https://phbidlautdemo.prahu-hub.com/home/detailHakAksesBidowner/188:9494
[  216210ms] [LOG] undefined @ https://phbidlautdemo.prahu-hub.com/home/detailHakAksesBidowner/188:9494
[  216210ms] [LOG] undefined @ https://phbidlautdemo.prahu-hub.com/home/detailHakAksesBidowner/188:9494
[  216210ms] [LOG] undefined @ https://phbidlautdemo.prahu-hub.com/home/detailHakAksesBidowner/188:9494
[  216210ms] [LOG] undefined @ https://phbidlautdemo.prahu-hub.com/home/detailHakAksesBidowner/188:9494
[  216210ms] [LOG] undefined @ https://phbidlautdemo.prahu-hub.com/home/detailHakAksesBidowner/188:9494
[  216210ms] [LOG] undefined @ https://phbidlautdemo.prahu-hub.com/home/detailHakAksesBidowner/188:9494
[  216211ms] [LOG] undefined @ https://phbidlautdemo.prahu-hub.com/home/detailHakAksesBidowner/188:9494
[  216211ms] [LOG] undefined @ https://phbidlautdemo.prahu-hub.com/home/detailHakAksesBidowner/188:9494
[  216211ms] [LOG] undefined @ https://phbidlautdemo.prahu-hub.com/home/detailHakAksesBidowner/188:9494
[  216211ms] [LOG] undefined @ https://phbidlautdemo.prahu-hub.com/home/detailHakAksesBidowner/188:9494
[  216211ms] [LOG] undefined @ https://phbidlautdemo.prahu-hub.com/home/detailHakAksesBidowner/188:9494
[  216211ms] [LOG] undefined @ https://phbidlautdemo.prahu-hub.com/home/detailHakAksesBidowner/188:9494
[  216211ms] [LOG] undefined @ https://phbidlautdemo.prahu-hub.com/home/detailHakAksesBidowner/188:9494
[  216211ms] [LOG] undefined @ https://phbidlautdemo.prahu-hub.com/home/detailHakAksesBidowner/188:9494
[  216211ms] [LOG] undefined @ https://phbidlautdemo.prahu-hub.com/home/detailHakAksesBidowner/188:9494
[  216211ms] [LOG] undefined @ https://phbidlautdemo.prahu-hub.com/home/detailHakAksesBidowner/188:9494
[  216212ms] [LOG] undefined @ https://phbidlautdemo.prahu-hub.com/home/detailHakAksesBidowner/188:9494
[  216212ms] [LOG] undefined @ https://phbidlautdemo.prahu-hub.com/home/detailHakAksesBidowner/188:9494
[  216212ms] [LOG] undefined @ https://phbidlautdemo.prahu-hub.com/home/detailHakAksesBidowner/188:9494
[  216212ms] [LOG] undefined @ https://phbidlautdemo.prahu-hub.com/home/detailHakAksesBidowner/188:9494
[  216212ms] [LOG] undefined @ https://phbidlautdemo.prahu-hub.com/home/detailHakAksesBidowner/188:9494
[  216212ms] [LOG] undefined @ https://phbidlautdemo.prahu-hub.com/home/detailHakAksesBidowner/188:9494
[  216212ms] [LOG] undefined @ https://phbidlautdemo.prahu-hub.com/home/detailHakAksesBidowner/188:9494
[  216212ms] [LOG] undefined @ https://phbidlautdemo.prahu-hub.com/home/detailHakAksesBidowner/188:9494
[  216212ms] [LOG] undefined @ https://phbidlautdemo.prahu-hub.com/home/detailHakAksesBidowner/188:9494
[  216212ms] [LOG] undefined @ https://phbidlautdemo.prahu-hub.com/home/detailHakAksesBidowner/188:9494
[  216212ms] [LOG] undefined @ https://phbidlautdemo.prahu-hub.com/home/detailHakAksesBidowner/188:9494
[  216212ms] [LOG] undefined @ https://phbidlautdemo.prahu-hub.com/home/detailHakAksesBidowner/188:9494
[  216212ms] [LOG] undefined @ https://phbidlautdemo.prahu-hub.com/home/detailHakAksesBidowner/188:9494
[  216213ms] [LOG] undefined @ https://phbidlautdemo.prahu-hub.com/home/detailHakAksesBidowner/188:9494
[  216213ms] [LOG] undefined @ https://phbidlautdemo.prahu-hub.com/home/detailHakAksesBidowner/188:9494
[  216213ms] [LOG] undefined @ https://phbidlautdemo.prahu-hub.com/home/detailHakAksesBidowner/188:9494
[  216213ms] [LOG] undefined @ https://phbidlautdemo.prahu-hub.com/home/detailHakAksesBidowner/188:9494
[  216213ms] [LOG] undefined @ https://phbidlautdemo.prahu-hub.com/home/detailHakAksesBidowner/188:9494
[  216213ms] [LOG] undefined @ https://phbidlautdemo.prahu-hub.com/home/detailHakAksesBidowner/188:9494
[  216213ms] [LOG] undefined @ https://phbidlautdemo.prahu-hub.com/home/detailHakAksesBidowner/188:9494
[  216213ms] [LOG] undefined @ https://phbidlautdemo.prahu-hub.com/home/detailHakAksesBidowner/188:9494
[  216213ms] [LOG] undefined @ https://phbidlautdemo.prahu-hub.com/home/detailHakAksesBidowner/188:9494
[  216213ms] [LOG] undefined @ https://phbidlautdemo.prahu-hub.com/home/detailHakAksesBidowner/188:9494
[  216213ms] [LOG] undefined @ https://phbidlautdemo.prahu-hub.com/home/detailHakAksesBidowner/188:9494
[  216213ms] [LOG] undefined @ https://phbidlautdemo.prahu-hub.com/home/detailHakAksesBidowner/188:9494
[  216213ms] [LOG] undefined @ https://phbidlautdemo.prahu-hub.com/home/detailHakAksesBidowner/188:9494
[  216213ms] [LOG] undefined @ https://phbidlautdemo.prahu-hub.com/home/detailHakAksesBidowner/188:9494
[  216213ms] [LOG] undefined @ https://phbidlautdemo.prahu-hub.com/home/detailHakAksesBidowner/188:9494
[  216213ms] [LOG] undefined @ https://phbidlautdemo.prahu-hub.com/home/detailHakAksesBidowner/188:9494
[  216213ms] [LOG] undefined @ https://phbidlautdemo.prahu-hub.com/home/detailHakAksesBidowner/188:9494
[  216214ms] [LOG] undefined @ https://phbidlautdemo.prahu-hub.com/home/detailHakAksesBidowner/188:9494
[  216214ms] [LOG] undefined @ https://phbidlautdemo.prahu-hub.com/home/detailHakAksesBidowner/188:9494
[  216214ms] [LOG] undefined @ https://phbidlautdemo.prahu-hub.com/home/detailHakAksesBidowner/188:9494
[  216214ms] [LOG] undefined @ https://phbidlautdemo.prahu-hub.com/home/detailHakAksesBidowner/188:9494
[  216214ms] [LOG] undefined @ https://phbidlautdemo.prahu-hub.com/home/detailHakAksesBidowner/188:9494
[  216214ms] [LOG] undefined @ https://phbidlautdemo.prahu-hub.com/home/detailHakAksesBidowner/188:9494
[  216214ms] [LOG] undefined @ https://phbidlautdemo.prahu-hub.com/home/detailHakAksesBidowner/188:9494
[  216214ms] [LOG] undefined @ https://phbidlautdemo.prahu-hub.com/home/detailHakAksesBidowner/188:9494
[  216214ms] [LOG] undefined @ https://phbidlautdemo.prahu-hub.com/home/detailHakAksesBidowner/188:9494
[  216214ms] [LOG] undefined @ https://phbidlautdemo.prahu-hub.com/home/detailHakAksesBidowner/188:9494
[  216214ms] [LOG] undefined @ https://phbidlautdemo.prahu-hub.com/home/detailHakAksesBidowner/188:9494
[  216214ms] [LOG] undefined @ https://phbidlautdemo.prahu-hub.com/home/detailHakAksesBidowner/188:9494
[  216214ms] [LOG] undefined @ https://phbidlautdemo.prahu-hub.com/home/detailHakAksesBidowner/188:9494
[  216214ms] [LOG] undefined @ https://phbidlautdemo.prahu-hub.com/home/detailHakAksesBidowner/188:9494
[  216214ms] [LOG] undefined @ https://phbidlautdemo.prahu-hub.com/home/detailHakAksesBidowner/188:9494
[  216215ms] [LOG] WebSocket connection @ https://phbidlautdemo.prahu-hub.com/home/detailHakAksesBidowner/188:9537
[  216216ms] [LOG] WebSocket connection attempting... @ https://phbidlautdemo.prahu-hub.com/home/detailHakAksesBidowner/188:9615
[  216311ms] [LOG] WebSocket connected @ https://phbidlautdemo.prahu-hub.com/home/detailHakAksesBidowner/188:9546
[  216313ms] [LOG] update_dashboard_order_laut @ https://phbidlautdemo.prahu-hub.com/home/detailHakAksesBidowner/188:9587
[  216339ms] [LOG] Connected @ https://phbidlautdemo.prahu-hub.com/home/detailHakAksesBidowner/188:9587
[  216418ms] [LOG] 200 xhrglobal @ https://phbidlautdemo.prahu-hub.com/home/detailHakAksesBidowner/188:9468
[  216483ms] [LOG] 200 xhrglobal @ https://phbidlautdemo.prahu-hub.com/home/detailHakAksesBidowner/188:9468
[  218106ms] TypeError: $(...).DataTable is not a function
    at https://phbidlautdemo.prahu-hub.com/_resources/themes/prahutheme/js/scripts-init/tables.js:7:23
[  219041ms] Cannot use import statement outside a module
[  219050ms] ReferenceError: Chart is not defined
    at https://phbidlautdemo.prahu-hub.com/_resources/themes/prahutheme/js/scripts-init/charts/chartjs.js:8:13
[  219084ms] Unexpected token '<'
[  219197ms] Unexpected token '<'
[  219296ms] Uncaught TypeError: expect element to be DOM Element, but got null
    at n.init (https://cdnjs.cloudflare.com/ajax/libs/smooth-scrollbar/8.5.2/smooth-scrollbar.js:24:264)
    at <anonymous> (https://phbidlautdemo.prahu-hub.com/home/detailHakAksesBidowner/184:8701:14)
[  219314ms] [LOG] Pengaturan Akunnamanya @ https://phbidlautdemo.prahu-hub.com/home/detailHakAksesBidowner/184:1877
[  219321ms] [LOG] Modul : modul_analitik | Nama : lihat_data_analitik_scsr_by_provinsi @ https://phbidlautdemo.prahu-hub.com/home/detailHakAksesBidowner/184:8225
[  219324ms] [LOG] Modul : modul_analitik | Nama : export_data_scsr_by_provinsi @ https://phbidlautdemo.prahu-hub.com/home/detailHakAksesBidowner/184:8230
[  219324ms] [LOG] Modul : modul_analitik | Nama : lihat_data_analitik_scsr_by_kota @ https://phbidlautdemo.prahu-hub.com/home/detailHakAksesBidowner/184:8235
[  219325ms] [LOG] Modul : modul_analitik | Nama : export_data_scsr_by_kota @ https://phbidlautdemo.prahu-hub.com/home/detailHakAksesBidowner/184:8240
[  219325ms] [LOG] Modul : modul_analitik | Nama : lihat_data_analitik_scsr_by_consignee @ https://phbidlautdemo.prahu-hub.com/home/detailHakAksesBidowner/184:8245
[  219326ms] [LOG] Modul : modul_analitik | Nama : export_data_scsr_by_consignee @ https://phbidlautdemo.prahu-hub.com/home/detailHakAksesBidowner/184:8250
[  219327ms] [LOG] Modul : modul_analitik | Nama : lihat_data_analitik_fcu @ https://phbidlautdemo.prahu-hub.com/home/detailHakAksesBidowner/184:8255
[  219327ms] [LOG] Modul : modul_analitik | Nama : export_data_fcu @ https://phbidlautdemo.prahu-hub.com/home/detailHakAksesBidowner/184:8260
[  219328ms] [LOG] Modul : modul_analitik | Nama : lihat_data_analitik_otdr @ https://phbidlautdemo.prahu-hub.com/home/detailHakAksesBidowner/184:8265
[  219329ms] [LOG] Modul : modul_analitik | Nama : export_data_otdr @ https://phbidlautdemo.prahu-hub.com/home/detailHakAksesBidowner/184:8270
[  219329ms] [LOG] Modul : modul_analitik | Nama : lihat_data_analitik_sa @ https://phbidlautdemo.prahu-hub.com/home/detailHakAksesBidowner/184:8275
[  219330ms] [LOG] Modul : modul_analitik | Nama : export_data_sa @ https://phbidlautdemo.prahu-hub.com/home/detailHakAksesBidowner/184:8280
[  219333ms] [LOG] undefined @ https://phbidlautdemo.prahu-hub.com/home/detailHakAksesBidowner/184:9054
[  219334ms] [LOG] undefined @ https://phbidlautdemo.prahu-hub.com/home/detailHakAksesBidowner/184:9054
[  219334ms] [LOG] undefined @ https://phbidlautdemo.prahu-hub.com/home/detailHakAksesBidowner/184:9054
[  219334ms] [LOG] undefined @ https://phbidlautdemo.prahu-hub.com/home/detailHakAksesBidowner/184:9054
[  219334ms] [LOG] undefined @ https://phbidlautdemo.prahu-hub.com/home/detailHakAksesBidowner/184:9054
[  219334ms] [LOG] undefined @ https://phbidlautdemo.prahu-hub.com/home/detailHakAksesBidowner/184:9054
[  219334ms] [LOG] undefined @ https://phbidlautdemo.prahu-hub.com/home/detailHakAksesBidowner/184:9054
[  219334ms] [LOG] undefined @ https://phbidlautdemo.prahu-hub.com/home/detailHakAksesBidowner/184:9054
[  219334ms] [LOG] undefined @ https://phbidlautdemo.prahu-hub.com/home/detailHakAksesBidowner/184:9054
[  219334ms] [LOG] undefined @ https://phbidlautdemo.prahu-hub.com/home/detailHakAksesBidowner/184:9054
[  219335ms] [LOG] undefined @ https://phbidlautdemo.prahu-hub.com/home/detailHakAksesBidowner/184:9054
[  219335ms] [LOG] undefined @ https://phbidlautdemo.prahu-hub.com/home/detailHakAksesBidowner/184:9054
[  219335ms] [LOG] undefined @ https://phbidlautdemo.prahu-hub.com/home/detailHakAksesBidowner/184:9054
[  219335ms] [LOG] undefined @ https://phbidlautdemo.prahu-hub.com/home/detailHakAksesBidowner/184:9054
[  219335ms] [LOG] undefined @ https://phbidlautdemo.prahu-hub.com/home/detailHakAksesBidowner/184:9054
[  219336ms] [LOG] undefined @ https://phbidlautdemo.prahu-hub.com/home/detailHakAksesBidowner/184:9054
[  219336ms] [LOG] undefined @ https://phbidlautdemo.prahu-hub.com/home/detailHakAksesBidowner/184:9054
[  219336ms] [LOG] undefined @ https://phbidlautdemo.prahu-hub.com/home/detailHakAksesBidowner/184:9054
[  219336ms] [LOG] undefined @ https://phbidlautdemo.prahu-hub.com/home/detailHakAksesBidowner/184:9054
[  219336ms] [LOG] undefined @ https://phbidlautdemo.prahu-hub.com/home/detailHakAksesBidowner/184:9054
[  219336ms] [LOG] undefined @ https://phbidlautdemo.prahu-hub.com/home/detailHakAksesBidowner/184:9054
[  219336ms] [LOG] undefined @ https://phbidlautdemo.prahu-hub.com/home/detailHakAksesBidowner/184:9054
[  219336ms] [LOG] undefined @ https://phbidlautdemo.prahu-hub.com/home/detailHakAksesBidowner/184:9054
[  219337ms] [LOG] undefined @ https://phbidlautdemo.prahu-hub.com/home/detailHakAksesBidowner/184:9054
[  219337ms] [LOG] undefined @ https://phbidlautdemo.prahu-hub.com/home/detailHakAksesBidowner/184:9054
[  219337ms] [LOG] undefined @ https://phbidlautdemo.prahu-hub.com/home/detailHakAksesBidowner/184:9054
[  219337ms] [LOG] undefined @ https://phbidlautdemo.prahu-hub.com/home/detailHakAksesBidowner/184:9054
[  219337ms] [LOG] undefined @ https://phbidlautdemo.prahu-hub.com/home/detailHakAksesBidowner/184:9054
[  219337ms] [LOG] undefined @ https://phbidlautdemo.prahu-hub.com/home/detailHakAksesBidowner/184:9054
[  219337ms] [LOG] undefined @ https://phbidlautdemo.prahu-hub.com/home/detailHakAksesBidowner/184:9054
[  219337ms] [LOG] undefined @ https://phbidlautdemo.prahu-hub.com/home/detailHakAksesBidowner/184:9054
[  219337ms] [LOG] undefined @ https://phbidlautdemo.prahu-hub.com/home/detailHakAksesBidowner/184:9054
[  219337ms] [LOG] undefined @ https://phbidlautdemo.prahu-hub.com/home/detailHakAksesBidowner/184:9054
[  219337ms] [LOG] undefined @ https://phbidlautdemo.prahu-hub.com/home/detailHakAksesBidowner/184:9054
[  219338ms] [LOG] undefined @ https://phbidlautdemo.prahu-hub.com/home/detailHakAksesBidowner/184:9054
[  219338ms] [LOG] undefined @ https://phbidlautdemo.prahu-hub.com/home/detailHakAksesBidowner/184:9054
[  219338ms] [LOG] undefined @ https://phbidlautdemo.prahu-hub.com/home/detailHakAksesBidowner/184:9054
[  219338ms] [LOG] undefined @ https://phbidlautdemo.prahu-hub.com/home/detailHakAksesBidowner/184:9054
[  219338ms] [LOG] undefined @ https://phbidlautdemo.prahu-hub.com/home/detailHakAksesBidowner/184:9054
[  219338ms] [LOG] undefined @ https://phbidlautdemo.prahu-hub.com/home/detailHakAksesBidowner/184:9054
[  219338ms] [LOG] undefined @ https://phbidlautdemo.prahu-hub.com/home/detailHakAksesBidowner/184:9054
[  219338ms] [LOG] undefined @ https://phbidlautdemo.prahu-hub.com/home/detailHakAksesBidowner/184:9054
[  219338ms] [LOG] undefined @ https://phbidlautdemo.prahu-hub.com/home/detailHakAksesBidowner/184:9054
[  219338ms] [LOG] undefined @ https://phbidlautdemo.prahu-hub.com/home/detailHakAksesBidowner/184:9054
[  219338ms] [LOG] undefined @ https://phbidlautdemo.prahu-hub.com/home/detailHakAksesBidowner/184:9054
[  219338ms] [LOG] undefined @ https://phbidlautdemo.prahu-hub.com/home/detailHakAksesBidowner/184:9054
[  219339ms] [LOG] undefined @ https://phbidlautdemo.prahu-hub.com/home/detailHakAksesBidowner/184:9054
[  219339ms] [LOG] undefined @ https://phbidlautdemo.prahu-hub.com/home/detailHakAksesBidowner/184:9054
[  219339ms] [LOG] undefined @ https://phbidlautdemo.prahu-hub.com/home/detailHakAksesBidowner/184:9054
[  219339ms] [LOG] undefined @ https://phbidlautdemo.prahu-hub.com/home/detailHakAksesBidowner/184:9054
[  219339ms] [LOG] undefined @ https://phbidlautdemo.prahu-hub.com/home/detailHakAksesBidowner/184:9054
[  219339ms] [LOG] undefined @ https://phbidlautdemo.prahu-hub.com/home/detailHakAksesBidowner/184:9054
[  219339ms] [LOG] undefined @ https://phbidlautdemo.prahu-hub.com/home/detailHakAksesBidowner/184:9054
[  219339ms] [LOG] undefined @ https://phbidlautdemo.prahu-hub.com/home/detailHakAksesBidowner/184:9054
[  219339ms] [LOG] undefined @ https://phbidlautdemo.prahu-hub.com/home/detailHakAksesBidowner/184:9054
[  219340ms] [LOG] undefined @ https://phbidlautdemo.prahu-hub.com/home/detailHakAksesBidowner/184:9054
[  219340ms] [LOG] undefined @ https://phbidlautdemo.prahu-hub.com/home/detailHakAksesBidowner/184:9054
[  219340ms] [LOG] undefined @ https://phbidlautdemo.prahu-hub.com/home/detailHakAksesBidowner/184:9054
[  219340ms] [LOG] undefined @ https://phbidlautdemo.prahu-hub.com/home/detailHakAksesBidowner/184:9054
[  219340ms] [LOG] undefined @ https://phbidlautdemo.prahu-hub.com/home/detailHakAksesBidowner/184:9054
[  219340ms] [LOG] undefined @ https://phbidlautdemo.prahu-hub.com/home/detailHakAksesBidowner/184:9054
[  219340ms] [LOG] undefined @ https://phbidlautdemo.prahu-hub.com/home/detailHakAksesBidowner/184:9054
[  219340ms] [LOG] undefined @ https://phbidlautdemo.prahu-hub.com/home/detailHakAksesBidowner/184:9054
[  219340ms] [LOG] undefined @ https://phbidlautdemo.prahu-hub.com/home/detailHakAksesBidowner/184:9054
[  219340ms] [LOG] undefined @ https://phbidlautdemo.prahu-hub.com/home/detailHakAksesBidowner/184:9054
[  219341ms] [LOG] undefined @ https://phbidlautdemo.prahu-hub.com/home/detailHakAksesBidowner/184:9054
[  219341ms] [LOG] undefined @ https://phbidlautdemo.prahu-hub.com/home/detailHakAksesBidowner/184:9054
[  219341ms] [LOG] undefined @ https://phbidlautdemo.prahu-hub.com/home/detailHakAksesBidowner/184:9054
[  219341ms] [LOG] undefined @ https://phbidlautdemo.prahu-hub.com/home/detailHakAksesBidowner/184:9054
[  219341ms] [LOG] undefined @ https://phbidlautdemo.prahu-hub.com/home/detailHakAksesBidowner/184:9054
[  219341ms] [LOG] undefined @ https://phbidlautdemo.prahu-hub.com/home/detailHakAksesBidowner/184:9054
[  219341ms] [LOG] undefined @ https://phbidlautdemo.prahu-hub.com/home/detailHakAksesBidowner/184:9054
[  219341ms] [LOG] undefined @ https://phbidlautdemo.prahu-hub.com/home/detailHakAksesBidowner/184:9054
[  219341ms] [LOG] undefined @ https://phbidlautdemo.prahu-hub.com/home/detailHakAksesBidowner/184:9054
[  219342ms] [LOG] undefined @ https://phbidlautdemo.prahu-hub.com/home/detailHakAksesBidowner/184:9054
[  219342ms] [LOG] undefined @ https://phbidlautdemo.prahu-hub.com/home/detailHakAksesBidowner/184:9054
[  219342ms] [LOG] undefined @ https://phbidlautdemo.prahu-hub.com/home/detailHakAksesBidowner/184:9054
[  219342ms] [LOG] undefined @ https://phbidlautdemo.prahu-hub.com/home/detailHakAksesBidowner/184:9054
[  219342ms] [LOG] undefined @ https://phbidlautdemo.prahu-hub.com/home/detailHakAksesBidowner/184:9054
[  219342ms] [LOG] undefined @ https://phbidlautdemo.prahu-hub.com/home/detailHakAksesBidowner/184:9054
[  219342ms] [LOG] undefined @ https://phbidlautdemo.prahu-hub.com/home/detailHakAksesBidowner/184:9054
[  219342ms] [LOG] undefined @ https://phbidlautdemo.prahu-hub.com/home/detailHakAksesBidowner/184:9054
[  219343ms] [LOG] undefined @ https://phbidlautdemo.prahu-hub.com/home/detailHakAksesBidowner/184:9054
[  219343ms] [LOG] undefined @ https://phbidlautdemo.prahu-hub.com/home/detailHakAksesBidowner/184:9054
[  219343ms] [LOG] undefined @ https://phbidlautdemo.prahu-hub.com/home/detailHakAksesBidowner/184:9054
[  219343ms] [LOG] undefined @ https://phbidlautdemo.prahu-hub.com/home/detailHakAksesBidowner/184:9054
[  219343ms] [LOG] undefined @ https://phbidlautdemo.prahu-hub.com/home/detailHakAksesBidowner/184:9054
[  219343ms] [LOG] undefined @ https://phbidlautdemo.prahu-hub.com/home/detailHakAksesBidowner/184:9054
[  219343ms] [LOG] undefined @ https://phbidlautdemo.prahu-hub.com/home/detailHakAksesBidowner/184:9054
[  219344ms] [LOG] undefined @ https://phbidlautdemo.prahu-hub.com/home/detailHakAksesBidowner/184:9054
[  219344ms] [LOG] undefined @ https://phbidlautdemo.prahu-hub.com/home/detailHakAksesBidowner/184:9054
[  219344ms] [LOG] undefined @ https://phbidlautdemo.prahu-hub.com/home/detailHakAksesBidowner/184:9054
[  219344ms] [LOG] undefined @ https://phbidlautdemo.prahu-hub.com/home/detailHakAksesBidowner/184:9054
[  219344ms] [LOG] undefined @ https://phbidlautdemo.prahu-hub.com/home/detailHakAksesBidowner/184:9054
[  219344ms] [LOG] undefined @ https://phbidlautdemo.prahu-hub.com/home/detailHakAksesBidowner/184:9054
[  219344ms] [LOG] undefined @ https://phbidlautdemo.prahu-hub.com/home/detailHakAksesBidowner/184:9054
[  219344ms] [LOG] undefined @ https://phbidlautdemo.prahu-hub.com/home/detailHakAksesBidowner/184:9054
[  219344ms] [LOG] undefined @ https://phbidlautdemo.prahu-hub.com/home/detailHakAksesBidowner/184:9054
[  219344ms] [LOG] undefined @ https://phbidlautdemo.prahu-hub.com/home/detailHakAksesBidowner/184:9054
[  219345ms] [LOG] undefined @ https://phbidlautdemo.prahu-hub.com/home/detailHakAksesBidowner/184:9054
[  219345ms] [LOG] undefined @ https://phbidlautdemo.prahu-hub.com/home/detailHakAksesBidowner/184:9054
[  219345ms] [LOG] undefined @ https://phbidlautdemo.prahu-hub.com/home/detailHakAksesBidowner/184:9054
[  219345ms] [LOG] undefined @ https://phbidlautdemo.prahu-hub.com/home/detailHakAksesBidowner/184:9054
[  219345ms] [LOG] undefined @ https://phbidlautdemo.prahu-hub.com/home/detailHakAksesBidowner/184:9054
[  219345ms] [LOG] undefined @ https://phbidlautdemo.prahu-hub.com/home/detailHakAksesBidowner/184:9054
[  219345ms] [LOG] undefined @ https://phbidlautdemo.prahu-hub.com/home/detailHakAksesBidowner/184:9054
[  219345ms] [LOG] undefined @ https://phbidlautdemo.prahu-hub.com/home/detailHakAksesBidowner/184:9054
[  219345ms] [LOG] undefined @ https://phbidlautdemo.prahu-hub.com/home/detailHakAksesBidowner/184:9054
[  219345ms] [LOG] undefined @ https://phbidlautdemo.prahu-hub.com/home/detailHakAksesBidowner/184:9054
[  219345ms] [LOG] undefined @ https://phbidlautdemo.prahu-hub.com/home/detailHakAksesBidowner/184:9054
[  219345ms] [LOG] undefined @ https://phbidlautdemo.prahu-hub.com/home/detailHakAksesBidowner/184:9054
[  219345ms] [LOG] undefined @ https://phbidlautdemo.prahu-hub.com/home/detailHakAksesBidowner/184:9054
[  219346ms] [LOG] undefined @ https://phbidlautdemo.prahu-hub.com/home/detailHakAksesBidowner/184:9054
[  219346ms] [LOG] undefined @ https://phbidlautdemo.prahu-hub.com/home/detailHakAksesBidowner/184:9054
[  219346ms] [LOG] undefined @ https://phbidlautdemo.prahu-hub.com/home/detailHakAksesBidowner/184:9054
[  219346ms] [LOG] undefined @ https://phbidlautdemo.prahu-hub.com/home/detailHakAksesBidowner/184:9054
[  219346ms] [LOG] undefined @ https://phbidlautdemo.prahu-hub.com/home/detailHakAksesBidowner/184:9054
[  219346ms] [LOG] undefined @ https://phbidlautdemo.prahu-hub.com/home/detailHakAksesBidowner/184:9054
[  219346ms] [LOG] undefined @ https://phbidlautdemo.prahu-hub.com/home/detailHakAksesBidowner/184:9054
[  219346ms] [LOG] undefined @ https://phbidlautdemo.prahu-hub.com/home/detailHakAksesBidowner/184:9054
[  219346ms] [LOG] undefined @ https://phbidlautdemo.prahu-hub.com/home/detailHakAksesBidowner/184:9054
[  219346ms] [LOG] undefined @ https://phbidlautdemo.prahu-hub.com/home/detailHakAksesBidowner/184:9054
[  219346ms] [LOG] undefined @ https://phbidlautdemo.prahu-hub.com/home/detailHakAksesBidowner/184:9054
[  219346ms] [LOG] undefined @ https://phbidlautdemo.prahu-hub.com/home/detailHakAksesBidowner/184:9054
[  219346ms] [LOG] undefined @ https://phbidlautdemo.prahu-hub.com/home/detailHakAksesBidowner/184:9054
[  219346ms] [LOG] undefined @ https://phbidlautdemo.prahu-hub.com/home/detailHakAksesBidowner/184:9054
[  219346ms] [LOG] undefined @ https://phbidlautdemo.prahu-hub.com/home/detailHakAksesBidowner/184:9054
[  219346ms] [LOG] undefined @ https://phbidlautdemo.prahu-hub.com/home/detailHakAksesBidowner/184:9054
[  219346ms] [LOG] undefined @ https://phbidlautdemo.prahu-hub.com/home/detailHakAksesBidowner/184:9054
[  219346ms] [LOG] undefined @ https://phbidlautdemo.prahu-hub.com/home/detailHakAksesBidowner/184:9054
[  219347ms] [LOG] undefined @ https://phbidlautdemo.prahu-hub.com/home/detailHakAksesBidowner/184:9054
[  219347ms] [LOG] undefined @ https://phbidlautdemo.prahu-hub.com/home/detailHakAksesBidowner/184:9054
[  219347ms] [LOG] undefined @ https://phbidlautdemo.prahu-hub.com/home/detailHakAksesBidowner/184:9054
[  219347ms] [LOG] undefined @ https://phbidlautdemo.prahu-hub.com/home/detailHakAksesBidowner/184:9054
[  219347ms] [LOG] undefined @ https://phbidlautdemo.prahu-hub.com/home/detailHakAksesBidowner/184:9054
[  219347ms] [LOG] undefined @ https://phbidlautdemo.prahu-hub.com/home/detailHakAksesBidowner/184:9054
[  219347ms] [LOG] undefined @ https://phbidlautdemo.prahu-hub.com/home/detailHakAksesBidowner/184:9054
[  219347ms] [LOG] undefined @ https://phbidlautdemo.prahu-hub.com/home/detailHakAksesBidowner/184:9054
[  219347ms] [LOG] undefined @ https://phbidlautdemo.prahu-hub.com/home/detailHakAksesBidowner/184:9054
[  219347ms] [LOG] undefined @ https://phbidlautdemo.prahu-hub.com/home/detailHakAksesBidowner/184:9054
[  219347ms] [LOG] undefined @ https://phbidlautdemo.prahu-hub.com/home/detailHakAksesBidowner/184:9054
[  219347ms] [LOG] undefined @ https://phbidlautdemo.prahu-hub.com/home/detailHakAksesBidowner/184:9054
[  219347ms] [LOG] undefined @ https://phbidlautdemo.prahu-hub.com/home/detailHakAksesBidowner/184:9054
[  219348ms] [LOG] undefined @ https://phbidlautdemo.prahu-hub.com/home/detailHakAksesBidowner/184:9054
[  219348ms] [LOG] undefined @ https://phbidlautdemo.prahu-hub.com/home/detailHakAksesBidowner/184:9054
[  219348ms] [LOG] undefined @ https://phbidlautdemo.prahu-hub.com/home/detailHakAksesBidowner/184:9054
[  219348ms] [LOG] undefined @ https://phbidlautdemo.prahu-hub.com/home/detailHakAksesBidowner/184:9054
[  219348ms] [LOG] undefined @ https://phbidlautdemo.prahu-hub.com/home/detailHakAksesBidowner/184:9054
[  219348ms] [LOG] undefined @ https://phbidlautdemo.prahu-hub.com/home/detailHakAksesBidowner/184:9054
[  219349ms] [LOG] undefined @ https://phbidlautdemo.prahu-hub.com/home/detailHakAksesBidowner/184:9054
[  219349ms] [LOG] undefined @ https://phbidlautdemo.prahu-hub.com/home/detailHakAksesBidowner/184:9054
[  219349ms] [LOG] undefined @ https://phbidlautdemo.prahu-hub.com/home/detailHakAksesBidowner/184:9054
[  219349ms] [LOG] undefined @ https://phbidlautdemo.prahu-hub.com/home/detailHakAksesBidowner/184:9054
[  219349ms] [LOG] undefined @ https://phbidlautdemo.prahu-hub.com/home/detailHakAksesBidowner/184:9054
[  219349ms] [LOG] undefined @ https://phbidlautdemo.prahu-hub.com/home/detailHakAksesBidowner/184:9054
[  219349ms] [LOG] undefined @ https://phbidlautdemo.prahu-hub.com/home/detailHakAksesBidowner/184:9054
[  219350ms] [LOG] undefined @ https://phbidlautdemo.prahu-hub.com/home/detailHakAksesBidowner/184:9054
[  219350ms] [LOG] undefined @ https://phbidlautdemo.prahu-hub.com/home/detailHakAksesBidowner/184:9054
[  219350ms] [LOG] undefined @ https://phbidlautdemo.prahu-hub.com/home/detailHakAksesBidowner/184:9054
[  219350ms] [LOG] undefined @ https://phbidlautdemo.prahu-hub.com/home/detailHakAksesBidowner/184:9054
[  219350ms] [LOG] undefined @ https://phbidlautdemo.prahu-hub.com/home/detailHakAksesBidowner/184:9054
[  219350ms] [LOG] undefined @ https://phbidlautdemo.prahu-hub.com/home/detailHakAksesBidowner/184:9054
[  219350ms] [LOG] undefined @ https://phbidlautdemo.prahu-hub.com/home/detailHakAksesBidowner/184:9054
[  219350ms] [LOG] undefined @ https://phbidlautdemo.prahu-hub.com/home/detailHakAksesBidowner/184:9054
[  219350ms] [LOG] undefined @ https://phbidlautdemo.prahu-hub.com/home/detailHakAksesBidowner/184:9054
[  219351ms] [LOG] undefined @ https://phbidlautdemo.prahu-hub.com/home/detailHakAksesBidowner/184:9054
[  219351ms] [LOG] undefined @ https://phbidlautdemo.prahu-hub.com/home/detailHakAksesBidowner/184:9054
[  219351ms] [LOG] undefined @ https://phbidlautdemo.prahu-hub.com/home/detailHakAksesBidowner/184:9054
[  219351ms] [LOG] undefined @ https://phbidlautdemo.prahu-hub.com/home/detailHakAksesBidowner/184:9054
[  219351ms] [LOG] undefined @ https://phbidlautdemo.prahu-hub.com/home/detailHakAksesBidowner/184:9054
[  219351ms] [LOG] undefined @ https://phbidlautdemo.prahu-hub.com/home/detailHakAksesBidowner/184:9054
[  219351ms] [LOG] undefined @ https://phbidlautdemo.prahu-hub.com/home/detailHakAksesBidowner/184:9054
[  219351ms] [LOG] undefined @ https://phbidlautdemo.prahu-hub.com/home/detailHakAksesBidowner/184:9054
[  219352ms] [LOG] undefined @ https://phbidlautdemo.prahu-hub.com/home/detailHakAksesBidowner/184:9054
[  219352ms] [LOG] undefined @ https://phbidlautdemo.prahu-hub.com/home/detailHakAksesBidowner/184:9054
[  219352ms] [LOG] undefined @ https://phbidlautdemo.prahu-hub.com/home/detailHakAksesBidowner/184:9054
[  219352ms] [LOG] undefined @ https://phbidlautdemo.prahu-hub.com/home/detailHakAksesBidowner/184:9054
[  219352ms] [LOG] undefined @ https://phbidlautdemo.prahu-hub.com/home/detailHakAksesBidowner/184:9054
[  219352ms] [LOG] undefined @ https://phbidlautdemo.prahu-hub.com/home/detailHakAksesBidowner/184:9054
[  219352ms] [LOG] undefined @ https://phbidlautdemo.prahu-hub.com/home/detailHakAksesBidowner/184:9054
[  219353ms] [LOG] undefined @ https://phbidlautdemo.prahu-hub.com/home/detailHakAksesBidowner/184:9054
[  219353ms] [LOG] undefined @ https://phbidlautdemo.prahu-hub.com/home/detailHakAksesBidowner/184:9054
[  219353ms] [LOG] undefined @ https://phbidlautdemo.prahu-hub.com/home/detailHakAksesBidowner/184:9054
[  219353ms] [LOG] undefined @ https://phbidlautdemo.prahu-hub.com/home/detailHakAksesBidowner/184:9054
[  219353ms] [LOG] undefined @ https://phbidlautdemo.prahu-hub.com/home/detailHakAksesBidowner/184:9054
[  219353ms] [LOG] undefined @ https://phbidlautdemo.prahu-hub.com/home/detailHakAksesBidowner/184:9054
[  219353ms] [LOG] undefined @ https://phbidlautdemo.prahu-hub.com/home/detailHakAksesBidowner/184:9054
[  219353ms] [LOG] undefined @ https://phbidlautdemo.prahu-hub.com/home/detailHakAksesBidowner/184:9054
[  219353ms] [LOG] undefined @ https://phbidlautdemo.prahu-hub.com/home/detailHakAksesBidowner/184:9054
[  219354ms] [LOG] undefined @ https://phbidlautdemo.prahu-hub.com/home/detailHakAksesBidowner/184:9054
[  219354ms] [LOG] undefined @ https://phbidlautdemo.prahu-hub.com/home/detailHakAksesBidowner/184:9054
[  219354ms] [LOG] undefined @ https://phbidlautdemo.prahu-hub.com/home/detailHakAksesBidowner/184:9054
[  219354ms] [LOG] undefined @ https://phbidlautdemo.prahu-hub.com/home/detailHakAksesBidowner/184:9054
[  219354ms] [LOG] undefined @ https://phbidlautdemo.prahu-hub.com/home/detailHakAksesBidowner/184:9054
[  219354ms] [LOG] undefined @ https://phbidlautdemo.prahu-hub.com/home/detailHakAksesBidowner/184:9054
[  219354ms] [LOG] undefined @ https://phbidlautdemo.prahu-hub.com/home/detailHakAksesBidowner/184:9054
[  219354ms] [LOG] undefined @ https://phbidlautdemo.prahu-hub.com/home/detailHakAksesBidowner/184:9054
[  219354ms] [LOG] undefined @ https://phbidlautdemo.prahu-hub.com/home/detailHakAksesBidowner/184:9054
[  219355ms] [LOG] undefined @ https://phbidlautdemo.prahu-hub.com/home/detailHakAksesBidowner/184:9054
[  219355ms] [LOG] undefined @ https://phbidlautdemo.prahu-hub.com/home/detailHakAksesBidowner/184:9054
[  219355ms] [LOG] undefined @ https://phbidlautdemo.prahu-hub.com/home/detailHakAksesBidowner/184:9054
[  219355ms] [LOG] undefined @ https://phbidlautdemo.prahu-hub.com/home/detailHakAksesBidowner/184:9054
[  219355ms] [LOG] undefined @ https://phbidlautdemo.prahu-hub.com/home/detailHakAksesBidowner/184:9054
[  219355ms] [LOG] undefined @ https://phbidlautdemo.prahu-hub.com/home/detailHakAksesBidowner/184:9054
[  219355ms] [LOG] undefined @ https://phbidlautdemo.prahu-hub.com/home/detailHakAksesBidowner/184:9054
[  219355ms] [LOG] undefined @ https://phbidlautdemo.prahu-hub.com/home/detailHakAksesBidowner/184:9054
[  219355ms] [LOG] undefined @ https://phbidlautdemo.prahu-hub.com/home/detailHakAksesBidowner/184:9054
[  219355ms] [LOG] undefined @ https://phbidlautdemo.prahu-hub.com/home/detailHakAksesBidowner/184:9054
[  219356ms] [LOG] undefined @ https://phbidlautdemo.prahu-hub.com/home/detailHakAksesBidowner/184:9054
[  219356ms] [LOG] undefined @ https://phbidlautdemo.prahu-hub.com/home/detailHakAksesBidowner/184:9054
[  219356ms] [LOG] undefined @ https://phbidlautdemo.prahu-hub.com/home/detailHakAksesBidowner/184:9054
[  219356ms] [LOG] undefined @ https://phbidlautdemo.prahu-hub.com/home/detailHakAksesBidowner/184:9054
[  219356ms] [LOG] undefined @ https://phbidlautdemo.prahu-hub.com/home/detailHakAksesBidowner/184:9054
[  219356ms] [LOG] undefined @ https://phbidlautdemo.prahu-hub.com/home/detailHakAksesBidowner/184:9054
[  219356ms] [LOG] undefined @ https://phbidlautdemo.prahu-hub.com/home/detailHakAksesBidowner/184:9054
[  219356ms] [LOG] undefined @ https://phbidlautdemo.prahu-hub.com/home/detailHakAksesBidowner/184:9054
[  219356ms] [LOG] undefined @ https://phbidlautdemo.prahu-hub.com/home/detailHakAksesBidowner/184:9054
[  219356ms] [LOG] undefined @ https://phbidlautdemo.prahu-hub.com/home/detailHakAksesBidowner/184:9054
[  219357ms] [LOG] undefined @ https://phbidlautdemo.prahu-hub.com/home/detailHakAksesBidowner/184:9054
[  219357ms] [LOG] undefined @ https://phbidlautdemo.prahu-hub.com/home/detailHakAksesBidowner/184:9054
[  219357ms] [LOG] undefined @ https://phbidlautdemo.prahu-hub.com/home/detailHakAksesBidowner/184:9054
[  219357ms] [LOG] undefined @ https://phbidlautdemo.prahu-hub.com/home/detailHakAksesBidowner/184:9054
[  219357ms] [LOG] undefined @ https://phbidlautdemo.prahu-hub.com/home/detailHakAksesBidowner/184:9054
[  219357ms] [LOG] undefined @ https://phbidlautdemo.prahu-hub.com/home/detailHakAksesBidowner/184:9054
[  219357ms] [LOG] undefined @ https://phbidlautdemo.prahu-hub.com/home/detailHakAksesBidowner/184:9054
[  219357ms] [LOG] undefined @ https://phbidlautdemo.prahu-hub.com/home/detailHakAksesBidowner/184:9054
[  219357ms] [LOG] undefined @ https://phbidlautdemo.prahu-hub.com/home/detailHakAksesBidowner/184:9054
[  219357ms] [LOG] undefined @ https://phbidlautdemo.prahu-hub.com/home/detailHakAksesBidowner/184:9054
[  219357ms] [LOG] undefined @ https://phbidlautdemo.prahu-hub.com/home/detailHakAksesBidowner/184:9054
[  219358ms] [LOG] undefined @ https://phbidlautdemo.prahu-hub.com/home/detailHakAksesBidowner/184:9054
[  219358ms] [LOG] undefined @ https://phbidlautdemo.prahu-hub.com/home/detailHakAksesBidowner/184:9054
[  219358ms] [LOG] undefined @ https://phbidlautdemo.prahu-hub.com/home/detailHakAksesBidowner/184:9054
[  219358ms] [LOG] undefined @ https://phbidlautdemo.prahu-hub.com/home/detailHakAksesBidowner/184:9054
[  219358ms] [LOG] undefined @ https://phbidlautdemo.prahu-hub.com/home/detailHakAksesBidowner/184:9054
[  219358ms] [LOG] undefined @ https://phbidlautdemo.prahu-hub.com/home/detailHakAksesBidowner/184:9054
[  219358ms] [LOG] undefined @ https://phbidlautdemo.prahu-hub.com/home/detailHakAksesBidowner/184:9054
[  219358ms] [LOG] undefined @ https://phbidlautdemo.prahu-hub.com/home/detailHakAksesBidowner/184:9054
[  219358ms] [LOG] undefined @ https://phbidlautdemo.prahu-hub.com/home/detailHakAksesBidowner/184:9054
[  219358ms] [LOG] undefined @ https://phbidlautdemo.prahu-hub.com/home/detailHakAksesBidowner/184:9054
[  219359ms] [LOG] undefined @ https://phbidlautdemo.prahu-hub.com/home/detailHakAksesBidowner/184:9054
[  219359ms] [LOG] undefined @ https://phbidlautdemo.prahu-hub.com/home/detailHakAksesBidowner/184:9054
[  219359ms] [LOG] undefined @ https://phbidlautdemo.prahu-hub.com/home/detailHakAksesBidowner/184:9054
[  219359ms] [LOG] undefined @ https://phbidlautdemo.prahu-hub.com/home/detailHakAksesBidowner/184:9054
[  219359ms] [LOG] undefined @ https://phbidlautdemo.prahu-hub.com/home/detailHakAksesBidowner/184:9054
[  219359ms] [LOG] undefined @ https://phbidlautdemo.prahu-hub.com/home/detailHakAksesBidowner/184:9054
[  219359ms] [LOG] undefined @ https://phbidlautdemo.prahu-hub.com/home/detailHakAksesBidowner/184:9054
[  219359ms] [LOG] undefined @ https://phbidlautdemo.prahu-hub.com/home/detailHakAksesBidowner/184:9054
[  219359ms] [LOG] undefined @ https://phbidlautdemo.prahu-hub.com/home/detailHakAksesBidowner/184:9054
[  219360ms] [LOG] undefined @ https://phbidlautdemo.prahu-hub.com/home/detailHakAksesBidowner/184:9054
[  219360ms] [LOG] undefined @ https://phbidlautdemo.prahu-hub.com/home/detailHakAksesBidowner/184:9054
[  219360ms] [LOG] undefined @ https://phbidlautdemo.prahu-hub.com/home/detailHakAksesBidowner/184:9054
[  219360ms] [LOG] undefined @ https://phbidlautdemo.prahu-hub.com/home/detailHakAksesBidowner/184:9054
[  219360ms] [LOG] undefined @ https://phbidlautdemo.prahu-hub.com/home/detailHakAksesBidowner/184:9054
[  219360ms] [LOG] undefined @ https://phbidlautdemo.prahu-hub.com/home/detailHakAksesBidowner/184:9054
[  219360ms] [LOG] undefined @ https://phbidlautdemo.prahu-hub.com/home/detailHakAksesBidowner/184:9054
[  219360ms] [LOG] undefined @ https://phbidlautdemo.prahu-hub.com/home/detailHakAksesBidowner/184:9054
[  219360ms] [LOG] undefined @ https://phbidlautdemo.prahu-hub.com/home/detailHakAksesBidowner/184:9054
[  219360ms] [LOG] undefined @ https://phbidlautdemo.prahu-hub.com/home/detailHakAksesBidowner/184:9054
[  219361ms] [LOG] undefined @ https://phbidlautdemo.prahu-hub.com/home/detailHakAksesBidowner/184:9054
[  219361ms] [LOG] undefined @ https://phbidlautdemo.prahu-hub.com/home/detailHakAksesBidowner/184:9054
[  219361ms] [LOG] undefined @ https://phbidlautdemo.prahu-hub.com/home/detailHakAksesBidowner/184:9054
[  219361ms] [LOG] undefined @ https://phbidlautdemo.prahu-hub.com/home/detailHakAksesBidowner/184:9054
[  219361ms] [LOG] undefined @ https://phbidlautdemo.prahu-hub.com/home/detailHakAksesBidowner/184:9054
[  219361ms] [LOG] undefined @ https://phbidlautdemo.prahu-hub.com/home/detailHakAksesBidowner/184:9054
[  219361ms] [LOG] undefined @ https://phbidlautdemo.prahu-hub.com/home/detailHakAksesBidowner/184:9054
[  219361ms] [LOG] undefined @ https://phbidlautdemo.prahu-hub.com/home/detailHakAksesBidowner/184:9054
[  219361ms] [LOG] undefined @ https://phbidlautdemo.prahu-hub.com/home/detailHakAksesBidowner/184:9054
[  219361ms] [LOG] undefined @ https://phbidlautdemo.prahu-hub.com/home/detailHakAksesBidowner/184:9054
[  219362ms] [LOG] undefined @ https://phbidlautdemo.prahu-hub.com/home/detailHakAksesBidowner/184:9054
[  219362ms] [LOG] undefined @ https://phbidlautdemo.prahu-hub.com/home/detailHakAksesBidowner/184:9054
[  219362ms] [LOG] undefined @ https://phbidlautdemo.prahu-hub.com/home/detailHakAksesBidowner/184:9054
[  219362ms] [LOG] undefined @ https://phbidlautdemo.prahu-hub.com/home/detailHakAksesBidowner/184:9054
[  219362ms] [LOG] undefined @ https://phbidlautdemo.prahu-hub.com/home/detailHakAksesBidowner/184:9054
[  219363ms] [LOG] WebSocket connection @ https://phbidlautdemo.prahu-hub.com/home/detailHakAksesBidowner/184:9097
[  219364ms] [LOG] WebSocket connection attempting... @ https://phbidlautdemo.prahu-hub.com/home/detailHakAksesBidowner/184:9175
[  219469ms] [LOG] WebSocket connected @ https://phbidlautdemo.prahu-hub.com/home/detailHakAksesBidowner/184:9106
[  219476ms] [LOG] update_dashboard_order_laut @ https://phbidlautdemo.prahu-hub.com/home/detailHakAksesBidowner/184:9147
[  219499ms] [LOG] Connected @ https://phbidlautdemo.prahu-hub.com/home/detailHakAksesBidowner/184:9147
[  219609ms] [LOG] 200 xhrglobal @ https://phbidlautdemo.prahu-hub.com/home/detailHakAksesBidowner/184:9028
[  219667ms] [LOG] 200 xhrglobal @ https://phbidlautdemo.prahu-hub.com/home/detailHakAksesBidowner/184:9028
[  221319ms] TypeError: $(...).DataTable is not a function
    at https://phbidlautdemo.prahu-hub.com/_resources/themes/prahutheme/js/scripts-init/tables.js:7:23
[  222387ms] Cannot use import statement outside a module
[  222400ms] ReferenceError: Chart is not defined
    at https://phbidlautdemo.prahu-hub.com/_resources/themes/prahutheme/js/scripts-init/charts/chartjs.js:8:13
[  222579ms] Unexpected token '<'
[  222581ms] Unexpected token '<'
[  222691ms] Uncaught TypeError: expect element to be DOM Element, but got null
    at n.init (https://cdnjs.cloudflare.com/ajax/libs/smooth-scrollbar/8.5.2/smooth-scrollbar.js:24:264)
    at <anonymous> (https://phbidlautdemo.prahu-hub.com/home/detailHakAksesBidowner/164:9026:14)
[  222709ms] [LOG] Pengaturan Akunnamanya @ https://phbidlautdemo.prahu-hub.com/home/detailHakAksesBidowner/164:1877
[  222716ms] [LOG] Modul : modul_pengajuan_lelang_pilih_semua | Nama : lihat_daftar_pengajuan_lelang @ https://phbidlautdemo.prahu-hub.com/home/detailHakAksesBidowner/164:8225
[  222719ms] [LOG] Modul : modul_pengajuan_lelang_pilih_semua | Nama : buat_pengajuan_lelang @ https://phbidlautdemo.prahu-hub.com/home/detailHakAksesBidowner/164:8230
[  222719ms] [LOG] Modul : modul_pengajuan_lelang_pilih_semua | Nama : lihat_detail_pengajuan_lelang @ https://phbidlautdemo.prahu-hub.com/home/detailHakAksesBidowner/164:8235
[  222720ms] [LOG] Modul : modul_pengajuan_lelang_pilih_semua | Nama : batalkan_lelang @ https://phbidlautdemo.prahu-hub.com/home/detailHakAksesBidowner/164:8240
[  222720ms] [LOG] Modul : modul_pengajuan_lelang_pilih_semua | Nama : lihat_harga_penawaran @ https://phbidlautdemo.prahu-hub.com/home/detailHakAksesBidowner/164:8245
[  222721ms] [LOG] Modul : modul_pengajuan_lelang_pilih_semua | Nama : minta_update_harga @ https://phbidlautdemo.prahu-hub.com/home/detailHakAksesBidowner/164:8250
[  222721ms] [LOG] Modul : modul_pengajuan_lelang_pilih_semua | Nama : history_update_harga @ https://phbidlautdemo.prahu-hub.com/home/detailHakAksesBidowner/164:8255
[  222722ms] [LOG] Modul : modul_cari_penawaran_pilih_semua | Nama : cari_hasil_penawaran @ https://phbidlautdemo.prahu-hub.com/home/detailHakAksesBidowner/164:8260
[  222723ms] [LOG] Modul : modul_cari_penawaran_pilih_semua | Nama : export_harga_penawaran @ https://phbidlautdemo.prahu-hub.com/home/detailHakAksesBidowner/164:8265
[  222724ms] [LOG] Modul : modul_cari_penawaran_pilih_semua | Nama : buat_lelang_pengiriman @ https://phbidlautdemo.prahu-hub.com/home/detailHakAksesBidowner/164:8270
[  222725ms] [LOG] Modul : modul_cari_penawaran_pilih_semua | Nama : pesan_cari_penawaran @ https://phbidlautdemo.prahu-hub.com/home/detailHakAksesBidowner/164:8275
[  222725ms] [LOG] Modul : modul_cari_penawaran_pilih_semua | Nama : nego_harga_cari_penawaran @ https://phbidlautdemo.prahu-hub.com/home/detailHakAksesBidowner/164:8280
[  222726ms] [LOG] Modul : modul_cari_penawaran_pilih_semua | Nama : request_jadwal_cari_penawaran @ https://phbidlautdemo.prahu-hub.com/home/detailHakAksesBidowner/164:8285
[  222727ms] [LOG] Modul : modul_pengajuan_nego_pilih_semua | Nama : lihat_daftar_pengajuan_nego @ https://phbidlautdemo.prahu-hub.com/home/detailHakAksesBidowner/164:8290
[  222728ms] [LOG] Modul : modul_pengajuan_nego_pilih_semua | Nama : lihat_detail_pengajuan_nego @ https://phbidlautdemo.prahu-hub.com/home/detailHakAksesBidowner/164:8295
[  222729ms] [LOG] Modul : modul_pengajuan_nego_pilih_semua | Nama : lihat_riwayat_nego @ https://phbidlautdemo.prahu-hub.com/home/detailHakAksesBidowner/164:8300
[  222730ms] [LOG] Modul : modul_daftar_order_pilih_semua | Nama : lihat_daftar_order @ https://phbidlautdemo.prahu-hub.com/home/detailHakAksesBidowner/164:8305
[  222732ms] [LOG] Modul : modul_daftar_order_pilih_semua | Nama : detail_order @ https://phbidlautdemo.prahu-hub.com/home/detailHakAksesBidowner/164:8310
[  222733ms] [LOG] Modul : modul_daftar_order_pilih_semua | Nama : input_muatan @ https://phbidlautdemo.prahu-hub.com/home/detailHakAksesBidowner/164:8315
[  222733ms] [LOG] Modul : modul_daftar_order_pilih_semua | Nama : edit_data_muatan @ https://phbidlautdemo.prahu-hub.com/home/detailHakAksesBidowner/164:8320
[  222734ms] [LOG] Modul : modul_daftar_order_pilih_semua | Nama : batal_order @ https://phbidlautdemo.prahu-hub.com/home/detailHakAksesBidowner/164:8325
[  222735ms] [LOG] Modul : modul_daftar_order_pilih_semua | Nama : input_kontrak @ https://phbidlautdemo.prahu-hub.com/home/detailHakAksesBidowner/164:8330
[  222736ms] [LOG] Modul : modul_daftar_order_pilih_semua | Nama : lihat_unit @ https://phbidlautdemo.prahu-hub.com/home/detailHakAksesBidowner/164:8335
[  222736ms] [LOG] Modul : modul_daftar_order_pilih_semua | Nama : download_dokumen @ https://phbidlautdemo.prahu-hub.com/home/detailHakAksesBidowner/164:8340
[  222737ms] [LOG] Modul : modul_daftar_order_pilih_semua | Nama : beri_penilaian_bidder @ https://phbidlautdemo.prahu-hub.com/home/detailHakAksesBidowner/164:8345
[  222738ms] [LOG] Modul : modul_daftar_order_pilih_semua | Nama : download_invoice @ https://phbidlautdemo.prahu-hub.com/home/detailHakAksesBidowner/164:8350
[  222738ms] [LOG] Modul : modul_daftar_order_pilih_semua | Nama : lihat_biaya_tambahan @ https://phbidlautdemo.prahu-hub.com/home/detailHakAksesBidowner/164:8355
[  222739ms] [LOG] Modul : modul_daftar_order_pilih_semua | Nama : injput_biaya_tambahan @ https://phbidlautdemo.prahu-hub.com/home/detailHakAksesBidowner/164:8360
[  222740ms] [LOG] Modul : modul_daftar_order_pilih_semua | Nama : edit_biaya_tambahan @ https://phbidlautdemo.prahu-hub.com/home/detailHakAksesBidowner/164:8365
[  222740ms] [LOG] Modul : modul_daftar_order_pilih_semua | Nama : hapus_biaya_tambahan @ https://phbidlautdemo.prahu-hub.com/home/detailHakAksesBidowner/164:8370
[  222741ms] [LOG] Modul : modul_daftar_order_pilih_semua | Nama : lihat_pemesanan @ https://phbidlautdemo.prahu-hub.com/home/detailHakAksesBidowner/164:8375
[  222742ms] [LOG] Modul : modul_daftar_order_pilih_semua | Nama : lihat_dokumen_packinglist @ https://phbidlautdemo.prahu-hub.com/home/detailHakAksesBidowner/164:8380
[  222742ms] [LOG] Modul : modul_daftar_order_pilih_semua | Nama : download_dokumen_packinglist @ https://phbidlautdemo.prahu-hub.com/home/detailHakAksesBidowner/164:8385
[  222743ms] [LOG] Modul : modul_daftar_order_pilih_semua | Nama : lihat_kontrak @ https://phbidlautdemo.prahu-hub.com/home/detailHakAksesBidowner/164:8390
[  222744ms] [LOG] Modul : modul_daftar_order_pilih_semua | Nama : export_kontrak @ https://phbidlautdemo.prahu-hub.com/home/detailHakAksesBidowner/164:8395
[  222745ms] [LOG] Modul : modul_daftar_order_pilih_semua | Nama : download_dokumen_kontrak @ https://phbidlautdemo.prahu-hub.com/home/detailHakAksesBidowner/164:8400
[  222745ms] [LOG] Modul : modul_daftar_order_pilih_semua | Nama : lihat_data_tracking @ https://phbidlautdemo.prahu-hub.com/home/detailHakAksesBidowner/164:8405
[  222746ms] [LOG] Modul : modul_daftar_order_pilih_semua | Nama : lihat_detail_data_tracking @ https://phbidlautdemo.prahu-hub.com/home/detailHakAksesBidowner/164:8410
[  222747ms] [LOG] Modul : modul_daftar_order_pilih_semua | Nama : lihat_rating @ https://phbidlautdemo.prahu-hub.com/home/detailHakAksesBidowner/164:8415
[  222748ms] [LOG] Modul : modul_cek_jadwal_pelayaran_pilih_semua | Nama : lihat_jadwal_pelayaran @ https://phbidlautdemo.prahu-hub.com/home/detailHakAksesBidowner/164:8420
[  222749ms] [LOG] Modul : modul_laporan_pilih_semua | Nama : lihat_history_lelang @ https://phbidlautdemo.prahu-hub.com/home/detailHakAksesBidowner/164:8425
[  222751ms] [LOG] Modul : modul_laporan_pilih_semua | Nama : detail_export_history_lelang @ https://phbidlautdemo.prahu-hub.com/home/detailHakAksesBidowner/164:8430
[  222751ms] [LOG] Modul : modul_laporan_pilih_semua | Nama : lihat_laporan_logistik @ https://phbidlautdemo.prahu-hub.com/home/detailHakAksesBidowner/164:8435
[  222752ms] [LOG] Modul : modul_laporan_pilih_semua | Nama : detail_laporan_logistik @ https://phbidlautdemo.prahu-hub.com/home/detailHakAksesBidowner/164:8440
[  222752ms] [LOG] Modul : modul_laporan_pilih_semua | Nama : export_excel_laporan_logistik @ https://phbidlautdemo.prahu-hub.com/home/detailHakAksesBidowner/164:8445
[  222753ms] [LOG] Modul : modul_dasboard | Nama : lihat_dashboardmonitoring @ https://phbidlautdemo.prahu-hub.com/home/detailHakAksesBidowner/164:8450
[  222754ms] [LOG] Modul : modul_dasboard | Nama : export_excelmonitoring @ https://phbidlautdemo.prahu-hub.com/home/detailHakAksesBidowner/164:8455
[  222755ms] [LOG] Modul : modul_dasboard | Nama : frekuensi_pengiriman @ https://phbidlautdemo.prahu-hub.com/home/detailHakAksesBidowner/164:8460
[  222755ms] [LOG] Modul : modul_dasboard | Nama : lihat_grafikpengiriman @ https://phbidlautdemo.prahu-hub.com/home/detailHakAksesBidowner/164:8465
[  222756ms] [LOG] Modul : modul_pengaturan_akun_pilih_semua | Nama : lihat_daftar_hak_akses_bidowner @ https://phbidlautdemo.prahu-hub.com/home/detailHakAksesBidowner/164:8470
[  222758ms] [LOG] Modul : modul_pengaturan_akun_pilih_semua | Nama : detail_hak_akses_bidowner @ https://phbidlautdemo.prahu-hub.com/home/detailHakAksesBidowner/164:8475
[  222758ms] [LOG] Modul : modul_pengaturan_akun_pilih_semua | Nama : lihat_daftar_sub_user_bidowner @ https://phbidlautdemo.prahu-hub.com/home/detailHakAksesBidowner/164:8480
[  222759ms] [LOG] Modul : modul_pengaturan_akun_pilih_semua | Nama : tambah_sub_user_bidowner @ https://phbidlautdemo.prahu-hub.com/home/detailHakAksesBidowner/164:8485
[  222759ms] [LOG] Modul : modul_pengaturan_akun_pilih_semua | Nama : detail_sub_user_bidowner @ https://phbidlautdemo.prahu-hub.com/home/detailHakAksesBidowner/164:8490
[  222760ms] [LOG] Modul : modul_pengaturan_akun_pilih_semua | Nama : edit_sub_user_bidowner @ https://phbidlautdemo.prahu-hub.com/home/detailHakAksesBidowner/164:8495
[  222761ms] [LOG] Modul : modul_pengaturan_akun_pilih_semua | Nama : hapus_sub_user_bidowner @ https://phbidlautdemo.prahu-hub.com/home/detailHakAksesBidowner/164:8500
[  222761ms] [LOG] Modul : modul_preference_subuser_pilih_semua | Nama : daftar_preference_notif_subuser @ https://phbidlautdemo.prahu-hub.com/home/detailHakAksesBidowner/164:8505
[  222762ms] [LOG] Modul : modul_notifikasi_pilih_semua | Nama : nego_diterima_sistem_sub @ https://phbidlautdemo.prahu-hub.com/home/detailHakAksesBidowner/164:8510
[  222764ms] [LOG] Modul : modul_notifikasi_pilih_semua | Nama : nego_ditolak_sistem_sub @ https://phbidlautdemo.prahu-hub.com/home/detailHakAksesBidowner/164:8515
[  222765ms] [LOG] Modul : modul_notifikasi_pilih_semua | Nama : nego_dicounter_sistem_sub @ https://phbidlautdemo.prahu-hub.com/home/detailHakAksesBidowner/164:8520
[  222765ms] [LOG] Modul : modul_notifikasi_pilih_semua | Nama : perjanjian_pengiriman_diterima_sistem_sub @ https://phbidlautdemo.prahu-hub.com/home/detailHakAksesBidowner/164:8525
[  222766ms] [LOG] Modul : modul_notifikasi_pilih_semua | Nama : perjanjian_pengiriman_ditolak_sistem_sub @ https://phbidlautdemo.prahu-hub.com/home/detailHakAksesBidowner/164:8530
[  222767ms] [LOG] Modul : modul_notifikasi_pilih_semua | Nama : kelengkapan_data_unit_sistem_sub @ https://phbidlautdemo.prahu-hub.com/home/detailHakAksesBidowner/164:8535
[  222767ms] [LOG] Modul : modul_notifikasi_pilih_semua | Nama : perubahan_jadwal_sistem_sub @ https://phbidlautdemo.prahu-hub.com/home/detailHakAksesBidowner/164:8540
[  222768ms] [LOG] Modul : modul_notifikasi_pilih_semua | Nama : stuffing_sistem_sub @ https://phbidlautdemo.prahu-hub.com/home/detailHakAksesBidowner/164:8545
[  222768ms] [LOG] Modul : modul_notifikasi_pilih_semua | Nama : kapal_berlayar_sistem_sub @ https://phbidlautdemo.prahu-hub.com/home/detailHakAksesBidowner/164:8550
[  222769ms] [LOG] Modul : modul_notifikasi_pilih_semua | Nama : kapal_sandar_sistem_sub @ https://phbidlautdemo.prahu-hub.com/home/detailHakAksesBidowner/164:8555
[  222770ms] [LOG] Modul : modul_notifikasi_pilih_semua | Nama : rencana_dooring_sistem_sub @ https://phbidlautdemo.prahu-hub.com/home/detailHakAksesBidowner/164:8560
[  222771ms] [LOG] Modul : modul_notifikasi_pilih_semua | Nama : dooring_sistem_sub @ https://phbidlautdemo.prahu-hub.com/home/detailHakAksesBidowner/164:8565
[  222771ms] [LOG] Modul : modul_notifikasi_pilih_semua | Nama : dokumen_dikirim_sistem_sub @ https://phbidlautdemo.prahu-hub.com/home/detailHakAksesBidowner/164:8570
[  222772ms] [LOG] Modul : modul_notifikasi_pilih_semua | Nama : jadwal_tersedia_sistem_sub @ https://phbidlautdemo.prahu-hub.com/home/detailHakAksesBidowner/164:8575
[  222773ms] [LOG] Modul : modul_notifikasi_pilih_semua | Nama : notifikasi_perubahan_data_diterima_bcc @ https://phbidlautdemo.prahu-hub.com/home/detailHakAksesBidowner/164:8580
[  222773ms] [LOG] Modul : modul_notifikasi_pilih_semua | Nama : notifikasi_perubahan_data_ditolak_bcc @ https://phbidlautdemo.prahu-hub.com/home/detailHakAksesBidowner/164:8585
[  222773ms] [LOG] Modul : modul_notifikasi_pilih_semua | Nama : notifikasi_perjanjian_pengiriman_diterima_bcc @ https://phbidlautdemo.prahu-hub.com/home/detailHakAksesBidowner/164:8590
[  222774ms] [LOG] Modul : modul_notifikasi_pilih_semua | Nama : notifikasi_perjanjian_pengiriman_ditolak_bcc @ https://phbidlautdemo.prahu-hub.com/home/detailHakAksesBidowner/164:8595
[  222775ms] [LOG] Modul : modul_notifikasi_pilih_semua | Nama : notifikasi_kelengkapan_data_unit_bcc @ https://phbidlautdemo.prahu-hub.com/home/detailHakAksesBidowner/164:8600
[  222775ms] [LOG] Modul : modul_notifikasi_pilih_semua | Nama : notifikasi_perubahan_jadwal_bcc @ https://phbidlautdemo.prahu-hub.com/home/detailHakAksesBidowner/164:8605
[  222779ms] [LOG] undefined @ https://phbidlautdemo.prahu-hub.com/home/detailHakAksesBidowner/164:9379
[  222779ms] [LOG] undefined @ https://phbidlautdemo.prahu-hub.com/home/detailHakAksesBidowner/164:9379
[  222779ms] [LOG] undefined @ https://phbidlautdemo.prahu-hub.com/home/detailHakAksesBidowner/164:9379
[  222779ms] [LOG] undefined @ https://phbidlautdemo.prahu-hub.com/home/detailHakAksesBidowner/164:9379
[  222779ms] [LOG] undefined @ https://phbidlautdemo.prahu-hub.com/home/detailHakAksesBidowner/164:9379
[  222779ms] [LOG] undefined @ https://phbidlautdemo.prahu-hub.com/home/detailHakAksesBidowner/164:9379
[  222779ms] [LOG] undefined @ https://phbidlautdemo.prahu-hub.com/home/detailHakAksesBidowner/164:9379
[  222779ms] [LOG] undefined @ https://phbidlautdemo.prahu-hub.com/home/detailHakAksesBidowner/164:9379
[  222779ms] [LOG] undefined @ https://phbidlautdemo.prahu-hub.com/home/detailHakAksesBidowner/164:9379
[  222780ms] [LOG] undefined @ https://phbidlautdemo.prahu-hub.com/home/detailHakAksesBidowner/164:9379
[  222780ms] [LOG] undefined @ https://phbidlautdemo.prahu-hub.com/home/detailHakAksesBidowner/164:9379
[  222780ms] [LOG] undefined @ https://phbidlautdemo.prahu-hub.com/home/detailHakAksesBidowner/164:9379
[  222780ms] [LOG] undefined @ https://phbidlautdemo.prahu-hub.com/home/detailHakAksesBidowner/164:9379
[  222780ms] [LOG] undefined @ https://phbidlautdemo.prahu-hub.com/home/detailHakAksesBidowner/164:9379
[  222780ms] [LOG] undefined @ https://phbidlautdemo.prahu-hub.com/home/detailHakAksesBidowner/164:9379
[  222780ms] [LOG] undefined @ https://phbidlautdemo.prahu-hub.com/home/detailHakAksesBidowner/164:9379
[  222781ms] [LOG] undefined @ https://phbidlautdemo.prahu-hub.com/home/detailHakAksesBidowner/164:9379
[  222781ms] [LOG] undefined @ https://phbidlautdemo.prahu-hub.com/home/detailHakAksesBidowner/164:9379
[  222781ms] [LOG] undefined @ https://phbidlautdemo.prahu-hub.com/home/detailHakAksesBidowner/164:9379
[  222781ms] [LOG] undefined @ https://phbidlautdemo.prahu-hub.com/home/detailHakAksesBidowner/164:9379
[  222781ms] [LOG] undefined @ https://phbidlautdemo.prahu-hub.com/home/detailHakAksesBidowner/164:9379
[  222781ms] [LOG] undefined @ https://phbidlautdemo.prahu-hub.com/home/detailHakAksesBidowner/164:9379
[  222781ms] [LOG] undefined @ https://phbidlautdemo.prahu-hub.com/home/detailHakAksesBidowner/164:9379
[  222781ms] [LOG] undefined @ https://phbidlautdemo.prahu-hub.com/home/detailHakAksesBidowner/164:9379
[  222782ms] [LOG] undefined @ https://phbidlautdemo.prahu-hub.com/home/detailHakAksesBidowner/164:9379
[  222782ms] [LOG] undefined @ https://phbidlautdemo.prahu-hub.com/home/detailHakAksesBidowner/164:9379
[  222782ms] [LOG] undefined @ https://phbidlautdemo.prahu-hub.com/home/detailHakAksesBidowner/164:9379
[  222782ms] [LOG] undefined @ https://phbidlautdemo.prahu-hub.com/home/detailHakAksesBidowner/164:9379
[  222782ms] [LOG] undefined @ https://phbidlautdemo.prahu-hub.com/home/detailHakAksesBidowner/164:9379
[  222782ms] [LOG] undefined @ https://phbidlautdemo.prahu-hub.com/home/detailHakAksesBidowner/164:9379
[  222782ms] [LOG] undefined @ https://phbidlautdemo.prahu-hub.com/home/detailHakAksesBidowner/164:9379
[  222782ms] [LOG] undefined @ https://phbidlautdemo.prahu-hub.com/home/detailHakAksesBidowner/164:9379
[  222782ms] [LOG] undefined @ https://phbidlautdemo.prahu-hub.com/home/detailHakAksesBidowner/164:9379
[  222783ms] [LOG] undefined @ https://phbidlautdemo.prahu-hub.com/home/detailHakAksesBidowner/164:9379
[  222783ms] [LOG] undefined @ https://phbidlautdemo.prahu-hub.com/home/detailHakAksesBidowner/164:9379
[  222783ms] [LOG] undefined @ https://phbidlautdemo.prahu-hub.com/home/detailHakAksesBidowner/164:9379
[  222783ms] [LOG] undefined @ https://phbidlautdemo.prahu-hub.com/home/detailHakAksesBidowner/164:9379
[  222783ms] [LOG] undefined @ https://phbidlautdemo.prahu-hub.com/home/detailHakAksesBidowner/164:9379
[  222783ms] [LOG] undefined @ https://phbidlautdemo.prahu-hub.com/home/detailHakAksesBidowner/164:9379
[  222783ms] [LOG] undefined @ https://phbidlautdemo.prahu-hub.com/home/detailHakAksesBidowner/164:9379
[  222783ms] [LOG] undefined @ https://phbidlautdemo.prahu-hub.com/home/detailHakAksesBidowner/164:9379
[  222784ms] [LOG] undefined @ https://phbidlautdemo.prahu-hub.com/home/detailHakAksesBidowner/164:9379
[  222784ms] [LOG] undefined @ https://phbidlautdemo.prahu-hub.com/home/detailHakAksesBidowner/164:9379
[  222784ms] [LOG] undefined @ https://phbidlautdemo.prahu-hub.com/home/detailHakAksesBidowner/164:9379
[  222784ms] [LOG] undefined @ https://phbidlautdemo.prahu-hub.com/home/detailHakAksesBidowner/164:9379
[  222784ms] [LOG] undefined @ https://phbidlautdemo.prahu-hub.com/home/detailHakAksesBidowner/164:9379
[  222784ms] [LOG] undefined @ https://phbidlautdemo.prahu-hub.com/home/detailHakAksesBidowner/164:9379
[  222784ms] [LOG] undefined @ https://phbidlautdemo.prahu-hub.com/home/detailHakAksesBidowner/164:9379
[  222784ms] [LOG] undefined @ https://phbidlautdemo.prahu-hub.com/home/detailHakAksesBidowner/164:9379
[  222785ms] [LOG] undefined @ https://phbidlautdemo.prahu-hub.com/home/detailHakAksesBidowner/164:9379
[  222785ms] [LOG] undefined @ https://phbidlautdemo.prahu-hub.com/home/detailHakAksesBidowner/164:9379
[  222785ms] [LOG] undefined @ https://phbidlautdemo.prahu-hub.com/home/detailHakAksesBidowner/164:9379
[  222785ms] [LOG] undefined @ https://phbidlautdemo.prahu-hub.com/home/detailHakAksesBidowner/164:9379
[  222785ms] [LOG] undefined @ https://phbidlautdemo.prahu-hub.com/home/detailHakAksesBidowner/164:9379
[  222785ms] [LOG] undefined @ https://phbidlautdemo.prahu-hub.com/home/detailHakAksesBidowner/164:9379
[  222785ms] [LOG] undefined @ https://phbidlautdemo.prahu-hub.com/home/detailHakAksesBidowner/164:9379
[  222785ms] [LOG] undefined @ https://phbidlautdemo.prahu-hub.com/home/detailHakAksesBidowner/164:9379
[  222786ms] [LOG] undefined @ https://phbidlautdemo.prahu-hub.com/home/detailHakAksesBidowner/164:9379
[  222786ms] [LOG] undefined @ https://phbidlautdemo.prahu-hub.com/home/detailHakAksesBidowner/164:9379
[  222786ms] [LOG] undefined @ https://phbidlautdemo.prahu-hub.com/home/detailHakAksesBidowner/164:9379
[  222786ms] [LOG] undefined @ https://phbidlautdemo.prahu-hub.com/home/detailHakAksesBidowner/164:9379
[  222786ms] [LOG] undefined @ https://phbidlautdemo.prahu-hub.com/home/detailHakAksesBidowner/164:9379
[  222786ms] [LOG] undefined @ https://phbidlautdemo.prahu-hub.com/home/detailHakAksesBidowner/164:9379
[  222786ms] [LOG] undefined @ https://phbidlautdemo.prahu-hub.com/home/detailHakAksesBidowner/164:9379
[  222786ms] [LOG] undefined @ https://phbidlautdemo.prahu-hub.com/home/detailHakAksesBidowner/164:9379
[  222786ms] [LOG] undefined @ https://phbidlautdemo.prahu-hub.com/home/detailHakAksesBidowner/164:9379
[  222786ms] [LOG] undefined @ https://phbidlautdemo.prahu-hub.com/home/detailHakAksesBidowner/164:9379
[  222787ms] [LOG] undefined @ https://phbidlautdemo.prahu-hub.com/home/detailHakAksesBidowner/164:9379
[  222787ms] [LOG] undefined @ https://phbidlautdemo.prahu-hub.com/home/detailHakAksesBidowner/164:9379
[  222787ms] [LOG] undefined @ https://phbidlautdemo.prahu-hub.com/home/detailHakAksesBidowner/164:9379
[  222787ms] [LOG] undefined @ https://phbidlautdemo.prahu-hub.com/home/detailHakAksesBidowner/164:9379
[  222787ms] [LOG] undefined @ https://phbidlautdemo.prahu-hub.com/home/detailHakAksesBidowner/164:9379
[  222787ms] [LOG] undefined @ https://phbidlautdemo.prahu-hub.com/home/detailHakAksesBidowner/164:9379
[  222787ms] [LOG] undefined @ https://phbidlautdemo.prahu-hub.com/home/detailHakAksesBidowner/164:9379
[  222787ms] [LOG] undefined @ https://phbidlautdemo.prahu-hub.com/home/detailHakAksesBidowner/164:9379
[  222787ms] [LOG] undefined @ https://phbidlautdemo.prahu-hub.com/home/detailHakAksesBidowner/164:9379
[  222787ms] [LOG] undefined @ https://phbidlautdemo.prahu-hub.com/home/detailHakAksesBidowner/164:9379
[  222787ms] [LOG] undefined @ https://phbidlautdemo.prahu-hub.com/home/detailHakAksesBidowner/164:9379
[  222787ms] [LOG] undefined @ https://phbidlautdemo.prahu-hub.com/home/detailHakAksesBidowner/164:9379
[  222787ms] [LOG] undefined @ https://phbidlautdemo.prahu-hub.com/home/detailHakAksesBidowner/164:9379
[  222787ms] [LOG] undefined @ https://phbidlautdemo.prahu-hub.com/home/detailHakAksesBidowner/164:9379
[  222788ms] [LOG] undefined @ https://phbidlautdemo.prahu-hub.com/home/detailHakAksesBidowner/164:9379
[  222788ms] [LOG] undefined @ https://phbidlautdemo.prahu-hub.com/home/detailHakAksesBidowner/164:9379
[  222788ms] [LOG] undefined @ https://phbidlautdemo.prahu-hub.com/home/detailHakAksesBidowner/164:9379
[  222788ms] [LOG] undefined @ https://phbidlautdemo.prahu-hub.com/home/detailHakAksesBidowner/164:9379
[  222788ms] [LOG] undefined @ https://phbidlautdemo.prahu-hub.com/home/detailHakAksesBidowner/164:9379
[  222788ms] [LOG] undefined @ https://phbidlautdemo.prahu-hub.com/home/detailHakAksesBidowner/164:9379
[  222788ms] [LOG] undefined @ https://phbidlautdemo.prahu-hub.com/home/detailHakAksesBidowner/164:9379
[  222788ms] [LOG] undefined @ https://phbidlautdemo.prahu-hub.com/home/detailHakAksesBidowner/164:9379
[  222789ms] [LOG] undefined @ https://phbidlautdemo.prahu-hub.com/home/detailHakAksesBidowner/164:9379
[  222789ms] [LOG] undefined @ https://phbidlautdemo.prahu-hub.com/home/detailHakAksesBidowner/164:9379
[  222789ms] [LOG] undefined @ https://phbidlautdemo.prahu-hub.com/home/detailHakAksesBidowner/164:9379
[  222789ms] [LOG] undefined @ https://phbidlautdemo.prahu-hub.com/home/detailHakAksesBidowner/164:9379
[  222789ms] [LOG] undefined @ https://phbidlautdemo.prahu-hub.com/home/detailHakAksesBidowner/164:9379
[  222789ms] [LOG] undefined @ https://phbidlautdemo.prahu-hub.com/home/detailHakAksesBidowner/164:9379
[  222789ms] [LOG] undefined @ https://phbidlautdemo.prahu-hub.com/home/detailHakAksesBidowner/164:9379
[  222789ms] [LOG] undefined @ https://phbidlautdemo.prahu-hub.com/home/detailHakAksesBidowner/164:9379
[  222790ms] [LOG] undefined @ https://phbidlautdemo.prahu-hub.com/home/detailHakAksesBidowner/164:9379
[  222790ms] [LOG] undefined @ https://phbidlautdemo.prahu-hub.com/home/detailHakAksesBidowner/164:9379
[  222790ms] [LOG] undefined @ https://phbidlautdemo.prahu-hub.com/home/detailHakAksesBidowner/164:9379
[  222790ms] [LOG] undefined @ https://phbidlautdemo.prahu-hub.com/home/detailHakAksesBidowner/164:9379
[  222790ms] [LOG] undefined @ https://phbidlautdemo.prahu-hub.com/home/detailHakAksesBidowner/164:9379
[  222790ms] [LOG] undefined @ https://phbidlautdemo.prahu-hub.com/home/detailHakAksesBidowner/164:9379
[  222790ms] [LOG] undefined @ https://phbidlautdemo.prahu-hub.com/home/detailHakAksesBidowner/164:9379
[  222790ms] [LOG] undefined @ https://phbidlautdemo.prahu-hub.com/home/detailHakAksesBidowner/164:9379
[  222790ms] [LOG] undefined @ https://phbidlautdemo.prahu-hub.com/home/detailHakAksesBidowner/164:9379
[  222791ms] [LOG] undefined @ https://phbidlautdemo.prahu-hub.com/home/detailHakAksesBidowner/164:9379
[  222791ms] [LOG] undefined @ https://phbidlautdemo.prahu-hub.com/home/detailHakAksesBidowner/164:9379
[  222791ms] [LOG] undefined @ https://phbidlautdemo.prahu-hub.com/home/detailHakAksesBidowner/164:9379
[  222791ms] [LOG] undefined @ https://phbidlautdemo.prahu-hub.com/home/detailHakAksesBidowner/164:9379
[  222791ms] [LOG] undefined @ https://phbidlautdemo.prahu-hub.com/home/detailHakAksesBidowner/164:9379
[  222791ms] [LOG] undefined @ https://phbidlautdemo.prahu-hub.com/home/detailHakAksesBidowner/164:9379
[  222791ms] [LOG] undefined @ https://phbidlautdemo.prahu-hub.com/home/detailHakAksesBidowner/164:9379
[  222791ms] [LOG] undefined @ https://phbidlautdemo.prahu-hub.com/home/detailHakAksesBidowner/164:9379
[  222791ms] [LOG] undefined @ https://phbidlautdemo.prahu-hub.com/home/detailHakAksesBidowner/164:9379
[  222792ms] [LOG] undefined @ https://phbidlautdemo.prahu-hub.com/home/detailHakAksesBidowner/164:9379
[  222792ms] [LOG] undefined @ https://phbidlautdemo.prahu-hub.com/home/detailHakAksesBidowner/164:9379
[  222792ms] [LOG] undefined @ https://phbidlautdemo.prahu-hub.com/home/detailHakAksesBidowner/164:9379
[  222792ms] [LOG] undefined @ https://phbidlautdemo.prahu-hub.com/home/detailHakAksesBidowner/164:9379
[  222792ms] [LOG] undefined @ https://phbidlautdemo.prahu-hub.com/home/detailHakAksesBidowner/164:9379
[  222792ms] [LOG] undefined @ https://phbidlautdemo.prahu-hub.com/home/detailHakAksesBidowner/164:9379
[  222792ms] [LOG] undefined @ https://phbidlautdemo.prahu-hub.com/home/detailHakAksesBidowner/164:9379
[  222792ms] [LOG] undefined @ https://phbidlautdemo.prahu-hub.com/home/detailHakAksesBidowner/164:9379
[  222792ms] [LOG] undefined @ https://phbidlautdemo.prahu-hub.com/home/detailHakAksesBidowner/164:9379
[  222793ms] [LOG] undefined @ https://phbidlautdemo.prahu-hub.com/home/detailHakAksesBidowner/164:9379
[  222793ms] [LOG] undefined @ https://phbidlautdemo.prahu-hub.com/home/detailHakAksesBidowner/164:9379
[  222793ms] [LOG] undefined @ https://phbidlautdemo.prahu-hub.com/home/detailHakAksesBidowner/164:9379
[  222793ms] [LOG] undefined @ https://phbidlautdemo.prahu-hub.com/home/detailHakAksesBidowner/164:9379
[  222793ms] [LOG] undefined @ https://phbidlautdemo.prahu-hub.com/home/detailHakAksesBidowner/164:9379
[  222793ms] [LOG] undefined @ https://phbidlautdemo.prahu-hub.com/home/detailHakAksesBidowner/164:9379
[  222793ms] [LOG] undefined @ https://phbidlautdemo.prahu-hub.com/home/detailHakAksesBidowner/164:9379
[  222793ms] [LOG] undefined @ https://phbidlautdemo.prahu-hub.com/home/detailHakAksesBidowner/164:9379
[  222793ms] [LOG] undefined @ https://phbidlautdemo.prahu-hub.com/home/detailHakAksesBidowner/164:9379
[  222794ms] [LOG] undefined @ https://phbidlautdemo.prahu-hub.com/home/detailHakAksesBidowner/164:9379
[  222794ms] [LOG] undefined @ https://phbidlautdemo.prahu-hub.com/home/detailHakAksesBidowner/164:9379
[  222794ms] [LOG] undefined @ https://phbidlautdemo.prahu-hub.com/home/detailHakAksesBidowner/164:9379
[  222794ms] [LOG] undefined @ https://phbidlautdemo.prahu-hub.com/home/detailHakAksesBidowner/164:9379
[  222794ms] [LOG] undefined @ https://phbidlautdemo.prahu-hub.com/home/detailHakAksesBidowner/164:9379
[  222794ms] [LOG] undefined @ https://phbidlautdemo.prahu-hub.com/home/detailHakAksesBidowner/164:9379
[  222794ms] [LOG] undefined @ https://phbidlautdemo.prahu-hub.com/home/detailHakAksesBidowner/164:9379
[  222794ms] [LOG] undefined @ https://phbidlautdemo.prahu-hub.com/home/detailHakAksesBidowner/164:9379
[  222794ms] [LOG] undefined @ https://phbidlautdemo.prahu-hub.com/home/detailHakAksesBidowner/164:9379
[  222794ms] [LOG] undefined @ https://phbidlautdemo.prahu-hub.com/home/detailHakAksesBidowner/164:9379
[  222795ms] [LOG] undefined @ https://phbidlautdemo.prahu-hub.com/home/detailHakAksesBidowner/164:9379
[  222795ms] [LOG] undefined @ https://phbidlautdemo.prahu-hub.com/home/detailHakAksesBidowner/164:9379
[  222795ms] [LOG] undefined @ https://phbidlautdemo.prahu-hub.com/home/detailHakAksesBidowner/164:9379
[  222795ms] [LOG] undefined @ https://phbidlautdemo.prahu-hub.com/home/detailHakAksesBidowner/164:9379
[  222795ms] [LOG] undefined @ https://phbidlautdemo.prahu-hub.com/home/detailHakAksesBidowner/164:9379
[  222795ms] [LOG] undefined @ https://phbidlautdemo.prahu-hub.com/home/detailHakAksesBidowner/164:9379
[  222796ms] [LOG] undefined @ https://phbidlautdemo.prahu-hub.com/home/detailHakAksesBidowner/164:9379
[  222796ms] [LOG] undefined @ https://phbidlautdemo.prahu-hub.com/home/detailHakAksesBidowner/164:9379
[  222796ms] [LOG] undefined @ https://phbidlautdemo.prahu-hub.com/home/detailHakAksesBidowner/164:9379
[  222796ms] [LOG] undefined @ https://phbidlautdemo.prahu-hub.com/home/detailHakAksesBidowner/164:9379
[  222796ms] [LOG] undefined @ https://phbidlautdemo.prahu-hub.com/home/detailHakAksesBidowner/164:9379
[  222796ms] [LOG] undefined @ https://phbidlautdemo.prahu-hub.com/home/detailHakAksesBidowner/164:9379
[  222796ms] [LOG] undefined @ https://phbidlautdemo.prahu-hub.com/home/detailHakAksesBidowner/164:9379
[  222796ms] [LOG] undefined @ https://phbidlautdemo.prahu-hub.com/home/detailHakAksesBidowner/164:9379
[  222797ms] [LOG] undefined @ https://phbidlautdemo.prahu-hub.com/home/detailHakAksesBidowner/164:9379
[  222797ms] [LOG] undefined @ https://phbidlautdemo.prahu-hub.com/home/detailHakAksesBidowner/164:9379
[  222797ms] [LOG] undefined @ https://phbidlautdemo.prahu-hub.com/home/detailHakAksesBidowner/164:9379
[  222797ms] [LOG] undefined @ https://phbidlautdemo.prahu-hub.com/home/detailHakAksesBidowner/164:9379
[  222797ms] [LOG] undefined @ https://phbidlautdemo.prahu-hub.com/home/detailHakAksesBidowner/164:9379
[  222797ms] [LOG] undefined @ https://phbidlautdemo.prahu-hub.com/home/detailHakAksesBidowner/164:9379
[  222797ms] [LOG] undefined @ https://phbidlautdemo.prahu-hub.com/home/detailHakAksesBidowner/164:9379
[  222797ms] [LOG] undefined @ https://phbidlautdemo.prahu-hub.com/home/detailHakAksesBidowner/164:9379
[  222797ms] [LOG] undefined @ https://phbidlautdemo.prahu-hub.com/home/detailHakAksesBidowner/164:9379
[  222798ms] [LOG] undefined @ https://phbidlautdemo.prahu-hub.com/home/detailHakAksesBidowner/164:9379
[  222798ms] [LOG] undefined @ https://phbidlautdemo.prahu-hub.com/home/detailHakAksesBidowner/164:9379
[  222798ms] [LOG] undefined @ https://phbidlautdemo.prahu-hub.com/home/detailHakAksesBidowner/164:9379
[  222798ms] [LOG] undefined @ https://phbidlautdemo.prahu-hub.com/home/detailHakAksesBidowner/164:9379
[  222798ms] [LOG] undefined @ https://phbidlautdemo.prahu-hub.com/home/detailHakAksesBidowner/164:9379
[  222798ms] [LOG] undefined @ https://phbidlautdemo.prahu-hub.com/home/detailHakAksesBidowner/164:9379
[  222798ms] [LOG] undefined @ https://phbidlautdemo.prahu-hub.com/home/detailHakAksesBidowner/164:9379
[  222799ms] [LOG] undefined @ https://phbidlautdemo.prahu-hub.com/home/detailHakAksesBidowner/164:9379
[  222799ms] [LOG] undefined @ https://phbidlautdemo.prahu-hub.com/home/detailHakAksesBidowner/164:9379
[  222799ms] [LOG] undefined @ https://phbidlautdemo.prahu-hub.com/home/detailHakAksesBidowner/164:9379
[  222799ms] [LOG] undefined @ https://phbidlautdemo.prahu-hub.com/home/detailHakAksesBidowner/164:9379
[  222799ms] [LOG] undefined @ https://phbidlautdemo.prahu-hub.com/home/detailHakAksesBidowner/164:9379
[  222799ms] [LOG] undefined @ https://phbidlautdemo.prahu-hub.com/home/detailHakAksesBidowner/164:9379
[  222799ms] [LOG] undefined @ https://phbidlautdemo.prahu-hub.com/home/detailHakAksesBidowner/164:9379
[  222799ms] [LOG] undefined @ https://phbidlautdemo.prahu-hub.com/home/detailHakAksesBidowner/164:9379
[  222799ms] [LOG] undefined @ https://phbidlautdemo.prahu-hub.com/home/detailHakAksesBidowner/164:9379
[  222799ms] [LOG] undefined @ https://phbidlautdemo.prahu-hub.com/home/detailHakAksesBidowner/164:9379
[  222800ms] [LOG] undefined @ https://phbidlautdemo.prahu-hub.com/home/detailHakAksesBidowner/164:9379
[  222800ms] [LOG] undefined @ https://phbidlautdemo.prahu-hub.com/home/detailHakAksesBidowner/164:9379
[  222800ms] [LOG] undefined @ https://phbidlautdemo.prahu-hub.com/home/detailHakAksesBidowner/164:9379
[  222800ms] [LOG] undefined @ https://phbidlautdemo.prahu-hub.com/home/detailHakAksesBidowner/164:9379
[  222800ms] [LOG] undefined @ https://phbidlautdemo.prahu-hub.com/home/detailHakAksesBidowner/164:9379
[  222800ms] [LOG] undefined @ https://phbidlautdemo.prahu-hub.com/home/detailHakAksesBidowner/164:9379
[  222800ms] [LOG] undefined @ https://phbidlautdemo.prahu-hub.com/home/detailHakAksesBidowner/164:9379
[  222800ms] [LOG] undefined @ https://phbidlautdemo.prahu-hub.com/home/detailHakAksesBidowner/164:9379
[  222801ms] [LOG] undefined @ https://phbidlautdemo.prahu-hub.com/home/detailHakAksesBidowner/164:9379
[  222801ms] [LOG] undefined @ https://phbidlautdemo.prahu-hub.com/home/detailHakAksesBidowner/164:9379
[  222801ms] [LOG] undefined @ https://phbidlautdemo.prahu-hub.com/home/detailHakAksesBidowner/164:9379
[  222801ms] [LOG] undefined @ https://phbidlautdemo.prahu-hub.com/home/detailHakAksesBidowner/164:9379
[  222801ms] [LOG] undefined @ https://phbidlautdemo.prahu-hub.com/home/detailHakAksesBidowner/164:9379
[  222801ms] [LOG] undefined @ https://phbidlautdemo.prahu-hub.com/home/detailHakAksesBidowner/164:9379
[  222801ms] [LOG] undefined @ https://phbidlautdemo.prahu-hub.com/home/detailHakAksesBidowner/164:9379
[  222801ms] [LOG] undefined @ https://phbidlautdemo.prahu-hub.com/home/detailHakAksesBidowner/164:9379
[  222802ms] [LOG] undefined @ https://phbidlautdemo.prahu-hub.com/home/detailHakAksesBidowner/164:9379
[  222802ms] [LOG] undefined @ https://phbidlautdemo.prahu-hub.com/home/detailHakAksesBidowner/164:9379
[  222802ms] [LOG] undefined @ https://phbidlautdemo.prahu-hub.com/home/detailHakAksesBidowner/164:9379
[  222802ms] [LOG] undefined @ https://phbidlautdemo.prahu-hub.com/home/detailHakAksesBidowner/164:9379
[  222802ms] [LOG] undefined @ https://phbidlautdemo.prahu-hub.com/home/detailHakAksesBidowner/164:9379
[  222802ms] [LOG] undefined @ https://phbidlautdemo.prahu-hub.com/home/detailHakAksesBidowner/164:9379
[  222802ms] [LOG] undefined @ https://phbidlautdemo.prahu-hub.com/home/detailHakAksesBidowner/164:9379
[  222802ms] [LOG] undefined @ https://phbidlautdemo.prahu-hub.com/home/detailHakAksesBidowner/164:9379
[  222803ms] [LOG] undefined @ https://phbidlautdemo.prahu-hub.com/home/detailHakAksesBidowner/164:9379
[  222803ms] [LOG] undefined @ https://phbidlautdemo.prahu-hub.com/home/detailHakAksesBidowner/164:9379
[  222803ms] [LOG] undefined @ https://phbidlautdemo.prahu-hub.com/home/detailHakAksesBidowner/164:9379
[  222803ms] [LOG] undefined @ https://phbidlautdemo.prahu-hub.com/home/detailHakAksesBidowner/164:9379
[  222803ms] [LOG] undefined @ https://phbidlautdemo.prahu-hub.com/home/detailHakAksesBidowner/164:9379
[  222803ms] [LOG] undefined @ https://phbidlautdemo.prahu-hub.com/home/detailHakAksesBidowner/164:9379
[  222803ms] [LOG] undefined @ https://phbidlautdemo.prahu-hub.com/home/detailHakAksesBidowner/164:9379
[  222803ms] [LOG] undefined @ https://phbidlautdemo.prahu-hub.com/home/detailHakAksesBidowner/164:9379
[  222803ms] [LOG] undefined @ https://phbidlautdemo.prahu-hub.com/home/detailHakAksesBidowner/164:9379
[  222803ms] [LOG] undefined @ https://phbidlautdemo.prahu-hub.com/home/detailHakAksesBidowner/164:9379
[  222804ms] [LOG] undefined @ https://phbidlautdemo.prahu-hub.com/home/detailHakAksesBidowner/164:9379
[  222804ms] [LOG] undefined @ https://phbidlautdemo.prahu-hub.com/home/detailHakAksesBidowner/164:9379
[  222804ms] [LOG] undefined @ https://phbidlautdemo.prahu-hub.com/home/detailHakAksesBidowner/164:9379
[  222804ms] [LOG] undefined @ https://phbidlautdemo.prahu-hub.com/home/detailHakAksesBidowner/164:9379
[  222804ms] [LOG] undefined @ https://phbidlautdemo.prahu-hub.com/home/detailHakAksesBidowner/164:9379
[  222804ms] [LOG] undefined @ https://phbidlautdemo.prahu-hub.com/home/detailHakAksesBidowner/164:9379
[  222804ms] [LOG] undefined @ https://phbidlautdemo.prahu-hub.com/home/detailHakAksesBidowner/164:9379
[  222804ms] [LOG] undefined @ https://phbidlautdemo.prahu-hub.com/home/detailHakAksesBidowner/164:9379
[  222804ms] [LOG] undefined @ https://phbidlautdemo.prahu-hub.com/home/detailHakAksesBidowner/164:9379
[  222805ms] [LOG] undefined @ https://phbidlautdemo.prahu-hub.com/home/detailHakAksesBidowner/164:9379
[  222805ms] [LOG] undefined @ https://phbidlautdemo.prahu-hub.com/home/detailHakAksesBidowner/164:9379
[  222805ms] [LOG] undefined @ https://phbidlautdemo.prahu-hub.com/home/detailHakAksesBidowner/164:9379
[  222805ms] [LOG] undefined @ https://phbidlautdemo.prahu-hub.com/home/detailHakAksesBidowner/164:9379
[  222805ms] [LOG] undefined @ https://phbidlautdemo.prahu-hub.com/home/detailHakAksesBidowner/164:9379
[  222805ms] [LOG] undefined @ https://phbidlautdemo.prahu-hub.com/home/detailHakAksesBidowner/164:9379
[  222805ms] [LOG] undefined @ https://phbidlautdemo.prahu-hub.com/home/detailHakAksesBidowner/164:9379
[  222805ms] [LOG] undefined @ https://phbidlautdemo.prahu-hub.com/home/detailHakAksesBidowner/164:9379
[  222805ms] [LOG] undefined @ https://phbidlautdemo.prahu-hub.com/home/detailHakAksesBidowner/164:9379
[  222805ms] [LOG] undefined @ https://phbidlautdemo.prahu-hub.com/home/detailHakAksesBidowner/164:9379
[  222806ms] [LOG] undefined @ https://phbidlautdemo.prahu-hub.com/home/detailHakAksesBidowner/164:9379
[  222806ms] [LOG] undefined @ https://phbidlautdemo.prahu-hub.com/home/detailHakAksesBidowner/164:9379
[  222806ms] [LOG] undefined @ https://phbidlautdemo.prahu-hub.com/home/detailHakAksesBidowner/164:9379
[  222806ms] [LOG] undefined @ https://phbidlautdemo.prahu-hub.com/home/detailHakAksesBidowner/164:9379
[  222806ms] [LOG] undefined @ https://phbidlautdemo.prahu-hub.com/home/detailHakAksesBidowner/164:9379
[  222806ms] [LOG] undefined @ https://phbidlautdemo.prahu-hub.com/home/detailHakAksesBidowner/164:9379
[  222806ms] [LOG] undefined @ https://phbidlautdemo.prahu-hub.com/home/detailHakAksesBidowner/164:9379
[  222806ms] [LOG] undefined @ https://phbidlautdemo.prahu-hub.com/home/detailHakAksesBidowner/164:9379
[  222806ms] [LOG] undefined @ https://phbidlautdemo.prahu-hub.com/home/detailHakAksesBidowner/164:9379
[  222806ms] [LOG] undefined @ https://phbidlautdemo.prahu-hub.com/home/detailHakAksesBidowner/164:9379
[  222807ms] [LOG] undefined @ https://phbidlautdemo.prahu-hub.com/home/detailHakAksesBidowner/164:9379
[  222807ms] [LOG] undefined @ https://phbidlautdemo.prahu-hub.com/home/detailHakAksesBidowner/164:9379
[  222807ms] [LOG] undefined @ https://phbidlautdemo.prahu-hub.com/home/detailHakAksesBidowner/164:9379
[  222807ms] [LOG] undefined @ https://phbidlautdemo.prahu-hub.com/home/detailHakAksesBidowner/164:9379
[  222807ms] [LOG] undefined @ https://phbidlautdemo.prahu-hub.com/home/detailHakAksesBidowner/164:9379
[  222807ms] [LOG] undefined @ https://phbidlautdemo.prahu-hub.com/home/detailHakAksesBidowner/164:9379
[  222807ms] [LOG] undefined @ https://phbidlautdemo.prahu-hub.com/home/detailHakAksesBidowner/164:9379
[  222807ms] [LOG] undefined @ https://phbidlautdemo.prahu-hub.com/home/detailHakAksesBidowner/164:9379
[  222807ms] [LOG] undefined @ https://phbidlautdemo.prahu-hub.com/home/detailHakAksesBidowner/164:9379
[  222808ms] [LOG] undefined @ https://phbidlautdemo.prahu-hub.com/home/detailHakAksesBidowner/164:9379
[  222808ms] [LOG] undefined @ https://phbidlautdemo.prahu-hub.com/home/detailHakAksesBidowner/164:9379
[  222808ms] [LOG] undefined @ https://phbidlautdemo.prahu-hub.com/home/detailHakAksesBidowner/164:9379
[  222808ms] [LOG] undefined @ https://phbidlautdemo.prahu-hub.com/home/detailHakAksesBidowner/164:9379
[  222808ms] [LOG] undefined @ https://phbidlautdemo.prahu-hub.com/home/detailHakAksesBidowner/164:9379
[  222808ms] [LOG] undefined @ https://phbidlautdemo.prahu-hub.com/home/detailHakAksesBidowner/164:9379
[  222808ms] [LOG] undefined @ https://phbidlautdemo.prahu-hub.com/home/detailHakAksesBidowner/164:9379
[  222808ms] [LOG] undefined @ https://phbidlautdemo.prahu-hub.com/home/detailHakAksesBidowner/164:9379
[  222808ms] [LOG] undefined @ https://phbidlautdemo.prahu-hub.com/home/detailHakAksesBidowner/164:9379
[  222808ms] [LOG] undefined @ https://phbidlautdemo.prahu-hub.com/home/detailHakAksesBidowner/164:9379
[  222808ms] [LOG] undefined @ https://phbidlautdemo.prahu-hub.com/home/detailHakAksesBidowner/164:9379
[  222809ms] [LOG] undefined @ https://phbidlautdemo.prahu-hub.com/home/detailHakAksesBidowner/164:9379
[  222809ms] [LOG] undefined @ https://phbidlautdemo.prahu-hub.com/home/detailHakAksesBidowner/164:9379
[  222809ms] [LOG] undefined @ https://phbidlautdemo.prahu-hub.com/home/detailHakAksesBidowner/164:9379
[  222809ms] [LOG] undefined @ https://phbidlautdemo.prahu-hub.com/home/detailHakAksesBidowner/164:9379
[  222809ms] [LOG] undefined @ https://phbidlautdemo.prahu-hub.com/home/detailHakAksesBidowner/164:9379
[  222809ms] [LOG] undefined @ https://phbidlautdemo.prahu-hub.com/home/detailHakAksesBidowner/164:9379
[  222809ms] [LOG] undefined @ https://phbidlautdemo.prahu-hub.com/home/detailHakAksesBidowner/164:9379
[  222810ms] [LOG] WebSocket connection @ https://phbidlautdemo.prahu-hub.com/home/detailHakAksesBidowner/164:9422
[  222810ms] [LOG] WebSocket connection attempting... @ https://phbidlautdemo.prahu-hub.com/home/detailHakAksesBidowner/164:9500
[  222902ms] [LOG] WebSocket connected @ https://phbidlautdemo.prahu-hub.com/home/detailHakAksesBidowner/164:9431
[  222909ms] [LOG] update_dashboard_order_laut @ https://phbidlautdemo.prahu-hub.com/home/detailHakAksesBidowner/164:9472
[  222929ms] [LOG] Connected @ https://phbidlautdemo.prahu-hub.com/home/detailHakAksesBidowner/164:9472
[  223009ms] [LOG] 200 xhrglobal @ https://phbidlautdemo.prahu-hub.com/home/detailHakAksesBidowner/164:9353
[  223061ms] [LOG] 200 xhrglobal @ https://phbidlautdemo.prahu-hub.com/home/detailHakAksesBidowner/164:9353
[  224727ms] TypeError: $(...).DataTable is not a function
    at https://phbidlautdemo.prahu-hub.com/_resources/themes/prahutheme/js/scripts-init/tables.js:7:23
[  225554ms] Cannot use import statement outside a module
[  225599ms] ReferenceError: Chart is not defined
    at https://phbidlautdemo.prahu-hub.com/_resources/themes/prahutheme/js/scripts-init/charts/chartjs.js:8:13
[  225643ms] Unexpected token '<'
[  225774ms] Unexpected token '<'
[  225806ms] Uncaught TypeError: expect element to be DOM Element, but got null
    at n.init (https://cdnjs.cloudflare.com/ajax/libs/smooth-scrollbar/8.5.2/smooth-scrollbar.js:24:264)
    at <anonymous> (https://phbidlautdemo.prahu-hub.com/home/subuser_detail/231?classname=shipper_data:5005:14)
[  225824ms] [LOG] Pengaturan Akunnamanya @ https://phbidlautdemo.prahu-hub.com/home/subuser_detail/231?classname=shipper_data:1877
[  225830ms] [LOG] WebSocket connection @ https://phbidlautdemo.prahu-hub.com/home/subuser_detail/231?classname=shipper_data:5401
[  225830ms] [LOG] WebSocket connection attempting... @ https://phbidlautdemo.prahu-hub.com/home/subuser_detail/231?classname=shipper_data:5479
[  225930ms] [LOG] WebSocket connected @ https://phbidlautdemo.prahu-hub.com/home/subuser_detail/231?classname=shipper_data:5410
[  225936ms] [LOG] update_dashboard_order_laut @ https://phbidlautdemo.prahu-hub.com/home/subuser_detail/231?classname=shipper_data:5451
[  225959ms] [LOG] Connected @ https://phbidlautdemo.prahu-hub.com/home/subuser_detail/231?classname=shipper_data:5451
[  226071ms] [LOG] 200 xhrglobal @ https://phbidlautdemo.prahu-hub.com/home/subuser_detail/231?classname=shipper_data:5332
[  226152ms] [LOG] 200 xhrglobal @ https://phbidlautdemo.prahu-hub.com/home/subuser_detail/231?classname=shipper_data:5332
[  227465ms] [LOG] Connected @ https://phbidlautdemo.prahu-hub.com/home/subuser_detail/231?classname=shipper_data:5451
[  227827ms] TypeError: $(...).DataTable is not a function
    at https://phbidlautdemo.prahu-hub.com/_resources/themes/prahutheme/js/scripts-init/tables.js:7:23
[  228336ms] [LOG] Connected @ https://phbidlautdemo.prahu-hub.com/home/subuser_detail/231?classname=shipper_data:5451
[  229486ms] [LOG] Connected @ https://phbidlautdemo.prahu-hub.com/home/subuser_detail/231?classname=shipper_data:5451
[  230549ms] [LOG] Connected @ https://phbidlautdemo.prahu-hub.com/home/subuser_detail/231?classname=shipper_data:5451
[  230652ms] [LOG] Connected @ https://phbidlautdemo.prahu-hub.com/home/subuser_detail/231?classname=shipper_data:5451
[  231847ms] [LOG] Connected @ https://phbidlautdemo.prahu-hub.com/home/subuser_detail/231?classname=shipper_data:5451
[  231977ms] [LOG] Connected @ https://phbidlautdemo.prahu-hub.com/home/subuser_detail/231?classname=shipper_data:5451
[  233034ms] [LOG] Connected @ https://phbidlautdemo.prahu-hub.com/home/subuser_detail/231?classname=shipper_data:5451
[  234340ms] [LOG] Connected @ https://phbidlautdemo.prahu-hub.com/home/subuser_detail/231?classname=shipper_data:5451
[  235496ms] [LOG] Connected @ https://phbidlautdemo.prahu-hub.com/home/subuser_detail/231?classname=shipper_data:5451
[  236850ms] [LOG] Connected @ https://phbidlautdemo.prahu-hub.com/home/subuser_detail/231?classname=shipper_data:5451
[  238094ms] [LOG] Connected @ https://phbidlautdemo.prahu-hub.com/home/subuser_detail/231?classname=shipper_data:5451
[  239443ms] [LOG] Connected @ https://phbidlautdemo.prahu-hub.com/home/subuser_detail/231?classname=shipper_data:5451
[  240586ms] [LOG] Connected @ https://phbidlautdemo.prahu-hub.com/home/subuser_detail/231?classname=shipper_data:5451
[  242112ms] [LOG] Connected @ https://phbidlautdemo.prahu-hub.com/home/subuser_detail/231?classname=shipper_data:5451
[  243411ms] [LOG] Connected @ https://phbidlautdemo.prahu-hub.com/home/subuser_detail/231?classname=shipper_data:5451
[  244449ms] [LOG] Connected @ https://phbidlautdemo.prahu-hub.com/home/subuser_detail/231?classname=shipper_data:5451
[  245550ms] [LOG] Connected @ https://phbidlautdemo.prahu-hub.com/home/subuser_detail/231?classname=shipper_data:5451
[  246659ms] [LOG] Connected @ https://phbidlautdemo.prahu-hub.com/home/subuser_detail/231?classname=shipper_data:5451
[  247064ms] [LOG] Connected @ https://phbidlautdemo.prahu-hub.com/home/subuser_detail/231?classname=shipper_data:5451
[  247870ms] [LOG] Connected @ https://phbidlautdemo.prahu-hub.com/home/subuser_detail/231?classname=shipper_data:5451
[  248930ms] [LOG] Connected @ https://phbidlautdemo.prahu-hub.com/home/subuser_detail/231?classname=shipper_data:5451
