[    1482ms] Cannot use import statement outside a module
[    1490ms] ReferenceError: Chart is not defined
    at https://phbidlautdemo.prahu-hub.com/_resources/themes/prahutheme/js/scripts-init/charts/chartjs.js:8:13
[    1701ms] Unexpected token '<'
[    1701ms] Unexpected token '<'
[    1757ms] Uncaught TypeError: expect element to be DOM Element, but got null
    at n.init (https://cdnjs.cloudflare.com/ajax/libs/smooth-scrollbar/8.5.2/smooth-scrollbar.js:24:264)
    at <anonymous> (https://phbidlautdemo.prahu-hub.com/order/orderlist:8239:14)
[    1786ms] [LOG] 1 @ https://phbidlautdemo.prahu-hub.com/_resources/themes/prahutheme/javascript/custom/orderList.js?m=1788319233:939
[    1786ms] [LOG] 20 @ https://phbidlautdemo.prahu-hub.com/_resources/themes/prahutheme/javascript/custom/orderList.js?m=1788319233:940
[    1791ms] [LOG] Daftar Ordernamanya @ https://phbidlautdemo.prahu-hub.com/order/orderlist:2308
[    1808ms] [LOG] Masukkan ID Order @ https://phbidlautdemo.prahu-hub.com/order/orderlist:8592
[    1808ms] [LOG] undefined @ https://phbidlautdemo.prahu-hub.com/order/orderlist:8592
[    1808ms] [LOG] Masukkan Nomor Lelang @ https://phbidlautdemo.prahu-hub.com/order/orderlist:8592
[    1808ms] [LOG] DD/MM/YYYY - DD/MM/YYYY @ https://phbidlautdemo.prahu-hub.com/order/orderlist:8592
[    1810ms] [LOG] Masukkan No. Kontainer @ https://phbidlautdemo.prahu-hub.com/order/orderlist:8592
[    1810ms] [LOG] DD/MM/YYYY - DD/MM/YYYY @ https://phbidlautdemo.prahu-hub.com/order/orderlist:8592
[    1810ms] [LOG] DD/MM/YYYY -  DD/MM/YYYY @ https://phbidlautdemo.prahu-hub.com/order/orderlist:8592
[    1810ms] [LOG] Search... @ https://phbidlautdemo.prahu-hub.com/order/orderlist:8592
[    1810ms] [LOG] Search... @ https://phbidlautdemo.prahu-hub.com/order/orderlist:8592
[    1810ms] [LOG] undefined @ https://phbidlautdemo.prahu-hub.com/order/orderlist:8592
[    1811ms] [LOG] Masukkan Nama Kapal @ https://phbidlautdemo.prahu-hub.com/order/orderlist:8592
[    1811ms] [LOG] DD/MM/YYYY @ https://phbidlautdemo.prahu-hub.com/order/orderlist:8592
[    1811ms] [LOG] Masukkan Jumlah @ https://phbidlautdemo.prahu-hub.com/order/orderlist:8592
[    1811ms] [LOG] Masukkan Nama Penerima Barang @ https://phbidlautdemo.prahu-hub.com/order/orderlist:8592
[    1811ms] [LOG] Search... @ https://phbidlautdemo.prahu-hub.com/order/orderlist:8592
[    1811ms] [LOG] Masukkan Nomor Referensi @ https://phbidlautdemo.prahu-hub.com/order/orderlist:8592
[    1811ms] [LOG] undefined @ https://phbidlautdemo.prahu-hub.com/order/orderlist:8592
[    1811ms] [LOG] Masukkan Harga Baru @ https://phbidlautdemo.prahu-hub.com/order/orderlist:8592
[    1811ms] [LOG] undefined @ https://phbidlautdemo.prahu-hub.com/order/orderlist:8592
[    1812ms] [LOG] WebSocket connection @ https://phbidlautdemo.prahu-hub.com/order/orderlist:8635
[    1812ms] [LOG] WebSocket connection attempting... @ https://phbidlautdemo.prahu-hub.com/order/orderlist:8713
[    1949ms] [LOG] WebSocket connected @ https://phbidlautdemo.prahu-hub.com/order/orderlist:8644
[    1951ms] [LOG] update_dashboard_order_laut @ https://phbidlautdemo.prahu-hub.com/order/orderlist:8685
[    1979ms] [LOG] Connected @ https://phbidlautdemo.prahu-hub.com/order/orderlist:8685
[    2006ms] [LOG] Connected @ https://phbidlautdemo.prahu-hub.com/order/orderlist:8685
[    3801ms] TypeError: $(...).DataTable is not a function
    at https://phbidlautdemo.prahu-hub.com/_resources/themes/prahutheme/js/scripts-init/tables.js:7:23
[    5463ms] [LOG] datanya20 @ https://phbidlautdemo.prahu-hub.com/_resources/themes/prahutheme/javascript/custom/orderList.js?m=1788319233:986
[    5463ms] [LOG] [Object, Object, Object, Object, Object, Object, Object, Object, Object, Object, Object, Object, Object, Object, Object, Object, Object, Object, Object, Object] @ https://phbidlautdemo.prahu-hub.com/_resources/themes/prahutheme/javascript/custom/orderList.js?m=1788319233:421
[    5463ms] [LOG] {ID: 1465, status_order: KONFIRMASI_UNIT, JadwalID: 1870, ID_Order: 20260904-06501, dari_api: null} @ https://phbidlautdemo.prahu-hub.com/_resources/themes/prahutheme/javascript/custom/orderList.js?m=1788319233:427
[    5464ms] [LOG] [Manujo] penerima @ https://phbidlautdemo.prahu-hub.com/_resources/themes/prahutheme/javascript/custom/orderList.js?m=1788319233:648
[    5464ms] [LOG] {ID: 1464, status_order: PACKING_LIST, JadwalID: 1891, ID_Order: 20260829-06504, dari_api: null} @ https://phbidlautdemo.prahu-hub.com/_resources/themes/prahutheme/javascript/custom/orderList.js?m=1788319233:427
[    5464ms] [LOG] [Manujo] penerima @ https://phbidlautdemo.prahu-hub.com/_resources/themes/prahutheme/javascript/custom/orderList.js?m=1788319233:648
[    5464ms] [LOG] {ID: 1463, status_order: PENDING, JadwalID: 1868, ID_Order: 20260829-02603, dari_api: null} @ https://phbidlautdemo.prahu-hub.com/_resources/themes/prahutheme/javascript/custom/orderList.js?m=1788319233:427
[    5465ms] [LOG] [Suyanto] penerima @ https://phbidlautdemo.prahu-hub.com/_resources/themes/prahutheme/javascript/custom/orderList.js?m=1788319233:648
[    5465ms] [LOG] {ID: 1462, status_order: PENDING, JadwalID: 1863, ID_Order: 20260829-02602, dari_api: null} @ https://phbidlautdemo.prahu-hub.com/_resources/themes/prahutheme/javascript/custom/orderList.js?m=1788319233:427
[    5465ms] [LOG] [Pras Tujuan] penerima @ https://phbidlautdemo.prahu-hub.com/_resources/themes/prahutheme/javascript/custom/orderList.js?m=1788319233:648
[    5466ms] [LOG] {ID: 1461, status_order: CANCEL, JadwalID: 1869, ID_Order: 20260829-06501, dari_api: null} @ https://phbidlautdemo.prahu-hub.com/_resources/themes/prahutheme/javascript/custom/orderList.js?m=1788319233:427
[    5466ms] [LOG] [Manujo] penerima @ https://phbidlautdemo.prahu-hub.com/_resources/themes/prahutheme/javascript/custom/orderList.js?m=1788319233:648
[    5466ms] [LOG] {ID: 1460, status_order: KONFIRMASI_UNIT, JadwalID: 1862, ID_Order: 20260828-06506, dari_api: null} @ https://phbidlautdemo.prahu-hub.com/_resources/themes/prahutheme/javascript/custom/orderList.js?m=1788319233:427
[    5466ms] [LOG] [Manujo] penerima @ https://phbidlautdemo.prahu-hub.com/_resources/themes/prahutheme/javascript/custom/orderList.js?m=1788319233:648
[    5467ms] [LOG] {ID: 1459, status_order: CANCEL, JadwalID: 1846, ID_Order: 20260828-06505, dari_api: null} @ https://phbidlautdemo.prahu-hub.com/_resources/themes/prahutheme/javascript/custom/orderList.js?m=1788319233:427
[    5467ms] [LOG] [Manujo] penerima @ https://phbidlautdemo.prahu-hub.com/_resources/themes/prahutheme/javascript/custom/orderList.js?m=1788319233:648
[    5467ms] [LOG] {ID: 1458, status_order: DONE, JadwalID: 1846, ID_Order: 20260828-06504, dari_api: null} @ https://phbidlautdemo.prahu-hub.com/_resources/themes/prahutheme/javascript/custom/orderList.js?m=1788319233:427
[    5467ms] [LOG] [Manujo] penerima @ https://phbidlautdemo.prahu-hub.com/_resources/themes/prahutheme/javascript/custom/orderList.js?m=1788319233:648
[    5467ms] [LOG] {ID: 1457, status_order: PACKING_LIST, JadwalID: 1848, ID_Order: 20260828-08503, dari_api: null} @ https://phbidlautdemo.prahu-hub.com/_resources/themes/prahutheme/javascript/custom/orderList.js?m=1788319233:427
[    5468ms] [LOG] [050505500] penerima @ https://phbidlautdemo.prahu-hub.com/_resources/themes/prahutheme/javascript/custom/orderList.js?m=1788319233:648
[    5468ms] [LOG] {ID: 1456, status_order: DONE, JadwalID: 1853, ID_Order: 20260828-02602, dari_api: null} @ https://phbidlautdemo.prahu-hub.com/_resources/themes/prahutheme/javascript/custom/orderList.js?m=1788319233:427
[    5468ms] [LOG] [Pras Tujuan] penerima @ https://phbidlautdemo.prahu-hub.com/_resources/themes/prahutheme/javascript/custom/orderList.js?m=1788319233:648
[    5468ms] [LOG] {ID: 1455, status_order: DONE, JadwalID: 1848, ID_Order: 20260828-08501, dari_api: null} @ https://phbidlautdemo.prahu-hub.com/_resources/themes/prahutheme/javascript/custom/orderList.js?m=1788319233:427
[    5468ms] [LOG] [050505500] penerima @ https://phbidlautdemo.prahu-hub.com/_resources/themes/prahutheme/javascript/custom/orderList.js?m=1788319233:648
[    5469ms] [LOG] {ID: 1454, status_order: SHIPPER_VALIDATED, JadwalID: 1846, ID_Order: 20260827-06503, dari_api: null} @ https://phbidlautdemo.prahu-hub.com/_resources/themes/prahutheme/javascript/custom/orderList.js?m=1788319233:427
[    5469ms] [LOG] [Manujo] penerima @ https://phbidlautdemo.prahu-hub.com/_resources/themes/prahutheme/javascript/custom/orderList.js?m=1788319233:648
[    5469ms] [LOG] {ID: 1453, status_order: DONE, JadwalID: 1846, ID_Order: 20260827-06502, dari_api: null} @ https://phbidlautdemo.prahu-hub.com/_resources/themes/prahutheme/javascript/custom/orderList.js?m=1788319233:427
[    5469ms] [LOG] [Manujo] penerima @ https://phbidlautdemo.prahu-hub.com/_resources/themes/prahutheme/javascript/custom/orderList.js?m=1788319233:648
[    5469ms] [LOG] {ID: 1452, status_order: DONE, JadwalID: 1844, ID_Order: 20260827-06501, dari_api: null} @ https://phbidlautdemo.prahu-hub.com/_resources/themes/prahutheme/javascript/custom/orderList.js?m=1788319233:427
[    5469ms] [LOG] [Ik Bitung] penerima @ https://phbidlautdemo.prahu-hub.com/_resources/themes/prahutheme/javascript/custom/orderList.js?m=1788319233:648
[    5470ms] [LOG] {ID: 1451, status_order: DONE, JadwalID: 1845, ID_Order: 20260826-06507, dari_api: null} @ https://phbidlautdemo.prahu-hub.com/_resources/themes/prahutheme/javascript/custom/orderList.js?m=1788319233:427
[    5470ms] [LOG] [Ik Bitung] penerima @ https://phbidlautdemo.prahu-hub.com/_resources/themes/prahutheme/javascript/custom/orderList.js?m=1788319233:648
[    5470ms] [LOG] {ID: 1450, status_order: PENDING, JadwalID: 1844, ID_Order: 20260826-06506, dari_api: null} @ https://phbidlautdemo.prahu-hub.com/_resources/themes/prahutheme/javascript/custom/orderList.js?m=1788319233:427
[    5470ms] [LOG] [Ik Bitung] penerima @ https://phbidlautdemo.prahu-hub.com/_resources/themes/prahutheme/javascript/custom/orderList.js?m=1788319233:648
[    5470ms] [LOG] {ID: 1449, status_order: DONE, JadwalID: 1839, ID_Order: 20260826-06505, dari_api: null} @ https://phbidlautdemo.prahu-hub.com/_resources/themes/prahutheme/javascript/custom/orderList.js?m=1788319233:427
[    5470ms] [LOG] [Ik Bitung] penerima @ https://phbidlautdemo.prahu-hub.com/_resources/themes/prahutheme/javascript/custom/orderList.js?m=1788319233:648
[    5471ms] [LOG] {ID: 1448, status_order: DONE, JadwalID: 1851, ID_Order: 20260826-06504, dari_api: null} @ https://phbidlautdemo.prahu-hub.com/_resources/themes/prahutheme/javascript/custom/orderList.js?m=1788319233:427
[    5471ms] [LOG] [Ik Bitung] penerima @ https://phbidlautdemo.prahu-hub.com/_resources/themes/prahutheme/javascript/custom/orderList.js?m=1788319233:648
[    5471ms] [LOG] {ID: 1447, status_order: DONE, JadwalID: 1839, ID_Order: 20260826-06503, dari_api: null} @ https://phbidlautdemo.prahu-hub.com/_resources/themes/prahutheme/javascript/custom/orderList.js?m=1788319233:427
[    5471ms] [LOG] [Ik Bitung] penerima @ https://phbidlautdemo.prahu-hub.com/_resources/themes/prahutheme/javascript/custom/orderList.js?m=1788319233:648
[    5472ms] [LOG] {ID: 1446, status_order: DONE, JadwalID: 1839, ID_Order: 20260826-06502, dari_api: null} @ https://phbidlautdemo.prahu-hub.com/_resources/themes/prahutheme/javascript/custom/orderList.js?m=1788319233:427
[    5472ms] [LOG] [Ik Bitung] penerima @ https://phbidlautdemo.prahu-hub.com/_resources/themes/prahutheme/javascript/custom/orderList.js?m=1788319233:648
[    5484ms] [LOG] [Object, Object, Object, Object, Object, Object, Object, Object, Object, Object, Object, Object, Object, Object, Object, Object, Object, Object, Object, Object] @ https://phbidlautdemo.prahu-hub.com/_resources/themes/prahutheme/javascript/custom/orderList.js?m=1788319233:40
[    5485ms] [LOG] {ID: 1465, status_order: KONFIRMASI_UNIT, JadwalID: 1870, ID_Order: 20260904-06501, dari_api: null} @ https://phbidlautdemo.prahu-hub.com/_resources/themes/prahutheme/javascript/custom/orderList.js?m=1788319233:46
[    5485ms] [LOG] [Manujo] penerima @ https://phbidlautdemo.prahu-hub.com/_resources/themes/prahutheme/javascript/custom/orderList.js?m=1788319233:261
[    5485ms] [LOG] {ID: 1464, status_order: PACKING_LIST, JadwalID: 1891, ID_Order: 20260829-06504, dari_api: null} @ https://phbidlautdemo.prahu-hub.com/_resources/themes/prahutheme/javascript/custom/orderList.js?m=1788319233:46
[    5485ms] [LOG] [Manujo] penerima @ https://phbidlautdemo.prahu-hub.com/_resources/themes/prahutheme/javascript/custom/orderList.js?m=1788319233:261
[    5485ms] [LOG] {ID: 1463, status_order: PENDING, JadwalID: 1868, ID_Order: 20260829-02603, dari_api: null} @ https://phbidlautdemo.prahu-hub.com/_resources/themes/prahutheme/javascript/custom/orderList.js?m=1788319233:46
[    5486ms] [LOG] [Suyanto] penerima @ https://phbidlautdemo.prahu-hub.com/_resources/themes/prahutheme/javascript/custom/orderList.js?m=1788319233:261
[    5486ms] [LOG] {ID: 1462, status_order: PENDING, JadwalID: 1863, ID_Order: 20260829-02602, dari_api: null} @ https://phbidlautdemo.prahu-hub.com/_resources/themes/prahutheme/javascript/custom/orderList.js?m=1788319233:46
[    5486ms] [LOG] [Pras Tujuan] penerima @ https://phbidlautdemo.prahu-hub.com/_resources/themes/prahutheme/javascript/custom/orderList.js?m=1788319233:261
[    5486ms] [LOG] {ID: 1461, status_order: CANCEL, JadwalID: 1869, ID_Order: 20260829-06501, dari_api: null} @ https://phbidlautdemo.prahu-hub.com/_resources/themes/prahutheme/javascript/custom/orderList.js?m=1788319233:46
[    5486ms] [LOG] [Manujo] penerima @ https://phbidlautdemo.prahu-hub.com/_resources/themes/prahutheme/javascript/custom/orderList.js?m=1788319233:261
[    5486ms] [LOG] {ID: 1460, status_order: KONFIRMASI_UNIT, JadwalID: 1862, ID_Order: 20260828-06506, dari_api: null} @ https://phbidlautdemo.prahu-hub.com/_resources/themes/prahutheme/javascript/custom/orderList.js?m=1788319233:46
[    5487ms] [LOG] [Manujo] penerima @ https://phbidlautdemo.prahu-hub.com/_resources/themes/prahutheme/javascript/custom/orderList.js?m=1788319233:261
[    5487ms] [LOG] {ID: 1459, status_order: CANCEL, JadwalID: 1846, ID_Order: 20260828-06505, dari_api: null} @ https://phbidlautdemo.prahu-hub.com/_resources/themes/prahutheme/javascript/custom/orderList.js?m=1788319233:46
[    5487ms] [LOG] [Manujo] penerima @ https://phbidlautdemo.prahu-hub.com/_resources/themes/prahutheme/javascript/custom/orderList.js?m=1788319233:261
[    5487ms] [LOG] {ID: 1458, status_order: DONE, JadwalID: 1846, ID_Order: 20260828-06504, dari_api: null} @ https://phbidlautdemo.prahu-hub.com/_resources/themes/prahutheme/javascript/custom/orderList.js?m=1788319233:46
[    5487ms] [LOG] [Manujo] penerima @ https://phbidlautdemo.prahu-hub.com/_resources/themes/prahutheme/javascript/custom/orderList.js?m=1788319233:261
[    5487ms] [LOG] {ID: 1457, status_order: PACKING_LIST, JadwalID: 1848, ID_Order: 20260828-08503, dari_api: null} @ https://phbidlautdemo.prahu-hub.com/_resources/themes/prahutheme/javascript/custom/orderList.js?m=1788319233:46
[    5487ms] [LOG] [050505500] penerima @ https://phbidlautdemo.prahu-hub.com/_resources/themes/prahutheme/javascript/custom/orderList.js?m=1788319233:261
[    5488ms] [LOG] {ID: 1456, status_order: DONE, JadwalID: 1853, ID_Order: 20260828-02602, dari_api: null} @ https://phbidlautdemo.prahu-hub.com/_resources/themes/prahutheme/javascript/custom/orderList.js?m=1788319233:46
[    5488ms] [LOG] [Pras Tujuan] penerima @ https://phbidlautdemo.prahu-hub.com/_resources/themes/prahutheme/javascript/custom/orderList.js?m=1788319233:261
[    5488ms] [LOG] {ID: 1455, status_order: DONE, JadwalID: 1848, ID_Order: 20260828-08501, dari_api: null} @ https://phbidlautdemo.prahu-hub.com/_resources/themes/prahutheme/javascript/custom/orderList.js?m=1788319233:46
[    5488ms] [LOG] [050505500] penerima @ https://phbidlautdemo.prahu-hub.com/_resources/themes/prahutheme/javascript/custom/orderList.js?m=1788319233:261
[    5489ms] [LOG] {ID: 1454, status_order: SHIPPER_VALIDATED, JadwalID: 1846, ID_Order: 20260827-06503, dari_api: null} @ https://phbidlautdemo.prahu-hub.com/_resources/themes/prahutheme/javascript/custom/orderList.js?m=1788319233:46
[    5489ms] [LOG] [Manujo] penerima @ https://phbidlautdemo.prahu-hub.com/_resources/themes/prahutheme/javascript/custom/orderList.js?m=1788319233:261
[    5489ms] [LOG] {ID: 1453, status_order: DONE, JadwalID: 1846, ID_Order: 20260827-06502, dari_api: null} @ https://phbidlautdemo.prahu-hub.com/_resources/themes/prahutheme/javascript/custom/orderList.js?m=1788319233:46
[    5489ms] [LOG] [Manujo] penerima @ https://phbidlautdemo.prahu-hub.com/_resources/themes/prahutheme/javascript/custom/orderList.js?m=1788319233:261
[    5490ms] [LOG] {ID: 1452, status_order: DONE, JadwalID: 1844, ID_Order: 20260827-06501, dari_api: null} @ https://phbidlautdemo.prahu-hub.com/_resources/themes/prahutheme/javascript/custom/orderList.js?m=1788319233:46
[    5490ms] [LOG] [Ik Bitung] penerima @ https://phbidlautdemo.prahu-hub.com/_resources/themes/prahutheme/javascript/custom/orderList.js?m=1788319233:261
[    5490ms] [LOG] {ID: 1451, status_order: DONE, JadwalID: 1845, ID_Order: 20260826-06507, dari_api: null} @ https://phbidlautdemo.prahu-hub.com/_resources/themes/prahutheme/javascript/custom/orderList.js?m=1788319233:46
[    5490ms] [LOG] [Ik Bitung] penerima @ https://phbidlautdemo.prahu-hub.com/_resources/themes/prahutheme/javascript/custom/orderList.js?m=1788319233:261
[    5490ms] [LOG] {ID: 1450, status_order: PENDING, JadwalID: 1844, ID_Order: 20260826-06506, dari_api: null} @ https://phbidlautdemo.prahu-hub.com/_resources/themes/prahutheme/javascript/custom/orderList.js?m=1788319233:46
[    5490ms] [LOG] [Ik Bitung] penerima @ https://phbidlautdemo.prahu-hub.com/_resources/themes/prahutheme/javascript/custom/orderList.js?m=1788319233:261
[    5491ms] [LOG] {ID: 1449, status_order: DONE, JadwalID: 1839, ID_Order: 20260826-06505, dari_api: null} @ https://phbidlautdemo.prahu-hub.com/_resources/themes/prahutheme/javascript/custom/orderList.js?m=1788319233:46
[    5491ms] [LOG] [Ik Bitung] penerima @ https://phbidlautdemo.prahu-hub.com/_resources/themes/prahutheme/javascript/custom/orderList.js?m=1788319233:261
[    5491ms] [LOG] {ID: 1448, status_order: DONE, JadwalID: 1851, ID_Order: 20260826-06504, dari_api: null} @ https://phbidlautdemo.prahu-hub.com/_resources/themes/prahutheme/javascript/custom/orderList.js?m=1788319233:46
[    5491ms] [LOG] [Ik Bitung] penerima @ https://phbidlautdemo.prahu-hub.com/_resources/themes/prahutheme/javascript/custom/orderList.js?m=1788319233:261
[    5491ms] [LOG] {ID: 1447, status_order: DONE, JadwalID: 1839, ID_Order: 20260826-06503, dari_api: null} @ https://phbidlautdemo.prahu-hub.com/_resources/themes/prahutheme/javascript/custom/orderList.js?m=1788319233:46
[    5491ms] [LOG] [Ik Bitung] penerima @ https://phbidlautdemo.prahu-hub.com/_resources/themes/prahutheme/javascript/custom/orderList.js?m=1788319233:261
[    5492ms] [LOG] {ID: 1446, status_order: DONE, JadwalID: 1839, ID_Order: 20260826-06502, dari_api: null} @ https://phbidlautdemo.prahu-hub.com/_resources/themes/prahutheme/javascript/custom/orderList.js?m=1788319233:46
[    5492ms] [LOG] [Ik Bitung] penerima @ https://phbidlautdemo.prahu-hub.com/_resources/themes/prahutheme/javascript/custom/orderList.js?m=1788319233:261
[    5509ms] [LOG] 1453 @ https://phbidlautdemo.prahu-hub.com/_resources/themes/prahutheme/javascript/custom/orderList.js?m=1788319233:916
[    5509ms] [LOG] 1453 countView1 1 pageNow 20 limitView1 @ https://phbidlautdemo.prahu-hub.com/_resources/themes/prahutheme/javascript/custom/orderList.js?m=1788319233:918
[    5510ms] [LOG] 20 @ https://phbidlautdemo.prahu-hub.com/_resources/themes/prahutheme/javascript/custom/orderList.js?m=1788319233:924
[    5510ms] [LOG] 1453 jumlah data @ https://phbidlautdemo.prahu-hub.com/_resources/themes/prahutheme/javascript/custom/orderList.js?m=1788319233:879
[    5510ms] [LOG] 73 @ https://phbidlautdemo.prahu-hub.com/_resources/themes/prahutheme/javascript/custom/orderList.js?m=1788319233:881
[    5511ms] [LOG] 73 1 pageCount & pageNow @ https://phbidlautdemo.prahu-hub.com/_resources/themes/prahutheme/javascript/custom/orderList.js?m=1788319233:810
[    5512ms] [LOG] 200 xhrglobal @ https://phbidlautdemo.prahu-hub.com/order/orderlist:8566
[    5599ms] [LOG] 200 xhrglobal @ https://phbidlautdemo.prahu-hub.com/order/orderlist:8566
[    5651ms] [LOG] 200 xhrglobal @ https://phbidlautdemo.prahu-hub.com/order/orderlist:8566
[    7171ms] [LOG] Connected @ https://phbidlautdemo.prahu-hub.com/order/orderlist:8685
[    9578ms] [LOG] 1453 jumlah data @ https://phbidlautdemo.prahu-hub.com/_resources/themes/prahutheme/javascript/custom/orderList.js?m=1788319233:879
[    9579ms] [LOG] 15 @ https://phbidlautdemo.prahu-hub.com/_resources/themes/prahutheme/javascript/custom/orderList.js?m=1788319233:881
[    9579ms] [LOG] 15 1 pageCount & pageNow @ https://phbidlautdemo.prahu-hub.com/_resources/themes/prahutheme/javascript/custom/orderList.js?m=1788319233:810
[    9579ms] [LOG] 1453 @ https://phbidlautdemo.prahu-hub.com/_resources/themes/prahutheme/javascript/custom/orderList.js?m=1788319233:916
[    9579ms] [LOG] 1453 countView1 1 pageNow 100 limitView1 @ https://phbidlautdemo.prahu-hub.com/_resources/themes/prahutheme/javascript/custom/orderList.js?m=1788319233:918
[    9579ms] [LOG] 100 @ https://phbidlautdemo.prahu-hub.com/_resources/themes/prahutheme/javascript/custom/orderList.js?m=1788319233:924
[    9579ms] [LOG] 1 @ https://phbidlautdemo.prahu-hub.com/_resources/themes/prahutheme/javascript/custom/orderList.js?m=1788319233:939
[    9580ms] [LOG] 100 @ https://phbidlautdemo.prahu-hub.com/_resources/themes/prahutheme/javascript/custom/orderList.js?m=1788319233:940
[   16101ms] [LOG] Connected @ https://phbidlautdemo.prahu-hub.com/order/orderlist:8685
[   22979ms] [LOG] datanya100 @ https://phbidlautdemo.prahu-hub.com/_resources/themes/prahutheme/javascript/custom/orderList.js?m=1788319233:986
[   22980ms] [LOG] [Object, Object, Object, Object, Object, Object, Object, Object, Object, Object, Object, Object, Object, Object, Object, Object, Object, Object, Object, Object, Object, Object, Object, Object, Object, Object, Object, Object, Object, Object, Object, Object, Object, Object, Object, Object, Object, Object, Object, Object, Object, Object, Object, Object, Object, Object, Object, Object, Object, Object, Object, Object, Object, Object, Object, Object, Object, Object, Object, Object, Object, Object, Object, Object, Object, Object, Object, Object, Object, Object, Object, Object, Object, Object, Object, Object, Object, Object, Object, Object, Object, Object, Object, Object, Object, Object, Object, Object, Object, Object, Object, Object, Object, Object, Object, Object, Object, Object, Object, Object] @ https://phbidlautdemo.prahu-hub.com/_resources/themes/prahutheme/javascript/custom/orderList.js?m=1788319233:421
[   22986ms] [LOG] {ID: 1465, status_order: KONFIRMASI_UNIT, JadwalID: 1870, ID_Order: 20260904-06501, dari_api: null} @ https://phbidlautdemo.prahu-hub.com/_resources/themes/prahutheme/javascript/custom/orderList.js?m=1788319233:427
[   22987ms] [LOG] [Manujo] penerima @ https://phbidlautdemo.prahu-hub.com/_resources/themes/prahutheme/javascript/custom/orderList.js?m=1788319233:648
[   22988ms] [LOG] {ID: 1464, status_order: PACKING_LIST, JadwalID: 1891, ID_Order: 20260829-06504, dari_api: null} @ https://phbidlautdemo.prahu-hub.com/_resources/themes/prahutheme/javascript/custom/orderList.js?m=1788319233:427
[   22989ms] [LOG] [Manujo] penerima @ https://phbidlautdemo.prahu-hub.com/_resources/themes/prahutheme/javascript/custom/orderList.js?m=1788319233:648
[   22990ms] [LOG] {ID: 1463, status_order: PENDING, JadwalID: 1868, ID_Order: 20260829-02603, dari_api: null} @ https://phbidlautdemo.prahu-hub.com/_resources/themes/prahutheme/javascript/custom/orderList.js?m=1788319233:427
[   22991ms] [LOG] [Suyanto] penerima @ https://phbidlautdemo.prahu-hub.com/_resources/themes/prahutheme/javascript/custom/orderList.js?m=1788319233:648
[   22992ms] [LOG] {ID: 1462, status_order: PENDING, JadwalID: 1863, ID_Order: 20260829-02602, dari_api: null} @ https://phbidlautdemo.prahu-hub.com/_resources/themes/prahutheme/javascript/custom/orderList.js?m=1788319233:427
[   22993ms] [LOG] [Pras Tujuan] penerima @ https://phbidlautdemo.prahu-hub.com/_resources/themes/prahutheme/javascript/custom/orderList.js?m=1788319233:648
[   22994ms] [LOG] {ID: 1461, status_order: CANCEL, JadwalID: 1869, ID_Order: 20260829-06501, dari_api: null} @ https://phbidlautdemo.prahu-hub.com/_resources/themes/prahutheme/javascript/custom/orderList.js?m=1788319233:427
[   22995ms] [LOG] [Manujo] penerima @ https://phbidlautdemo.prahu-hub.com/_resources/themes/prahutheme/javascript/custom/orderList.js?m=1788319233:648
[   22995ms] [LOG] {ID: 1460, status_order: KONFIRMASI_UNIT, JadwalID: 1862, ID_Order: 20260828-06506, dari_api: null} @ https://phbidlautdemo.prahu-hub.com/_resources/themes/prahutheme/javascript/custom/orderList.js?m=1788319233:427
[   22996ms] [LOG] [Manujo] penerima @ https://phbidlautdemo.prahu-hub.com/_resources/themes/prahutheme/javascript/custom/orderList.js?m=1788319233:648
[   22997ms] [LOG] {ID: 1459, status_order: CANCEL, JadwalID: 1846, ID_Order: 20260828-06505, dari_api: null} @ https://phbidlautdemo.prahu-hub.com/_resources/themes/prahutheme/javascript/custom/orderList.js?m=1788319233:427
[   22997ms] [LOG] [Manujo] penerima @ https://phbidlautdemo.prahu-hub.com/_resources/themes/prahutheme/javascript/custom/orderList.js?m=1788319233:648
[   22998ms] [LOG] {ID: 1458, status_order: DONE, JadwalID: 1846, ID_Order: 20260828-06504, dari_api: null} @ https://phbidlautdemo.prahu-hub.com/_resources/themes/prahutheme/javascript/custom/orderList.js?m=1788319233:427
[   22999ms] [LOG] [Manujo] penerima @ https://phbidlautdemo.prahu-hub.com/_resources/themes/prahutheme/javascript/custom/orderList.js?m=1788319233:648
[   22999ms] [LOG] {ID: 1457, status_order: PACKING_LIST, JadwalID: 1848, ID_Order: 20260828-08503, dari_api: null} @ https://phbidlautdemo.prahu-hub.com/_resources/themes/prahutheme/javascript/custom/orderList.js?m=1788319233:427
[   23001ms] [LOG] [050505500] penerima @ https://phbidlautdemo.prahu-hub.com/_resources/themes/prahutheme/javascript/custom/orderList.js?m=1788319233:648
[   23002ms] [LOG] {ID: 1456, status_order: DONE, JadwalID: 1853, ID_Order: 20260828-02602, dari_api: null} @ https://phbidlautdemo.prahu-hub.com/_resources/themes/prahutheme/javascript/custom/orderList.js?m=1788319233:427
[   23003ms] [LOG] [Pras Tujuan] penerima @ https://phbidlautdemo.prahu-hub.com/_resources/themes/prahutheme/javascript/custom/orderList.js?m=1788319233:648
[   23003ms] [LOG] {ID: 1455, status_order: DONE, JadwalID: 1848, ID_Order: 20260828-08501, dari_api: null} @ https://phbidlautdemo.prahu-hub.com/_resources/themes/prahutheme/javascript/custom/orderList.js?m=1788319233:427
[   23004ms] [LOG] [050505500] penerima @ https://phbidlautdemo.prahu-hub.com/_resources/themes/prahutheme/javascript/custom/orderList.js?m=1788319233:648
[   23005ms] [LOG] {ID: 1454, status_order: SHIPPER_VALIDATED, JadwalID: 1846, ID_Order: 20260827-06503, dari_api: null} @ https://phbidlautdemo.prahu-hub.com/_resources/themes/prahutheme/javascript/custom/orderList.js?m=1788319233:427
[   23006ms] [LOG] [Manujo] penerima @ https://phbidlautdemo.prahu-hub.com/_resources/themes/prahutheme/javascript/custom/orderList.js?m=1788319233:648
[   23006ms] [LOG] {ID: 1453, status_order: DONE, JadwalID: 1846, ID_Order: 20260827-06502, dari_api: null} @ https://phbidlautdemo.prahu-hub.com/_resources/themes/prahutheme/javascript/custom/orderList.js?m=1788319233:427
[   23006ms] [LOG] [Manujo] penerima @ https://phbidlautdemo.prahu-hub.com/_resources/themes/prahutheme/javascript/custom/orderList.js?m=1788319233:648
[   23007ms] [LOG] {ID: 1452, status_order: DONE, JadwalID: 1844, ID_Order: 20260827-06501, dari_api: null} @ https://phbidlautdemo.prahu-hub.com/_resources/themes/prahutheme/javascript/custom/orderList.js?m=1788319233:427
[   23007ms] [LOG] [Ik Bitung] penerima @ https://phbidlautdemo.prahu-hub.com/_resources/themes/prahutheme/javascript/custom/orderList.js?m=1788319233:648
[   23008ms] [LOG] {ID: 1451, status_order: DONE, JadwalID: 1845, ID_Order: 20260826-06507, dari_api: null} @ https://phbidlautdemo.prahu-hub.com/_resources/themes/prahutheme/javascript/custom/orderList.js?m=1788319233:427
[   23008ms] [LOG] [Ik Bitung] penerima @ https://phbidlautdemo.prahu-hub.com/_resources/themes/prahutheme/javascript/custom/orderList.js?m=1788319233:648
[   23009ms] [LOG] {ID: 1450, status_order: PENDING, JadwalID: 1844, ID_Order: 20260826-06506, dari_api: null} @ https://phbidlautdemo.prahu-hub.com/_resources/themes/prahutheme/javascript/custom/orderList.js?m=1788319233:427
[   23009ms] [LOG] [Ik Bitung] penerima @ https://phbidlautdemo.prahu-hub.com/_resources/themes/prahutheme/javascript/custom/orderList.js?m=1788319233:648
[   23010ms] [LOG] {ID: 1449, status_order: DONE, JadwalID: 1839, ID_Order: 20260826-06505, dari_api: null} @ https://phbidlautdemo.prahu-hub.com/_resources/themes/prahutheme/javascript/custom/orderList.js?m=1788319233:427
[   23010ms] [LOG] [Ik Bitung] penerima @ https://phbidlautdemo.prahu-hub.com/_resources/themes/prahutheme/javascript/custom/orderList.js?m=1788319233:648
[   23011ms] [LOG] {ID: 1448, status_order: DONE, JadwalID: 1851, ID_Order: 20260826-06504, dari_api: null} @ https://phbidlautdemo.prahu-hub.com/_resources/themes/prahutheme/javascript/custom/orderList.js?m=1788319233:427
[   23011ms] [LOG] [Ik Bitung] penerima @ https://phbidlautdemo.prahu-hub.com/_resources/themes/prahutheme/javascript/custom/orderList.js?m=1788319233:648
[   23012ms] [LOG] {ID: 1447, status_order: DONE, JadwalID: 1839, ID_Order: 20260826-06503, dari_api: null} @ https://phbidlautdemo.prahu-hub.com/_resources/themes/prahutheme/javascript/custom/orderList.js?m=1788319233:427
[   23013ms] [LOG] [Ik Bitung] penerima @ https://phbidlautdemo.prahu-hub.com/_resources/themes/prahutheme/javascript/custom/orderList.js?m=1788319233:648
[   23013ms] [LOG] {ID: 1446, status_order: DONE, JadwalID: 1839, ID_Order: 20260826-06502, dari_api: null} @ https://phbidlautdemo.prahu-hub.com/_resources/themes/prahutheme/javascript/custom/orderList.js?m=1788319233:427
[   23013ms] [LOG] [Ik Bitung] penerima @ https://phbidlautdemo.prahu-hub.com/_resources/themes/prahutheme/javascript/custom/orderList.js?m=1788319233:648
[   23014ms] [LOG] {ID: 1445, status_order: DONE, JadwalID: 1839, ID_Order: 20260826-06501, dari_api: null} @ https://phbidlautdemo.prahu-hub.com/_resources/themes/prahutheme/javascript/custom/orderList.js?m=1788319233:427
[   23014ms] [LOG] [Ik Bitung] penerima @ https://phbidlautdemo.prahu-hub.com/_resources/themes/prahutheme/javascript/custom/orderList.js?m=1788319233:648
[   23014ms] [LOG] {ID: 1444, status_order: DONE, JadwalID: 1830, ID_Order: 20260822-08505, dari_api: null} @ https://phbidlautdemo.prahu-hub.com/_resources/themes/prahutheme/javascript/custom/orderList.js?m=1788319233:427
[   23015ms] [LOG] [Roni] penerima @ https://phbidlautdemo.prahu-hub.com/_resources/themes/prahutheme/javascript/custom/orderList.js?m=1788319233:648
[   23015ms] [LOG] {ID: 1443, status_order: DONE, JadwalID: 1830, ID_Order: 20260822-08504, dari_api: null} @ https://phbidlautdemo.prahu-hub.com/_resources/themes/prahutheme/javascript/custom/orderList.js?m=1788319233:427
[   23015ms] [LOG] [Roni] penerima @ https://phbidlautdemo.prahu-hub.com/_resources/themes/prahutheme/javascript/custom/orderList.js?m=1788319233:648
[   23016ms] [LOG] {ID: 1442, status_order: DONE, JadwalID: 1830, ID_Order: 20260822-08503, dari_api: null} @ https://phbidlautdemo.prahu-hub.com/_resources/themes/prahutheme/javascript/custom/orderList.js?m=1788319233:427
[   23016ms] [LOG] [Roni] penerima @ https://phbidlautdemo.prahu-hub.com/_resources/themes/prahutheme/javascript/custom/orderList.js?m=1788319233:648
[   23017ms] [LOG] {ID: 1441, status_order: DONE, JadwalID: 1835, ID_Order: 20260822-08502, dari_api: null} @ https://phbidlautdemo.prahu-hub.com/_resources/themes/prahutheme/javascript/custom/orderList.js?m=1788319233:427
[   23018ms] [LOG] [050505500] penerima @ https://phbidlautdemo.prahu-hub.com/_resources/themes/prahutheme/javascript/custom/orderList.js?m=1788319233:648
[   23018ms] [LOG] {ID: 1440, status_order: DONE, JadwalID: 1830, ID_Order: 20260822-08501, dari_api: null} @ https://phbidlautdemo.prahu-hub.com/_resources/themes/prahutheme/javascript/custom/orderList.js?m=1788319233:427
[   23019ms] [LOG] [Roni] penerima @ https://phbidlautdemo.prahu-hub.com/_resources/themes/prahutheme/javascript/custom/orderList.js?m=1788319233:648
[   23019ms] [LOG] {ID: 1439, status_order: PACKING_LIST, JadwalID: 1830, ID_Order: 20260821-08504, dari_api: null} @ https://phbidlautdemo.prahu-hub.com/_resources/themes/prahutheme/javascript/custom/orderList.js?m=1788319233:427
[   23019ms] [LOG] [Roni] penerima @ https://phbidlautdemo.prahu-hub.com/_resources/themes/prahutheme/javascript/custom/orderList.js?m=1788319233:648
[   23020ms] [LOG] {ID: 1438, status_order: KONFIRMASI_UNIT, JadwalID: 1831, ID_Order: 20260821-08503, dari_api: null} @ https://phbidlautdemo.prahu-hub.com/_resources/themes/prahutheme/javascript/custom/orderList.js?m=1788319233:427
[   23020ms] [LOG] [Roni] penerima @ https://phbidlautdemo.prahu-hub.com/_resources/themes/prahutheme/javascript/custom/orderList.js?m=1788319233:648
[   23020ms] [LOG] {ID: 1437, status_order: CANCEL, JadwalID: 1831, ID_Order: 20260821-08502, dari_api: null} @ https://phbidlautdemo.prahu-hub.com/_resources/themes/prahutheme/javascript/custom/orderList.js?m=1788319233:427
[   23021ms] [LOG] [Roni] penerima @ https://phbidlautdemo.prahu-hub.com/_resources/themes/prahutheme/javascript/custom/orderList.js?m=1788319233:648
[   23021ms] [LOG] {ID: 1436, status_order: KONFIRMASI_UNIT, JadwalID: 1831, ID_Order: 20260821-08501, dari_api: null} @ https://phbidlautdemo.prahu-hub.com/_resources/themes/prahutheme/javascript/custom/orderList.js?m=1788319233:427
[   23021ms] [LOG] [Roni] penerima @ https://phbidlautdemo.prahu-hub.com/_resources/themes/prahutheme/javascript/custom/orderList.js?m=1788319233:648
[   23022ms] [LOG] {ID: 1435, status_order: DONE, JadwalID: 1828, ID_Order: 20260820-06504, dari_api: null} @ https://phbidlautdemo.prahu-hub.com/_resources/themes/prahutheme/javascript/custom/orderList.js?m=1788319233:427
[   23022ms] [LOG] [Ik Bitung] penerima @ https://phbidlautdemo.prahu-hub.com/_resources/themes/prahutheme/javascript/custom/orderList.js?m=1788319233:648
[   23022ms] [LOG] {ID: 1434, status_order: KONFIRMASI_UNIT, JadwalID: 1829, ID_Order: 20260820-08503, dari_api: null} @ https://phbidlautdemo.prahu-hub.com/_resources/themes/prahutheme/javascript/custom/orderList.js?m=1788319233:427
[   23023ms] [LOG] [-] penerima @ https://phbidlautdemo.prahu-hub.com/_resources/themes/prahutheme/javascript/custom/orderList.js?m=1788319233:648
[   23023ms] [LOG] {ID: 1433, status_order: CANCEL, JadwalID: 1828, ID_Order: 20260820-06502, dari_api: null} @ https://phbidlautdemo.prahu-hub.com/_resources/themes/prahutheme/javascript/custom/orderList.js?m=1788319233:427
[   23023ms] [LOG] [Ik Bitung] penerima @ https://phbidlautdemo.prahu-hub.com/_resources/themes/prahutheme/javascript/custom/orderList.js?m=1788319233:648
[   23024ms] [LOG] {ID: 1432, status_order: CANCEL, JadwalID: 1824, ID_Order: 20260820-06501, dari_api: YES} @ https://phbidlautdemo.prahu-hub.com/_resources/themes/prahutheme/javascript/custom/orderList.js?m=1788319233:427
[   23024ms] [LOG] [Ik Bitung] penerima @ https://phbidlautdemo.prahu-hub.com/_resources/themes/prahutheme/javascript/custom/orderList.js?m=1788319233:648
[   23024ms] [LOG] {ID: 1431, status_order: KONFIRMASI_UNIT, JadwalID: 1819, ID_Order: 20260818-08502, dari_api: null} @ https://phbidlautdemo.prahu-hub.com/_resources/themes/prahutheme/javascript/custom/orderList.js?m=1788319233:427
[   23025ms] [LOG] [Rian] penerima @ https://phbidlautdemo.prahu-hub.com/_resources/themes/prahutheme/javascript/custom/orderList.js?m=1788319233:648
[   23025ms] [LOG] {ID: 1430, status_order: KONFIRMASI_UNIT, JadwalID: 1817, ID_Order: 20260818-08501, dari_api: null} @ https://phbidlautdemo.prahu-hub.com/_resources/themes/prahutheme/javascript/custom/orderList.js?m=1788319233:427
[   23025ms] [LOG] [Rian] penerima @ https://phbidlautdemo.prahu-hub.com/_resources/themes/prahutheme/javascript/custom/orderList.js?m=1788319233:648
[   23026ms] [LOG] {ID: 1429, status_order: DONE, JadwalID: 1815, ID_Order: 20260811-06501, dari_api: YES} @ https://phbidlautdemo.prahu-hub.com/_resources/themes/prahutheme/javascript/custom/orderList.js?m=1788319233:427
[   23026ms] [LOG] [IKHSAN JAYA, IKHSAN JAYA, IKHSAN JAYA] penerima @ https://phbidlautdemo.prahu-hub.com/_resources/themes/prahutheme/javascript/custom/orderList.js?m=1788319233:648
[   23027ms] [LOG] {ID: 1428, status_order: DONE, JadwalID: 1814, ID_Order: 20260807-06501, dari_api: YES} @ https://phbidlautdemo.prahu-hub.com/_resources/themes/prahutheme/javascript/custom/orderList.js?m=1788319233:427
[   23027ms] [LOG] [Ik Bitung] penerima @ https://phbidlautdemo.prahu-hub.com/_resources/themes/prahutheme/javascript/custom/orderList.js?m=1788319233:648
[   23027ms] [LOG] {ID: 1427, status_order: KONFIRMASI_UNIT, JadwalID: 1809, ID_Order: 20260806-06503, dari_api: YES} @ https://phbidlautdemo.prahu-hub.com/_resources/themes/prahutheme/javascript/custom/orderList.js?m=1788319233:427
[   23027ms] [LOG]  penerima @ https://phbidlautdemo.prahu-hub.com/_resources/themes/prahutheme/javascript/custom/orderList.js?m=1788319233:648
[   23027ms] [LOG] {ID: 1426, status_order: PENDING, JadwalID: 1809, ID_Order: 20260806-06502, dari_api: YES} @ https://phbidlautdemo.prahu-hub.com/_resources/themes/prahutheme/javascript/custom/orderList.js?m=1788319233:427
[   23028ms] [LOG]  penerima @ https://phbidlautdemo.prahu-hub.com/_resources/themes/prahutheme/javascript/custom/orderList.js?m=1788319233:648
[   23028ms] [LOG] {ID: 1425, status_order: PENDING, JadwalID: 1809, ID_Order: 20260806-06501, dari_api: YES} @ https://phbidlautdemo.prahu-hub.com/_resources/themes/prahutheme/javascript/custom/orderList.js?m=1788319233:427
[   23028ms] [LOG]  penerima @ https://phbidlautdemo.prahu-hub.com/_resources/themes/prahutheme/javascript/custom/orderList.js?m=1788319233:648
[   23028ms] [LOG] {ID: 1424, status_order: PACKING_LIST, JadwalID: 1806, ID_Order: 20260805-26301, dari_api: null} @ https://phbidlautdemo.prahu-hub.com/_resources/themes/prahutheme/javascript/custom/orderList.js?m=1788319233:427
[   23028ms] [LOG] [Budi] penerima @ https://phbidlautdemo.prahu-hub.com/_resources/themes/prahutheme/javascript/custom/orderList.js?m=1788319233:648
[   23028ms] [LOG] {ID: 1423, status_order: PENDING, JadwalID: 1794, ID_Order: 20260713-06503, dari_api: null} @ https://phbidlautdemo.prahu-hub.com/_resources/themes/prahutheme/javascript/custom/orderList.js?m=1788319233:427
[   23029ms] [LOG] [Ik Bitung] penerima @ https://phbidlautdemo.prahu-hub.com/_resources/themes/prahutheme/javascript/custom/orderList.js?m=1788319233:648
[   23029ms] [LOG] {ID: 1422, status_order: REJECTED, JadwalID: 1794, ID_Order: 20260713-06502, dari_api: null} @ https://phbidlautdemo.prahu-hub.com/_resources/themes/prahutheme/javascript/custom/orderList.js?m=1788319233:427
[   23029ms] [LOG] [Ik Bitung] penerima @ https://phbidlautdemo.prahu-hub.com/_resources/themes/prahutheme/javascript/custom/orderList.js?m=1788319233:648
[   23029ms] [LOG] {ID: 1421, status_order: DONE, JadwalID: 1795, ID_Order: 20260713-06501, dari_api: null} @ https://phbidlautdemo.prahu-hub.com/_resources/themes/prahutheme/javascript/custom/orderList.js?m=1788319233:427
[   23029ms] [LOG] [Ik Bitung] penerima @ https://phbidlautdemo.prahu-hub.com/_resources/themes/prahutheme/javascript/custom/orderList.js?m=1788319233:648
[   23030ms] [LOG] {ID: 1420, status_order: DONE, JadwalID: 1785, ID_Order: 20260629-06501, dari_api: null} @ https://phbidlautdemo.prahu-hub.com/_resources/themes/prahutheme/javascript/custom/orderList.js?m=1788319233:427
[   23030ms] [LOG] [PT. Perkasa Adi Makmur Sentosa, PT. Tridatu Jaya, PT. Indajaya] penerima @ https://phbidlautdemo.prahu-hub.com/_resources/themes/prahutheme/javascript/custom/orderList.js?m=1788319233:648
[   23030ms] [LOG] {ID: 1419, status_order: KONFIRMASI_UNIT, JadwalID: 1790, ID_Order: 20260627-06504, dari_api: null} @ https://phbidlautdemo.prahu-hub.com/_resources/themes/prahutheme/javascript/custom/orderList.js?m=1788319233:427
[   23030ms] [LOG] [Ik Bitung] penerima @ https://phbidlautdemo.prahu-hub.com/_resources/themes/prahutheme/javascript/custom/orderList.js?m=1788319233:648
[   23031ms] [LOG] {ID: 1418, status_order: PENDING, JadwalID: 1790, ID_Order: 20260627-06503, dari_api: null} @ https://phbidlautdemo.prahu-hub.com/_resources/themes/prahutheme/javascript/custom/orderList.js?m=1788319233:427
[   23031ms] [LOG] [Ik Bitung] penerima @ https://phbidlautdemo.prahu-hub.com/_resources/themes/prahutheme/javascript/custom/orderList.js?m=1788319233:648
[   23031ms] [LOG] {ID: 1417, status_order: CANCEL, JadwalID: 1789, ID_Order: 20260627-06502, dari_api: null} @ https://phbidlautdemo.prahu-hub.com/_resources/themes/prahutheme/javascript/custom/orderList.js?m=1788319233:427
[   23032ms] [LOG] [Ik Bitung] penerima @ https://phbidlautdemo.prahu-hub.com/_resources/themes/prahutheme/javascript/custom/orderList.js?m=1788319233:648
[   23032ms] [LOG] {ID: 1416, status_order: DONE, JadwalID: 1789, ID_Order: 20260627-06501, dari_api: YES} @ https://phbidlautdemo.prahu-hub.com/_resources/themes/prahutheme/javascript/custom/orderList.js?m=1788319233:427
[   23032ms] [LOG] [Ik Bitung] penerima @ https://phbidlautdemo.prahu-hub.com/_resources/themes/prahutheme/javascript/custom/orderList.js?m=1788319233:648
[   23033ms] [LOG] {ID: 1415, status_order: KONFIRMASI_UNIT, JadwalID: 1785, ID_Order: 20260626-06501, dari_api: null} @ https://phbidlautdemo.prahu-hub.com/_resources/themes/prahutheme/javascript/custom/orderList.js?m=1788319233:427
[   23033ms] [LOG] [PT. Perkasa Adi Makmur Sentosa, PT. Tridatu Jaya, PT. Indajaya] penerima @ https://phbidlautdemo.prahu-hub.com/_resources/themes/prahutheme/javascript/custom/orderList.js?m=1788319233:648
[   23034ms] [LOG] {ID: 1414, status_order: DONE, JadwalID: 1787, ID_Order: 20260625-02604, dari_api: null} @ https://phbidlautdemo.prahu-hub.com/_resources/themes/prahutheme/javascript/custom/orderList.js?m=1788319233:427
[   23034ms] [LOG] [PT. Astra Honda Motor, PT. Astra Yamaha Motor, PT. Astra Kawasaki Motor] penerima @ https://phbidlautdemo.prahu-hub.com/_resources/themes/prahutheme/javascript/custom/orderList.js?m=1788319233:648
[   23035ms] [LOG] {ID: 1413, status_order: CANCEL, JadwalID: 1786, ID_Order: 20260625-06503, dari_api: null} @ https://phbidlautdemo.prahu-hub.com/_resources/themes/prahutheme/javascript/custom/orderList.js?m=1788319233:427
[   23035ms] [LOG] [PT. Perkasa Adi Makmur Sentosa, PT. Tridatu Jaya, PT. Indajaya] penerima @ https://phbidlautdemo.prahu-hub.com/_resources/themes/prahutheme/javascript/custom/orderList.js?m=1788319233:648
[   23035ms] [LOG] {ID: 1412, status_order: DONE, JadwalID: 1780, ID_Order: 20260625-02602, dari_api: null} @ https://phbidlautdemo.prahu-hub.com/_resources/themes/prahutheme/javascript/custom/orderList.js?m=1788319233:427
[   23035ms] [LOG] [Suyanto] penerima @ https://phbidlautdemo.prahu-hub.com/_resources/themes/prahutheme/javascript/custom/orderList.js?m=1788319233:648
[   23036ms] [LOG] {ID: 1411, status_order: CANCEL_SHIPPED, JadwalID: 1778, ID_Order: 20260625-06501, dari_api: null} @ https://phbidlautdemo.prahu-hub.com/_resources/themes/prahutheme/javascript/custom/orderList.js?m=1788319233:427
[   23036ms] [LOG] [PT. Perkasa Adi Makmur Sentosa, PT. Tridatu Jaya, PT. Indajaya] penerima @ https://phbidlautdemo.prahu-hub.com/_resources/themes/prahutheme/javascript/custom/orderList.js?m=1788319233:648
[   23036ms] [LOG] {ID: 1410, status_order: DONE, JadwalID: 1777, ID_Order: 20260624-06501, dari_api: null} @ https://phbidlautdemo.prahu-hub.com/_resources/themes/prahutheme/javascript/custom/orderList.js?m=1788319233:427
[   23037ms] [LOG] [PT. Perkasa Adi Makmur Sentosa, PT. Tridatu Jaya, PT. Indajaya] penerima @ https://phbidlautdemo.prahu-hub.com/_resources/themes/prahutheme/javascript/custom/orderList.js?m=1788319233:648
[   23037ms] [LOG] {ID: 1408, status_order: DONE, JadwalID: 1774, ID_Order: 20260615-06501, dari_api: null} @ https://phbidlautdemo.prahu-hub.com/_resources/themes/prahutheme/javascript/custom/orderList.js?m=1788319233:427
[   23037ms] [LOG] [PIC Tujuan QA] penerima @ https://phbidlautdemo.prahu-hub.com/_resources/themes/prahutheme/javascript/custom/orderList.js?m=1788319233:648
[   23038ms] [LOG] {ID: 1407, status_order: DONE, JadwalID: 1773, ID_Order: 20260611-30801, dari_api: null} @ https://phbidlautdemo.prahu-hub.com/_resources/themes/prahutheme/javascript/custom/orderList.js?m=1788319233:427
[   23038ms] [LOG] [Eko Nugraha] penerima @ https://phbidlautdemo.prahu-hub.com/_resources/themes/prahutheme/javascript/custom/orderList.js?m=1788319233:648
[   23038ms] [LOG] {ID: 1406, status_order: DONE, JadwalID: 1760, ID_Order: 20260603-26302, dari_api: null} @ https://phbidlautdemo.prahu-hub.com/_resources/themes/prahutheme/javascript/custom/orderList.js?m=1788319233:427
[   23038ms] [LOG] [Budi] penerima @ https://phbidlautdemo.prahu-hub.com/_resources/themes/prahutheme/javascript/custom/orderList.js?m=1788319233:648
[   23039ms] [LOG] {ID: 1405, status_order: DONE, JadwalID: 1759, ID_Order: 20260603-26301, dari_api: null} @ https://phbidlautdemo.prahu-hub.com/_resources/themes/prahutheme/javascript/custom/orderList.js?m=1788319233:427
[   23039ms] [LOG] [Budi] penerima @ https://phbidlautdemo.prahu-hub.com/_resources/themes/prahutheme/javascript/custom/orderList.js?m=1788319233:648
[   23039ms] [LOG] {ID: 1404, status_order: PENDING, JadwalID: 1758, ID_Order: 20260528-06503, dari_api: null} @ https://phbidlautdemo.prahu-hub.com/_resources/themes/prahutheme/javascript/custom/orderList.js?m=1788319233:427
[   23039ms] [LOG] [PT. Perkasa Adi Makmur Sentosa, PT. Tridatu Jaya, PT. Indajaya] penerima @ https://phbidlautdemo.prahu-hub.com/_resources/themes/prahutheme/javascript/custom/orderList.js?m=1788319233:648
[   23040ms] [LOG] {ID: 1403, status_order: DONE, JadwalID: 1756, ID_Order: 20260528-06502, dari_api: null} @ https://phbidlautdemo.prahu-hub.com/_resources/themes/prahutheme/javascript/custom/orderList.js?m=1788319233:427
[   23040ms] [LOG] [PT. Perkasa Adi Makmur Sentosa, PT. Tridatu Jaya, PT. Indajaya] penerima @ https://phbidlautdemo.prahu-hub.com/_resources/themes/prahutheme/javascript/custom/orderList.js?m=1788319233:648
[   23040ms] [LOG] {ID: 1402, status_order: DONE, JadwalID: 1755, ID_Order: 20260528-06501, dari_api: null} @ https://phbidlautdemo.prahu-hub.com/_resources/themes/prahutheme/javascript/custom/orderList.js?m=1788319233:427
[   23041ms] [LOG] [PT. Perkasa Adi Makmur Sentosa, PT. Tridatu Jaya, PT. Indajaya] penerima @ https://phbidlautdemo.prahu-hub.com/_resources/themes/prahutheme/javascript/custom/orderList.js?m=1788319233:648
[   23041ms] [LOG] {ID: 1401, status_order: DONE, JadwalID: 1752, ID_Order: 20260526-02603, dari_api: null} @ https://phbidlautdemo.prahu-hub.com/_resources/themes/prahutheme/javascript/custom/orderList.js?m=1788319233:427
[   23041ms] [LOG] [Pras Tujuan] penerima @ https://phbidlautdemo.prahu-hub.com/_resources/themes/prahutheme/javascript/custom/orderList.js?m=1788319233:648
[   23042ms] [LOG] {ID: 1400, status_order: CANCEL, JadwalID: 1682, ID_Order: 20260526-02602, dari_api: null} @ https://phbidlautdemo.prahu-hub.com/_resources/themes/prahutheme/javascript/custom/orderList.js?m=1788319233:427
[   23042ms] [LOG] [Pras Tujuan] penerima @ https://phbidlautdemo.prahu-hub.com/_resources/themes/prahutheme/javascript/custom/orderList.js?m=1788319233:648
[   23042ms] [LOG] {ID: 1399, status_order: CANCEL_SHIPPED, JadwalID: 1751, ID_Order: 20260526-02601, dari_api: null} @ https://phbidlautdemo.prahu-hub.com/_resources/themes/prahutheme/javascript/custom/orderList.js?m=1788319233:427
[   23043ms] [LOG] [Pras Tujuan] penerima @ https://phbidlautdemo.prahu-hub.com/_resources/themes/prahutheme/javascript/custom/orderList.js?m=1788319233:648
[   23043ms] [LOG] {ID: 1398, status_order: CANCEL, JadwalID: 1748, ID_Order: 20260521-08506, dari_api: null} @ https://phbidlautdemo.prahu-hub.com/_resources/themes/prahutheme/javascript/custom/orderList.js?m=1788319233:427
[   23043ms] [LOG] [Farid] penerima @ https://phbidlautdemo.prahu-hub.com/_resources/themes/prahutheme/javascript/custom/orderList.js?m=1788319233:648
[   23043ms] [LOG] {ID: 1397, status_order: DONE, JadwalID: 1742, ID_Order: 20260521-27705, dari_api: null} @ https://phbidlautdemo.prahu-hub.com/_resources/themes/prahutheme/javascript/custom/orderList.js?m=1788319233:427
[   23044ms] [LOG] [Toni Kurniawan] penerima @ https://phbidlautdemo.prahu-hub.com/_resources/themes/prahutheme/javascript/custom/orderList.js?m=1788319233:648
[   23044ms] [LOG] {ID: 1396, status_order: DONE, JadwalID: 1747, ID_Order: 20260521-27704, dari_api: null} @ https://phbidlautdemo.prahu-hub.com/_resources/themes/prahutheme/javascript/custom/orderList.js?m=1788319233:427
[   23044ms] [LOG] [Toni Kurniawan] penerima @ https://phbidlautdemo.prahu-hub.com/_resources/themes/prahutheme/javascript/custom/orderList.js?m=1788319233:648
[   23045ms] [LOG] {ID: 1395, status_order: DONE, JadwalID: 1746, ID_Order: 20260521-26303, dari_api: null} @ https://phbidlautdemo.prahu-hub.com/_resources/themes/prahutheme/javascript/custom/orderList.js?m=1788319233:427
[   23045ms] [LOG] [Budi] penerima @ https://phbidlautdemo.prahu-hub.com/_resources/themes/prahutheme/javascript/custom/orderList.js?m=1788319233:648
[   23045ms] [LOG] {ID: 1394, status_order: CANCEL, JadwalID: 1736, ID_Order: 20260521-26302, dari_api: null} @ https://phbidlautdemo.prahu-hub.com/_resources/themes/prahutheme/javascript/custom/orderList.js?m=1788319233:427
[   23045ms] [LOG] [Budi] penerima @ https://phbidlautdemo.prahu-hub.com/_resources/themes/prahutheme/javascript/custom/orderList.js?m=1788319233:648
[   23046ms] [LOG] {ID: 1393, status_order: REJECTED, JadwalID: 1736, ID_Order: 20260521-26301, dari_api: null} @ https://phbidlautdemo.prahu-hub.com/_resources/themes/prahutheme/javascript/custom/orderList.js?m=1788319233:427
[   23046ms] [LOG] [Budi] penerima @ https://phbidlautdemo.prahu-hub.com/_resources/themes/prahutheme/javascript/custom/orderList.js?m=1788319233:648
[   23046ms] [LOG] {ID: 1392, status_order: DONE, JadwalID: 1740, ID_Order: 20260520-27705, dari_api: null} @ https://phbidlautdemo.prahu-hub.com/_resources/themes/prahutheme/javascript/custom/orderList.js?m=1788319233:427
[   23046ms] [LOG] [Toni Kurniawan] penerima @ https://phbidlautdemo.prahu-hub.com/_resources/themes/prahutheme/javascript/custom/orderList.js?m=1788319233:648
[   23047ms] [LOG] {ID: 1391, status_order: DONE, JadwalID: 1803, ID_Order: 20260520-26304, dari_api: null} @ https://phbidlautdemo.prahu-hub.com/_resources/themes/prahutheme/javascript/custom/orderList.js?m=1788319233:427
[   23047ms] [LOG] [Budi] penerima @ https://phbidlautdemo.prahu-hub.com/_resources/themes/prahutheme/javascript/custom/orderList.js?m=1788319233:648
[   23047ms] [LOG] {ID: 1390, status_order: DONE, JadwalID: 1735, ID_Order: 20260520-26303, dari_api: null} @ https://phbidlautdemo.prahu-hub.com/_resources/themes/prahutheme/javascript/custom/orderList.js?m=1788319233:427
[   23047ms] [LOG] [Budi] penerima @ https://phbidlautdemo.prahu-hub.com/_resources/themes/prahutheme/javascript/custom/orderList.js?m=1788319233:648
[   23048ms] [LOG] {ID: 1389, status_order: DONE, JadwalID: 1717, ID_Order: 20260520-27702, dari_api: null} @ https://phbidlautdemo.prahu-hub.com/_resources/themes/prahutheme/javascript/custom/orderList.js?m=1788319233:427
[   23048ms] [LOG] [Toni Kurniawan] penerima @ https://phbidlautdemo.prahu-hub.com/_resources/themes/prahutheme/javascript/custom/orderList.js?m=1788319233:648
[   23048ms] [LOG] {ID: 1388, status_order: DONE, JadwalID: 1732, ID_Order: 20260520-26301, dari_api: null} @ https://phbidlautdemo.prahu-hub.com/_resources/themes/prahutheme/javascript/custom/orderList.js?m=1788319233:427
[   23052ms] [LOG] [Budi] penerima @ https://phbidlautdemo.prahu-hub.com/_resources/themes/prahutheme/javascript/custom/orderList.js?m=1788319233:648
[   23053ms] [LOG] {ID: 1387, status_order: DONE, JadwalID: 1731, ID_Order: 20260518-08503, dari_api: null} @ https://phbidlautdemo.prahu-hub.com/_resources/themes/prahutheme/javascript/custom/orderList.js?m=1788319233:427
[   23053ms] [LOG] [a, =] penerima @ https://phbidlautdemo.prahu-hub.com/_resources/themes/prahutheme/javascript/custom/orderList.js?m=1788319233:648
[   23053ms] [LOG] {ID: 1386, status_order: CANCEL, JadwalID: 1730, ID_Order: 20260518-08502, dari_api: null} @ https://phbidlautdemo.prahu-hub.com/_resources/themes/prahutheme/javascript/custom/orderList.js?m=1788319233:427
[   23053ms] [LOG] [a, =] penerima @ https://phbidlautdemo.prahu-hub.com/_resources/themes/prahutheme/javascript/custom/orderList.js?m=1788319233:648
[   23053ms] [LOG] {ID: 1385, status_order: REJECTED, JadwalID: 1730, ID_Order: 20260518-08501, dari_api: null} @ https://phbidlautdemo.prahu-hub.com/_resources/themes/prahutheme/javascript/custom/orderList.js?m=1788319233:427
[   23053ms] [LOG] [a, www] penerima @ https://phbidlautdemo.prahu-hub.com/_resources/themes/prahutheme/javascript/custom/orderList.js?m=1788319233:648
[   23054ms] [LOG] {ID: 1384, status_order: DONE, JadwalID: 1727, ID_Order: 20260516-08501, dari_api: null} @ https://phbidlautdemo.prahu-hub.com/_resources/themes/prahutheme/javascript/custom/orderList.js?m=1788319233:427
[   23054ms] [LOG] [iuytr] penerima @ https://phbidlautdemo.prahu-hub.com/_resources/themes/prahutheme/javascript/custom/orderList.js?m=1788319233:648
[   23054ms] [LOG] {ID: 1383, status_order: CANCEL_SHIPPED, JadwalID: 1716, ID_Order: 20260505-27701, dari_api: null} @ https://phbidlautdemo.prahu-hub.com/_resources/themes/prahutheme/javascript/custom/orderList.js?m=1788319233:427
[   23054ms] [LOG] [Toni Kurniawan] penerima @ https://phbidlautdemo.prahu-hub.com/_resources/themes/prahutheme/javascript/custom/orderList.js?m=1788319233:648
[   23054ms] [LOG] {ID: 1382, status_order: DONE, JadwalID: 1718, ID_Order: 20260427-06502, dari_api: null} @ https://phbidlautdemo.prahu-hub.com/_resources/themes/prahutheme/javascript/custom/orderList.js?m=1788319233:427
[   23054ms] [LOG] [PT. Indomarco Prismatama - Jl. Lintas Sumatera Kel…1 || Pak Hariadi - Ketua TKBM Stabat 082166285795, Stock Point Indogrosir Mdn 1 (MEGAH DAYA INTI HARA…n Krio, Kel. Sunggal Deli Serdang, Sumatera Utara, CV. ALTAQNIA BANGKA ENGINEERING Simpang BTN, Jl. T…mali, Kabupaten Bangka, Kepulauan Bangka Belitung] penerima @ https://phbidlautdemo.prahu-hub.com/_resources/themes/prahutheme/javascript/custom/orderList.js?m=1788319233:648
[   23055ms] [LOG] {ID: 1381, status_order: DONE, JadwalID: 1718, ID_Order: 20260427-06501, dari_api: null} @ https://phbidlautdemo.prahu-hub.com/_resources/themes/prahutheme/javascript/custom/orderList.js?m=1788319233:427
[   23055ms] [LOG] [PT. Perkasa Adi Makmur Sentosa, PT. Tridatu Jaya, PT. Indajaya] penerima @ https://phbidlautdemo.prahu-hub.com/_resources/themes/prahutheme/javascript/custom/orderList.js?m=1788319233:648
[   23055ms] [LOG] {ID: 1380, status_order: DONE, JadwalID: 1717, ID_Order: 20260425-27702, dari_api: null} @ https://phbidlautdemo.prahu-hub.com/_resources/themes/prahutheme/javascript/custom/orderList.js?m=1788319233:427
[   23055ms] [LOG] [Toni Kurniawan] penerima @ https://phbidlautdemo.prahu-hub.com/_resources/themes/prahutheme/javascript/custom/orderList.js?m=1788319233:648
[   23055ms] [LOG] {ID: 1379, status_order: DONE, JadwalID: 1716, ID_Order: 20260425-27701, dari_api: null} @ https://phbidlautdemo.prahu-hub.com/_resources/themes/prahutheme/javascript/custom/orderList.js?m=1788319233:427
[   23055ms] [LOG] [Toni Kurniawan] penerima @ https://phbidlautdemo.prahu-hub.com/_resources/themes/prahutheme/javascript/custom/orderList.js?m=1788319233:648
[   23056ms] [LOG] {ID: 1378, status_order: SHIPPER_VALIDATED, JadwalID: 1715, ID_Order: 20260423-26301, dari_api: null} @ https://phbidlautdemo.prahu-hub.com/_resources/themes/prahutheme/javascript/custom/orderList.js?m=1788319233:427
[   23056ms] [LOG] [Budi] penerima @ https://phbidlautdemo.prahu-hub.com/_resources/themes/prahutheme/javascript/custom/orderList.js?m=1788319233:648
[   23056ms] [LOG] {ID: 1377, status_order: KONFIRMASI_UNIT, JadwalID: 1715, ID_Order: 20260421-26304, dari_api: null} @ https://phbidlautdemo.prahu-hub.com/_resources/themes/prahutheme/javascript/custom/orderList.js?m=1788319233:427
[   23056ms] [LOG] [Budi] penerima @ https://phbidlautdemo.prahu-hub.com/_resources/themes/prahutheme/javascript/custom/orderList.js?m=1788319233:648
[   23056ms] [LOG] {ID: 1376, status_order: DONE, JadwalID: 1702, ID_Order: 20260421-06503, dari_api: null} @ https://phbidlautdemo.prahu-hub.com/_resources/themes/prahutheme/javascript/custom/orderList.js?m=1788319233:427
[   23057ms] [LOG] [Ik Bitung] penerima @ https://phbidlautdemo.prahu-hub.com/_resources/themes/prahutheme/javascript/custom/orderList.js?m=1788319233:648
[   23057ms] [LOG] {ID: 1375, status_order: SHIPPER_VALIDATED, JadwalID: 1702, ID_Order: 20260421-06502, dari_api: null} @ https://phbidlautdemo.prahu-hub.com/_resources/themes/prahutheme/javascript/custom/orderList.js?m=1788319233:427
[   23057ms] [LOG] [Ik Bitung] penerima @ https://phbidlautdemo.prahu-hub.com/_resources/themes/prahutheme/javascript/custom/orderList.js?m=1788319233:648
[   23057ms] [LOG] {ID: 1374, status_order: KONFIRMASI_UNIT, JadwalID: 1715, ID_Order: 20260421-26301, dari_api: null} @ https://phbidlautdemo.prahu-hub.com/_resources/themes/prahutheme/javascript/custom/orderList.js?m=1788319233:427
[   23057ms] [LOG] [Budi] penerima @ https://phbidlautdemo.prahu-hub.com/_resources/themes/prahutheme/javascript/custom/orderList.js?m=1788319233:648
[   23057ms] [LOG] {ID: 1373, status_order: DONE, JadwalID: 1702, ID_Order: 20260420-06501, dari_api: null} @ https://phbidlautdemo.prahu-hub.com/_resources/themes/prahutheme/javascript/custom/orderList.js?m=1788319233:427
[   23058ms] [LOG] [Ik Bitung] penerima @ https://phbidlautdemo.prahu-hub.com/_resources/themes/prahutheme/javascript/custom/orderList.js?m=1788319233:648
[   23058ms] [LOG] {ID: 1372, status_order: SHIPPER_VALIDATED, JadwalID: 1710, ID_Order: 20260418-05922, dari_api: null} @ https://phbidlautdemo.prahu-hub.com/_resources/themes/prahutheme/javascript/custom/orderList.js?m=1788319233:427
[   23058ms] [LOG] [Majribah] penerima @ https://phbidlautdemo.prahu-hub.com/_resources/themes/prahutheme/javascript/custom/orderList.js?m=1788319233:648
[   23058ms] [LOG] {ID: 1371, status_order: PACKING_LIST, JadwalID: 1709, ID_Order: 20260418-05921, dari_api: null} @ https://phbidlautdemo.prahu-hub.com/_resources/themes/prahutheme/javascript/custom/orderList.js?m=1788319233:427
[   23058ms] [LOG] [Majribah] penerima @ https://phbidlautdemo.prahu-hub.com/_resources/themes/prahutheme/javascript/custom/orderList.js?m=1788319233:648
[   23058ms] [LOG] {ID: 1370, status_order: PACKING_LIST, JadwalID: 1708, ID_Order: 20260418-05920, dari_api: null} @ https://phbidlautdemo.prahu-hub.com/_resources/themes/prahutheme/javascript/custom/orderList.js?m=1788319233:427
[   23059ms] [LOG] [Majribah] penerima @ https://phbidlautdemo.prahu-hub.com/_resources/themes/prahutheme/javascript/custom/orderList.js?m=1788319233:648
[   23059ms] [LOG] {ID: 1369, status_order: PACKING_LIST, JadwalID: 1711, ID_Order: 20260418-05919, dari_api: null} @ https://phbidlautdemo.prahu-hub.com/_resources/themes/prahutheme/javascript/custom/orderList.js?m=1788319233:427
[   23059ms] [LOG] [Majribah] penerima @ https://phbidlautdemo.prahu-hub.com/_resources/themes/prahutheme/javascript/custom/orderList.js?m=1788319233:648
[   23059ms] [LOG] {ID: 1368, status_order: PACKING_LIST, JadwalID: 1710, ID_Order: 20260418-05918, dari_api: null} @ https://phbidlautdemo.prahu-hub.com/_resources/themes/prahutheme/javascript/custom/orderList.js?m=1788319233:427
[   23059ms] [LOG] [Majribah] penerima @ https://phbidlautdemo.prahu-hub.com/_resources/themes/prahutheme/javascript/custom/orderList.js?m=1788319233:648
[   23059ms] [LOG] {ID: 1367, status_order: PACKING_LIST, JadwalID: 1709, ID_Order: 20260418-05917, dari_api: null} @ https://phbidlautdemo.prahu-hub.com/_resources/themes/prahutheme/javascript/custom/orderList.js?m=1788319233:427
[   23063ms] [LOG] [Majribah] penerima @ https://phbidlautdemo.prahu-hub.com/_resources/themes/prahutheme/javascript/custom/orderList.js?m=1788319233:648
[   23063ms] [LOG] {ID: 1366, status_order: PACKING_LIST, JadwalID: 1708, ID_Order: 20260418-05916, dari_api: null} @ https://phbidlautdemo.prahu-hub.com/_resources/themes/prahutheme/javascript/custom/orderList.js?m=1788319233:427
[   23064ms] [LOG] [Majribah] penerima @ https://phbidlautdemo.prahu-hub.com/_resources/themes/prahutheme/javascript/custom/orderList.js?m=1788319233:648
[   23064ms] [LOG] {ID: 1365, status_order: PACKING_LIST, JadwalID: 1711, ID_Order: 20260418-05915, dari_api: null} @ https://phbidlautdemo.prahu-hub.com/_resources/themes/prahutheme/javascript/custom/orderList.js?m=1788319233:427
[   23064ms] [LOG] [Majribah] penerima @ https://phbidlautdemo.prahu-hub.com/_resources/themes/prahutheme/javascript/custom/orderList.js?m=1788319233:648
[   23182ms] [LOG] [Object, Object, Object, Object, Object, Object, Object, Object, Object, Object, Object, Object, Object, Object, Object, Object, Object, Object, Object, Object, Object, Object, Object, Object, Object, Object, Object, Object, Object, Object, Object, Object, Object, Object, Object, Object, Object, Object, Object, Object, Object, Object, Object, Object, Object, Object, Object, Object, Object, Object, Object, Object, Object, Object, Object, Object, Object, Object, Object, Object, Object, Object, Object, Object, Object, Object, Object, Object, Object, Object, Object, Object, Object, Object, Object, Object, Object, Object, Object, Object, Object, Object, Object, Object, Object, Object, Object, Object, Object, Object, Object, Object, Object, Object, Object, Object, Object, Object, Object, Object] @ https://phbidlautdemo.prahu-hub.com/_resources/themes/prahutheme/javascript/custom/orderList.js?m=1788319233:40
[   23183ms] [LOG] {ID: 1465, status_order: KONFIRMASI_UNIT, JadwalID: 1870, ID_Order: 20260904-06501, dari_api: null} @ https://phbidlautdemo.prahu-hub.com/_resources/themes/prahutheme/javascript/custom/orderList.js?m=1788319233:46
[   23183ms] [LOG] [Manujo] penerima @ https://phbidlautdemo.prahu-hub.com/_resources/themes/prahutheme/javascript/custom/orderList.js?m=1788319233:261
[   23184ms] [LOG] {ID: 1464, status_order: PACKING_LIST, JadwalID: 1891, ID_Order: 20260829-06504, dari_api: null} @ https://phbidlautdemo.prahu-hub.com/_resources/themes/prahutheme/javascript/custom/orderList.js?m=1788319233:46
[   23185ms] [LOG] [Manujo] penerima @ https://phbidlautdemo.prahu-hub.com/_resources/themes/prahutheme/javascript/custom/orderList.js?m=1788319233:261
[   23185ms] [LOG] {ID: 1463, status_order: PENDING, JadwalID: 1868, ID_Order: 20260829-02603, dari_api: null} @ https://phbidlautdemo.prahu-hub.com/_resources/themes/prahutheme/javascript/custom/orderList.js?m=1788319233:46
[   23185ms] [LOG] [Suyanto] penerima @ https://phbidlautdemo.prahu-hub.com/_resources/themes/prahutheme/javascript/custom/orderList.js?m=1788319233:261
[   23185ms] [LOG] {ID: 1462, status_order: PENDING, JadwalID: 1863, ID_Order: 20260829-02602, dari_api: null} @ https://phbidlautdemo.prahu-hub.com/_resources/themes/prahutheme/javascript/custom/orderList.js?m=1788319233:46
[   23185ms] [LOG] [Pras Tujuan] penerima @ https://phbidlautdemo.prahu-hub.com/_resources/themes/prahutheme/javascript/custom/orderList.js?m=1788319233:261
[   23185ms] [LOG] {ID: 1461, status_order: CANCEL, JadwalID: 1869, ID_Order: 20260829-06501, dari_api: null} @ https://phbidlautdemo.prahu-hub.com/_resources/themes/prahutheme/javascript/custom/orderList.js?m=1788319233:46
[   23185ms] [LOG] [Manujo] penerima @ https://phbidlautdemo.prahu-hub.com/_resources/themes/prahutheme/javascript/custom/orderList.js?m=1788319233:261
[   23186ms] [LOG] {ID: 1460, status_order: KONFIRMASI_UNIT, JadwalID: 1862, ID_Order: 20260828-06506, dari_api: null} @ https://phbidlautdemo.prahu-hub.com/_resources/themes/prahutheme/javascript/custom/orderList.js?m=1788319233:46
[   23186ms] [LOG] [Manujo] penerima @ https://phbidlautdemo.prahu-hub.com/_resources/themes/prahutheme/javascript/custom/orderList.js?m=1788319233:261
[   23186ms] [LOG] {ID: 1459, status_order: CANCEL, JadwalID: 1846, ID_Order: 20260828-06505, dari_api: null} @ https://phbidlautdemo.prahu-hub.com/_resources/themes/prahutheme/javascript/custom/orderList.js?m=1788319233:46
[   23186ms] [LOG] [Manujo] penerima @ https://phbidlautdemo.prahu-hub.com/_resources/themes/prahutheme/javascript/custom/orderList.js?m=1788319233:261
[   23186ms] [LOG] {ID: 1458, status_order: DONE, JadwalID: 1846, ID_Order: 20260828-06504, dari_api: null} @ https://phbidlautdemo.prahu-hub.com/_resources/themes/prahutheme/javascript/custom/orderList.js?m=1788319233:46
[   23186ms] [LOG] [Manujo] penerima @ https://phbidlautdemo.prahu-hub.com/_resources/themes/prahutheme/javascript/custom/orderList.js?m=1788319233:261
[   23187ms] [LOG] {ID: 1457, status_order: PACKING_LIST, JadwalID: 1848, ID_Order: 20260828-08503, dari_api: null} @ https://phbidlautdemo.prahu-hub.com/_resources/themes/prahutheme/javascript/custom/orderList.js?m=1788319233:46
[   23187ms] [LOG] [050505500] penerima @ https://phbidlautdemo.prahu-hub.com/_resources/themes/prahutheme/javascript/custom/orderList.js?m=1788319233:261
[   23187ms] [LOG] {ID: 1456, status_order: DONE, JadwalID: 1853, ID_Order: 20260828-02602, dari_api: null} @ https://phbidlautdemo.prahu-hub.com/_resources/themes/prahutheme/javascript/custom/orderList.js?m=1788319233:46
[   23187ms] [LOG] [Pras Tujuan] penerima @ https://phbidlautdemo.prahu-hub.com/_resources/themes/prahutheme/javascript/custom/orderList.js?m=1788319233:261
[   23187ms] [LOG] {ID: 1455, status_order: DONE, JadwalID: 1848, ID_Order: 20260828-08501, dari_api: null} @ https://phbidlautdemo.prahu-hub.com/_resources/themes/prahutheme/javascript/custom/orderList.js?m=1788319233:46
[   23187ms] [LOG] [050505500] penerima @ https://phbidlautdemo.prahu-hub.com/_resources/themes/prahutheme/javascript/custom/orderList.js?m=1788319233:261
[   23188ms] [LOG] {ID: 1454, status_order: SHIPPER_VALIDATED, JadwalID: 1846, ID_Order: 20260827-06503, dari_api: null} @ https://phbidlautdemo.prahu-hub.com/_resources/themes/prahutheme/javascript/custom/orderList.js?m=1788319233:46
[   23188ms] [LOG] [Manujo] penerima @ https://phbidlautdemo.prahu-hub.com/_resources/themes/prahutheme/javascript/custom/orderList.js?m=1788319233:261
[   23188ms] [LOG] {ID: 1453, status_order: DONE, JadwalID: 1846, ID_Order: 20260827-06502, dari_api: null} @ https://phbidlautdemo.prahu-hub.com/_resources/themes/prahutheme/javascript/custom/orderList.js?m=1788319233:46
[   23188ms] [LOG] [Manujo] penerima @ https://phbidlautdemo.prahu-hub.com/_resources/themes/prahutheme/javascript/custom/orderList.js?m=1788319233:261
[   23188ms] [LOG] {ID: 1452, status_order: DONE, JadwalID: 1844, ID_Order: 20260827-06501, dari_api: null} @ https://phbidlautdemo.prahu-hub.com/_resources/themes/prahutheme/javascript/custom/orderList.js?m=1788319233:46
[   23188ms] [LOG] [Ik Bitung] penerima @ https://phbidlautdemo.prahu-hub.com/_resources/themes/prahutheme/javascript/custom/orderList.js?m=1788319233:261
[   23188ms] [LOG] {ID: 1451, status_order: DONE, JadwalID: 1845, ID_Order: 20260826-06507, dari_api: null} @ https://phbidlautdemo.prahu-hub.com/_resources/themes/prahutheme/javascript/custom/orderList.js?m=1788319233:46
[   23188ms] [LOG] [Ik Bitung] penerima @ https://phbidlautdemo.prahu-hub.com/_resources/themes/prahutheme/javascript/custom/orderList.js?m=1788319233:261
[   23189ms] [LOG] {ID: 1450, status_order: PENDING, JadwalID: 1844, ID_Order: 20260826-06506, dari_api: null} @ https://phbidlautdemo.prahu-hub.com/_resources/themes/prahutheme/javascript/custom/orderList.js?m=1788319233:46
[   23189ms] [LOG] [Ik Bitung] penerima @ https://phbidlautdemo.prahu-hub.com/_resources/themes/prahutheme/javascript/custom/orderList.js?m=1788319233:261
[   23189ms] [LOG] {ID: 1449, status_order: DONE, JadwalID: 1839, ID_Order: 20260826-06505, dari_api: null} @ https://phbidlautdemo.prahu-hub.com/_resources/themes/prahutheme/javascript/custom/orderList.js?m=1788319233:46
[   23189ms] [LOG] [Ik Bitung] penerima @ https://phbidlautdemo.prahu-hub.com/_resources/themes/prahutheme/javascript/custom/orderList.js?m=1788319233:261
[   23189ms] [LOG] {ID: 1448, status_order: DONE, JadwalID: 1851, ID_Order: 20260826-06504, dari_api: null} @ https://phbidlautdemo.prahu-hub.com/_resources/themes/prahutheme/javascript/custom/orderList.js?m=1788319233:46
[   23190ms] [LOG] [Ik Bitung] penerima @ https://phbidlautdemo.prahu-hub.com/_resources/themes/prahutheme/javascript/custom/orderList.js?m=1788319233:261
[   23190ms] [LOG] {ID: 1447, status_order: DONE, JadwalID: 1839, ID_Order: 20260826-06503, dari_api: null} @ https://phbidlautdemo.prahu-hub.com/_resources/themes/prahutheme/javascript/custom/orderList.js?m=1788319233:46
[   23190ms] [LOG] [Ik Bitung] penerima @ https://phbidlautdemo.prahu-hub.com/_resources/themes/prahutheme/javascript/custom/orderList.js?m=1788319233:261
[   23190ms] [LOG] {ID: 1446, status_order: DONE, JadwalID: 1839, ID_Order: 20260826-06502, dari_api: null} @ https://phbidlautdemo.prahu-hub.com/_resources/themes/prahutheme/javascript/custom/orderList.js?m=1788319233:46
[   23190ms] [LOG] [Ik Bitung] penerima @ https://phbidlautdemo.prahu-hub.com/_resources/themes/prahutheme/javascript/custom/orderList.js?m=1788319233:261
[   23191ms] [LOG] {ID: 1445, status_order: DONE, JadwalID: 1839, ID_Order: 20260826-06501, dari_api: null} @ https://phbidlautdemo.prahu-hub.com/_resources/themes/prahutheme/javascript/custom/orderList.js?m=1788319233:46
[   23191ms] [LOG] [Ik Bitung] penerima @ https://phbidlautdemo.prahu-hub.com/_resources/themes/prahutheme/javascript/custom/orderList.js?m=1788319233:261
[   23191ms] [LOG] {ID: 1444, status_order: DONE, JadwalID: 1830, ID_Order: 20260822-08505, dari_api: null} @ https://phbidlautdemo.prahu-hub.com/_resources/themes/prahutheme/javascript/custom/orderList.js?m=1788319233:46
[   23191ms] [LOG] [Roni] penerima @ https://phbidlautdemo.prahu-hub.com/_resources/themes/prahutheme/javascript/custom/orderList.js?m=1788319233:261
[   23191ms] [LOG] {ID: 1443, status_order: DONE, JadwalID: 1830, ID_Order: 20260822-08504, dari_api: null} @ https://phbidlautdemo.prahu-hub.com/_resources/themes/prahutheme/javascript/custom/orderList.js?m=1788319233:46
[   23191ms] [LOG] [Roni] penerima @ https://phbidlautdemo.prahu-hub.com/_resources/themes/prahutheme/javascript/custom/orderList.js?m=1788319233:261
[   23192ms] [LOG] {ID: 1442, status_order: DONE, JadwalID: 1830, ID_Order: 20260822-08503, dari_api: null} @ https://phbidlautdemo.prahu-hub.com/_resources/themes/prahutheme/javascript/custom/orderList.js?m=1788319233:46
[   23192ms] [LOG] [Roni] penerima @ https://phbidlautdemo.prahu-hub.com/_resources/themes/prahutheme/javascript/custom/orderList.js?m=1788319233:261
[   23192ms] [LOG] {ID: 1441, status_order: DONE, JadwalID: 1835, ID_Order: 20260822-08502, dari_api: null} @ https://phbidlautdemo.prahu-hub.com/_resources/themes/prahutheme/javascript/custom/orderList.js?m=1788319233:46
[   23192ms] [LOG] [050505500] penerima @ https://phbidlautdemo.prahu-hub.com/_resources/themes/prahutheme/javascript/custom/orderList.js?m=1788319233:261
[   23192ms] [LOG] {ID: 1440, status_order: DONE, JadwalID: 1830, ID_Order: 20260822-08501, dari_api: null} @ https://phbidlautdemo.prahu-hub.com/_resources/themes/prahutheme/javascript/custom/orderList.js?m=1788319233:46
[   23192ms] [LOG] [Roni] penerima @ https://phbidlautdemo.prahu-hub.com/_resources/themes/prahutheme/javascript/custom/orderList.js?m=1788319233:261
[   23192ms] [LOG] {ID: 1439, status_order: PACKING_LIST, JadwalID: 1830, ID_Order: 20260821-08504, dari_api: null} @ https://phbidlautdemo.prahu-hub.com/_resources/themes/prahutheme/javascript/custom/orderList.js?m=1788319233:46
[   23193ms] [LOG] [Roni] penerima @ https://phbidlautdemo.prahu-hub.com/_resources/themes/prahutheme/javascript/custom/orderList.js?m=1788319233:261
[   23193ms] [LOG] {ID: 1438, status_order: KONFIRMASI_UNIT, JadwalID: 1831, ID_Order: 20260821-08503, dari_api: null} @ https://phbidlautdemo.prahu-hub.com/_resources/themes/prahutheme/javascript/custom/orderList.js?m=1788319233:46
[   23193ms] [LOG] [Roni] penerima @ https://phbidlautdemo.prahu-hub.com/_resources/themes/prahutheme/javascript/custom/orderList.js?m=1788319233:261
[   23193ms] [LOG] {ID: 1437, status_order: CANCEL, JadwalID: 1831, ID_Order: 20260821-08502, dari_api: null} @ https://phbidlautdemo.prahu-hub.com/_resources/themes/prahutheme/javascript/custom/orderList.js?m=1788319233:46
[   23193ms] [LOG] [Roni] penerima @ https://phbidlautdemo.prahu-hub.com/_resources/themes/prahutheme/javascript/custom/orderList.js?m=1788319233:261
[   23193ms] [LOG] {ID: 1436, status_order: KONFIRMASI_UNIT, JadwalID: 1831, ID_Order: 20260821-08501, dari_api: null} @ https://phbidlautdemo.prahu-hub.com/_resources/themes/prahutheme/javascript/custom/orderList.js?m=1788319233:46
[   23193ms] [LOG] [Roni] penerima @ https://phbidlautdemo.prahu-hub.com/_resources/themes/prahutheme/javascript/custom/orderList.js?m=1788319233:261
[   23194ms] [LOG] {ID: 1435, status_order: DONE, JadwalID: 1828, ID_Order: 20260820-06504, dari_api: null} @ https://phbidlautdemo.prahu-hub.com/_resources/themes/prahutheme/javascript/custom/orderList.js?m=1788319233:46
[   23194ms] [LOG] [Ik Bitung] penerima @ https://phbidlautdemo.prahu-hub.com/_resources/themes/prahutheme/javascript/custom/orderList.js?m=1788319233:261
[   23194ms] [LOG] {ID: 1434, status_order: KONFIRMASI_UNIT, JadwalID: 1829, ID_Order: 20260820-08503, dari_api: null} @ https://phbidlautdemo.prahu-hub.com/_resources/themes/prahutheme/javascript/custom/orderList.js?m=1788319233:46
[   23194ms] [LOG] [-] penerima @ https://phbidlautdemo.prahu-hub.com/_resources/themes/prahutheme/javascript/custom/orderList.js?m=1788319233:261
[   23194ms] [LOG] {ID: 1433, status_order: CANCEL, JadwalID: 1828, ID_Order: 20260820-06502, dari_api: null} @ https://phbidlautdemo.prahu-hub.com/_resources/themes/prahutheme/javascript/custom/orderList.js?m=1788319233:46
[   23194ms] [LOG] [Ik Bitung] penerima @ https://phbidlautdemo.prahu-hub.com/_resources/themes/prahutheme/javascript/custom/orderList.js?m=1788319233:261
[   23194ms] [LOG] {ID: 1432, status_order: CANCEL, JadwalID: 1824, ID_Order: 20260820-06501, dari_api: YES} @ https://phbidlautdemo.prahu-hub.com/_resources/themes/prahutheme/javascript/custom/orderList.js?m=1788319233:46
[   23195ms] [LOG] [Ik Bitung] penerima @ https://phbidlautdemo.prahu-hub.com/_resources/themes/prahutheme/javascript/custom/orderList.js?m=1788319233:261
[   23195ms] [LOG] {ID: 1431, status_order: KONFIRMASI_UNIT, JadwalID: 1819, ID_Order: 20260818-08502, dari_api: null} @ https://phbidlautdemo.prahu-hub.com/_resources/themes/prahutheme/javascript/custom/orderList.js?m=1788319233:46
[   23195ms] [LOG] [Rian] penerima @ https://phbidlautdemo.prahu-hub.com/_resources/themes/prahutheme/javascript/custom/orderList.js?m=1788319233:261
[   23195ms] [LOG] {ID: 1430, status_order: KONFIRMASI_UNIT, JadwalID: 1817, ID_Order: 20260818-08501, dari_api: null} @ https://phbidlautdemo.prahu-hub.com/_resources/themes/prahutheme/javascript/custom/orderList.js?m=1788319233:46
[   23196ms] [LOG] [Rian] penerima @ https://phbidlautdemo.prahu-hub.com/_resources/themes/prahutheme/javascript/custom/orderList.js?m=1788319233:261
[   23196ms] [LOG] {ID: 1429, status_order: DONE, JadwalID: 1815, ID_Order: 20260811-06501, dari_api: YES} @ https://phbidlautdemo.prahu-hub.com/_resources/themes/prahutheme/javascript/custom/orderList.js?m=1788319233:46
[   23196ms] [LOG] [IKHSAN JAYA, IKHSAN JAYA, IKHSAN JAYA] penerima @ https://phbidlautdemo.prahu-hub.com/_resources/themes/prahutheme/javascript/custom/orderList.js?m=1788319233:261
[   23196ms] [LOG] {ID: 1428, status_order: DONE, JadwalID: 1814, ID_Order: 20260807-06501, dari_api: YES} @ https://phbidlautdemo.prahu-hub.com/_resources/themes/prahutheme/javascript/custom/orderList.js?m=1788319233:46
[   23196ms] [LOG] [Ik Bitung] penerima @ https://phbidlautdemo.prahu-hub.com/_resources/themes/prahutheme/javascript/custom/orderList.js?m=1788319233:261
[   23197ms] [LOG] {ID: 1427, status_order: KONFIRMASI_UNIT, JadwalID: 1809, ID_Order: 20260806-06503, dari_api: YES} @ https://phbidlautdemo.prahu-hub.com/_resources/themes/prahutheme/javascript/custom/orderList.js?m=1788319233:46
[   23197ms] [LOG]  penerima @ https://phbidlautdemo.prahu-hub.com/_resources/themes/prahutheme/javascript/custom/orderList.js?m=1788319233:261
[   23197ms] [LOG] {ID: 1426, status_order: PENDING, JadwalID: 1809, ID_Order: 20260806-06502, dari_api: YES} @ https://phbidlautdemo.prahu-hub.com/_resources/themes/prahutheme/javascript/custom/orderList.js?m=1788319233:46
[   23197ms] [LOG]  penerima @ https://phbidlautdemo.prahu-hub.com/_resources/themes/prahutheme/javascript/custom/orderList.js?m=1788319233:261
[   23197ms] [LOG] {ID: 1425, status_order: PENDING, JadwalID: 1809, ID_Order: 20260806-06501, dari_api: YES} @ https://phbidlautdemo.prahu-hub.com/_resources/themes/prahutheme/javascript/custom/orderList.js?m=1788319233:46
[   23197ms] [LOG]  penerima @ https://phbidlautdemo.prahu-hub.com/_resources/themes/prahutheme/javascript/custom/orderList.js?m=1788319233:261
[   23197ms] [LOG] {ID: 1424, status_order: PACKING_LIST, JadwalID: 1806, ID_Order: 20260805-26301, dari_api: null} @ https://phbidlautdemo.prahu-hub.com/_resources/themes/prahutheme/javascript/custom/orderList.js?m=1788319233:46
[   23197ms] [LOG] [Budi] penerima @ https://phbidlautdemo.prahu-hub.com/_resources/themes/prahutheme/javascript/custom/orderList.js?m=1788319233:261
[   23198ms] [LOG] {ID: 1423, status_order: PENDING, JadwalID: 1794, ID_Order: 20260713-06503, dari_api: null} @ https://phbidlautdemo.prahu-hub.com/_resources/themes/prahutheme/javascript/custom/orderList.js?m=1788319233:46
[   23198ms] [LOG] [Ik Bitung] penerima @ https://phbidlautdemo.prahu-hub.com/_resources/themes/prahutheme/javascript/custom/orderList.js?m=1788319233:261
[   23198ms] [LOG] {ID: 1422, status_order: REJECTED, JadwalID: 1794, ID_Order: 20260713-06502, dari_api: null} @ https://phbidlautdemo.prahu-hub.com/_resources/themes/prahutheme/javascript/custom/orderList.js?m=1788319233:46
[   23198ms] [LOG] [Ik Bitung] penerima @ https://phbidlautdemo.prahu-hub.com/_resources/themes/prahutheme/javascript/custom/orderList.js?m=1788319233:261
[   23198ms] [LOG] {ID: 1421, status_order: DONE, JadwalID: 1795, ID_Order: 20260713-06501, dari_api: null} @ https://phbidlautdemo.prahu-hub.com/_resources/themes/prahutheme/javascript/custom/orderList.js?m=1788319233:46
[   23199ms] [LOG] [Ik Bitung] penerima @ https://phbidlautdemo.prahu-hub.com/_resources/themes/prahutheme/javascript/custom/orderList.js?m=1788319233:261
[   23199ms] [LOG] {ID: 1420, status_order: DONE, JadwalID: 1785, ID_Order: 20260629-06501, dari_api: null} @ https://phbidlautdemo.prahu-hub.com/_resources/themes/prahutheme/javascript/custom/orderList.js?m=1788319233:46
[   23199ms] [LOG] [PT. Perkasa Adi Makmur Sentosa, PT. Tridatu Jaya, PT. Indajaya] penerima @ https://phbidlautdemo.prahu-hub.com/_resources/themes/prahutheme/javascript/custom/orderList.js?m=1788319233:261
[   23199ms] [LOG] {ID: 1419, status_order: KONFIRMASI_UNIT, JadwalID: 1790, ID_Order: 20260627-06504, dari_api: null} @ https://phbidlautdemo.prahu-hub.com/_resources/themes/prahutheme/javascript/custom/orderList.js?m=1788319233:46
[   23200ms] [LOG] [Ik Bitung] penerima @ https://phbidlautdemo.prahu-hub.com/_resources/themes/prahutheme/javascript/custom/orderList.js?m=1788319233:261
[   23200ms] [LOG] {ID: 1418, status_order: PENDING, JadwalID: 1790, ID_Order: 20260627-06503, dari_api: null} @ https://phbidlautdemo.prahu-hub.com/_resources/themes/prahutheme/javascript/custom/orderList.js?m=1788319233:46
[   23200ms] [LOG] [Ik Bitung] penerima @ https://phbidlautdemo.prahu-hub.com/_resources/themes/prahutheme/javascript/custom/orderList.js?m=1788319233:261
[   23202ms] [LOG] {ID: 1417, status_order: CANCEL, JadwalID: 1789, ID_Order: 20260627-06502, dari_api: null} @ https://phbidlautdemo.prahu-hub.com/_resources/themes/prahutheme/javascript/custom/orderList.js?m=1788319233:46
[   23202ms] [LOG] [Ik Bitung] penerima @ https://phbidlautdemo.prahu-hub.com/_resources/themes/prahutheme/javascript/custom/orderList.js?m=1788319233:261
[   23202ms] [LOG] {ID: 1416, status_order: DONE, JadwalID: 1789, ID_Order: 20260627-06501, dari_api: YES} @ https://phbidlautdemo.prahu-hub.com/_resources/themes/prahutheme/javascript/custom/orderList.js?m=1788319233:46
[   23203ms] [LOG] [Ik Bitung] penerima @ https://phbidlautdemo.prahu-hub.com/_resources/themes/prahutheme/javascript/custom/orderList.js?m=1788319233:261
[   23204ms] [LOG] {ID: 1415, status_order: KONFIRMASI_UNIT, JadwalID: 1785, ID_Order: 20260626-06501, dari_api: null} @ https://phbidlautdemo.prahu-hub.com/_resources/themes/prahutheme/javascript/custom/orderList.js?m=1788319233:46
[   23204ms] [LOG] [PT. Perkasa Adi Makmur Sentosa, PT. Tridatu Jaya, PT. Indajaya] penerima @ https://phbidlautdemo.prahu-hub.com/_resources/themes/prahutheme/javascript/custom/orderList.js?m=1788319233:261
[   23204ms] [LOG] {ID: 1414, status_order: DONE, JadwalID: 1787, ID_Order: 20260625-02604, dari_api: null} @ https://phbidlautdemo.prahu-hub.com/_resources/themes/prahutheme/javascript/custom/orderList.js?m=1788319233:46
[   23204ms] [LOG] [PT. Astra Honda Motor, PT. Astra Yamaha Motor, PT. Astra Kawasaki Motor] penerima @ https://phbidlautdemo.prahu-hub.com/_resources/themes/prahutheme/javascript/custom/orderList.js?m=1788319233:261
[   23205ms] [LOG] {ID: 1413, status_order: CANCEL, JadwalID: 1786, ID_Order: 20260625-06503, dari_api: null} @ https://phbidlautdemo.prahu-hub.com/_resources/themes/prahutheme/javascript/custom/orderList.js?m=1788319233:46
[   23205ms] [LOG] [PT. Perkasa Adi Makmur Sentosa, PT. Tridatu Jaya, PT. Indajaya] penerima @ https://phbidlautdemo.prahu-hub.com/_resources/themes/prahutheme/javascript/custom/orderList.js?m=1788319233:261
[   23205ms] [LOG] {ID: 1412, status_order: DONE, JadwalID: 1780, ID_Order: 20260625-02602, dari_api: null} @ https://phbidlautdemo.prahu-hub.com/_resources/themes/prahutheme/javascript/custom/orderList.js?m=1788319233:46
[   23205ms] [LOG] [Suyanto] penerima @ https://phbidlautdemo.prahu-hub.com/_resources/themes/prahutheme/javascript/custom/orderList.js?m=1788319233:261
[   23206ms] [LOG] {ID: 1411, status_order: CANCEL_SHIPPED, JadwalID: 1778, ID_Order: 20260625-06501, dari_api: null} @ https://phbidlautdemo.prahu-hub.com/_resources/themes/prahutheme/javascript/custom/orderList.js?m=1788319233:46
[   23206ms] [LOG] [PT. Perkasa Adi Makmur Sentosa, PT. Tridatu Jaya, PT. Indajaya] penerima @ https://phbidlautdemo.prahu-hub.com/_resources/themes/prahutheme/javascript/custom/orderList.js?m=1788319233:261
[   23206ms] [LOG] {ID: 1410, status_order: DONE, JadwalID: 1777, ID_Order: 20260624-06501, dari_api: null} @ https://phbidlautdemo.prahu-hub.com/_resources/themes/prahutheme/javascript/custom/orderList.js?m=1788319233:46
[   23206ms] [LOG] [PT. Perkasa Adi Makmur Sentosa, PT. Tridatu Jaya, PT. Indajaya] penerima @ https://phbidlautdemo.prahu-hub.com/_resources/themes/prahutheme/javascript/custom/orderList.js?m=1788319233:261
[   23207ms] [LOG] {ID: 1408, status_order: DONE, JadwalID: 1774, ID_Order: 20260615-06501, dari_api: null} @ https://phbidlautdemo.prahu-hub.com/_resources/themes/prahutheme/javascript/custom/orderList.js?m=1788319233:46
[   23207ms] [LOG] [PIC Tujuan QA] penerima @ https://phbidlautdemo.prahu-hub.com/_resources/themes/prahutheme/javascript/custom/orderList.js?m=1788319233:261
[   23207ms] [LOG] {ID: 1407, status_order: DONE, JadwalID: 1773, ID_Order: 20260611-30801, dari_api: null} @ https://phbidlautdemo.prahu-hub.com/_resources/themes/prahutheme/javascript/custom/orderList.js?m=1788319233:46
[   23208ms] [LOG] [Eko Nugraha] penerima @ https://phbidlautdemo.prahu-hub.com/_resources/themes/prahutheme/javascript/custom/orderList.js?m=1788319233:261
[   23208ms] [LOG] {ID: 1406, status_order: DONE, JadwalID: 1760, ID_Order: 20260603-26302, dari_api: null} @ https://phbidlautdemo.prahu-hub.com/_resources/themes/prahutheme/javascript/custom/orderList.js?m=1788319233:46
[   23208ms] [LOG] [Budi] penerima @ https://phbidlautdemo.prahu-hub.com/_resources/themes/prahutheme/javascript/custom/orderList.js?m=1788319233:261
[   23208ms] [LOG] {ID: 1405, status_order: DONE, JadwalID: 1759, ID_Order: 20260603-26301, dari_api: null} @ https://phbidlautdemo.prahu-hub.com/_resources/themes/prahutheme/javascript/custom/orderList.js?m=1788319233:46
[   23209ms] [LOG] [Budi] penerima @ https://phbidlautdemo.prahu-hub.com/_resources/themes/prahutheme/javascript/custom/orderList.js?m=1788319233:261
[   23209ms] [LOG] {ID: 1404, status_order: PENDING, JadwalID: 1758, ID_Order: 20260528-06503, dari_api: null} @ https://phbidlautdemo.prahu-hub.com/_resources/themes/prahutheme/javascript/custom/orderList.js?m=1788319233:46
[   23209ms] [LOG] [PT. Perkasa Adi Makmur Sentosa, PT. Tridatu Jaya, PT. Indajaya] penerima @ https://phbidlautdemo.prahu-hub.com/_resources/themes/prahutheme/javascript/custom/orderList.js?m=1788319233:261
[   23209ms] [LOG] {ID: 1403, status_order: DONE, JadwalID: 1756, ID_Order: 20260528-06502, dari_api: null} @ https://phbidlautdemo.prahu-hub.com/_resources/themes/prahutheme/javascript/custom/orderList.js?m=1788319233:46
[   23210ms] [LOG] [PT. Perkasa Adi Makmur Sentosa, PT. Tridatu Jaya, PT. Indajaya] penerima @ https://phbidlautdemo.prahu-hub.com/_resources/themes/prahutheme/javascript/custom/orderList.js?m=1788319233:261
[   23210ms] [LOG] {ID: 1402, status_order: DONE, JadwalID: 1755, ID_Order: 20260528-06501, dari_api: null} @ https://phbidlautdemo.prahu-hub.com/_resources/themes/prahutheme/javascript/custom/orderList.js?m=1788319233:46
[   23211ms] [LOG] [PT. Perkasa Adi Makmur Sentosa, PT. Tridatu Jaya, PT. Indajaya] penerima @ https://phbidlautdemo.prahu-hub.com/_resources/themes/prahutheme/javascript/custom/orderList.js?m=1788319233:261
[   23211ms] [LOG] {ID: 1401, status_order: DONE, JadwalID: 1752, ID_Order: 20260526-02603, dari_api: null} @ https://phbidlautdemo.prahu-hub.com/_resources/themes/prahutheme/javascript/custom/orderList.js?m=1788319233:46
[   23211ms] [LOG] [Pras Tujuan] penerima @ https://phbidlautdemo.prahu-hub.com/_resources/themes/prahutheme/javascript/custom/orderList.js?m=1788319233:261
[   23212ms] [LOG] {ID: 1400, status_order: CANCEL, JadwalID: 1682, ID_Order: 20260526-02602, dari_api: null} @ https://phbidlautdemo.prahu-hub.com/_resources/themes/prahutheme/javascript/custom/orderList.js?m=1788319233:46
[   23212ms] [LOG] [Pras Tujuan] penerima @ https://phbidlautdemo.prahu-hub.com/_resources/themes/prahutheme/javascript/custom/orderList.js?m=1788319233:261
[   23212ms] [LOG] {ID: 1399, status_order: CANCEL_SHIPPED, JadwalID: 1751, ID_Order: 20260526-02601, dari_api: null} @ https://phbidlautdemo.prahu-hub.com/_resources/themes/prahutheme/javascript/custom/orderList.js?m=1788319233:46
[   23212ms] [LOG] [Pras Tujuan] penerima @ https://phbidlautdemo.prahu-hub.com/_resources/themes/prahutheme/javascript/custom/orderList.js?m=1788319233:261
[   23213ms] [LOG] {ID: 1398, status_order: CANCEL, JadwalID: 1748, ID_Order: 20260521-08506, dari_api: null} @ https://phbidlautdemo.prahu-hub.com/_resources/themes/prahutheme/javascript/custom/orderList.js?m=1788319233:46
[   23213ms] [LOG] [Farid] penerima @ https://phbidlautdemo.prahu-hub.com/_resources/themes/prahutheme/javascript/custom/orderList.js?m=1788319233:261
[   23213ms] [LOG] {ID: 1397, status_order: DONE, JadwalID: 1742, ID_Order: 20260521-27705, dari_api: null} @ https://phbidlautdemo.prahu-hub.com/_resources/themes/prahutheme/javascript/custom/orderList.js?m=1788319233:46
[   23213ms] [LOG] [Toni Kurniawan] penerima @ https://phbidlautdemo.prahu-hub.com/_resources/themes/prahutheme/javascript/custom/orderList.js?m=1788319233:261
[   23214ms] [LOG] {ID: 1396, status_order: DONE, JadwalID: 1747, ID_Order: 20260521-27704, dari_api: null} @ https://phbidlautdemo.prahu-hub.com/_resources/themes/prahutheme/javascript/custom/orderList.js?m=1788319233:46
[   23214ms] [LOG] [Toni Kurniawan] penerima @ https://phbidlautdemo.prahu-hub.com/_resources/themes/prahutheme/javascript/custom/orderList.js?m=1788319233:261
[   23214ms] [LOG] {ID: 1395, status_order: DONE, JadwalID: 1746, ID_Order: 20260521-26303, dari_api: null} @ https://phbidlautdemo.prahu-hub.com/_resources/themes/prahutheme/javascript/custom/orderList.js?m=1788319233:46
[   23215ms] [LOG] [Budi] penerima @ https://phbidlautdemo.prahu-hub.com/_resources/themes/prahutheme/javascript/custom/orderList.js?m=1788319233:261
[   23215ms] [LOG] {ID: 1394, status_order: CANCEL, JadwalID: 1736, ID_Order: 20260521-26302, dari_api: null} @ https://phbidlautdemo.prahu-hub.com/_resources/themes/prahutheme/javascript/custom/orderList.js?m=1788319233:46
[   23215ms] [LOG] [Budi] penerima @ https://phbidlautdemo.prahu-hub.com/_resources/themes/prahutheme/javascript/custom/orderList.js?m=1788319233:261
[   23216ms] [LOG] {ID: 1393, status_order: REJECTED, JadwalID: 1736, ID_Order: 20260521-26301, dari_api: null} @ https://phbidlautdemo.prahu-hub.com/_resources/themes/prahutheme/javascript/custom/orderList.js?m=1788319233:46
[   23216ms] [LOG] [Budi] penerima @ https://phbidlautdemo.prahu-hub.com/_resources/themes/prahutheme/javascript/custom/orderList.js?m=1788319233:261
[   23217ms] [LOG] {ID: 1392, status_order: DONE, JadwalID: 1740, ID_Order: 20260520-27705, dari_api: null} @ https://phbidlautdemo.prahu-hub.com/_resources/themes/prahutheme/javascript/custom/orderList.js?m=1788319233:46
[   23218ms] [LOG] [Toni Kurniawan] penerima @ https://phbidlautdemo.prahu-hub.com/_resources/themes/prahutheme/javascript/custom/orderList.js?m=1788319233:261
[   23219ms] [LOG] {ID: 1391, status_order: DONE, JadwalID: 1803, ID_Order: 20260520-26304, dari_api: null} @ https://phbidlautdemo.prahu-hub.com/_resources/themes/prahutheme/javascript/custom/orderList.js?m=1788319233:46
[   23219ms] [LOG] [Budi] penerima @ https://phbidlautdemo.prahu-hub.com/_resources/themes/prahutheme/javascript/custom/orderList.js?m=1788319233:261
[   23219ms] [LOG] {ID: 1390, status_order: DONE, JadwalID: 1735, ID_Order: 20260520-26303, dari_api: null} @ https://phbidlautdemo.prahu-hub.com/_resources/themes/prahutheme/javascript/custom/orderList.js?m=1788319233:46
[   23219ms] [LOG] [Budi] penerima @ https://phbidlautdemo.prahu-hub.com/_resources/themes/prahutheme/javascript/custom/orderList.js?m=1788319233:261
[   23219ms] [LOG] {ID: 1389, status_order: DONE, JadwalID: 1717, ID_Order: 20260520-27702, dari_api: null} @ https://phbidlautdemo.prahu-hub.com/_resources/themes/prahutheme/javascript/custom/orderList.js?m=1788319233:46
[   23220ms] [LOG] [Toni Kurniawan] penerima @ https://phbidlautdemo.prahu-hub.com/_resources/themes/prahutheme/javascript/custom/orderList.js?m=1788319233:261
[   23220ms] [LOG] {ID: 1388, status_order: DONE, JadwalID: 1732, ID_Order: 20260520-26301, dari_api: null} @ https://phbidlautdemo.prahu-hub.com/_resources/themes/prahutheme/javascript/custom/orderList.js?m=1788319233:46
[   23220ms] [LOG] [Budi] penerima @ https://phbidlautdemo.prahu-hub.com/_resources/themes/prahutheme/javascript/custom/orderList.js?m=1788319233:261
[   23221ms] [LOG] {ID: 1387, status_order: DONE, JadwalID: 1731, ID_Order: 20260518-08503, dari_api: null} @ https://phbidlautdemo.prahu-hub.com/_resources/themes/prahutheme/javascript/custom/orderList.js?m=1788319233:46
[   23221ms] [LOG] [a, =] penerima @ https://phbidlautdemo.prahu-hub.com/_resources/themes/prahutheme/javascript/custom/orderList.js?m=1788319233:261
[   23221ms] [LOG] {ID: 1386, status_order: CANCEL, JadwalID: 1730, ID_Order: 20260518-08502, dari_api: null} @ https://phbidlautdemo.prahu-hub.com/_resources/themes/prahutheme/javascript/custom/orderList.js?m=1788319233:46
[   23221ms] [LOG] [a, =] penerima @ https://phbidlautdemo.prahu-hub.com/_resources/themes/prahutheme/javascript/custom/orderList.js?m=1788319233:261
[   23222ms] [LOG] {ID: 1385, status_order: REJECTED, JadwalID: 1730, ID_Order: 20260518-08501, dari_api: null} @ https://phbidlautdemo.prahu-hub.com/_resources/themes/prahutheme/javascript/custom/orderList.js?m=1788319233:46
[   23222ms] [LOG] [a, www] penerima @ https://phbidlautdemo.prahu-hub.com/_resources/themes/prahutheme/javascript/custom/orderList.js?m=1788319233:261
[   23223ms] [LOG] {ID: 1384, status_order: DONE, JadwalID: 1727, ID_Order: 20260516-08501, dari_api: null} @ https://phbidlautdemo.prahu-hub.com/_resources/themes/prahutheme/javascript/custom/orderList.js?m=1788319233:46
[   23223ms] [LOG] [iuytr] penerima @ https://phbidlautdemo.prahu-hub.com/_resources/themes/prahutheme/javascript/custom/orderList.js?m=1788319233:261
[   23223ms] [LOG] {ID: 1383, status_order: CANCEL_SHIPPED, JadwalID: 1716, ID_Order: 20260505-27701, dari_api: null} @ https://phbidlautdemo.prahu-hub.com/_resources/themes/prahutheme/javascript/custom/orderList.js?m=1788319233:46
[   23223ms] [LOG] [Toni Kurniawan] penerima @ https://phbidlautdemo.prahu-hub.com/_resources/themes/prahutheme/javascript/custom/orderList.js?m=1788319233:261
[   23224ms] [LOG] {ID: 1382, status_order: DONE, JadwalID: 1718, ID_Order: 20260427-06502, dari_api: null} @ https://phbidlautdemo.prahu-hub.com/_resources/themes/prahutheme/javascript/custom/orderList.js?m=1788319233:46
[   23224ms] [LOG] [PT. Indomarco Prismatama - Jl. Lintas Sumatera Kel…1 || Pak Hariadi - Ketua TKBM Stabat 082166285795, Stock Point Indogrosir Mdn 1 (MEGAH DAYA INTI HARA…n Krio, Kel. Sunggal Deli Serdang, Sumatera Utara, CV. ALTAQNIA BANGKA ENGINEERING Simpang BTN, Jl. T…mali, Kabupaten Bangka, Kepulauan Bangka Belitung] penerima @ https://phbidlautdemo.prahu-hub.com/_resources/themes/prahutheme/javascript/custom/orderList.js?m=1788319233:261
[   23224ms] [LOG] {ID: 1381, status_order: DONE, JadwalID: 1718, ID_Order: 20260427-06501, dari_api: null} @ https://phbidlautdemo.prahu-hub.com/_resources/themes/prahutheme/javascript/custom/orderList.js?m=1788319233:46
[   23225ms] [LOG] [PT. Perkasa Adi Makmur Sentosa, PT. Tridatu Jaya, PT. Indajaya] penerima @ https://phbidlautdemo.prahu-hub.com/_resources/themes/prahutheme/javascript/custom/orderList.js?m=1788319233:261
[   23225ms] [LOG] {ID: 1380, status_order: DONE, JadwalID: 1717, ID_Order: 20260425-27702, dari_api: null} @ https://phbidlautdemo.prahu-hub.com/_resources/themes/prahutheme/javascript/custom/orderList.js?m=1788319233:46
[   23225ms] [LOG] [Toni Kurniawan] penerima @ https://phbidlautdemo.prahu-hub.com/_resources/themes/prahutheme/javascript/custom/orderList.js?m=1788319233:261
[   23226ms] [LOG] {ID: 1379, status_order: DONE, JadwalID: 1716, ID_Order: 20260425-27701, dari_api: null} @ https://phbidlautdemo.prahu-hub.com/_resources/themes/prahutheme/javascript/custom/orderList.js?m=1788319233:46
[   23226ms] [LOG] [Toni Kurniawan] penerima @ https://phbidlautdemo.prahu-hub.com/_resources/themes/prahutheme/javascript/custom/orderList.js?m=1788319233:261
[   23226ms] [LOG] {ID: 1378, status_order: SHIPPER_VALIDATED, JadwalID: 1715, ID_Order: 20260423-26301, dari_api: null} @ https://phbidlautdemo.prahu-hub.com/_resources/themes/prahutheme/javascript/custom/orderList.js?m=1788319233:46
[   23226ms] [LOG] [Budi] penerima @ https://phbidlautdemo.prahu-hub.com/_resources/themes/prahutheme/javascript/custom/orderList.js?m=1788319233:261
[   23227ms] [LOG] {ID: 1377, status_order: KONFIRMASI_UNIT, JadwalID: 1715, ID_Order: 20260421-26304, dari_api: null} @ https://phbidlautdemo.prahu-hub.com/_resources/themes/prahutheme/javascript/custom/orderList.js?m=1788319233:46
[   23227ms] [LOG] [Budi] penerima @ https://phbidlautdemo.prahu-hub.com/_resources/themes/prahutheme/javascript/custom/orderList.js?m=1788319233:261
[   23227ms] [LOG] {ID: 1376, status_order: DONE, JadwalID: 1702, ID_Order: 20260421-06503, dari_api: null} @ https://phbidlautdemo.prahu-hub.com/_resources/themes/prahutheme/javascript/custom/orderList.js?m=1788319233:46
[   23228ms] [LOG] [Ik Bitung] penerima @ https://phbidlautdemo.prahu-hub.com/_resources/themes/prahutheme/javascript/custom/orderList.js?m=1788319233:261
[   23228ms] [LOG] {ID: 1375, status_order: SHIPPER_VALIDATED, JadwalID: 1702, ID_Order: 20260421-06502, dari_api: null} @ https://phbidlautdemo.prahu-hub.com/_resources/themes/prahutheme/javascript/custom/orderList.js?m=1788319233:46
[   23228ms] [LOG] [Ik Bitung] penerima @ https://phbidlautdemo.prahu-hub.com/_resources/themes/prahutheme/javascript/custom/orderList.js?m=1788319233:261
[   23229ms] [LOG] {ID: 1374, status_order: KONFIRMASI_UNIT, JadwalID: 1715, ID_Order: 20260421-26301, dari_api: null} @ https://phbidlautdemo.prahu-hub.com/_resources/themes/prahutheme/javascript/custom/orderList.js?m=1788319233:46
[   23229ms] [LOG] [Budi] penerima @ https://phbidlautdemo.prahu-hub.com/_resources/themes/prahutheme/javascript/custom/orderList.js?m=1788319233:261
[   23229ms] [LOG] {ID: 1373, status_order: DONE, JadwalID: 1702, ID_Order: 20260420-06501, dari_api: null} @ https://phbidlautdemo.prahu-hub.com/_resources/themes/prahutheme/javascript/custom/orderList.js?m=1788319233:46
[   23230ms] [LOG] [Ik Bitung] penerima @ https://phbidlautdemo.prahu-hub.com/_resources/themes/prahutheme/javascript/custom/orderList.js?m=1788319233:261
[   23230ms] [LOG] {ID: 1372, status_order: SHIPPER_VALIDATED, JadwalID: 1710, ID_Order: 20260418-05922, dari_api: null} @ https://phbidlautdemo.prahu-hub.com/_resources/themes/prahutheme/javascript/custom/orderList.js?m=1788319233:46
[   23230ms] [LOG] [Majribah] penerima @ https://phbidlautdemo.prahu-hub.com/_resources/themes/prahutheme/javascript/custom/orderList.js?m=1788319233:261
[   23231ms] [LOG] {ID: 1371, status_order: PACKING_LIST, JadwalID: 1709, ID_Order: 20260418-05921, dari_api: null} @ https://phbidlautdemo.prahu-hub.com/_resources/themes/prahutheme/javascript/custom/orderList.js?m=1788319233:46
[   23231ms] [LOG] [Majribah] penerima @ https://phbidlautdemo.prahu-hub.com/_resources/themes/prahutheme/javascript/custom/orderList.js?m=1788319233:261
[   23231ms] [LOG] {ID: 1370, status_order: PACKING_LIST, JadwalID: 1708, ID_Order: 20260418-05920, dari_api: null} @ https://phbidlautdemo.prahu-hub.com/_resources/themes/prahutheme/javascript/custom/orderList.js?m=1788319233:46
[   23232ms] [LOG] [Majribah] penerima @ https://phbidlautdemo.prahu-hub.com/_resources/themes/prahutheme/javascript/custom/orderList.js?m=1788319233:261
[   23232ms] [LOG] {ID: 1369, status_order: PACKING_LIST, JadwalID: 1711, ID_Order: 20260418-05919, dari_api: null} @ https://phbidlautdemo.prahu-hub.com/_resources/themes/prahutheme/javascript/custom/orderList.js?m=1788319233:46
[   23232ms] [LOG] [Majribah] penerima @ https://phbidlautdemo.prahu-hub.com/_resources/themes/prahutheme/javascript/custom/orderList.js?m=1788319233:261
[   23233ms] [LOG] {ID: 1368, status_order: PACKING_LIST, JadwalID: 1710, ID_Order: 20260418-05918, dari_api: null} @ https://phbidlautdemo.prahu-hub.com/_resources/themes/prahutheme/javascript/custom/orderList.js?m=1788319233:46
[   23233ms] [LOG] [Majribah] penerima @ https://phbidlautdemo.prahu-hub.com/_resources/themes/prahutheme/javascript/custom/orderList.js?m=1788319233:261
[   23234ms] [LOG] {ID: 1367, status_order: PACKING_LIST, JadwalID: 1709, ID_Order: 20260418-05917, dari_api: null} @ https://phbidlautdemo.prahu-hub.com/_resources/themes/prahutheme/javascript/custom/orderList.js?m=1788319233:46
[   23235ms] [LOG] [Majribah] penerima @ https://phbidlautdemo.prahu-hub.com/_resources/themes/prahutheme/javascript/custom/orderList.js?m=1788319233:261
[   23235ms] [LOG] {ID: 1366, status_order: PACKING_LIST, JadwalID: 1708, ID_Order: 20260418-05916, dari_api: null} @ https://phbidlautdemo.prahu-hub.com/_resources/themes/prahutheme/javascript/custom/orderList.js?m=1788319233:46
[   23235ms] [LOG] [Majribah] penerima @ https://phbidlautdemo.prahu-hub.com/_resources/themes/prahutheme/javascript/custom/orderList.js?m=1788319233:261
[   23235ms] [LOG] {ID: 1365, status_order: PACKING_LIST, JadwalID: 1711, ID_Order: 20260418-05915, dari_api: null} @ https://phbidlautdemo.prahu-hub.com/_resources/themes/prahutheme/javascript/custom/orderList.js?m=1788319233:46
[   23236ms] [LOG] [Majribah] penerima @ https://phbidlautdemo.prahu-hub.com/_resources/themes/prahutheme/javascript/custom/orderList.js?m=1788319233:261
[   23319ms] [LOG] 1453 @ https://phbidlautdemo.prahu-hub.com/_resources/themes/prahutheme/javascript/custom/orderList.js?m=1788319233:916
[   23319ms] [LOG] 1453 countView1 1 pageNow 100 limitView1 @ https://phbidlautdemo.prahu-hub.com/_resources/themes/prahutheme/javascript/custom/orderList.js?m=1788319233:918
[   23319ms] [LOG] 100 @ https://phbidlautdemo.prahu-hub.com/_resources/themes/prahutheme/javascript/custom/orderList.js?m=1788319233:924
[   23319ms] [LOG] 1453 jumlah data @ https://phbidlautdemo.prahu-hub.com/_resources/themes/prahutheme/javascript/custom/orderList.js?m=1788319233:879
[   23319ms] [LOG] 15 @ https://phbidlautdemo.prahu-hub.com/_resources/themes/prahutheme/javascript/custom/orderList.js?m=1788319233:881
[   23319ms] [LOG] 15 1 pageCount & pageNow @ https://phbidlautdemo.prahu-hub.com/_resources/themes/prahutheme/javascript/custom/orderList.js?m=1788319233:810
[   23321ms] [LOG] 200 xhrglobal @ https://phbidlautdemo.prahu-hub.com/order/orderlist:8566
