[    1133ms] ReferenceError: dete is not defined
    at https://phbidlautdemo.prahu-hub.com/user/login:1465:5
[    2442ms] TypeError: Failed to execute 'observe' on 'IntersectionObserver': parameter 1 is not of type 'Element'.
    at https://phbidlautdemo.prahu-hub.com/user/login:1932:14
[    2465ms] [VERBOSE] [DOM] Input elements should have autocomplete attributes (suggested: "current-password"): (More info: https://goo.gl/9p2vKq) %o @ https://phbidlautdemo.prahu-hub.com/user/login:0
[    2475ms] [LOG] 0 @ https://phbidlautdemo.prahu-hub.com/user/login:1426
[    2475ms] [LOG] undefined scr @ https://phbidlautdemo.prahu-hub.com/user/login:1430
[    7196ms] [LOG] ddd @ https://phbidlautdemo.prahu-hub.com/user/login:1525
[    7373ms] [LOG] {pesan: ADMIN, status: 1, user_aktif: 1, ParentID: 0, redirect: } @ https://phbidlautdemo.prahu-hub.com/user/login:1558
[    7373ms] [LOG] {pesan: ADMIN, status: 1, user_aktif: 1, ParentID: 0, redirect: } a @ https://phbidlautdemo.prahu-hub.com/user/login:1560
[    9066ms] Cannot use import statement outside a module
[    9132ms] ReferenceError: Chart is not defined
    at https://phbidlautdemo.prahu-hub.com/_resources/themes/prahutheme/js/scripts-init/charts/chartjs.js:8:13
[    9133ms] Unexpected token '<'
[    9252ms] Unexpected token '<'
[    9409ms] Uncaught TypeError: expect element to be DOM Element, but got null
    at n.init (https://cdnjs.cloudflare.com/ajax/libs/smooth-scrollbar/8.5.2/smooth-scrollbar.js:24:264)
    at <anonymous> (https://phbidlautdemo.prahu-hub.com/lelang/listlelang?tab=semua-lelang:6190:14)
[    9499ms] [LOG] Pengajuan Lelangnamanya @ https://phbidlautdemo.prahu-hub.com/lelang/listlelang?tab=semua-lelang:2040
[    9526ms] [LOG] undefined @ https://phbidlautdemo.prahu-hub.com/lelang/listlelang?tab=semua-lelang:6543
[    9526ms] [LOG] undefined @ https://phbidlautdemo.prahu-hub.com/lelang/listlelang?tab=semua-lelang:6543
[    9526ms] [LOG] Masukkan Nomor Lelang @ https://phbidlautdemo.prahu-hub.com/lelang/listlelang?tab=semua-lelang:6543
[    9527ms] [LOG] DD/MM/YYYY @ https://phbidlautdemo.prahu-hub.com/lelang/listlelang?tab=semua-lelang:6543
[    9527ms] [LOG] DD/MM/YYYY @ https://phbidlautdemo.prahu-hub.com/lelang/listlelang?tab=semua-lelang:6543
[    9527ms] [LOG] DD/MM/YYYY @ https://phbidlautdemo.prahu-hub.com/lelang/listlelang?tab=semua-lelang:6543
[    9527ms] [LOG] DD/MM/YYYY @ https://phbidlautdemo.prahu-hub.com/lelang/listlelang?tab=semua-lelang:6543
[    9527ms] [LOG] undefined @ https://phbidlautdemo.prahu-hub.com/lelang/listlelang?tab=semua-lelang:6543
[    9527ms] [LOG] undefined @ https://phbidlautdemo.prahu-hub.com/lelang/listlelang?tab=semua-lelang:6543
[    9528ms] [LOG] Masukkan Nama Bank @ https://phbidlautdemo.prahu-hub.com/lelang/listlelang?tab=semua-lelang:6543
[    9528ms] [LOG] undefined @ https://phbidlautdemo.prahu-hub.com/lelang/listlelang?tab=semua-lelang:6543
[    9529ms] [LOG] WebSocket connection @ https://phbidlautdemo.prahu-hub.com/lelang/listlelang?tab=semua-lelang:6586
[    9530ms] [LOG] WebSocket connection attempting... @ https://phbidlautdemo.prahu-hub.com/lelang/listlelang?tab=semua-lelang:6664
[    9677ms] [LOG] WebSocket connected @ https://phbidlautdemo.prahu-hub.com/lelang/listlelang?tab=semua-lelang:6595
[    9681ms] [LOG] update_dashboard_order_laut @ https://phbidlautdemo.prahu-hub.com/lelang/listlelang?tab=semua-lelang:6636
[    9710ms] [LOG] Connected @ https://phbidlautdemo.prahu-hub.com/lelang/listlelang?tab=semua-lelang:6636
[   11526ms] TypeError: $(...).DataTable is not a function
    at https://phbidlautdemo.prahu-hub.com/_resources/themes/prahutheme/js/scripts-init/tables.js:7:23
[   12064ms] [LOG] [Object, Object, Object, Object, Object, Object, Object, Object, Object, Object, Object, Object, Object, Object, Object, Object, Object, Object, Object, Object] @ https://phbidlautdemo.prahu-hub.com/_resources/themes/prahutheme/javascript/custom/listLelang.js?m=1787972929:14
[   12078ms] [LOG] 1092 @ https://phbidlautdemo.prahu-hub.com/_resources/themes/prahutheme/javascript/custom/listLelang.js?m=1787972929:818
[   12078ms] [LOG] 1092 countView1 1 pageNow 20 limitView1 @ https://phbidlautdemo.prahu-hub.com/_resources/themes/prahutheme/javascript/custom/listLelang.js?m=1787972929:820
[   12079ms] [LOG] 20 @ https://phbidlautdemo.prahu-hub.com/_resources/themes/prahutheme/javascript/custom/listLelang.js?m=1787972929:826
[   12080ms] [LOG] 1092 jumlah data @ https://phbidlautdemo.prahu-hub.com/_resources/themes/prahutheme/javascript/custom/listLelang.js?m=1787972929:779
[   12080ms] [LOG] 55 @ https://phbidlautdemo.prahu-hub.com/_resources/themes/prahutheme/javascript/custom/listLelang.js?m=1787972929:781
[   12081ms] [LOG] 55 1 pageCount & pageNow @ https://phbidlautdemo.prahu-hub.com/_resources/themes/prahutheme/javascript/custom/listLelang.js?m=1787972929:704
[   12089ms] [LOG] 200 xhrglobal @ https://phbidlautdemo.prahu-hub.com/lelang/listlelang?tab=semua-lelang:6517
[   12135ms] ReferenceError: renderTooltipHarga is not defined
    at https://phbidlautdemo.prahu-hub.com/_resources/themes/prahutheme/javascript/custom/listLelang.js?m=1787972929:1049:9
[   12136ms] [LOG] 200 xhrglobal @ https://phbidlautdemo.prahu-hub.com/lelang/listlelang?tab=semua-lelang:6517
[   12223ms] [LOG] 200 xhrglobal @ https://phbidlautdemo.prahu-hub.com/lelang/listlelang?tab=semua-lelang:6517
[   15277ms] Cannot use import statement outside a module
[   15327ms] ReferenceError: Chart is not defined
    at https://phbidlautdemo.prahu-hub.com/_resources/themes/prahutheme/js/scripts-init/charts/chartjs.js:8:13
[   15469ms] Unexpected token '<'
[   15472ms] Unexpected token '<'
[   15566ms] Uncaught TypeError: expect element to be DOM Element, but got null
    at n.init (https://cdnjs.cloudflare.com/ajax/libs/smooth-scrollbar/8.5.2/smooth-scrollbar.js:24:264)
    at <anonymous> (https://phbidlautdemo.prahu-hub.com/home/bidder:5273:14)
[   15598ms] [LOG] Validasi Akunnamanya @ https://phbidlautdemo.prahu-hub.com/home/bidder:2040
[   15608ms] [LOG] undefined @ https://phbidlautdemo.prahu-hub.com/home/bidder:5626
[   15608ms] [LOG] 1xxx @ https://phbidlautdemo.prahu-hub.com/home/bidder:5626
[   15608ms] [LOG] Masukkan Nama Perusahaan @ https://phbidlautdemo.prahu-hub.com/home/bidder:5626
[   15609ms] [LOG] Masukkan Alias @ https://phbidlautdemo.prahu-hub.com/home/bidder:5626
[   15609ms] [LOG] Masukkan Email @ https://phbidlautdemo.prahu-hub.com/home/bidder:5626
[   15609ms] [LOG] 08xxxxxxxxxxx @ https://phbidlautdemo.prahu-hub.com/home/bidder:5626
[   15610ms] [LOG] WebSocket connection @ https://phbidlautdemo.prahu-hub.com/home/bidder:5669
[   15610ms] [LOG] WebSocket connection attempting... @ https://phbidlautdemo.prahu-hub.com/home/bidder:5747
[   15720ms] [LOG] WebSocket connected @ https://phbidlautdemo.prahu-hub.com/home/bidder:5678
[   15723ms] [LOG] update_dashboard_order_laut @ https://phbidlautdemo.prahu-hub.com/home/bidder:5719
[   15752ms] [LOG] Connected @ https://phbidlautdemo.prahu-hub.com/home/bidder:5719
[   16655ms] [LOG] [Object, Object, Object, Object, Object, Object, Object, Object, Object, Object, Object, Object, Object, Object, Object, Object, Object, Object, Object, Object] @ https://phbidlautdemo.prahu-hub.com/_resources/themes/prahutheme/javascript/custom/bidder.js?m=1787972929:178
[   16664ms] [LOG] [Object, Object, Object, Object, Object, Object, Object, Object, Object, Object, Object, Object, Object, Object, Object, Object, Object, Object, Object, Object] @ https://phbidlautdemo.prahu-hub.com/_resources/themes/prahutheme/javascript/custom/bidder.js?m=1787972929:48
[   16677ms] [LOG] 79 @ https://phbidlautdemo.prahu-hub.com/_resources/themes/prahutheme/javascript/custom/bidder.js?m=1787972929:717
[   16678ms] [LOG] 79 countView1 1 pageNow 20 limitView1 @ https://phbidlautdemo.prahu-hub.com/_resources/themes/prahutheme/javascript/custom/bidder.js?m=1787972929:719
[   16678ms] [LOG] 20 @ https://phbidlautdemo.prahu-hub.com/_resources/themes/prahutheme/javascript/custom/bidder.js?m=1787972929:725
[   16680ms] [LOG] 79 jumlah data @ https://phbidlautdemo.prahu-hub.com/_resources/themes/prahutheme/javascript/custom/bidder.js?m=1787972929:682
[   16680ms] [LOG] 4 @ https://phbidlautdemo.prahu-hub.com/_resources/themes/prahutheme/javascript/custom/bidder.js?m=1787972929:684
[   16681ms] [LOG] 4 1 pageCount & pageNow @ https://phbidlautdemo.prahu-hub.com/_resources/themes/prahutheme/javascript/custom/bidder.js?m=1787972929:608
[   16682ms] [LOG] 200 xhrglobal @ https://phbidlautdemo.prahu-hub.com/home/bidder:5600
[   16683ms] [LOG] ce.fn.init stepItem @ https://phbidlautdemo.prahu-hub.com/_resources/themes/prahutheme/javascript/custom/bidder.js?m=1787972929:582
[   17162ms] [LOG] 200 xhrglobal @ https://phbidlautdemo.prahu-hub.com/home/bidder:5600
[   17445ms] [LOG] 200 xhrglobal @ https://phbidlautdemo.prahu-hub.com/home/bidder:5600
[   17649ms] TypeError: $(...).DataTable is not a function
    at https://phbidlautdemo.prahu-hub.com/_resources/themes/prahutheme/js/scripts-init/tables.js:7:23
[   17709ms] [LOG] 79 jumlah data @ https://phbidlautdemo.prahu-hub.com/_resources/themes/prahutheme/javascript/custom/bidder.js?m=1787972929:682
[   17710ms] [LOG] 1 @ https://phbidlautdemo.prahu-hub.com/_resources/themes/prahutheme/javascript/custom/bidder.js?m=1787972929:684
[   17710ms] [LOG] 1 1 pageCount & pageNow @ https://phbidlautdemo.prahu-hub.com/_resources/themes/prahutheme/javascript/custom/bidder.js?m=1787972929:608
[   17711ms] [LOG] 79 @ https://phbidlautdemo.prahu-hub.com/_resources/themes/prahutheme/javascript/custom/bidder.js?m=1787972929:717
[   17711ms] [LOG] 79 countView1 1 pageNow 100 limitView1 @ https://phbidlautdemo.prahu-hub.com/_resources/themes/prahutheme/javascript/custom/bidder.js?m=1787972929:719
[   17712ms] [LOG] 79 @ https://phbidlautdemo.prahu-hub.com/_resources/themes/prahutheme/javascript/custom/bidder.js?m=1787972929:725
[   18862ms] [LOG] [Object, Object, Object, Object, Object, Object, Object, Object, Object, Object, Object, Object, Object, Object, Object, Object, Object, Object, Object, Object, Object, Object, Object, Object, Object, Object, Object, Object, Object, Object, Object, Object, Object, Object, Object, Object, Object, Object, Object, Object, Object, Object, Object, Object, Object, Object, Object, Object, Object, Object, Object, Object, Object, Object, Object, Object, Object, Object, Object, Object, Object, Object, Object, Object, Object, Object, Object, Object, Object, Object, Object, Object, Object, Object, Object, Object, Object, Object, Object] @ https://phbidlautdemo.prahu-hub.com/_resources/themes/prahutheme/javascript/custom/bidder.js?m=1787972929:178
[   18891ms] [LOG] [Object, Object, Object, Object, Object, Object, Object, Object, Object, Object, Object, Object, Object, Object, Object, Object, Object, Object, Object, Object, Object, Object, Object, Object, Object, Object, Object, Object, Object, Object, Object, Object, Object, Object, Object, Object, Object, Object, Object, Object, Object, Object, Object, Object, Object, Object, Object, Object, Object, Object, Object, Object, Object, Object, Object, Object, Object, Object, Object, Object, Object, Object, Object, Object, Object, Object, Object, Object, Object, Object, Object, Object, Object, Object, Object, Object, Object, Object, Object] @ https://phbidlautdemo.prahu-hub.com/_resources/themes/prahutheme/javascript/custom/bidder.js?m=1787972929:48
[   18921ms] [LOG] 79 @ https://phbidlautdemo.prahu-hub.com/_resources/themes/prahutheme/javascript/custom/bidder.js?m=1787972929:717
[   18921ms] [LOG] 79 countView1 1 pageNow 100 limitView1 @ https://phbidlautdemo.prahu-hub.com/_resources/themes/prahutheme/javascript/custom/bidder.js?m=1787972929:719
[   18921ms] [LOG] 79 @ https://phbidlautdemo.prahu-hub.com/_resources/themes/prahutheme/javascript/custom/bidder.js?m=1787972929:725
[   18922ms] [LOG] 79 jumlah data @ https://phbidlautdemo.prahu-hub.com/_resources/themes/prahutheme/javascript/custom/bidder.js?m=1787972929:682
[   18922ms] [LOG] 1 @ https://phbidlautdemo.prahu-hub.com/_resources/themes/prahutheme/javascript/custom/bidder.js?m=1787972929:684
[   18922ms] [LOG] 1 1 pageCount & pageNow @ https://phbidlautdemo.prahu-hub.com/_resources/themes/prahutheme/javascript/custom/bidder.js?m=1787972929:608
[   18924ms] [LOG] 200 xhrglobal @ https://phbidlautdemo.prahu-hub.com/home/bidder:5600
[   22215ms] Unexpected token '<'
[   22450ms] Unexpected token '<'
[   22457ms] Cannot use import statement outside a module
[   22488ms] ReferenceError: Chart is not defined
    at https://phbidlautdemo.prahu-hub.com/_resources/themes/prahutheme/js/scripts-init/charts/chartjs.js:8:13
[   22489ms] Unexpected token '<'
[   22489ms] Unexpected token '<'
[   22555ms] Uncaught TypeError: expect element to be DOM Element, but got null
    at n.init (https://cdnjs.cloudflare.com/ajax/libs/smooth-scrollbar/8.5.2/smooth-scrollbar.js:24:264)
    at <anonymous> (https://phbidlautdemo.prahu-hub.com/home/validasibidder/QzlFenBSVmxJLzZpa1VIZlRLSmdjQT09:6566:14)
[   22618ms] [LOG] Validasi Akunnamanya @ https://phbidlautdemo.prahu-hub.com/home/validasibidder/QzlFenBSVmxJLzZpa1VIZlRLSmdjQT09:2039
[   22635ms] [LOG] undefined @ https://phbidlautdemo.prahu-hub.com/home/validasibidder/QzlFenBSVmxJLzZpa1VIZlRLSmdjQT09:6919
[   22636ms] [LOG] Masukkan Nama @ https://phbidlautdemo.prahu-hub.com/home/validasibidder/QzlFenBSVmxJLzZpa1VIZlRLSmdjQT09:6919
[   22636ms] [LOG] Masukkan Nama Perusahaan @ https://phbidlautdemo.prahu-hub.com/home/validasibidder/QzlFenBSVmxJLzZpa1VIZlRLSmdjQT09:6919
[   22636ms] [LOG] Masukkan Alias @ https://phbidlautdemo.prahu-hub.com/home/validasibidder/QzlFenBSVmxJLzZpa1VIZlRLSmdjQT09:6919
[   22636ms] [LOG] 08xxxxxxxxxx @ https://phbidlautdemo.prahu-hub.com/home/validasibidder/QzlFenBSVmxJLzZpa1VIZlRLSmdjQT09:6919
[   22637ms] [LOG] 03xxxxxxxxxx @ https://phbidlautdemo.prahu-hub.com/home/validasibidder/QzlFenBSVmxJLzZpa1VIZlRLSmdjQT09:6919
[   22637ms] [LOG] Masukkan Email @ https://phbidlautdemo.prahu-hub.com/home/validasibidder/QzlFenBSVmxJLzZpa1VIZlRLSmdjQT09:6919
[   22637ms] [LOG] Masukkan Email @ https://phbidlautdemo.prahu-hub.com/home/validasibidder/QzlFenBSVmxJLzZpa1VIZlRLSmdjQT09:6919
[   22637ms] [LOG] undefined @ https://phbidlautdemo.prahu-hub.com/home/validasibidder/QzlFenBSVmxJLzZpa1VIZlRLSmdjQT09:6919
[   22637ms] [LOG] Masukkan NPWP @ https://phbidlautdemo.prahu-hub.com/home/validasibidder/QzlFenBSVmxJLzZpa1VIZlRLSmdjQT09:6919
[   22637ms] [LOG] Masukkan Gambar  @ https://phbidlautdemo.prahu-hub.com/home/validasibidder/QzlFenBSVmxJLzZpa1VIZlRLSmdjQT09:6919
[   22637ms] [LOG] Masukkan No. NPWP @ https://phbidlautdemo.prahu-hub.com/home/validasibidder/QzlFenBSVmxJLzZpa1VIZlRLSmdjQT09:6919
[   22638ms] [LOG] undefined @ https://phbidlautdemo.prahu-hub.com/home/validasibidder/QzlFenBSVmxJLzZpa1VIZlRLSmdjQT09:6919
[   22638ms] [LOG] Masukkan SIUP @ https://phbidlautdemo.prahu-hub.com/home/validasibidder/QzlFenBSVmxJLzZpa1VIZlRLSmdjQT09:6919
[   22638ms] [LOG] Masukkan Gambar  @ https://phbidlautdemo.prahu-hub.com/home/validasibidder/QzlFenBSVmxJLzZpa1VIZlRLSmdjQT09:6919
[   22638ms] [LOG] Masukkan No. SIUP @ https://phbidlautdemo.prahu-hub.com/home/validasibidder/QzlFenBSVmxJLzZpa1VIZlRLSmdjQT09:6919
[   22638ms] [LOG] undefined @ https://phbidlautdemo.prahu-hub.com/home/validasibidder/QzlFenBSVmxJLzZpa1VIZlRLSmdjQT09:6919
[   22638ms] [LOG] Masukkan Gambar @ https://phbidlautdemo.prahu-hub.com/home/validasibidder/QzlFenBSVmxJLzZpa1VIZlRLSmdjQT09:6919
[   22639ms] [LOG] Masukkan Gambar  @ https://phbidlautdemo.prahu-hub.com/home/validasibidder/QzlFenBSVmxJLzZpa1VIZlRLSmdjQT09:6919
[   22639ms] [LOG] Tanggal Register @ https://phbidlautdemo.prahu-hub.com/home/validasibidder/QzlFenBSVmxJLzZpa1VIZlRLSmdjQT09:6919
[   22639ms] [LOG] undefined @ https://phbidlautdemo.prahu-hub.com/home/validasibidder/QzlFenBSVmxJLzZpa1VIZlRLSmdjQT09:6919
[   22639ms] [LOG] undefined @ https://phbidlautdemo.prahu-hub.com/home/validasibidder/QzlFenBSVmxJLzZpa1VIZlRLSmdjQT09:6919
[   22639ms] [LOG] undefined @ https://phbidlautdemo.prahu-hub.com/home/validasibidder/QzlFenBSVmxJLzZpa1VIZlRLSmdjQT09:6919
[   22639ms] [LOG] Masukkan Nomor Rekening @ https://phbidlautdemo.prahu-hub.com/home/validasibidder/QzlFenBSVmxJLzZpa1VIZlRLSmdjQT09:6919
[   22640ms] [LOG] Masukkan Nama Rekening @ https://phbidlautdemo.prahu-hub.com/home/validasibidder/QzlFenBSVmxJLzZpa1VIZlRLSmdjQT09:6919
[   22640ms] [LOG] undefined @ https://phbidlautdemo.prahu-hub.com/home/validasibidder/QzlFenBSVmxJLzZpa1VIZlRLSmdjQT09:6919
[   22640ms] [LOG] undefined @ https://phbidlautdemo.prahu-hub.com/home/validasibidder/QzlFenBSVmxJLzZpa1VIZlRLSmdjQT09:6919
[   22642ms] [LOG] WebSocket connection @ https://phbidlautdemo.prahu-hub.com/home/validasibidder/QzlFenBSVmxJLzZpa1VIZlRLSmdjQT09:6962
[   22642ms] [LOG] WebSocket connection attempting... @ https://phbidlautdemo.prahu-hub.com/home/validasibidder/QzlFenBSVmxJLzZpa1VIZlRLSmdjQT09:7040
[   22732ms] [LOG] 200 xhrglobal @ https://phbidlautdemo.prahu-hub.com/home/validasibidder/QzlFenBSVmxJLzZpa1VIZlRLSmdjQT09:6893
[   22773ms] [LOG] WebSocket connected @ https://phbidlautdemo.prahu-hub.com/home/validasibidder/QzlFenBSVmxJLzZpa1VIZlRLSmdjQT09:6971
[   22776ms] [LOG] update_dashboard_order_laut @ https://phbidlautdemo.prahu-hub.com/home/validasibidder/QzlFenBSVmxJLzZpa1VIZlRLSmdjQT09:7012
[   22805ms] [LOG] Connected @ https://phbidlautdemo.prahu-hub.com/home/validasibidder/QzlFenBSVmxJLzZpa1VIZlRLSmdjQT09:7012
[   22906ms] [LOG] 200 xhrglobal @ https://phbidlautdemo.prahu-hub.com/home/validasibidder/QzlFenBSVmxJLzZpa1VIZlRLSmdjQT09:6893
[   22974ms] [LOG] 200 xhrglobal @ https://phbidlautdemo.prahu-hub.com/home/validasibidder/QzlFenBSVmxJLzZpa1VIZlRLSmdjQT09:6893
[   24632ms] TypeError: $(...).DataTable is not a function
    at https://phbidlautdemo.prahu-hub.com/_resources/themes/prahutheme/js/scripts-init/tables.js:7:23
[   25581ms] Cannot use import statement outside a module
[   25606ms] ReferenceError: Chart is not defined
    at https://phbidlautdemo.prahu-hub.com/_resources/themes/prahutheme/js/scripts-init/charts/chartjs.js:8:13
[   25646ms] Unexpected token '<'
[   25763ms] Unexpected token '<'
[   25844ms] Uncaught TypeError: expect element to be DOM Element, but got null
    at n.init (https://cdnjs.cloudflare.com/ajax/libs/smooth-scrollbar/8.5.2/smooth-scrollbar.js:24:264)
    at <anonymous> (https://phbidlautdemo.prahu-hub.com/adminprahu/masterpetugasapk:7707:14)
[   25910ms] [LOG] Masternamanya @ https://phbidlautdemo.prahu-hub.com/adminprahu/masterpetugasapk:2040
[   25925ms] [LOG] undefined @ https://phbidlautdemo.prahu-hub.com/adminprahu/masterpetugasapk:8060
[   25925ms] [LOG] Masukkan Nama Petugas @ https://phbidlautdemo.prahu-hub.com/adminprahu/masterpetugasapk:8060
[   25926ms] [LOG] 08xxxxxxxxxx @ https://phbidlautdemo.prahu-hub.com/adminprahu/masterpetugasapk:8060
[   25926ms] [LOG] undefined @ https://phbidlautdemo.prahu-hub.com/adminprahu/masterpetugasapk:8060
[   25926ms] [LOG] Masukkan Nama Petugas @ https://phbidlautdemo.prahu-hub.com/adminprahu/masterpetugasapk:8060
[   25926ms] [LOG] 08xxxxxxxxxx @ https://phbidlautdemo.prahu-hub.com/adminprahu/masterpetugasapk:8060
[   25926ms] [LOG] undefined @ https://phbidlautdemo.prahu-hub.com/adminprahu/masterpetugasapk:8060
[   25926ms] [LOG] Masukkan Nama Bank @ https://phbidlautdemo.prahu-hub.com/adminprahu/masterpetugasapk:8060
[   25927ms] [LOG] undefined @ https://phbidlautdemo.prahu-hub.com/adminprahu/masterpetugasapk:8060
[   25928ms] [LOG] WebSocket connection @ https://phbidlautdemo.prahu-hub.com/adminprahu/masterpetugasapk:8103
[   25929ms] [LOG] WebSocket connection attempting... @ https://phbidlautdemo.prahu-hub.com/adminprahu/masterpetugasapk:8181
[   26044ms] [LOG] WebSocket connected @ https://phbidlautdemo.prahu-hub.com/adminprahu/masterpetugasapk:8112
[   26047ms] [LOG] update_dashboard_order_laut @ https://phbidlautdemo.prahu-hub.com/adminprahu/masterpetugasapk:8153
[   26076ms] [LOG] Connected @ https://phbidlautdemo.prahu-hub.com/adminprahu/masterpetugasapk:8153
[   26184ms] [LOG] 87 @ https://phbidlautdemo.prahu-hub.com/_resources/themes/prahutheme/javascript/custom/masterpetugasapk.js?m=1787972929:505
[   26184ms] [LOG] 87 countView1 1 pageNow 20 limitView1 @ https://phbidlautdemo.prahu-hub.com/_resources/themes/prahutheme/javascript/custom/masterpetugasapk.js?m=1787972929:507
[   26185ms] [LOG] 20 @ https://phbidlautdemo.prahu-hub.com/_resources/themes/prahutheme/javascript/custom/masterpetugasapk.js?m=1787972929:513
[   26186ms] [LOG] 87 jumlah data @ https://phbidlautdemo.prahu-hub.com/_resources/themes/prahutheme/javascript/custom/masterpetugasapk.js?m=1787972929:468
[   26187ms] [LOG] 5 @ https://phbidlautdemo.prahu-hub.com/_resources/themes/prahutheme/javascript/custom/masterpetugasapk.js?m=1787972929:470
[   26188ms] [LOG] 5 1 pageCount & pageNow @ https://phbidlautdemo.prahu-hub.com/_resources/themes/prahutheme/javascript/custom/masterpetugasapk.js?m=1787972929:393
[   26193ms] [LOG] 200 xhrglobal @ https://phbidlautdemo.prahu-hub.com/adminprahu/masterpetugasapk:8034
[   26249ms] ReferenceError: renderTooltipHarga is not defined
    at https://phbidlautdemo.prahu-hub.com/_resources/themes/prahutheme/javascript/custom/masterpetugasapk.js?m=1787972929:597:9
[   26279ms] [LOG] 200 xhrglobal @ https://phbidlautdemo.prahu-hub.com/adminprahu/masterpetugasapk:8034
[   26338ms] [LOG] 200 xhrglobal @ https://phbidlautdemo.prahu-hub.com/adminprahu/masterpetugasapk:8034
[   27929ms] TypeError: $(...).DataTable is not a function
    at https://phbidlautdemo.prahu-hub.com/_resources/themes/prahutheme/js/scripts-init/tables.js:7:23
[   29616ms] Cannot use import statement outside a module
[   29670ms] ReferenceError: Chart is not defined
    at https://phbidlautdemo.prahu-hub.com/_resources/themes/prahutheme/js/scripts-init/charts/chartjs.js:8:13
[   29703ms] Unexpected token '<'
[   29816ms] Unexpected token '<'
[   29864ms] TypeError: $(...).datetimepicker is not a function
    at https://phbidlautdemo.prahu-hub.com/adminprahu/masteriklan:5210:15
[   29905ms] Uncaught TypeError: expect element to be DOM Element, but got null
    at n.init (https://cdnjs.cloudflare.com/ajax/libs/smooth-scrollbar/8.5.2/smooth-scrollbar.js:24:264)
    at <anonymous> (https://phbidlautdemo.prahu-hub.com/adminprahu/masteriklan:5944:14)
[   29963ms] [LOG] Masternamanya @ https://phbidlautdemo.prahu-hub.com/adminprahu/masteriklan:2040
[   29976ms] [LOG] DD/MM/YYYY @ https://phbidlautdemo.prahu-hub.com/adminprahu/masteriklan:6297
[   29978ms] [LOG] DD/MM/YYYY @ https://phbidlautdemo.prahu-hub.com/adminprahu/masteriklan:6297
[   29979ms] [LOG] undefined @ https://phbidlautdemo.prahu-hub.com/adminprahu/masteriklan:6297
[   29979ms] [LOG] undefined @ https://phbidlautdemo.prahu-hub.com/adminprahu/masteriklan:6297
[   29979ms] [LOG] DD/MM/YYYY HH:MM @ https://phbidlautdemo.prahu-hub.com/adminprahu/masteriklan:6297
[   29980ms] [LOG] DD/MM/YYYY HH:MM @ https://phbidlautdemo.prahu-hub.com/adminprahu/masteriklan:6297
[   29982ms] [LOG] WebSocket connection @ https://phbidlautdemo.prahu-hub.com/adminprahu/masteriklan:6340
[   29983ms] [LOG] WebSocket connection attempting... @ https://phbidlautdemo.prahu-hub.com/adminprahu/masteriklan:6418
[   30093ms] [LOG] WebSocket connected @ https://phbidlautdemo.prahu-hub.com/adminprahu/masteriklan:6349
[   30095ms] [LOG] update_dashboard_order_laut @ https://phbidlautdemo.prahu-hub.com/adminprahu/masteriklan:6390
[   30106ms] [LOG] [Object, Object, Object, Object, Object, Object, Object, Object, Object, Object] @ https://phbidlautdemo.prahu-hub.com/_resources/themes/prahutheme/javascript/custom/master_iklan.js?m=1787972929:108
[   30110ms] [LOG] 10 @ https://phbidlautdemo.prahu-hub.com/_resources/themes/prahutheme/javascript/custom/master_iklan.js?m=1787972929:875
[   30110ms] [LOG] 10 countView1 1 pageNow 20 limitView1 @ https://phbidlautdemo.prahu-hub.com/_resources/themes/prahutheme/javascript/custom/master_iklan.js?m=1787972929:877
[   30110ms] [LOG] 10 @ https://phbidlautdemo.prahu-hub.com/_resources/themes/prahutheme/javascript/custom/master_iklan.js?m=1787972929:888
[   30111ms] [LOG] 10 jumlah data @ https://phbidlautdemo.prahu-hub.com/_resources/themes/prahutheme/javascript/custom/master_iklan.js?m=1787972929:841
[   30111ms] [LOG] 1 @ https://phbidlautdemo.prahu-hub.com/_resources/themes/prahutheme/javascript/custom/master_iklan.js?m=1787972929:843
[   30112ms] [LOG] 1 1 pageCount & pageNow @ https://phbidlautdemo.prahu-hub.com/_resources/themes/prahutheme/javascript/custom/master_iklan.js?m=1787972929:769
[   30114ms] [LOG] 200 xhrglobal @ https://phbidlautdemo.prahu-hub.com/adminprahu/masteriklan:6271
[   30115ms] [LOG] ce.fn.init stepItem @ https://phbidlautdemo.prahu-hub.com/_resources/themes/prahutheme/javascript/custom/master_iklan.js?m=1787972929:738
[   30138ms] [LOG] Connected @ https://phbidlautdemo.prahu-hub.com/adminprahu/masteriklan:6390
[   30222ms] [LOG] 200 xhrglobal @ https://phbidlautdemo.prahu-hub.com/adminprahu/masteriklan:6271
[   30283ms] [LOG] 200 xhrglobal @ https://phbidlautdemo.prahu-hub.com/adminprahu/masteriklan:6271
[   31978ms] TypeError: $(...).DataTable is not a function
    at https://phbidlautdemo.prahu-hub.com/_resources/themes/prahutheme/js/scripts-init/tables.js:7:23
[   33477ms] Cannot use import statement outside a module
[   33506ms] ReferenceError: Chart is not defined
    at https://phbidlautdemo.prahu-hub.com/_resources/themes/prahutheme/js/scripts-init/charts/chartjs.js:8:13
[   33581ms] Unexpected token '<'
[   33679ms] Unexpected token '<'
[   33723ms] Uncaught TypeError: expect element to be DOM Element, but got null
    at n.init (https://cdnjs.cloudflare.com/ajax/libs/smooth-scrollbar/8.5.2/smooth-scrollbar.js:24:264)
    at <anonymous> (https://phbidlautdemo.prahu-hub.com/home/hakaksesbidowner:5570:14)
[   33758ms] [LOG] Pengaturan Akunnamanya @ https://phbidlautdemo.prahu-hub.com/home/hakaksesbidowner:2040
[   33766ms] [LOG] Masukkan Nama Hak Akses @ https://phbidlautdemo.prahu-hub.com/home/hakaksesbidowner:5923
[   33766ms] [LOG] undefined @ https://phbidlautdemo.prahu-hub.com/home/hakaksesbidowner:5923
[   33766ms] [LOG] undefined @ https://phbidlautdemo.prahu-hub.com/home/hakaksesbidowner:5923
[   33767ms] [LOG] Masukkan Nama Kemasan @ https://phbidlautdemo.prahu-hub.com/home/hakaksesbidowner:5923
[   33767ms] [LOG] undefined @ https://phbidlautdemo.prahu-hub.com/home/hakaksesbidowner:5923
[   33768ms] [LOG] WebSocket connection @ https://phbidlautdemo.prahu-hub.com/home/hakaksesbidowner:5966
[   33769ms] [LOG] WebSocket connection attempting... @ https://phbidlautdemo.prahu-hub.com/home/hakaksesbidowner:6044
[   33879ms] [LOG] WebSocket connected @ https://phbidlautdemo.prahu-hub.com/home/hakaksesbidowner:5975
[   33882ms] [LOG] update_dashboard_order_laut @ https://phbidlautdemo.prahu-hub.com/home/hakaksesbidowner:6016
[   33910ms] [LOG] Connected @ https://phbidlautdemo.prahu-hub.com/home/hakaksesbidowner:6016
[   34017ms] [LOG] [Object, Object, Object, Object, Object, Object, Object, Object, Object, Object, Object, Object, Object, Object, Object, Object, Object, Object, Object, Object] @ https://phbidlautdemo.prahu-hub.com/_resources/themes/prahutheme/javascript/custom/hakaksesbidowner.js?m=1787972929:124
[   34033ms] [LOG] 24 @ https://phbidlautdemo.prahu-hub.com/_resources/themes/prahutheme/javascript/custom/hakaksesbidowner.js?m=1787972929:775
[   34034ms] [LOG] 24 countView1 1 pageNow 20 limitView1 @ https://phbidlautdemo.prahu-hub.com/_resources/themes/prahutheme/javascript/custom/hakaksesbidowner.js?m=1787972929:777
[   34034ms] [LOG] 20 @ https://phbidlautdemo.prahu-hub.com/_resources/themes/prahutheme/javascript/custom/hakaksesbidowner.js?m=1787972929:783
[   34035ms] [LOG] 24 jumlah data @ https://phbidlautdemo.prahu-hub.com/_resources/themes/prahutheme/javascript/custom/hakaksesbidowner.js?m=1787972929:740
[   34035ms] [LOG] 2 @ https://phbidlautdemo.prahu-hub.com/_resources/themes/prahutheme/javascript/custom/hakaksesbidowner.js?m=1787972929:742
[   34037ms] [LOG] 2 1 pageCount & pageNow @ https://phbidlautdemo.prahu-hub.com/_resources/themes/prahutheme/javascript/custom/hakaksesbidowner.js?m=1787972929:666
[   34039ms] [LOG] 200 xhrglobal @ https://phbidlautdemo.prahu-hub.com/home/hakaksesbidowner:5897
[   34040ms] [LOG] ce.fn.init stepItem @ https://phbidlautdemo.prahu-hub.com/_resources/themes/prahutheme/javascript/custom/hakaksesbidowner.js?m=1787972929:640
[   34128ms] [LOG] 200 xhrglobal @ https://phbidlautdemo.prahu-hub.com/home/hakaksesbidowner:5897
[   34182ms] [LOG] 200 xhrglobal @ https://phbidlautdemo.prahu-hub.com/home/hakaksesbidowner:5897
[   35767ms] TypeError: $(...).DataTable is not a function
    at https://phbidlautdemo.prahu-hub.com/_resources/themes/prahutheme/js/scripts-init/tables.js:7:23
[   37180ms] Cannot use import statement outside a module
[   37206ms] ReferenceError: Chart is not defined
    at https://phbidlautdemo.prahu-hub.com/_resources/themes/prahutheme/js/scripts-init/charts/chartjs.js:8:13
[   37414ms] Unexpected token '<'
[   37415ms] Unexpected token '<'
[   37484ms] Uncaught TypeError: expect element to be DOM Element, but got null
    at n.init (https://cdnjs.cloudflare.com/ajax/libs/smooth-scrollbar/8.5.2/smooth-scrollbar.js:24:264)
    at <anonymous> (https://phbidlautdemo.prahu-hub.com/home/hakaksesbidder:5501:14)
[   37520ms] [LOG] Pengaturan Akunnamanya @ https://phbidlautdemo.prahu-hub.com/home/hakaksesbidder:2040
[   37530ms] [LOG] Masukkan Nama Hak Akses @ https://phbidlautdemo.prahu-hub.com/home/hakaksesbidder:5854
[   37530ms] [LOG] undefined @ https://phbidlautdemo.prahu-hub.com/home/hakaksesbidder:5854
[   37530ms] [LOG] undefined @ https://phbidlautdemo.prahu-hub.com/home/hakaksesbidder:5854
[   37530ms] [LOG] Masukkan Nama Kemasan @ https://phbidlautdemo.prahu-hub.com/home/hakaksesbidder:5854
[   37530ms] [LOG] undefined @ https://phbidlautdemo.prahu-hub.com/home/hakaksesbidder:5854
[   37531ms] [LOG] WebSocket connection @ https://phbidlautdemo.prahu-hub.com/home/hakaksesbidder:5897
[   37532ms] [LOG] WebSocket connection attempting... @ https://phbidlautdemo.prahu-hub.com/home/hakaksesbidder:5975
[   37647ms] [LOG] WebSocket connected @ https://phbidlautdemo.prahu-hub.com/home/hakaksesbidder:5906
[   37651ms] [LOG] update_dashboard_order_laut @ https://phbidlautdemo.prahu-hub.com/home/hakaksesbidder:5947
[   37676ms] [LOG] Connected @ https://phbidlautdemo.prahu-hub.com/home/hakaksesbidder:5947
[   37787ms] [LOG] [Object, Object, Object, Object, Object, Object, Object, Object, Object, Object, Object, Object, Object, Object, Object, Object, Object, Object, Object, Object] @ https://phbidlautdemo.prahu-hub.com/_resources/themes/prahutheme/javascript/custom/hakaksesbidder.js?m=1787972929:118
[   37800ms] [LOG] 33 @ https://phbidlautdemo.prahu-hub.com/_resources/themes/prahutheme/javascript/custom/hakaksesbidder.js?m=1787972929:787
[   37801ms] [LOG] 33 countView1 1 pageNow 20 limitView1 @ https://phbidlautdemo.prahu-hub.com/_resources/themes/prahutheme/javascript/custom/hakaksesbidder.js?m=1787972929:789
[   37801ms] [LOG] 20 @ https://phbidlautdemo.prahu-hub.com/_resources/themes/prahutheme/javascript/custom/hakaksesbidder.js?m=1787972929:795
[   37802ms] [LOG] 33 jumlah data @ https://phbidlautdemo.prahu-hub.com/_resources/themes/prahutheme/javascript/custom/hakaksesbidder.js?m=1787972929:752
[   37803ms] [LOG] 2 @ https://phbidlautdemo.prahu-hub.com/_resources/themes/prahutheme/javascript/custom/hakaksesbidder.js?m=1787972929:754
[   37804ms] [LOG] 2 1 pageCount & pageNow @ https://phbidlautdemo.prahu-hub.com/_resources/themes/prahutheme/javascript/custom/hakaksesbidder.js?m=1787972929:678
[   37806ms] [LOG] 200 xhrglobal @ https://phbidlautdemo.prahu-hub.com/home/hakaksesbidder:5828
[   37808ms] [LOG] ce.fn.init stepItem @ https://phbidlautdemo.prahu-hub.com/_resources/themes/prahutheme/javascript/custom/hakaksesbidder.js?m=1787972929:652
[   37911ms] [LOG] 200 xhrglobal @ https://phbidlautdemo.prahu-hub.com/home/hakaksesbidder:5828
[   37976ms] [LOG] 200 xhrglobal @ https://phbidlautdemo.prahu-hub.com/home/hakaksesbidder:5828
[   39531ms] TypeError: $(...).DataTable is not a function
    at https://phbidlautdemo.prahu-hub.com/_resources/themes/prahutheme/js/scripts-init/tables.js:7:23
[   40976ms] Cannot use import statement outside a module
[   41021ms] ReferenceError: Chart is not defined
    at https://phbidlautdemo.prahu-hub.com/_resources/themes/prahutheme/js/scripts-init/charts/chartjs.js:8:13
[   41050ms] Unexpected token '<'
[   41161ms] Unexpected token '<'
[   41231ms] Uncaught TypeError: expect element to be DOM Element, but got null
    at n.init (https://cdnjs.cloudflare.com/ajax/libs/smooth-scrollbar/8.5.2/smooth-scrollbar.js:24:264)
    at <anonymous> (https://phbidlautdemo.prahu-hub.com/home/subuserbidowner:5514:14)
[   41265ms] [LOG] Pengaturan Akunnamanya @ https://phbidlautdemo.prahu-hub.com/home/subuserbidowner:2040
[   41277ms] [LOG] Masukkan Nama Sub User @ https://phbidlautdemo.prahu-hub.com/home/subuserbidowner:5867
[   41277ms] [LOG] Masukkan Email @ https://phbidlautdemo.prahu-hub.com/home/subuserbidowner:5867
[   41277ms] [LOG] undefined @ https://phbidlautdemo.prahu-hub.com/home/subuserbidowner:5867
[   41277ms] [LOG] undefined @ https://phbidlautdemo.prahu-hub.com/home/subuserbidowner:5867
[   41278ms] [LOG] Masukkan Nama Bank @ https://phbidlautdemo.prahu-hub.com/home/subuserbidowner:5867
[   41278ms] [LOG] undefined @ https://phbidlautdemo.prahu-hub.com/home/subuserbidowner:5867
[   41279ms] [LOG] WebSocket connection @ https://phbidlautdemo.prahu-hub.com/home/subuserbidowner:5910
[   41279ms] [LOG] WebSocket connection attempting... @ https://phbidlautdemo.prahu-hub.com/home/subuserbidowner:5988
[   41389ms] [LOG] WebSocket connected @ https://phbidlautdemo.prahu-hub.com/home/subuserbidowner:5919
[   41394ms] [LOG] update_dashboard_order_laut @ https://phbidlautdemo.prahu-hub.com/home/subuserbidowner:5960
[   41422ms] [LOG] Connected @ https://phbidlautdemo.prahu-hub.com/home/subuserbidowner:5960
[   41498ms] [LOG] [Object, Object, Object, Object, Object, Object, Object, Object, Object, Object, Object, Object, Object] @ https://phbidlautdemo.prahu-hub.com/_resources/themes/prahutheme/javascript/custom/subuserbidowner.js?m=1787972929:15
[   41507ms] [LOG] 13 @ https://phbidlautdemo.prahu-hub.com/_resources/themes/prahutheme/javascript/custom/subuserbidowner.js?m=1787972929:520
[   41508ms] [LOG] 13 countView1 1 pageNow 20 limitView1 @ https://phbidlautdemo.prahu-hub.com/_resources/themes/prahutheme/javascript/custom/subuserbidowner.js?m=1787972929:522
[   41508ms] [LOG] 13 @ https://phbidlautdemo.prahu-hub.com/_resources/themes/prahutheme/javascript/custom/subuserbidowner.js?m=1787972929:528
[   41510ms] [LOG] 13 jumlah data @ https://phbidlautdemo.prahu-hub.com/_resources/themes/prahutheme/javascript/custom/subuserbidowner.js?m=1787972929:483
[   41510ms] [LOG] 1 @ https://phbidlautdemo.prahu-hub.com/_resources/themes/prahutheme/javascript/custom/subuserbidowner.js?m=1787972929:485
[   41512ms] [LOG] 1 1 pageCount & pageNow @ https://phbidlautdemo.prahu-hub.com/_resources/themes/prahutheme/javascript/custom/subuserbidowner.js?m=1787972929:408
[   41519ms] [LOG] 200 xhrglobal @ https://phbidlautdemo.prahu-hub.com/home/subuserbidowner:5841
[   41603ms] [LOG] 200 xhrglobal @ https://phbidlautdemo.prahu-hub.com/home/subuserbidowner:5841
[   41662ms] [LOG] 200 xhrglobal @ https://phbidlautdemo.prahu-hub.com/home/subuserbidowner:5841
[   43277ms] TypeError: $(...).DataTable is not a function
    at https://phbidlautdemo.prahu-hub.com/_resources/themes/prahutheme/js/scripts-init/tables.js:7:23
[   44782ms] Cannot use import statement outside a module
[   44830ms] ReferenceError: Chart is not defined
    at https://phbidlautdemo.prahu-hub.com/_resources/themes/prahutheme/js/scripts-init/charts/chartjs.js:8:13
[   44859ms] Unexpected token '<'
[   44964ms] Unexpected token '<'
[   45043ms] Uncaught TypeError: expect element to be DOM Element, but got null
    at n.init (https://cdnjs.cloudflare.com/ajax/libs/smooth-scrollbar/8.5.2/smooth-scrollbar.js:24:264)
    at <anonymous> (https://phbidlautdemo.prahu-hub.com/home/subuserbidder:5442:14)
[   45079ms] [LOG] Pengaturan Akunnamanya @ https://phbidlautdemo.prahu-hub.com/home/subuserbidder:2040
[   45088ms] [LOG] Masukkan Nama Sub User @ https://phbidlautdemo.prahu-hub.com/home/subuserbidder:5795
[   45088ms] [LOG] Masukkan Email @ https://phbidlautdemo.prahu-hub.com/home/subuserbidder:5795
[   45088ms] [LOG] undefined @ https://phbidlautdemo.prahu-hub.com/home/subuserbidder:5795
[   45089ms] [LOG] undefined @ https://phbidlautdemo.prahu-hub.com/home/subuserbidder:5795
[   45089ms] [LOG] Masukkan Nama Bank @ https://phbidlautdemo.prahu-hub.com/home/subuserbidder:5795
[   45089ms] [LOG] undefined @ https://phbidlautdemo.prahu-hub.com/home/subuserbidder:5795
[   45091ms] [LOG] WebSocket connection @ https://phbidlautdemo.prahu-hub.com/home/subuserbidder:5838
[   45091ms] [LOG] WebSocket connection attempting... @ https://phbidlautdemo.prahu-hub.com/home/subuserbidder:5916
[   45213ms] [LOG] WebSocket connected @ https://phbidlautdemo.prahu-hub.com/home/subuserbidder:5847
[   45218ms] [LOG] update_dashboard_order_laut @ https://phbidlautdemo.prahu-hub.com/home/subuserbidder:5888
[   45254ms] [LOG] [Object, Object, Object, Object, Object, Object, Object, Object, Object] @ https://phbidlautdemo.prahu-hub.com/_resources/themes/prahutheme/javascript/custom/subuserbidder.js?m=1787972929:15
[   45260ms] [LOG] 9 @ https://phbidlautdemo.prahu-hub.com/_resources/themes/prahutheme/javascript/custom/subuserbidder.js?m=1787972929:528
[   45261ms] [LOG] 9 countView1 1 pageNow 20 limitView1 @ https://phbidlautdemo.prahu-hub.com/_resources/themes/prahutheme/javascript/custom/subuserbidder.js?m=1787972929:530
[   45261ms] [LOG] 9 @ https://phbidlautdemo.prahu-hub.com/_resources/themes/prahutheme/javascript/custom/subuserbidder.js?m=1787972929:536
[   45262ms] [LOG] 9 jumlah data @ https://phbidlautdemo.prahu-hub.com/_resources/themes/prahutheme/javascript/custom/subuserbidder.js?m=1787972929:491
[   45263ms] [LOG] 1 @ https://phbidlautdemo.prahu-hub.com/_resources/themes/prahutheme/javascript/custom/subuserbidder.js?m=1787972929:493
[   45264ms] [LOG] 1 1 pageCount & pageNow @ https://phbidlautdemo.prahu-hub.com/_resources/themes/prahutheme/javascript/custom/subuserbidder.js?m=1787972929:416
[   45268ms] [LOG] 200 xhrglobal @ https://phbidlautdemo.prahu-hub.com/home/subuserbidder:5769
[   45269ms] [LOG] Connected @ https://phbidlautdemo.prahu-hub.com/home/subuserbidder:5888
[   45378ms] [LOG] 200 xhrglobal @ https://phbidlautdemo.prahu-hub.com/home/subuserbidder:5769
[   45438ms] [LOG] 200 xhrglobal @ https://phbidlautdemo.prahu-hub.com/home/subuserbidder:5769
[   47090ms] TypeError: $(...).DataTable is not a function
    at https://phbidlautdemo.prahu-hub.com/_resources/themes/prahutheme/js/scripts-init/tables.js:7:23
[   48585ms] Cannot use import statement outside a module
[   48611ms] ReferenceError: Chart is not defined
    at https://phbidlautdemo.prahu-hub.com/_resources/themes/prahutheme/js/scripts-init/charts/chartjs.js:8:13
[   48693ms] Unexpected token '<'
[   48813ms] Unexpected token '<'
[   48882ms] Uncaught TypeError: expect element to be DOM Element, but got null
    at n.init (https://cdnjs.cloudflare.com/ajax/libs/smooth-scrollbar/8.5.2/smooth-scrollbar.js:24:264)
    at <anonymous> (https://phbidlautdemo.prahu-hub.com/adminprahu/listBidderKhusus:5730:14)
[   48914ms] [LOG] Validasi Akunnamanya @ https://phbidlautdemo.prahu-hub.com/adminprahu/listBidderKhusus:2040
[   48923ms] [LOG] 1xx @ https://phbidlautdemo.prahu-hub.com/adminprahu/listBidderKhusus:6083
[   48923ms] [LOG] DD/MM/YYYY @ https://phbidlautdemo.prahu-hub.com/adminprahu/listBidderKhusus:6083
[   48925ms] [LOG] undefined @ https://phbidlautdemo.prahu-hub.com/adminprahu/listBidderKhusus:6083
[   48925ms] [LOG] Masukkan Alias @ https://phbidlautdemo.prahu-hub.com/adminprahu/listBidderKhusus:6083
[   48925ms] [LOG] Masukkan Transporter @ https://phbidlautdemo.prahu-hub.com/adminprahu/listBidderKhusus:6083
[   48925ms] [LOG] undefined @ https://phbidlautdemo.prahu-hub.com/adminprahu/listBidderKhusus:6083
[   48925ms] [LOG] Masukkan Nama kemasan  @ https://phbidlautdemo.prahu-hub.com/adminprahu/listBidderKhusus:6083
[   48925ms] [LOG] undefined @ https://phbidlautdemo.prahu-hub.com/adminprahu/listBidderKhusus:6083
[   48927ms] [LOG] WebSocket connection @ https://phbidlautdemo.prahu-hub.com/adminprahu/listBidderKhusus:6126
[   48927ms] [LOG] WebSocket connection attempting... @ https://phbidlautdemo.prahu-hub.com/adminprahu/listBidderKhusus:6204
[   49038ms] [LOG] WebSocket connected @ https://phbidlautdemo.prahu-hub.com/adminprahu/listBidderKhusus:6135
[   49042ms] [LOG] update_dashboard_order_laut @ https://phbidlautdemo.prahu-hub.com/adminprahu/listBidderKhusus:6176
[   49069ms] [LOG] Connected @ https://phbidlautdemo.prahu-hub.com/adminprahu/listBidderKhusus:6176
[   49143ms] [LOG] [Object, Object, Object, Object, Object, Object, Object, Object, Object, Object, Object, Object, Object, Object, Object, Object, Object, Object, Object, Object] @ https://phbidlautdemo.prahu-hub.com/_resources/themes/prahutheme/javascript/custom/bidderKhusus.js?m=1787972929:159
[   49149ms] [LOG] [Object, Object, Object, Object, Object, Object, Object, Object, Object, Object, Object, Object, Object, Object, Object, Object, Object, Object, Object, Object] @ https://phbidlautdemo.prahu-hub.com/_resources/themes/prahutheme/javascript/custom/bidderKhusus.js?m=1787972929:13
[   49150ms] [LOG] {ID: 41, hitung: 20, tgl_setting: 2026-08-05 08:53:57, alias: WLG, nama: Cahyo Sugianto} @ https://phbidlautdemo.prahu-hub.com/_resources/themes/prahutheme/javascript/custom/bidderKhusus.js?m=1787972929:20
[   49151ms] [LOG] {ID: 39, hitung: 19, tgl_setting: 2026-02-25 09:45:33, alias: LOD, nama: Uinyuniyika} @ https://phbidlautdemo.prahu-hub.com/_resources/themes/prahutheme/javascript/custom/bidderKhusus.js?m=1787972929:20
[   49151ms] [LOG] {ID: 38, hitung: 18, tgl_setting: 2025-09-15 09:50:02, alias: ANGGITA, nama: Nur Anggita Wahyuni} @ https://phbidlautdemo.prahu-hub.com/_resources/themes/prahutheme/javascript/custom/bidderKhusus.js?m=1787972929:20
[   49151ms] [LOG] {ID: 37, hitung: 17, tgl_setting: 2025-09-11 20:39:22, alias: PRS, nama: Demo - Prasetyo Bidder} @ https://phbidlautdemo.prahu-hub.com/_resources/themes/prahutheme/javascript/custom/bidderKhusus.js?m=1787972929:20
[   49152ms] [LOG] {ID: 25, hitung: 16, tgl_setting: 2025-07-21 11:25:29, alias: OOMPA, nama: bidder} @ https://phbidlautdemo.prahu-hub.com/_resources/themes/prahutheme/javascript/custom/bidderKhusus.js?m=1787972929:20
[   49152ms] [LOG] {ID: 24, hitung: 15, tgl_setting: 2025-07-21 11:25:29, alias: 6THRT, nama: Indah} @ https://phbidlautdemo.prahu-hub.com/_resources/themes/prahutheme/javascript/custom/bidderKhusus.js?m=1787972929:20
[   49153ms] [LOG] {ID: 20, hitung: 14, tgl_setting: 2025-01-11 11:16:40, alias: SIDIQ, nama: Sidiq Satria Tama} @ https://phbidlautdemo.prahu-hub.com/_resources/themes/prahutheme/javascript/custom/bidderKhusus.js?m=1787972929:20
[   49153ms] [LOG] {ID: 19, hitung: 13, tgl_setting: 2025-01-10 16:12:48, alias: SYAV, nama: Syavira} @ https://phbidlautdemo.prahu-hub.com/_resources/themes/prahutheme/javascript/custom/bidderKhusus.js?m=1787972929:20
[   49153ms] [LOG] {ID: 18, hitung: 12, tgl_setting: 2024-10-28 09:48:44, alias: ZARA, nama: WINDYA ZAHRAH KAMALI} @ https://phbidlautdemo.prahu-hub.com/_resources/themes/prahutheme/javascript/custom/bidderKhusus.js?m=1787972929:20
[   49154ms] [LOG] {ID: 17, hitung: 11, tgl_setting: 2024-07-30 05:21:50, alias: ALMD, nama: Dhanar Ahmad} @ https://phbidlautdemo.prahu-hub.com/_resources/themes/prahutheme/javascript/custom/bidderKhusus.js?m=1787972929:20
[   49154ms] [LOG] {ID: 11, hitung: 10, tgl_setting: 2024-07-11 13:47:25, alias: SNJ, nama: Putra Sinegar} @ https://phbidlautdemo.prahu-hub.com/_resources/themes/prahutheme/javascript/custom/bidderKhusus.js?m=1787972929:20
[   49154ms] [LOG] {ID: 9, hitung: 9, tgl_setting: 2024-07-11 09:07:04, alias: (IK)VUCD, nama: Vina As Cantika Andika} @ https://phbidlautdemo.prahu-hub.com/_resources/themes/prahutheme/javascript/custom/bidderKhusus.js?m=1787972929:20
[   49154ms] [LOG] {ID: 8, hitung: 8, tgl_setting: 2024-07-11 09:07:03, alias: (IK)MSJS, nama: Yahya Al Lukman Jaya Husein} @ https://phbidlautdemo.prahu-hub.com/_resources/themes/prahutheme/javascript/custom/bidderKhusus.js?m=1787972929:20
[   49155ms] [LOG] {ID: 7, hitung: 7, tgl_setting: 2024-07-11 09:07:03, alias: (IK)MJW, nama: Kusuma Jaya Wijaya Abadi Sentosa Mujur Selalu} @ https://phbidlautdemo.prahu-hub.com/_resources/themes/prahutheme/javascript/custom/bidderKhusus.js?m=1787972929:20
[   49155ms] [LOG] {ID: 6, hitung: 6, tgl_setting: 2024-07-11 09:07:03, alias: (IK)MU, nama: Mercury Us Handika} @ https://phbidlautdemo.prahu-hub.com/_resources/themes/prahutheme/javascript/custom/bidderKhusus.js?m=1787972929:20
[   49155ms] [LOG] {ID: 5, hitung: 5, tgl_setting: 2024-07-11 09:07:03, alias: (IK)JMTT, nama: Derinka} @ https://phbidlautdemo.prahu-hub.com/_resources/themes/prahutheme/javascript/custom/bidderKhusus.js?m=1787972929:20
[   49155ms] [LOG] {ID: 4, hitung: 4, tgl_setting: 2024-07-10 16:32:34, alias: BDR FT, nama: Rahmawati} @ https://phbidlautdemo.prahu-hub.com/_resources/themes/prahutheme/javascript/custom/bidderKhusus.js?m=1787972929:20
[   49156ms] [LOG] {ID: 3, hitung: 3, tgl_setting: 2024-07-10 16:32:34, alias: QC, nama: Ilham Ramadhan} @ https://phbidlautdemo.prahu-hub.com/_resources/themes/prahutheme/javascript/custom/bidderKhusus.js?m=1787972929:20
[   49156ms] [LOG] {ID: 2, hitung: 2, tgl_setting: 2024-07-10 16:32:34, alias: BDN, nama: PT. Bidder Nusantara} @ https://phbidlautdemo.prahu-hub.com/_resources/themes/prahutheme/javascript/custom/bidderKhusus.js?m=1787972929:20
[   49156ms] [LOG] {ID: 1, hitung: 1, tgl_setting: 2024-07-10 16:32:34, alias: (IK)LST, nama: Frinka Frenklin} @ https://phbidlautdemo.prahu-hub.com/_resources/themes/prahutheme/javascript/custom/bidderKhusus.js?m=1787972929:20
[   49163ms] [LOG] 20 @ https://phbidlautdemo.prahu-hub.com/_resources/themes/prahutheme/javascript/custom/bidderKhusus.js?m=1787972929:637
[   49163ms] [LOG] 20 countView1 1 pageNow 20 limitView1 @ https://phbidlautdemo.prahu-hub.com/_resources/themes/prahutheme/javascript/custom/bidderKhusus.js?m=1787972929:639
[   49163ms] [LOG] 20 @ https://phbidlautdemo.prahu-hub.com/_resources/themes/prahutheme/javascript/custom/bidderKhusus.js?m=1787972929:645
[   49164ms] [LOG] 20 jumlah data @ https://phbidlautdemo.prahu-hub.com/_resources/themes/prahutheme/javascript/custom/bidderKhusus.js?m=1787972929:607
[   49164ms] [LOG] 1 @ https://phbidlautdemo.prahu-hub.com/_resources/themes/prahutheme/javascript/custom/bidderKhusus.js?m=1787972929:609
[   49167ms] [LOG] 200 xhrglobal @ https://phbidlautdemo.prahu-hub.com/adminprahu/listBidderKhusus:6057
[   49167ms] [LOG] ce.fn.init stepItem @ https://phbidlautdemo.prahu-hub.com/_resources/themes/prahutheme/javascript/custom/bidderKhusus.js?m=1787972929:514
[   49260ms] [LOG] 200 xhrglobal @ https://phbidlautdemo.prahu-hub.com/adminprahu/listBidderKhusus:6057
[   49331ms] [LOG] 200 xhrglobal @ https://phbidlautdemo.prahu-hub.com/adminprahu/listBidderKhusus:6057
[   50924ms] TypeError: $(...).DataTable is not a function
    at https://phbidlautdemo.prahu-hub.com/_resources/themes/prahutheme/js/scripts-init/tables.js:7:23
[   52477ms] Cannot use import statement outside a module
[   52508ms] ReferenceError: Chart is not defined
    at https://phbidlautdemo.prahu-hub.com/_resources/themes/prahutheme/js/scripts-init/charts/chartjs.js:8:13
[   52509ms] Unexpected token '<'
[   52575ms] Unexpected token '<'
[   52640ms] Uncaught TypeError: expect element to be DOM Element, but got null
    at n.init (https://cdnjs.cloudflare.com/ajax/libs/smooth-scrollbar/8.5.2/smooth-scrollbar.js:24:264)
    at <anonymous> (https://phbidlautdemo.prahu-hub.com/adminprahu/preregister:5418:14)
[   52697ms] [LOG] Validasi Akunnamanya @ https://phbidlautdemo.prahu-hub.com/adminprahu/preregister:2040
[   52708ms] [LOG] undefined @ https://phbidlautdemo.prahu-hub.com/adminprahu/preregister:5771
[   52708ms] [LOG] 1xxx @ https://phbidlautdemo.prahu-hub.com/adminprahu/preregister:5771
[   52708ms] [LOG] undefined @ https://phbidlautdemo.prahu-hub.com/adminprahu/preregister:5771
[   52708ms] [LOG] Masukkan Nama @ https://phbidlautdemo.prahu-hub.com/adminprahu/preregister:5771
[   52708ms] [LOG] Masukkan Nama Perusahaan @ https://phbidlautdemo.prahu-hub.com/adminprahu/preregister:5771
[   52709ms] [LOG] Masukkan Email @ https://phbidlautdemo.prahu-hub.com/adminprahu/preregister:5771
[   52709ms] [LOG] 08xxx @ https://phbidlautdemo.prahu-hub.com/adminprahu/preregister:5771
[   52709ms] [LOG] DD/MM/YYYY @ https://phbidlautdemo.prahu-hub.com/adminprahu/preregister:5771
[   52711ms] [LOG] WebSocket connection @ https://phbidlautdemo.prahu-hub.com/adminprahu/preregister:5814
[   52711ms] [LOG] WebSocket connection attempting... @ https://phbidlautdemo.prahu-hub.com/adminprahu/preregister:5892
[   52816ms] [LOG] WebSocket connected @ https://phbidlautdemo.prahu-hub.com/adminprahu/preregister:5823
[   52819ms] [LOG] update_dashboard_order_laut @ https://phbidlautdemo.prahu-hub.com/adminprahu/preregister:5864
[   52846ms] [LOG] Connected @ https://phbidlautdemo.prahu-hub.com/adminprahu/preregister:5864
[   52905ms] [LOG] [Object, Object, Object, Object, Object, Object, Object, Object, Object, Object, Object, Object, Object, Object, Object, Object, Object, Object, Object, Object] @ https://phbidlautdemo.prahu-hub.com/_resources/themes/prahutheme/javascript/custom/preregister.js?m=1787972929:163
[   52912ms] [LOG] 33 @ https://phbidlautdemo.prahu-hub.com/_resources/themes/prahutheme/javascript/custom/preregister.js?m=1787972929:770
[   52913ms] [LOG] 33 countView1 1 pageNow 20 limitView1 @ https://phbidlautdemo.prahu-hub.com/_resources/themes/prahutheme/javascript/custom/preregister.js?m=1787972929:772
[   52913ms] [LOG] 20 @ https://phbidlautdemo.prahu-hub.com/_resources/themes/prahutheme/javascript/custom/preregister.js?m=1787972929:778
[   52914ms] [LOG] 33 jumlah data @ https://phbidlautdemo.prahu-hub.com/_resources/themes/prahutheme/javascript/custom/preregister.js?m=1787972929:734
[   52914ms] [LOG] 2 @ https://phbidlautdemo.prahu-hub.com/_resources/themes/prahutheme/javascript/custom/preregister.js?m=1787972929:736
[   52915ms] [LOG] 2 1 pageCount & pageNow @ https://phbidlautdemo.prahu-hub.com/_resources/themes/prahutheme/javascript/custom/preregister.js?m=1787972929:660
[   52919ms] [LOG] 200 xhrglobal @ https://phbidlautdemo.prahu-hub.com/adminprahu/preregister:5745
[   52920ms] [LOG] ce.fn.init stepItem @ https://phbidlautdemo.prahu-hub.com/_resources/themes/prahutheme/javascript/custom/preregister.js?m=1787972929:634
[   53027ms] [LOG] 200 xhrglobal @ https://phbidlautdemo.prahu-hub.com/adminprahu/preregister:5745
[   53080ms] [LOG] 200 xhrglobal @ https://phbidlautdemo.prahu-hub.com/adminprahu/preregister:5745
[   54708ms] TypeError: $(...).DataTable is not a function
    at https://phbidlautdemo.prahu-hub.com/_resources/themes/prahutheme/js/scripts-init/tables.js:7:23
[   86705ms] Cannot use import statement outside a module
[   86747ms] ReferenceError: Chart is not defined
    at https://phbidlautdemo.prahu-hub.com/_resources/themes/prahutheme/js/scripts-init/charts/chartjs.js:8:13
[   86808ms] Unexpected token '<'
[   86909ms] Unexpected token '<'
[   86967ms] Uncaught TypeError: expect element to be DOM Element, but got null
    at n.init (https://cdnjs.cloudflare.com/ajax/libs/smooth-scrollbar/8.5.2/smooth-scrollbar.js:24:264)
    at <anonymous> (https://phbidlautdemo.prahu-hub.com/home/hakaksesbidowner:5570:14)
[   87003ms] [LOG] Pengaturan Akunnamanya @ https://phbidlautdemo.prahu-hub.com/home/hakaksesbidowner:2040
[   87011ms] [LOG] Masukkan Nama Hak Akses @ https://phbidlautdemo.prahu-hub.com/home/hakaksesbidowner:5923
[   87011ms] [LOG] undefined @ https://phbidlautdemo.prahu-hub.com/home/hakaksesbidowner:5923
[   87011ms] [LOG] undefined @ https://phbidlautdemo.prahu-hub.com/home/hakaksesbidowner:5923
[   87011ms] [LOG] Masukkan Nama Kemasan @ https://phbidlautdemo.prahu-hub.com/home/hakaksesbidowner:5923
[   87011ms] [LOG] undefined @ https://phbidlautdemo.prahu-hub.com/home/hakaksesbidowner:5923
[   87012ms] [LOG] WebSocket connection @ https://phbidlautdemo.prahu-hub.com/home/hakaksesbidowner:5966
[   87013ms] [LOG] WebSocket connection attempting... @ https://phbidlautdemo.prahu-hub.com/home/hakaksesbidowner:6044
[   87121ms] [LOG] WebSocket connected @ https://phbidlautdemo.prahu-hub.com/home/hakaksesbidowner:5975
[   87125ms] [LOG] update_dashboard_order_laut @ https://phbidlautdemo.prahu-hub.com/home/hakaksesbidowner:6016
[   87152ms] [LOG] Connected @ https://phbidlautdemo.prahu-hub.com/home/hakaksesbidowner:6016
[   87362ms] [LOG] [Object, Object, Object, Object, Object, Object, Object, Object, Object, Object, Object, Object, Object, Object, Object, Object, Object, Object, Object, Object] @ https://phbidlautdemo.prahu-hub.com/_resources/themes/prahutheme/javascript/custom/hakaksesbidowner.js?m=1787972929:124
[   87373ms] [LOG] 24 @ https://phbidlautdemo.prahu-hub.com/_resources/themes/prahutheme/javascript/custom/hakaksesbidowner.js?m=1787972929:775
[   87373ms] [LOG] 24 countView1 1 pageNow 20 limitView1 @ https://phbidlautdemo.prahu-hub.com/_resources/themes/prahutheme/javascript/custom/hakaksesbidowner.js?m=1787972929:777
[   87374ms] [LOG] 20 @ https://phbidlautdemo.prahu-hub.com/_resources/themes/prahutheme/javascript/custom/hakaksesbidowner.js?m=1787972929:783
[   87374ms] [LOG] 24 jumlah data @ https://phbidlautdemo.prahu-hub.com/_resources/themes/prahutheme/javascript/custom/hakaksesbidowner.js?m=1787972929:740
[   87374ms] [LOG] 2 @ https://phbidlautdemo.prahu-hub.com/_resources/themes/prahutheme/javascript/custom/hakaksesbidowner.js?m=1787972929:742
[   87374ms] [LOG] 2 1 pageCount & pageNow @ https://phbidlautdemo.prahu-hub.com/_resources/themes/prahutheme/javascript/custom/hakaksesbidowner.js?m=1787972929:666
[   87375ms] [LOG] 200 xhrglobal @ https://phbidlautdemo.prahu-hub.com/home/hakaksesbidowner:5897
[   87376ms] [LOG] ce.fn.init stepItem @ https://phbidlautdemo.prahu-hub.com/_resources/themes/prahutheme/javascript/custom/hakaksesbidowner.js?m=1787972929:640
[   87507ms] [LOG] 200 xhrglobal @ https://phbidlautdemo.prahu-hub.com/home/hakaksesbidowner:5897
[   87575ms] [LOG] 200 xhrglobal @ https://phbidlautdemo.prahu-hub.com/home/hakaksesbidowner:5897
[   89012ms] TypeError: $(...).DataTable is not a function
    at https://phbidlautdemo.prahu-hub.com/_resources/themes/prahutheme/js/scripts-init/tables.js:7:23
[   89956ms] [LOG] 200 xhrglobal @ https://phbidlautdemo.prahu-hub.com/home/hakaksesbidowner:5897
[   91487ms] [LOG] 200 xhrglobal @ https://phbidlautdemo.prahu-hub.com/home/hakaksesbidowner:5897
[   92364ms] Cannot use import statement outside a module
[   92405ms] ReferenceError: Chart is not defined
    at https://phbidlautdemo.prahu-hub.com/_resources/themes/prahutheme/js/scripts-init/charts/chartjs.js:8:13
[   92644ms] Unexpected token '<'
[   92644ms] Unexpected token '<'
[   92694ms] Uncaught TypeError: expect element to be DOM Element, but got null
    at n.init (https://cdnjs.cloudflare.com/ajax/libs/smooth-scrollbar/8.5.2/smooth-scrollbar.js:24:264)
    at <anonymous> (https://phbidlautdemo.prahu-hub.com/home/hakaksesbidowner:5575:14)
[   92727ms] [LOG] Pengaturan Akunnamanya @ https://phbidlautdemo.prahu-hub.com/home/hakaksesbidowner:2040
[   92737ms] [LOG] Masukkan Nama Hak Akses @ https://phbidlautdemo.prahu-hub.com/home/hakaksesbidowner:5928
[   92737ms] [LOG] undefined @ https://phbidlautdemo.prahu-hub.com/home/hakaksesbidowner:5928
[   92738ms] [LOG] undefined @ https://phbidlautdemo.prahu-hub.com/home/hakaksesbidowner:5928
[   92738ms] [LOG] Masukkan Nama Kemasan @ https://phbidlautdemo.prahu-hub.com/home/hakaksesbidowner:5928
[   92738ms] [LOG] undefined @ https://phbidlautdemo.prahu-hub.com/home/hakaksesbidowner:5928
[   92739ms] [LOG] WebSocket connection @ https://phbidlautdemo.prahu-hub.com/home/hakaksesbidowner:5971
[   92740ms] [LOG] WebSocket connection attempting... @ https://phbidlautdemo.prahu-hub.com/home/hakaksesbidowner:6049
[   92862ms] [LOG] WebSocket connected @ https://phbidlautdemo.prahu-hub.com/home/hakaksesbidowner:5980
[   92868ms] [LOG] update_dashboard_order_laut @ https://phbidlautdemo.prahu-hub.com/home/hakaksesbidowner:6021
[   92892ms] [LOG] Connected @ https://phbidlautdemo.prahu-hub.com/home/hakaksesbidowner:6021
[   92974ms] [LOG] [Object, Object, Object, Object, Object, Object, Object, Object, Object, Object, Object, Object, Object, Object, Object, Object, Object, Object, Object, Object] @ https://phbidlautdemo.prahu-hub.com/_resources/themes/prahutheme/javascript/custom/hakaksesbidowner.js?m=1787972929:124
[   92980ms] [LOG] 23 @ https://phbidlautdemo.prahu-hub.com/_resources/themes/prahutheme/javascript/custom/hakaksesbidowner.js?m=1787972929:775
[   92980ms] [LOG] 23 countView1 1 pageNow 20 limitView1 @ https://phbidlautdemo.prahu-hub.com/_resources/themes/prahutheme/javascript/custom/hakaksesbidowner.js?m=1787972929:777
[   92981ms] [LOG] 20 @ https://phbidlautdemo.prahu-hub.com/_resources/themes/prahutheme/javascript/custom/hakaksesbidowner.js?m=1787972929:783
[   92981ms] [LOG] 23 jumlah data @ https://phbidlautdemo.prahu-hub.com/_resources/themes/prahutheme/javascript/custom/hakaksesbidowner.js?m=1787972929:740
[   92981ms] [LOG] 2 @ https://phbidlautdemo.prahu-hub.com/_resources/themes/prahutheme/javascript/custom/hakaksesbidowner.js?m=1787972929:742
[   92981ms] [LOG] 2 1 pageCount & pageNow @ https://phbidlautdemo.prahu-hub.com/_resources/themes/prahutheme/javascript/custom/hakaksesbidowner.js?m=1787972929:666
[   92983ms] [LOG] 200 xhrglobal @ https://phbidlautdemo.prahu-hub.com/home/hakaksesbidowner:5902
[   92983ms] [LOG] ce.fn.init stepItem @ https://phbidlautdemo.prahu-hub.com/_resources/themes/prahutheme/javascript/custom/hakaksesbidowner.js?m=1787972929:640
[   93097ms] [LOG] 200 xhrglobal @ https://phbidlautdemo.prahu-hub.com/home/hakaksesbidowner:5902
[   93161ms] [LOG] 200 xhrglobal @ https://phbidlautdemo.prahu-hub.com/home/hakaksesbidowner:5902
[   94740ms] TypeError: $(...).DataTable is not a function
    at https://phbidlautdemo.prahu-hub.com/_resources/themes/prahutheme/js/scripts-init/tables.js:7:23
[   95955ms] Cannot use import statement outside a module
[   95986ms] ReferenceError: Chart is not defined
    at https://phbidlautdemo.prahu-hub.com/_resources/themes/prahutheme/js/scripts-init/charts/chartjs.js:8:13
[   96035ms] Unexpected token '<'
[   96162ms] Unexpected token '<'
[   96227ms] Uncaught TypeError: expect element to be DOM Element, but got null
    at n.init (https://cdnjs.cloudflare.com/ajax/libs/smooth-scrollbar/8.5.2/smooth-scrollbar.js:24:264)
    at <anonymous> (https://phbidlautdemo.prahu-hub.com/home/hakaksesbidowner:5570:14)
[   96258ms] [LOG] Pengaturan Akunnamanya @ https://phbidlautdemo.prahu-hub.com/home/hakaksesbidowner:2040
[   96266ms] [LOG] Masukkan Nama Hak Akses @ https://phbidlautdemo.prahu-hub.com/home/hakaksesbidowner:5923
[   96266ms] [LOG] undefined @ https://phbidlautdemo.prahu-hub.com/home/hakaksesbidowner:5923
[   96267ms] [LOG] undefined @ https://phbidlautdemo.prahu-hub.com/home/hakaksesbidowner:5923
[   96267ms] [LOG] Masukkan Nama Kemasan @ https://phbidlautdemo.prahu-hub.com/home/hakaksesbidowner:5923
[   96267ms] [LOG] undefined @ https://phbidlautdemo.prahu-hub.com/home/hakaksesbidowner:5923
[   96268ms] [LOG] WebSocket connection @ https://phbidlautdemo.prahu-hub.com/home/hakaksesbidowner:5966
[   96269ms] [LOG] WebSocket connection attempting... @ https://phbidlautdemo.prahu-hub.com/home/hakaksesbidowner:6044
[   96377ms] [LOG] WebSocket connected @ https://phbidlautdemo.prahu-hub.com/home/hakaksesbidowner:5975
[   96380ms] [LOG] update_dashboard_order_laut @ https://phbidlautdemo.prahu-hub.com/home/hakaksesbidowner:6016
[   96413ms] [LOG] Connected @ https://phbidlautdemo.prahu-hub.com/home/hakaksesbidowner:6016
[   96531ms] [LOG] [Object, Object, Object, Object, Object, Object, Object, Object, Object, Object, Object, Object, Object, Object, Object, Object, Object, Object, Object, Object] @ https://phbidlautdemo.prahu-hub.com/_resources/themes/prahutheme/javascript/custom/hakaksesbidowner.js?m=1787972929:124
[   96546ms] [LOG] 23 @ https://phbidlautdemo.prahu-hub.com/_resources/themes/prahutheme/javascript/custom/hakaksesbidowner.js?m=1787972929:775
[   96547ms] [LOG] 23 countView1 1 pageNow 20 limitView1 @ https://phbidlautdemo.prahu-hub.com/_resources/themes/prahutheme/javascript/custom/hakaksesbidowner.js?m=1787972929:777
[   96547ms] [LOG] 20 @ https://phbidlautdemo.prahu-hub.com/_resources/themes/prahutheme/javascript/custom/hakaksesbidowner.js?m=1787972929:783
[   96548ms] [LOG] 23 jumlah data @ https://phbidlautdemo.prahu-hub.com/_resources/themes/prahutheme/javascript/custom/hakaksesbidowner.js?m=1787972929:740
[   96548ms] [LOG] 2 @ https://phbidlautdemo.prahu-hub.com/_resources/themes/prahutheme/javascript/custom/hakaksesbidowner.js?m=1787972929:742
[   96548ms] [LOG] 2 1 pageCount & pageNow @ https://phbidlautdemo.prahu-hub.com/_resources/themes/prahutheme/javascript/custom/hakaksesbidowner.js?m=1787972929:666
[   96550ms] [LOG] 200 xhrglobal @ https://phbidlautdemo.prahu-hub.com/home/hakaksesbidowner:5897
[   96550ms] [LOG] ce.fn.init stepItem @ https://phbidlautdemo.prahu-hub.com/_resources/themes/prahutheme/javascript/custom/hakaksesbidowner.js?m=1787972929:640
[   96640ms] [LOG] 200 xhrglobal @ https://phbidlautdemo.prahu-hub.com/home/hakaksesbidowner:5897
[   96708ms] [LOG] 200 xhrglobal @ https://phbidlautdemo.prahu-hub.com/home/hakaksesbidowner:5897
[   98272ms] TypeError: $(...).DataTable is not a function
    at https://phbidlautdemo.prahu-hub.com/_resources/themes/prahutheme/js/scripts-init/tables.js:7:23
[   99826ms] Cannot use import statement outside a module
[   99861ms] ReferenceError: Chart is not defined
    at https://phbidlautdemo.prahu-hub.com/_resources/themes/prahutheme/js/scripts-init/charts/chartjs.js:8:13
[   99929ms] Unexpected token '<'
[  100036ms] Unexpected token '<'
[  100091ms] Uncaught TypeError: expect element to be DOM Element, but got null
    at n.init (https://cdnjs.cloudflare.com/ajax/libs/smooth-scrollbar/8.5.2/smooth-scrollbar.js:24:264)
    at <anonymous> (https://phbidlautdemo.prahu-hub.com/home/bidder:5273:14)
[  100127ms] [LOG] Validasi Akunnamanya @ https://phbidlautdemo.prahu-hub.com/home/bidder:2040
[  100138ms] [LOG] undefined @ https://phbidlautdemo.prahu-hub.com/home/bidder:5626
[  100139ms] [LOG] 1xxx @ https://phbidlautdemo.prahu-hub.com/home/bidder:5626
[  100139ms] [LOG] Masukkan Nama Perusahaan @ https://phbidlautdemo.prahu-hub.com/home/bidder:5626
[  100139ms] [LOG] Masukkan Alias @ https://phbidlautdemo.prahu-hub.com/home/bidder:5626
[  100140ms] [LOG] Masukkan Email @ https://phbidlautdemo.prahu-hub.com/home/bidder:5626
[  100140ms] [LOG] 08xxxxxxxxxxx @ https://phbidlautdemo.prahu-hub.com/home/bidder:5626
[  100141ms] [LOG] WebSocket connection @ https://phbidlautdemo.prahu-hub.com/home/bidder:5669
[  100142ms] [LOG] WebSocket connection attempting... @ https://phbidlautdemo.prahu-hub.com/home/bidder:5747
[  100250ms] [LOG] WebSocket connected @ https://phbidlautdemo.prahu-hub.com/home/bidder:5678
[  100252ms] [LOG] update_dashboard_order_laut @ https://phbidlautdemo.prahu-hub.com/home/bidder:5719
[  100284ms] [LOG] Connected @ https://phbidlautdemo.prahu-hub.com/home/bidder:5719
[  100435ms] [LOG] [Object, Object, Object, Object, Object, Object, Object, Object, Object, Object, Object, Object, Object, Object, Object, Object, Object, Object, Object, Object] @ https://phbidlautdemo.prahu-hub.com/_resources/themes/prahutheme/javascript/custom/bidder.js?m=1787972929:178
[  100442ms] [LOG] [Object, Object, Object, Object, Object, Object, Object, Object, Object, Object, Object, Object, Object, Object, Object, Object, Object, Object, Object, Object] @ https://phbidlautdemo.prahu-hub.com/_resources/themes/prahutheme/javascript/custom/bidder.js?m=1787972929:48
[  100450ms] [LOG] 79 @ https://phbidlautdemo.prahu-hub.com/_resources/themes/prahutheme/javascript/custom/bidder.js?m=1787972929:717
[  100450ms] [LOG] 79 countView1 1 pageNow 20 limitView1 @ https://phbidlautdemo.prahu-hub.com/_resources/themes/prahutheme/javascript/custom/bidder.js?m=1787972929:719
[  100451ms] [LOG] 20 @ https://phbidlautdemo.prahu-hub.com/_resources/themes/prahutheme/javascript/custom/bidder.js?m=1787972929:725
[  100451ms] [LOG] 79 jumlah data @ https://phbidlautdemo.prahu-hub.com/_resources/themes/prahutheme/javascript/custom/bidder.js?m=1787972929:682
[  100452ms] [LOG] 4 @ https://phbidlautdemo.prahu-hub.com/_resources/themes/prahutheme/javascript/custom/bidder.js?m=1787972929:684
[  100452ms] [LOG] 4 1 pageCount & pageNow @ https://phbidlautdemo.prahu-hub.com/_resources/themes/prahutheme/javascript/custom/bidder.js?m=1787972929:608
[  100454ms] [LOG] 200 xhrglobal @ https://phbidlautdemo.prahu-hub.com/home/bidder:5600
[  100455ms] [LOG] ce.fn.init stepItem @ https://phbidlautdemo.prahu-hub.com/_resources/themes/prahutheme/javascript/custom/bidder.js?m=1787972929:582
[  100549ms] [LOG] 200 xhrglobal @ https://phbidlautdemo.prahu-hub.com/home/bidder:5600
[  100620ms] [LOG] 200 xhrglobal @ https://phbidlautdemo.prahu-hub.com/home/bidder:5600
[  102140ms] TypeError: $(...).DataTable is not a function
    at https://phbidlautdemo.prahu-hub.com/_resources/themes/prahutheme/js/scripts-init/tables.js:7:23
[  102210ms] [LOG] 79 jumlah data @ https://phbidlautdemo.prahu-hub.com/_resources/themes/prahutheme/javascript/custom/bidder.js?m=1787972929:682
[  102210ms] [LOG] 1 @ https://phbidlautdemo.prahu-hub.com/_resources/themes/prahutheme/javascript/custom/bidder.js?m=1787972929:684
[  102210ms] [LOG] 1 1 pageCount & pageNow @ https://phbidlautdemo.prahu-hub.com/_resources/themes/prahutheme/javascript/custom/bidder.js?m=1787972929:608
[  102211ms] [LOG] 79 @ https://phbidlautdemo.prahu-hub.com/_resources/themes/prahutheme/javascript/custom/bidder.js?m=1787972929:717
[  102211ms] [LOG] 79 countView1 1 pageNow 100 limitView1 @ https://phbidlautdemo.prahu-hub.com/_resources/themes/prahutheme/javascript/custom/bidder.js?m=1787972929:719
[  102211ms] [LOG] 79 @ https://phbidlautdemo.prahu-hub.com/_resources/themes/prahutheme/javascript/custom/bidder.js?m=1787972929:725
[  103162ms] [LOG] [Object, Object, Object, Object, Object, Object, Object, Object, Object, Object, Object, Object, Object, Object, Object, Object, Object, Object, Object, Object, Object, Object, Object, Object, Object, Object, Object, Object, Object, Object, Object, Object, Object, Object, Object, Object, Object, Object, Object, Object, Object, Object, Object, Object, Object, Object, Object, Object, Object, Object, Object, Object, Object, Object, Object, Object, Object, Object, Object, Object, Object, Object, Object, Object, Object, Object, Object, Object, Object, Object, Object, Object, Object, Object, Object, Object, Object, Object, Object] @ https://phbidlautdemo.prahu-hub.com/_resources/themes/prahutheme/javascript/custom/bidder.js?m=1787972929:178
[  103190ms] [LOG] [Object, Object, Object, Object, Object, Object, Object, Object, Object, Object, Object, Object, Object, Object, Object, Object, Object, Object, Object, Object, Object, Object, Object, Object, Object, Object, Object, Object, Object, Object, Object, Object, Object, Object, Object, Object, Object, Object, Object, Object, Object, Object, Object, Object, Object, Object, Object, Object, Object, Object, Object, Object, Object, Object, Object, Object, Object, Object, Object, Object, Object, Object, Object, Object, Object, Object, Object, Object, Object, Object, Object, Object, Object, Object, Object, Object, Object, Object, Object] @ https://phbidlautdemo.prahu-hub.com/_resources/themes/prahutheme/javascript/custom/bidder.js?m=1787972929:48
[  103217ms] [LOG] 79 @ https://phbidlautdemo.prahu-hub.com/_resources/themes/prahutheme/javascript/custom/bidder.js?m=1787972929:717
[  103218ms] [LOG] 79 countView1 1 pageNow 100 limitView1 @ https://phbidlautdemo.prahu-hub.com/_resources/themes/prahutheme/javascript/custom/bidder.js?m=1787972929:719
[  103218ms] [LOG] 79 @ https://phbidlautdemo.prahu-hub.com/_resources/themes/prahutheme/javascript/custom/bidder.js?m=1787972929:725
[  103218ms] [LOG] 79 jumlah data @ https://phbidlautdemo.prahu-hub.com/_resources/themes/prahutheme/javascript/custom/bidder.js?m=1787972929:682
[  103219ms] [LOG] 1 @ https://phbidlautdemo.prahu-hub.com/_resources/themes/prahutheme/javascript/custom/bidder.js?m=1787972929:684
[  103219ms] [LOG] 1 1 pageCount & pageNow @ https://phbidlautdemo.prahu-hub.com/_resources/themes/prahutheme/javascript/custom/bidder.js?m=1787972929:608
[  103221ms] [LOG] 200 xhrglobal @ https://phbidlautdemo.prahu-hub.com/home/bidder:5600
[  106311ms] Unexpected token '<'
[  106736ms] Unexpected token '<'
[  106761ms] Cannot use import statement outside a module
[  106807ms] ReferenceError: Chart is not defined
    at https://phbidlautdemo.prahu-hub.com/_resources/themes/prahutheme/js/scripts-init/charts/chartjs.js:8:13
[  106808ms] Unexpected token '<'
[  106809ms] Unexpected token '<'
[  106867ms] Uncaught TypeError: expect element to be DOM Element, but got null
    at n.init (https://cdnjs.cloudflare.com/ajax/libs/smooth-scrollbar/8.5.2/smooth-scrollbar.js:24:264)
    at <anonymous> (https://phbidlautdemo.prahu-hub.com/home/validasibidder/QzlFenBSVmxJLzZpa1VIZlRLSmdjQT09:6566:14)
[  106928ms] [LOG] Validasi Akunnamanya @ https://phbidlautdemo.prahu-hub.com/home/validasibidder/QzlFenBSVmxJLzZpa1VIZlRLSmdjQT09:2039
[  106942ms] [LOG] undefined @ https://phbidlautdemo.prahu-hub.com/home/validasibidder/QzlFenBSVmxJLzZpa1VIZlRLSmdjQT09:6919
[  106942ms] [LOG] Masukkan Nama @ https://phbidlautdemo.prahu-hub.com/home/validasibidder/QzlFenBSVmxJLzZpa1VIZlRLSmdjQT09:6919
[  106942ms] [LOG] Masukkan Nama Perusahaan @ https://phbidlautdemo.prahu-hub.com/home/validasibidder/QzlFenBSVmxJLzZpa1VIZlRLSmdjQT09:6919
[  106942ms] [LOG] Masukkan Alias @ https://phbidlautdemo.prahu-hub.com/home/validasibidder/QzlFenBSVmxJLzZpa1VIZlRLSmdjQT09:6919
[  106942ms] [LOG] 08xxxxxxxxxx @ https://phbidlautdemo.prahu-hub.com/home/validasibidder/QzlFenBSVmxJLzZpa1VIZlRLSmdjQT09:6919
[  106943ms] [LOG] 03xxxxxxxxxx @ https://phbidlautdemo.prahu-hub.com/home/validasibidder/QzlFenBSVmxJLzZpa1VIZlRLSmdjQT09:6919
[  106943ms] [LOG] Masukkan Email @ https://phbidlautdemo.prahu-hub.com/home/validasibidder/QzlFenBSVmxJLzZpa1VIZlRLSmdjQT09:6919
[  106943ms] [LOG] Masukkan Email @ https://phbidlautdemo.prahu-hub.com/home/validasibidder/QzlFenBSVmxJLzZpa1VIZlRLSmdjQT09:6919
[  106943ms] [LOG] undefined @ https://phbidlautdemo.prahu-hub.com/home/validasibidder/QzlFenBSVmxJLzZpa1VIZlRLSmdjQT09:6919
[  106943ms] [LOG] Masukkan NPWP @ https://phbidlautdemo.prahu-hub.com/home/validasibidder/QzlFenBSVmxJLzZpa1VIZlRLSmdjQT09:6919
[  106943ms] [LOG] Masukkan Gambar  @ https://phbidlautdemo.prahu-hub.com/home/validasibidder/QzlFenBSVmxJLzZpa1VIZlRLSmdjQT09:6919
[  106943ms] [LOG] Masukkan No. NPWP @ https://phbidlautdemo.prahu-hub.com/home/validasibidder/QzlFenBSVmxJLzZpa1VIZlRLSmdjQT09:6919
[  106944ms] [LOG] undefined @ https://phbidlautdemo.prahu-hub.com/home/validasibidder/QzlFenBSVmxJLzZpa1VIZlRLSmdjQT09:6919
[  106944ms] [LOG] Masukkan SIUP @ https://phbidlautdemo.prahu-hub.com/home/validasibidder/QzlFenBSVmxJLzZpa1VIZlRLSmdjQT09:6919
[  106944ms] [LOG] Masukkan Gambar  @ https://phbidlautdemo.prahu-hub.com/home/validasibidder/QzlFenBSVmxJLzZpa1VIZlRLSmdjQT09:6919
[  106944ms] [LOG] Masukkan No. SIUP @ https://phbidlautdemo.prahu-hub.com/home/validasibidder/QzlFenBSVmxJLzZpa1VIZlRLSmdjQT09:6919
[  106944ms] [LOG] undefined @ https://phbidlautdemo.prahu-hub.com/home/validasibidder/QzlFenBSVmxJLzZpa1VIZlRLSmdjQT09:6919
[  106944ms] [LOG] Masukkan Gambar @ https://phbidlautdemo.prahu-hub.com/home/validasibidder/QzlFenBSVmxJLzZpa1VIZlRLSmdjQT09:6919
[  106944ms] [LOG] Masukkan Gambar  @ https://phbidlautdemo.prahu-hub.com/home/validasibidder/QzlFenBSVmxJLzZpa1VIZlRLSmdjQT09:6919
[  106945ms] [LOG] Tanggal Register @ https://phbidlautdemo.prahu-hub.com/home/validasibidder/QzlFenBSVmxJLzZpa1VIZlRLSmdjQT09:6919
[  106945ms] [LOG] undefined @ https://phbidlautdemo.prahu-hub.com/home/validasibidder/QzlFenBSVmxJLzZpa1VIZlRLSmdjQT09:6919
[  106945ms] [LOG] undefined @ https://phbidlautdemo.prahu-hub.com/home/validasibidder/QzlFenBSVmxJLzZpa1VIZlRLSmdjQT09:6919
[  106945ms] [LOG] undefined @ https://phbidlautdemo.prahu-hub.com/home/validasibidder/QzlFenBSVmxJLzZpa1VIZlRLSmdjQT09:6919
[  106945ms] [LOG] Masukkan Nomor Rekening @ https://phbidlautdemo.prahu-hub.com/home/validasibidder/QzlFenBSVmxJLzZpa1VIZlRLSmdjQT09:6919
[  106945ms] [LOG] Masukkan Nama Rekening @ https://phbidlautdemo.prahu-hub.com/home/validasibidder/QzlFenBSVmxJLzZpa1VIZlRLSmdjQT09:6919
[  106945ms] [LOG] undefined @ https://phbidlautdemo.prahu-hub.com/home/validasibidder/QzlFenBSVmxJLzZpa1VIZlRLSmdjQT09:6919
[  106946ms] [LOG] undefined @ https://phbidlautdemo.prahu-hub.com/home/validasibidder/QzlFenBSVmxJLzZpa1VIZlRLSmdjQT09:6919
[  106947ms] [LOG] WebSocket connection @ https://phbidlautdemo.prahu-hub.com/home/validasibidder/QzlFenBSVmxJLzZpa1VIZlRLSmdjQT09:6962
[  106947ms] [LOG] WebSocket connection attempting... @ https://phbidlautdemo.prahu-hub.com/home/validasibidder/QzlFenBSVmxJLzZpa1VIZlRLSmdjQT09:7040
[  107037ms] [LOG] 200 xhrglobal @ https://phbidlautdemo.prahu-hub.com/home/validasibidder/QzlFenBSVmxJLzZpa1VIZlRLSmdjQT09:6893
[  107071ms] [LOG] WebSocket connected @ https://phbidlautdemo.prahu-hub.com/home/validasibidder/QzlFenBSVmxJLzZpa1VIZlRLSmdjQT09:6971
[  107073ms] [LOG] update_dashboard_order_laut @ https://phbidlautdemo.prahu-hub.com/home/validasibidder/QzlFenBSVmxJLzZpa1VIZlRLSmdjQT09:7012
[  107102ms] [LOG] Connected @ https://phbidlautdemo.prahu-hub.com/home/validasibidder/QzlFenBSVmxJLzZpa1VIZlRLSmdjQT09:7012
[  107190ms] [LOG] 200 xhrglobal @ https://phbidlautdemo.prahu-hub.com/home/validasibidder/QzlFenBSVmxJLzZpa1VIZlRLSmdjQT09:6893
[  107245ms] [LOG] 200 xhrglobal @ https://phbidlautdemo.prahu-hub.com/home/validasibidder/QzlFenBSVmxJLzZpa1VIZlRLSmdjQT09:6893
[  108940ms] TypeError: $(...).DataTable is not a function
    at https://phbidlautdemo.prahu-hub.com/_resources/themes/prahutheme/js/scripts-init/tables.js:7:23
[  109436ms] [LOG] 200 xhrglobal @ https://phbidlautdemo.prahu-hub.com/home/validasibidder/QzlFenBSVmxJLzZpa1VIZlRLSmdjQT09:6893
[  109437ms] [LOG] submit @ https://phbidlautdemo.prahu-hub.com/home/validasibidder/QzlFenBSVmxJLzZpa1VIZlRLSmdjQT09:5945
[  109446ms] [WARNING] SweetAlert2: Unknown parameter "confirmButtonClass" @ https://phbidlautdemo.prahu-hub.com/_resources/themes/prahutheme/js/sweetalert2.all.min.js:0
[  157048ms] Cannot use import statement outside a module
[  157076ms] ReferenceError: Chart is not defined
    at https://phbidlautdemo.prahu-hub.com/_resources/themes/prahutheme/js/scripts-init/charts/chartjs.js:8:13
[  157315ms] Unexpected token '<'
[  157316ms] Unexpected token '<'
[  157384ms] Uncaught TypeError: expect element to be DOM Element, but got null
    at n.init (https://cdnjs.cloudflare.com/ajax/libs/smooth-scrollbar/8.5.2/smooth-scrollbar.js:24:264)
    at <anonymous> (https://phbidlautdemo.prahu-hub.com/home/hakaksesbidowner:5570:14)
[  157422ms] [LOG] Pengaturan Akunnamanya @ https://phbidlautdemo.prahu-hub.com/home/hakaksesbidowner:2040
[  157433ms] [LOG] Masukkan Nama Hak Akses @ https://phbidlautdemo.prahu-hub.com/home/hakaksesbidowner:5923
[  157433ms] [LOG] undefined @ https://phbidlautdemo.prahu-hub.com/home/hakaksesbidowner:5923
[  157433ms] [LOG] undefined @ https://phbidlautdemo.prahu-hub.com/home/hakaksesbidowner:5923
[  157434ms] [LOG] Masukkan Nama Kemasan @ https://phbidlautdemo.prahu-hub.com/home/hakaksesbidowner:5923
[  157434ms] [LOG] undefined @ https://phbidlautdemo.prahu-hub.com/home/hakaksesbidowner:5923
[  157435ms] [LOG] WebSocket connection @ https://phbidlautdemo.prahu-hub.com/home/hakaksesbidowner:5966
[  157435ms] [LOG] WebSocket connection attempting... @ https://phbidlautdemo.prahu-hub.com/home/hakaksesbidowner:6044
[  157606ms] [LOG] WebSocket connected @ https://phbidlautdemo.prahu-hub.com/home/hakaksesbidowner:5975
[  157611ms] [LOG] update_dashboard_order_laut @ https://phbidlautdemo.prahu-hub.com/home/hakaksesbidowner:6016
[  157646ms] [LOG] Connected @ https://phbidlautdemo.prahu-hub.com/home/hakaksesbidowner:6016
[  157702ms] [LOG] [Object, Object, Object, Object, Object, Object, Object, Object, Object, Object, Object, Object, Object, Object, Object, Object, Object, Object, Object, Object] @ https://phbidlautdemo.prahu-hub.com/_resources/themes/prahutheme/javascript/custom/hakaksesbidowner.js?m=1787972929:124
[  157709ms] [LOG] 23 @ https://phbidlautdemo.prahu-hub.com/_resources/themes/prahutheme/javascript/custom/hakaksesbidowner.js?m=1787972929:775
[  157709ms] [LOG] 23 countView1 1 pageNow 20 limitView1 @ https://phbidlautdemo.prahu-hub.com/_resources/themes/prahutheme/javascript/custom/hakaksesbidowner.js?m=1787972929:777
[  157710ms] [LOG] 20 @ https://phbidlautdemo.prahu-hub.com/_resources/themes/prahutheme/javascript/custom/hakaksesbidowner.js?m=1787972929:783
[  157710ms] [LOG] 23 jumlah data @ https://phbidlautdemo.prahu-hub.com/_resources/themes/prahutheme/javascript/custom/hakaksesbidowner.js?m=1787972929:740
[  157711ms] [LOG] 2 @ https://phbidlautdemo.prahu-hub.com/_resources/themes/prahutheme/javascript/custom/hakaksesbidowner.js?m=1787972929:742
[  157711ms] [LOG] 2 1 pageCount & pageNow @ https://phbidlautdemo.prahu-hub.com/_resources/themes/prahutheme/javascript/custom/hakaksesbidowner.js?m=1787972929:666
[  157713ms] [LOG] 200 xhrglobal @ https://phbidlautdemo.prahu-hub.com/home/hakaksesbidowner:5897
[  157713ms] [LOG] ce.fn.init stepItem @ https://phbidlautdemo.prahu-hub.com/_resources/themes/prahutheme/javascript/custom/hakaksesbidowner.js?m=1787972929:640
[  157822ms] [LOG] 200 xhrglobal @ https://phbidlautdemo.prahu-hub.com/home/hakaksesbidowner:5897
[  157876ms] [LOG] 200 xhrglobal @ https://phbidlautdemo.prahu-hub.com/home/hakaksesbidowner:5897
[  159435ms] TypeError: $(...).DataTable is not a function
    at https://phbidlautdemo.prahu-hub.com/_resources/themes/prahutheme/js/scripts-init/tables.js:7:23
[  182549ms] Cannot use import statement outside a module
[  182597ms] ReferenceError: Chart is not defined
    at https://phbidlautdemo.prahu-hub.com/_resources/themes/prahutheme/js/scripts-init/charts/chartjs.js:8:13
[  182645ms] Unexpected token '<'
[  182766ms] Unexpected token '<'
[  182838ms] Uncaught TypeError: expect element to be DOM Element, but got null
    at n.init (https://cdnjs.cloudflare.com/ajax/libs/smooth-scrollbar/8.5.2/smooth-scrollbar.js:24:264)
    at <anonymous> (https://phbidlautdemo.prahu-hub.com/home/bidder:5273:14)
[  182868ms] [LOG] Validasi Akunnamanya @ https://phbidlautdemo.prahu-hub.com/home/bidder:2040
[  182881ms] [LOG] undefined @ https://phbidlautdemo.prahu-hub.com/home/bidder:5626
[  182881ms] [LOG] 1xxx @ https://phbidlautdemo.prahu-hub.com/home/bidder:5626
[  182881ms] [LOG] Masukkan Nama Perusahaan @ https://phbidlautdemo.prahu-hub.com/home/bidder:5626
[  182881ms] [LOG] Masukkan Alias @ https://phbidlautdemo.prahu-hub.com/home/bidder:5626
[  182882ms] [LOG] Masukkan Email @ https://phbidlautdemo.prahu-hub.com/home/bidder:5626
[  182882ms] [LOG] 08xxxxxxxxxxx @ https://phbidlautdemo.prahu-hub.com/home/bidder:5626
[  182883ms] [LOG] WebSocket connection @ https://phbidlautdemo.prahu-hub.com/home/bidder:5669
[  182883ms] [LOG] WebSocket connection attempting... @ https://phbidlautdemo.prahu-hub.com/home/bidder:5747
[  183000ms] [LOG] WebSocket connected @ https://phbidlautdemo.prahu-hub.com/home/bidder:5678
[  183006ms] [LOG] update_dashboard_order_laut @ https://phbidlautdemo.prahu-hub.com/home/bidder:5719
[  183032ms] [LOG] Connected @ https://phbidlautdemo.prahu-hub.com/home/bidder:5719
[  183238ms] [LOG] [Object, Object, Object, Object, Object, Object, Object, Object, Object, Object, Object, Object, Object, Object, Object, Object, Object, Object, Object, Object] @ https://phbidlautdemo.prahu-hub.com/_resources/themes/prahutheme/javascript/custom/bidder.js?m=1787972929:178
[  183248ms] [LOG] [Object, Object, Object, Object, Object, Object, Object, Object, Object, Object, Object, Object, Object, Object, Object, Object, Object, Object, Object, Object] @ https://phbidlautdemo.prahu-hub.com/_resources/themes/prahutheme/javascript/custom/bidder.js?m=1787972929:48
[  183256ms] [LOG] 79 @ https://phbidlautdemo.prahu-hub.com/_resources/themes/prahutheme/javascript/custom/bidder.js?m=1787972929:717
[  183256ms] [LOG] 79 countView1 1 pageNow 20 limitView1 @ https://phbidlautdemo.prahu-hub.com/_resources/themes/prahutheme/javascript/custom/bidder.js?m=1787972929:719
[  183256ms] [LOG] 20 @ https://phbidlautdemo.prahu-hub.com/_resources/themes/prahutheme/javascript/custom/bidder.js?m=1787972929:725
[  183256ms] [LOG] 79 jumlah data @ https://phbidlautdemo.prahu-hub.com/_resources/themes/prahutheme/javascript/custom/bidder.js?m=1787972929:682
[  183257ms] [LOG] 4 @ https://phbidlautdemo.prahu-hub.com/_resources/themes/prahutheme/javascript/custom/bidder.js?m=1787972929:684
[  183257ms] [LOG] 4 1 pageCount & pageNow @ https://phbidlautdemo.prahu-hub.com/_resources/themes/prahutheme/javascript/custom/bidder.js?m=1787972929:608
[  183258ms] [LOG] 200 xhrglobal @ https://phbidlautdemo.prahu-hub.com/home/bidder:5600
[  183259ms] [LOG] ce.fn.init stepItem @ https://phbidlautdemo.prahu-hub.com/_resources/themes/prahutheme/javascript/custom/bidder.js?m=1787972929:582
[  183350ms] [LOG] 200 xhrglobal @ https://phbidlautdemo.prahu-hub.com/home/bidder:5600
[  183408ms] [LOG] 200 xhrglobal @ https://phbidlautdemo.prahu-hub.com/home/bidder:5600
[  184920ms] TypeError: $(...).DataTable is not a function
    at https://phbidlautdemo.prahu-hub.com/_resources/themes/prahutheme/js/scripts-init/tables.js:7:23
[  184967ms] [LOG] 79 jumlah data @ https://phbidlautdemo.prahu-hub.com/_resources/themes/prahutheme/javascript/custom/bidder.js?m=1787972929:682
[  184967ms] [LOG] 1 @ https://phbidlautdemo.prahu-hub.com/_resources/themes/prahutheme/javascript/custom/bidder.js?m=1787972929:684
[  184967ms] [LOG] 1 1 pageCount & pageNow @ https://phbidlautdemo.prahu-hub.com/_resources/themes/prahutheme/javascript/custom/bidder.js?m=1787972929:608
[  184968ms] [LOG] 79 @ https://phbidlautdemo.prahu-hub.com/_resources/themes/prahutheme/javascript/custom/bidder.js?m=1787972929:717
[  184968ms] [LOG] 79 countView1 1 pageNow 100 limitView1 @ https://phbidlautdemo.prahu-hub.com/_resources/themes/prahutheme/javascript/custom/bidder.js?m=1787972929:719
[  184968ms] [LOG] 79 @ https://phbidlautdemo.prahu-hub.com/_resources/themes/prahutheme/javascript/custom/bidder.js?m=1787972929:725
[  185900ms] [LOG] [Object, Object, Object, Object, Object, Object, Object, Object, Object, Object, Object, Object, Object, Object, Object, Object, Object, Object, Object, Object, Object, Object, Object, Object, Object, Object, Object, Object, Object, Object, Object, Object, Object, Object, Object, Object, Object, Object, Object, Object, Object, Object, Object, Object, Object, Object, Object, Object, Object, Object, Object, Object, Object, Object, Object, Object, Object, Object, Object, Object, Object, Object, Object, Object, Object, Object, Object, Object, Object, Object, Object, Object, Object, Object, Object, Object, Object, Object, Object] @ https://phbidlautdemo.prahu-hub.com/_resources/themes/prahutheme/javascript/custom/bidder.js?m=1787972929:178
[  185920ms] [LOG] [Object, Object, Object, Object, Object, Object, Object, Object, Object, Object, Object, Object, Object, Object, Object, Object, Object, Object, Object, Object, Object, Object, Object, Object, Object, Object, Object, Object, Object, Object, Object, Object, Object, Object, Object, Object, Object, Object, Object, Object, Object, Object, Object, Object, Object, Object, Object, Object, Object, Object, Object, Object, Object, Object, Object, Object, Object, Object, Object, Object, Object, Object, Object, Object, Object, Object, Object, Object, Object, Object, Object, Object, Object, Object, Object, Object, Object, Object, Object] @ https://phbidlautdemo.prahu-hub.com/_resources/themes/prahutheme/javascript/custom/bidder.js?m=1787972929:48
[  185948ms] [LOG] 79 @ https://phbidlautdemo.prahu-hub.com/_resources/themes/prahutheme/javascript/custom/bidder.js?m=1787972929:717
[  185948ms] [LOG] 79 countView1 1 pageNow 100 limitView1 @ https://phbidlautdemo.prahu-hub.com/_resources/themes/prahutheme/javascript/custom/bidder.js?m=1787972929:719
[  185948ms] [LOG] 79 @ https://phbidlautdemo.prahu-hub.com/_resources/themes/prahutheme/javascript/custom/bidder.js?m=1787972929:725
[  185950ms] [LOG] 79 jumlah data @ https://phbidlautdemo.prahu-hub.com/_resources/themes/prahutheme/javascript/custom/bidder.js?m=1787972929:682
[  185950ms] [LOG] 1 @ https://phbidlautdemo.prahu-hub.com/_resources/themes/prahutheme/javascript/custom/bidder.js?m=1787972929:684
[  185950ms] [LOG] 1 1 pageCount & pageNow @ https://phbidlautdemo.prahu-hub.com/_resources/themes/prahutheme/javascript/custom/bidder.js?m=1787972929:608
[  185952ms] [LOG] 200 xhrglobal @ https://phbidlautdemo.prahu-hub.com/home/bidder:5600
[  189801ms] Unexpected token '<'
[  190048ms] Unexpected token '<'
[  190058ms] Cannot use import statement outside a module
[  190091ms] ReferenceError: Chart is not defined
    at https://phbidlautdemo.prahu-hub.com/_resources/themes/prahutheme/js/scripts-init/charts/chartjs.js:8:13
[  190091ms] Unexpected token '<'
[  190091ms] Unexpected token '<'
[  190159ms] Uncaught TypeError: expect element to be DOM Element, but got null
    at n.init (https://cdnjs.cloudflare.com/ajax/libs/smooth-scrollbar/8.5.2/smooth-scrollbar.js:24:264)
    at <anonymous> (https://phbidlautdemo.prahu-hub.com/home/validasibidder/QzlFenBSVmxJLzZpa1VIZlRLSmdjQT09:6566:14)
[  190216ms] [LOG] Validasi Akunnamanya @ https://phbidlautdemo.prahu-hub.com/home/validasibidder/QzlFenBSVmxJLzZpa1VIZlRLSmdjQT09:2039
[  190226ms] [LOG] undefined @ https://phbidlautdemo.prahu-hub.com/home/validasibidder/QzlFenBSVmxJLzZpa1VIZlRLSmdjQT09:6919
[  190226ms] [LOG] Masukkan Nama @ https://phbidlautdemo.prahu-hub.com/home/validasibidder/QzlFenBSVmxJLzZpa1VIZlRLSmdjQT09:6919
[  190227ms] [LOG] Masukkan Nama Perusahaan @ https://phbidlautdemo.prahu-hub.com/home/validasibidder/QzlFenBSVmxJLzZpa1VIZlRLSmdjQT09:6919
[  190227ms] [LOG] Masukkan Alias @ https://phbidlautdemo.prahu-hub.com/home/validasibidder/QzlFenBSVmxJLzZpa1VIZlRLSmdjQT09:6919
[  190227ms] [LOG] 08xxxxxxxxxx @ https://phbidlautdemo.prahu-hub.com/home/validasibidder/QzlFenBSVmxJLzZpa1VIZlRLSmdjQT09:6919
[  190227ms] [LOG] 03xxxxxxxxxx @ https://phbidlautdemo.prahu-hub.com/home/validasibidder/QzlFenBSVmxJLzZpa1VIZlRLSmdjQT09:6919
[  190227ms] [LOG] Masukkan Email @ https://phbidlautdemo.prahu-hub.com/home/validasibidder/QzlFenBSVmxJLzZpa1VIZlRLSmdjQT09:6919
[  190227ms] [LOG] Masukkan Email @ https://phbidlautdemo.prahu-hub.com/home/validasibidder/QzlFenBSVmxJLzZpa1VIZlRLSmdjQT09:6919
[  190227ms] [LOG] undefined @ https://phbidlautdemo.prahu-hub.com/home/validasibidder/QzlFenBSVmxJLzZpa1VIZlRLSmdjQT09:6919
[  190228ms] [LOG] Masukkan NPWP @ https://phbidlautdemo.prahu-hub.com/home/validasibidder/QzlFenBSVmxJLzZpa1VIZlRLSmdjQT09:6919
[  190228ms] [LOG] Masukkan Gambar  @ https://phbidlautdemo.prahu-hub.com/home/validasibidder/QzlFenBSVmxJLzZpa1VIZlRLSmdjQT09:6919
[  190228ms] [LOG] Masukkan No. NPWP @ https://phbidlautdemo.prahu-hub.com/home/validasibidder/QzlFenBSVmxJLzZpa1VIZlRLSmdjQT09:6919
[  190228ms] [LOG] undefined @ https://phbidlautdemo.prahu-hub.com/home/validasibidder/QzlFenBSVmxJLzZpa1VIZlRLSmdjQT09:6919
[  190228ms] [LOG] Masukkan SIUP @ https://phbidlautdemo.prahu-hub.com/home/validasibidder/QzlFenBSVmxJLzZpa1VIZlRLSmdjQT09:6919
[  190228ms] [LOG] Masukkan Gambar  @ https://phbidlautdemo.prahu-hub.com/home/validasibidder/QzlFenBSVmxJLzZpa1VIZlRLSmdjQT09:6919
[  190229ms] [LOG] Masukkan No. SIUP @ https://phbidlautdemo.prahu-hub.com/home/validasibidder/QzlFenBSVmxJLzZpa1VIZlRLSmdjQT09:6919
[  190229ms] [LOG] undefined @ https://phbidlautdemo.prahu-hub.com/home/validasibidder/QzlFenBSVmxJLzZpa1VIZlRLSmdjQT09:6919
[  190229ms] [LOG] Masukkan Gambar @ https://phbidlautdemo.prahu-hub.com/home/validasibidder/QzlFenBSVmxJLzZpa1VIZlRLSmdjQT09:6919
[  190229ms] [LOG] Masukkan Gambar  @ https://phbidlautdemo.prahu-hub.com/home/validasibidder/QzlFenBSVmxJLzZpa1VIZlRLSmdjQT09:6919
[  190229ms] [LOG] Tanggal Register @ https://phbidlautdemo.prahu-hub.com/home/validasibidder/QzlFenBSVmxJLzZpa1VIZlRLSmdjQT09:6919
[  190229ms] [LOG] undefined @ https://phbidlautdemo.prahu-hub.com/home/validasibidder/QzlFenBSVmxJLzZpa1VIZlRLSmdjQT09:6919
[  190229ms] [LOG] undefined @ https://phbidlautdemo.prahu-hub.com/home/validasibidder/QzlFenBSVmxJLzZpa1VIZlRLSmdjQT09:6919
[  190230ms] [LOG] undefined @ https://phbidlautdemo.prahu-hub.com/home/validasibidder/QzlFenBSVmxJLzZpa1VIZlRLSmdjQT09:6919
[  190230ms] [LOG] Masukkan Nomor Rekening @ https://phbidlautdemo.prahu-hub.com/home/validasibidder/QzlFenBSVmxJLzZpa1VIZlRLSmdjQT09:6919
[  190230ms] [LOG] Masukkan Nama Rekening @ https://phbidlautdemo.prahu-hub.com/home/validasibidder/QzlFenBSVmxJLzZpa1VIZlRLSmdjQT09:6919
[  190230ms] [LOG] undefined @ https://phbidlautdemo.prahu-hub.com/home/validasibidder/QzlFenBSVmxJLzZpa1VIZlRLSmdjQT09:6919
[  190230ms] [LOG] undefined @ https://phbidlautdemo.prahu-hub.com/home/validasibidder/QzlFenBSVmxJLzZpa1VIZlRLSmdjQT09:6919
[  190231ms] [LOG] WebSocket connection @ https://phbidlautdemo.prahu-hub.com/home/validasibidder/QzlFenBSVmxJLzZpa1VIZlRLSmdjQT09:6962
[  190232ms] [LOG] WebSocket connection attempting... @ https://phbidlautdemo.prahu-hub.com/home/validasibidder/QzlFenBSVmxJLzZpa1VIZlRLSmdjQT09:7040
[  190318ms] [LOG] 200 xhrglobal @ https://phbidlautdemo.prahu-hub.com/home/validasibidder/QzlFenBSVmxJLzZpa1VIZlRLSmdjQT09:6893
[  190365ms] [LOG] WebSocket connected @ https://phbidlautdemo.prahu-hub.com/home/validasibidder/QzlFenBSVmxJLzZpa1VIZlRLSmdjQT09:6971
[  190367ms] [LOG] update_dashboard_order_laut @ https://phbidlautdemo.prahu-hub.com/home/validasibidder/QzlFenBSVmxJLzZpa1VIZlRLSmdjQT09:7012
[  190393ms] [LOG] Connected @ https://phbidlautdemo.prahu-hub.com/home/validasibidder/QzlFenBSVmxJLzZpa1VIZlRLSmdjQT09:7012
[  190475ms] [LOG] 200 xhrglobal @ https://phbidlautdemo.prahu-hub.com/home/validasibidder/QzlFenBSVmxJLzZpa1VIZlRLSmdjQT09:6893
[  190536ms] [LOG] 200 xhrglobal @ https://phbidlautdemo.prahu-hub.com/home/validasibidder/QzlFenBSVmxJLzZpa1VIZlRLSmdjQT09:6893
[  192267ms] [LOG] 200 xhrglobal @ https://phbidlautdemo.prahu-hub.com/home/validasibidder/QzlFenBSVmxJLzZpa1VIZlRLSmdjQT09:6893
[  192268ms] [LOG] submit @ https://phbidlautdemo.prahu-hub.com/home/validasibidder/QzlFenBSVmxJLzZpa1VIZlRLSmdjQT09:5945
[  192276ms] [WARNING] SweetAlert2: Unknown parameter "confirmButtonClass" @ https://phbidlautdemo.prahu-hub.com/_resources/themes/prahutheme/js/sweetalert2.all.min.js:0
[  192323ms] TypeError: $(...).DataTable is not a function
    at https://phbidlautdemo.prahu-hub.com/_resources/themes/prahutheme/js/scripts-init/tables.js:7:23
[  243067ms] Cannot use import statement outside a module
[  243096ms] ReferenceError: Chart is not defined
    at https://phbidlautdemo.prahu-hub.com/_resources/themes/prahutheme/js/scripts-init/charts/chartjs.js:8:13
[  243185ms] Unexpected token '<'
[  243308ms] Unexpected token '<'
[  243367ms] Uncaught TypeError: expect element to be DOM Element, but got null
    at n.init (https://cdnjs.cloudflare.com/ajax/libs/smooth-scrollbar/8.5.2/smooth-scrollbar.js:24:264)
    at <anonymous> (https://phbidlautdemo.prahu-hub.com/home/bidder:5273:14)
[  243405ms] [LOG] Validasi Akunnamanya @ https://phbidlautdemo.prahu-hub.com/home/bidder:2040
[  243416ms] [LOG] undefined @ https://phbidlautdemo.prahu-hub.com/home/bidder:5626
[  243416ms] [LOG] 1xxx @ https://phbidlautdemo.prahu-hub.com/home/bidder:5626
[  243416ms] [LOG] Masukkan Nama Perusahaan @ https://phbidlautdemo.prahu-hub.com/home/bidder:5626
[  243417ms] [LOG] Masukkan Alias @ https://phbidlautdemo.prahu-hub.com/home/bidder:5626
[  243417ms] [LOG] Masukkan Email @ https://phbidlautdemo.prahu-hub.com/home/bidder:5626
[  243417ms] [LOG] 08xxxxxxxxxxx @ https://phbidlautdemo.prahu-hub.com/home/bidder:5626
[  243418ms] [LOG] WebSocket connection @ https://phbidlautdemo.prahu-hub.com/home/bidder:5669
[  243418ms] [LOG] WebSocket connection attempting... @ https://phbidlautdemo.prahu-hub.com/home/bidder:5747
[  243539ms] [LOG] WebSocket connected @ https://phbidlautdemo.prahu-hub.com/home/bidder:5678
[  243542ms] [LOG] update_dashboard_order_laut @ https://phbidlautdemo.prahu-hub.com/home/bidder:5719
[  243571ms] [LOG] Connected @ https://phbidlautdemo.prahu-hub.com/home/bidder:5719
[  243717ms] [LOG] [Object, Object, Object, Object, Object, Object, Object, Object, Object, Object, Object, Object, Object, Object, Object, Object, Object, Object, Object, Object] @ https://phbidlautdemo.prahu-hub.com/_resources/themes/prahutheme/javascript/custom/bidder.js?m=1787972929:178
[  243726ms] [LOG] [Object, Object, Object, Object, Object, Object, Object, Object, Object, Object, Object, Object, Object, Object, Object, Object, Object, Object, Object, Object] @ https://phbidlautdemo.prahu-hub.com/_resources/themes/prahutheme/javascript/custom/bidder.js?m=1787972929:48
[  243734ms] [LOG] 79 @ https://phbidlautdemo.prahu-hub.com/_resources/themes/prahutheme/javascript/custom/bidder.js?m=1787972929:717
[  243734ms] [LOG] 79 countView1 1 pageNow 20 limitView1 @ https://phbidlautdemo.prahu-hub.com/_resources/themes/prahutheme/javascript/custom/bidder.js?m=1787972929:719
[  243735ms] [LOG] 20 @ https://phbidlautdemo.prahu-hub.com/_resources/themes/prahutheme/javascript/custom/bidder.js?m=1787972929:725
[  243735ms] [LOG] 79 jumlah data @ https://phbidlautdemo.prahu-hub.com/_resources/themes/prahutheme/javascript/custom/bidder.js?m=1787972929:682
[  243736ms] [LOG] 4 @ https://phbidlautdemo.prahu-hub.com/_resources/themes/prahutheme/javascript/custom/bidder.js?m=1787972929:684
[  243737ms] [LOG] 4 1 pageCount & pageNow @ https://phbidlautdemo.prahu-hub.com/_resources/themes/prahutheme/javascript/custom/bidder.js?m=1787972929:608
[  243739ms] [LOG] 200 xhrglobal @ https://phbidlautdemo.prahu-hub.com/home/bidder:5600
[  243740ms] [LOG] ce.fn.init stepItem @ https://phbidlautdemo.prahu-hub.com/_resources/themes/prahutheme/javascript/custom/bidder.js?m=1787972929:582
[  243821ms] [LOG] 200 xhrglobal @ https://phbidlautdemo.prahu-hub.com/home/bidder:5600
[  243891ms] [LOG] 200 xhrglobal @ https://phbidlautdemo.prahu-hub.com/home/bidder:5600
[  245462ms] TypeError: $(...).DataTable is not a function
    at https://phbidlautdemo.prahu-hub.com/_resources/themes/prahutheme/js/scripts-init/tables.js:7:23
[  245506ms] [LOG] 79 jumlah data @ https://phbidlautdemo.prahu-hub.com/_resources/themes/prahutheme/javascript/custom/bidder.js?m=1787972929:682
[  245506ms] [LOG] 1 @ https://phbidlautdemo.prahu-hub.com/_resources/themes/prahutheme/javascript/custom/bidder.js?m=1787972929:684
[  245506ms] [LOG] 1 1 pageCount & pageNow @ https://phbidlautdemo.prahu-hub.com/_resources/themes/prahutheme/javascript/custom/bidder.js?m=1787972929:608
[  245507ms] [LOG] 79 @ https://phbidlautdemo.prahu-hub.com/_resources/themes/prahutheme/javascript/custom/bidder.js?m=1787972929:717
[  245507ms] [LOG] 79 countView1 1 pageNow 100 limitView1 @ https://phbidlautdemo.prahu-hub.com/_resources/themes/prahutheme/javascript/custom/bidder.js?m=1787972929:719
[  245507ms] [LOG] 79 @ https://phbidlautdemo.prahu-hub.com/_resources/themes/prahutheme/javascript/custom/bidder.js?m=1787972929:725
[  246334ms] [LOG] [Object, Object, Object, Object, Object, Object, Object, Object, Object, Object, Object, Object, Object, Object, Object, Object, Object, Object, Object, Object, Object, Object, Object, Object, Object, Object, Object, Object, Object, Object, Object, Object, Object, Object, Object, Object, Object, Object, Object, Object, Object, Object, Object, Object, Object, Object, Object, Object, Object, Object, Object, Object, Object, Object, Object, Object, Object, Object, Object, Object, Object, Object, Object, Object, Object, Object, Object, Object, Object, Object, Object, Object, Object, Object, Object, Object, Object, Object, Object] @ https://phbidlautdemo.prahu-hub.com/_resources/themes/prahutheme/javascript/custom/bidder.js?m=1787972929:178
[  246360ms] [LOG] [Object, Object, Object, Object, Object, Object, Object, Object, Object, Object, Object, Object, Object, Object, Object, Object, Object, Object, Object, Object, Object, Object, Object, Object, Object, Object, Object, Object, Object, Object, Object, Object, Object, Object, Object, Object, Object, Object, Object, Object, Object, Object, Object, Object, Object, Object, Object, Object, Object, Object, Object, Object, Object, Object, Object, Object, Object, Object, Object, Object, Object, Object, Object, Object, Object, Object, Object, Object, Object, Object, Object, Object, Object, Object, Object, Object, Object, Object, Object] @ https://phbidlautdemo.prahu-hub.com/_resources/themes/prahutheme/javascript/custom/bidder.js?m=1787972929:48
[  246391ms] [LOG] 79 @ https://phbidlautdemo.prahu-hub.com/_resources/themes/prahutheme/javascript/custom/bidder.js?m=1787972929:717
[  246391ms] [LOG] 79 countView1 1 pageNow 100 limitView1 @ https://phbidlautdemo.prahu-hub.com/_resources/themes/prahutheme/javascript/custom/bidder.js?m=1787972929:719
[  246391ms] [LOG] 79 @ https://phbidlautdemo.prahu-hub.com/_resources/themes/prahutheme/javascript/custom/bidder.js?m=1787972929:725
[  246392ms] [LOG] 79 jumlah data @ https://phbidlautdemo.prahu-hub.com/_resources/themes/prahutheme/javascript/custom/bidder.js?m=1787972929:682
[  246392ms] [LOG] 1 @ https://phbidlautdemo.prahu-hub.com/_resources/themes/prahutheme/javascript/custom/bidder.js?m=1787972929:684
[  246392ms] [LOG] 1 1 pageCount & pageNow @ https://phbidlautdemo.prahu-hub.com/_resources/themes/prahutheme/javascript/custom/bidder.js?m=1787972929:608
[  246394ms] [LOG] 200 xhrglobal @ https://phbidlautdemo.prahu-hub.com/home/bidder:5600
[  249886ms] Unexpected token '<'
[  250249ms] Unexpected token '<'
[  250279ms] Cannot use import statement outside a module
[  250345ms] ReferenceError: Chart is not defined
    at https://phbidlautdemo.prahu-hub.com/_resources/themes/prahutheme/js/scripts-init/charts/chartjs.js:8:13
[  250345ms] Unexpected token '<'
[  250346ms] Unexpected token '<'
[  250431ms] Uncaught TypeError: expect element to be DOM Element, but got null
    at n.init (https://cdnjs.cloudflare.com/ajax/libs/smooth-scrollbar/8.5.2/smooth-scrollbar.js:24:264)
    at <anonymous> (https://phbidlautdemo.prahu-hub.com/home/validasibidder/QzlFenBSVmxJLzZpa1VIZlRLSmdjQT09:6566:14)
[  250538ms] [LOG] Validasi Akunnamanya @ https://phbidlautdemo.prahu-hub.com/home/validasibidder/QzlFenBSVmxJLzZpa1VIZlRLSmdjQT09:2039
[  250574ms] [LOG] undefined @ https://phbidlautdemo.prahu-hub.com/home/validasibidder/QzlFenBSVmxJLzZpa1VIZlRLSmdjQT09:6919
[  250574ms] [LOG] Masukkan Nama @ https://phbidlautdemo.prahu-hub.com/home/validasibidder/QzlFenBSVmxJLzZpa1VIZlRLSmdjQT09:6919
[  250574ms] [LOG] Masukkan Nama Perusahaan @ https://phbidlautdemo.prahu-hub.com/home/validasibidder/QzlFenBSVmxJLzZpa1VIZlRLSmdjQT09:6919
[  250574ms] [LOG] Masukkan Alias @ https://phbidlautdemo.prahu-hub.com/home/validasibidder/QzlFenBSVmxJLzZpa1VIZlRLSmdjQT09:6919
[  250574ms] [LOG] 08xxxxxxxxxx @ https://phbidlautdemo.prahu-hub.com/home/validasibidder/QzlFenBSVmxJLzZpa1VIZlRLSmdjQT09:6919
[  250575ms] [LOG] 03xxxxxxxxxx @ https://phbidlautdemo.prahu-hub.com/home/validasibidder/QzlFenBSVmxJLzZpa1VIZlRLSmdjQT09:6919
[  250575ms] [LOG] Masukkan Email @ https://phbidlautdemo.prahu-hub.com/home/validasibidder/QzlFenBSVmxJLzZpa1VIZlRLSmdjQT09:6919
[  250575ms] [LOG] Masukkan Email @ https://phbidlautdemo.prahu-hub.com/home/validasibidder/QzlFenBSVmxJLzZpa1VIZlRLSmdjQT09:6919
[  250575ms] [LOG] undefined @ https://phbidlautdemo.prahu-hub.com/home/validasibidder/QzlFenBSVmxJLzZpa1VIZlRLSmdjQT09:6919
[  250575ms] [LOG] Masukkan NPWP @ https://phbidlautdemo.prahu-hub.com/home/validasibidder/QzlFenBSVmxJLzZpa1VIZlRLSmdjQT09:6919
[  250576ms] [LOG] Masukkan Gambar  @ https://phbidlautdemo.prahu-hub.com/home/validasibidder/QzlFenBSVmxJLzZpa1VIZlRLSmdjQT09:6919
[  250576ms] [LOG] Masukkan No. NPWP @ https://phbidlautdemo.prahu-hub.com/home/validasibidder/QzlFenBSVmxJLzZpa1VIZlRLSmdjQT09:6919
[  250576ms] [LOG] undefined @ https://phbidlautdemo.prahu-hub.com/home/validasibidder/QzlFenBSVmxJLzZpa1VIZlRLSmdjQT09:6919
[  250576ms] [LOG] Masukkan SIUP @ https://phbidlautdemo.prahu-hub.com/home/validasibidder/QzlFenBSVmxJLzZpa1VIZlRLSmdjQT09:6919
[  250576ms] [LOG] Masukkan Gambar  @ https://phbidlautdemo.prahu-hub.com/home/validasibidder/QzlFenBSVmxJLzZpa1VIZlRLSmdjQT09:6919
[  250576ms] [LOG] Masukkan No. SIUP @ https://phbidlautdemo.prahu-hub.com/home/validasibidder/QzlFenBSVmxJLzZpa1VIZlRLSmdjQT09:6919
[  250577ms] [LOG] undefined @ https://phbidlautdemo.prahu-hub.com/home/validasibidder/QzlFenBSVmxJLzZpa1VIZlRLSmdjQT09:6919
[  250577ms] [LOG] Masukkan Gambar @ https://phbidlautdemo.prahu-hub.com/home/validasibidder/QzlFenBSVmxJLzZpa1VIZlRLSmdjQT09:6919
[  250577ms] [LOG] Masukkan Gambar  @ https://phbidlautdemo.prahu-hub.com/home/validasibidder/QzlFenBSVmxJLzZpa1VIZlRLSmdjQT09:6919
[  250577ms] [LOG] Tanggal Register @ https://phbidlautdemo.prahu-hub.com/home/validasibidder/QzlFenBSVmxJLzZpa1VIZlRLSmdjQT09:6919
[  250577ms] [LOG] undefined @ https://phbidlautdemo.prahu-hub.com/home/validasibidder/QzlFenBSVmxJLzZpa1VIZlRLSmdjQT09:6919
[  250577ms] [LOG] undefined @ https://phbidlautdemo.prahu-hub.com/home/validasibidder/QzlFenBSVmxJLzZpa1VIZlRLSmdjQT09:6919
[  250578ms] [LOG] undefined @ https://phbidlautdemo.prahu-hub.com/home/validasibidder/QzlFenBSVmxJLzZpa1VIZlRLSmdjQT09:6919
[  250578ms] [LOG] Masukkan Nomor Rekening @ https://phbidlautdemo.prahu-hub.com/home/validasibidder/QzlFenBSVmxJLzZpa1VIZlRLSmdjQT09:6919
[  250578ms] [LOG] Masukkan Nama Rekening @ https://phbidlautdemo.prahu-hub.com/home/validasibidder/QzlFenBSVmxJLzZpa1VIZlRLSmdjQT09:6919
[  250578ms] [LOG] undefined @ https://phbidlautdemo.prahu-hub.com/home/validasibidder/QzlFenBSVmxJLzZpa1VIZlRLSmdjQT09:6919
[  250578ms] [LOG] undefined @ https://phbidlautdemo.prahu-hub.com/home/validasibidder/QzlFenBSVmxJLzZpa1VIZlRLSmdjQT09:6919
[  250579ms] [LOG] WebSocket connection @ https://phbidlautdemo.prahu-hub.com/home/validasibidder/QzlFenBSVmxJLzZpa1VIZlRLSmdjQT09:6962
[  250580ms] [LOG] WebSocket connection attempting... @ https://phbidlautdemo.prahu-hub.com/home/validasibidder/QzlFenBSVmxJLzZpa1VIZlRLSmdjQT09:7040
[  250665ms] [LOG] 200 xhrglobal @ https://phbidlautdemo.prahu-hub.com/home/validasibidder/QzlFenBSVmxJLzZpa1VIZlRLSmdjQT09:6893
[  250698ms] [LOG] WebSocket connected @ https://phbidlautdemo.prahu-hub.com/home/validasibidder/QzlFenBSVmxJLzZpa1VIZlRLSmdjQT09:6971
[  250701ms] [LOG] update_dashboard_order_laut @ https://phbidlautdemo.prahu-hub.com/home/validasibidder/QzlFenBSVmxJLzZpa1VIZlRLSmdjQT09:7012
[  250744ms] [LOG] Connected @ https://phbidlautdemo.prahu-hub.com/home/validasibidder/QzlFenBSVmxJLzZpa1VIZlRLSmdjQT09:7012
[  250820ms] [LOG] 200 xhrglobal @ https://phbidlautdemo.prahu-hub.com/home/validasibidder/QzlFenBSVmxJLzZpa1VIZlRLSmdjQT09:6893
[  250879ms] [LOG] 200 xhrglobal @ https://phbidlautdemo.prahu-hub.com/home/validasibidder/QzlFenBSVmxJLzZpa1VIZlRLSmdjQT09:6893
[  252569ms] TypeError: $(...).DataTable is not a function
    at https://phbidlautdemo.prahu-hub.com/_resources/themes/prahutheme/js/scripts-init/tables.js:7:23
[  253111ms] [LOG] 200 xhrglobal @ https://phbidlautdemo.prahu-hub.com/home/validasibidder/QzlFenBSVmxJLzZpa1VIZlRLSmdjQT09:6893
[  253112ms] [LOG] submit @ https://phbidlautdemo.prahu-hub.com/home/validasibidder/QzlFenBSVmxJLzZpa1VIZlRLSmdjQT09:5945
[  253118ms] [WARNING] SweetAlert2: Unknown parameter "confirmButtonClass" @ https://phbidlautdemo.prahu-hub.com/_resources/themes/prahutheme/js/sweetalert2.all.min.js:0
[  301445ms] Cannot use import statement outside a module
[  301472ms] ReferenceError: Chart is not defined
    at https://phbidlautdemo.prahu-hub.com/_resources/themes/prahutheme/js/scripts-init/charts/chartjs.js:8:13
[  301518ms] Unexpected token '<'
[  301636ms] Unexpected token '<'
[  301692ms] Uncaught TypeError: expect element to be DOM Element, but got null
    at n.init (https://cdnjs.cloudflare.com/ajax/libs/smooth-scrollbar/8.5.2/smooth-scrollbar.js:24:264)
    at <anonymous> (https://phbidlautdemo.prahu-hub.com/home/bidder:5273:14)
[  301720ms] [LOG] Validasi Akunnamanya @ https://phbidlautdemo.prahu-hub.com/home/bidder:2040
[  301731ms] [LOG] undefined @ https://phbidlautdemo.prahu-hub.com/home/bidder:5626
[  301732ms] [LOG] 1xxx @ https://phbidlautdemo.prahu-hub.com/home/bidder:5626
[  301732ms] [LOG] Masukkan Nama Perusahaan @ https://phbidlautdemo.prahu-hub.com/home/bidder:5626
[  301732ms] [LOG] Masukkan Alias @ https://phbidlautdemo.prahu-hub.com/home/bidder:5626
[  301732ms] [LOG] Masukkan Email @ https://phbidlautdemo.prahu-hub.com/home/bidder:5626
[  301733ms] [LOG] 08xxxxxxxxxxx @ https://phbidlautdemo.prahu-hub.com/home/bidder:5626
[  301734ms] [LOG] WebSocket connection @ https://phbidlautdemo.prahu-hub.com/home/bidder:5669
[  301735ms] [LOG] WebSocket connection attempting... @ https://phbidlautdemo.prahu-hub.com/home/bidder:5747
[  301843ms] [LOG] WebSocket connected @ https://phbidlautdemo.prahu-hub.com/home/bidder:5678
[  301846ms] [LOG] update_dashboard_order_laut @ https://phbidlautdemo.prahu-hub.com/home/bidder:5719
[  301874ms] [LOG] Connected @ https://phbidlautdemo.prahu-hub.com/home/bidder:5719
[  302013ms] [LOG] [Object, Object, Object, Object, Object, Object, Object, Object, Object, Object, Object, Object, Object, Object, Object, Object, Object, Object, Object, Object] @ https://phbidlautdemo.prahu-hub.com/_resources/themes/prahutheme/javascript/custom/bidder.js?m=1787972929:178
[  302019ms] [LOG] [Object, Object, Object, Object, Object, Object, Object, Object, Object, Object, Object, Object, Object, Object, Object, Object, Object, Object, Object, Object] @ https://phbidlautdemo.prahu-hub.com/_resources/themes/prahutheme/javascript/custom/bidder.js?m=1787972929:48
[  302027ms] [LOG] 79 @ https://phbidlautdemo.prahu-hub.com/_resources/themes/prahutheme/javascript/custom/bidder.js?m=1787972929:717
[  302027ms] [LOG] 79 countView1 1 pageNow 20 limitView1 @ https://phbidlautdemo.prahu-hub.com/_resources/themes/prahutheme/javascript/custom/bidder.js?m=1787972929:719
[  302027ms] [LOG] 20 @ https://phbidlautdemo.prahu-hub.com/_resources/themes/prahutheme/javascript/custom/bidder.js?m=1787972929:725
[  302028ms] [LOG] 79 jumlah data @ https://phbidlautdemo.prahu-hub.com/_resources/themes/prahutheme/javascript/custom/bidder.js?m=1787972929:682
[  302028ms] [LOG] 4 @ https://phbidlautdemo.prahu-hub.com/_resources/themes/prahutheme/javascript/custom/bidder.js?m=1787972929:684
[  302028ms] [LOG] 4 1 pageCount & pageNow @ https://phbidlautdemo.prahu-hub.com/_resources/themes/prahutheme/javascript/custom/bidder.js?m=1787972929:608
[  302030ms] [LOG] 200 xhrglobal @ https://phbidlautdemo.prahu-hub.com/home/bidder:5600
[  302031ms] [LOG] ce.fn.init stepItem @ https://phbidlautdemo.prahu-hub.com/_resources/themes/prahutheme/javascript/custom/bidder.js?m=1787972929:582
[  302137ms] [LOG] 200 xhrglobal @ https://phbidlautdemo.prahu-hub.com/home/bidder:5600
[  302202ms] [LOG] 200 xhrglobal @ https://phbidlautdemo.prahu-hub.com/home/bidder:5600
[  303754ms] TypeError: $(...).DataTable is not a function
    at https://phbidlautdemo.prahu-hub.com/_resources/themes/prahutheme/js/scripts-init/tables.js:7:23
[  303790ms] [LOG] 79 jumlah data @ https://phbidlautdemo.prahu-hub.com/_resources/themes/prahutheme/javascript/custom/bidder.js?m=1787972929:682
[  303790ms] [LOG] 1 @ https://phbidlautdemo.prahu-hub.com/_resources/themes/prahutheme/javascript/custom/bidder.js?m=1787972929:684
[  303790ms] [LOG] 1 1 pageCount & pageNow @ https://phbidlautdemo.prahu-hub.com/_resources/themes/prahutheme/javascript/custom/bidder.js?m=1787972929:608
[  303791ms] [LOG] 79 @ https://phbidlautdemo.prahu-hub.com/_resources/themes/prahutheme/javascript/custom/bidder.js?m=1787972929:717
[  303791ms] [LOG] 79 countView1 1 pageNow 100 limitView1 @ https://phbidlautdemo.prahu-hub.com/_resources/themes/prahutheme/javascript/custom/bidder.js?m=1787972929:719
[  303791ms] [LOG] 79 @ https://phbidlautdemo.prahu-hub.com/_resources/themes/prahutheme/javascript/custom/bidder.js?m=1787972929:725
[  304664ms] [LOG] [Object, Object, Object, Object, Object, Object, Object, Object, Object, Object, Object, Object, Object, Object, Object, Object, Object, Object, Object, Object, Object, Object, Object, Object, Object, Object, Object, Object, Object, Object, Object, Object, Object, Object, Object, Object, Object, Object, Object, Object, Object, Object, Object, Object, Object, Object, Object, Object, Object, Object, Object, Object, Object, Object, Object, Object, Object, Object, Object, Object, Object, Object, Object, Object, Object, Object, Object, Object, Object, Object, Object, Object, Object, Object, Object, Object, Object, Object, Object] @ https://phbidlautdemo.prahu-hub.com/_resources/themes/prahutheme/javascript/custom/bidder.js?m=1787972929:178
[  304692ms] [LOG] [Object, Object, Object, Object, Object, Object, Object, Object, Object, Object, Object, Object, Object, Object, Object, Object, Object, Object, Object, Object, Object, Object, Object, Object, Object, Object, Object, Object, Object, Object, Object, Object, Object, Object, Object, Object, Object, Object, Object, Object, Object, Object, Object, Object, Object, Object, Object, Object, Object, Object, Object, Object, Object, Object, Object, Object, Object, Object, Object, Object, Object, Object, Object, Object, Object, Object, Object, Object, Object, Object, Object, Object, Object, Object, Object, Object, Object, Object, Object] @ https://phbidlautdemo.prahu-hub.com/_resources/themes/prahutheme/javascript/custom/bidder.js?m=1787972929:48
[  304711ms] [LOG] 79 @ https://phbidlautdemo.prahu-hub.com/_resources/themes/prahutheme/javascript/custom/bidder.js?m=1787972929:717
[  304711ms] [LOG] 79 countView1 1 pageNow 100 limitView1 @ https://phbidlautdemo.prahu-hub.com/_resources/themes/prahutheme/javascript/custom/bidder.js?m=1787972929:719
[  304711ms] [LOG] 79 @ https://phbidlautdemo.prahu-hub.com/_resources/themes/prahutheme/javascript/custom/bidder.js?m=1787972929:725
[  304712ms] [LOG] 79 jumlah data @ https://phbidlautdemo.prahu-hub.com/_resources/themes/prahutheme/javascript/custom/bidder.js?m=1787972929:682
[  304712ms] [LOG] 1 @ https://phbidlautdemo.prahu-hub.com/_resources/themes/prahutheme/javascript/custom/bidder.js?m=1787972929:684
[  304712ms] [LOG] 1 1 pageCount & pageNow @ https://phbidlautdemo.prahu-hub.com/_resources/themes/prahutheme/javascript/custom/bidder.js?m=1787972929:608
[  304713ms] [LOG] 200 xhrglobal @ https://phbidlautdemo.prahu-hub.com/home/bidder:5600
[  328893ms] Unexpected token '<'
[  329202ms] Unexpected token '<'
[  329232ms] Cannot use import statement outside a module
[  329247ms] ReferenceError: Chart is not defined
    at https://phbidlautdemo.prahu-hub.com/_resources/themes/prahutheme/js/scripts-init/charts/chartjs.js:8:13
[  329248ms] Unexpected token '<'
[  329249ms] Unexpected token '<'
[  329319ms] Uncaught TypeError: expect element to be DOM Element, but got null
    at n.init (https://cdnjs.cloudflare.com/ajax/libs/smooth-scrollbar/8.5.2/smooth-scrollbar.js:24:264)
    at <anonymous> (https://phbidlautdemo.prahu-hub.com/home/validasibidder/QzlFenBSVmxJLzZpa1VIZlRLSmdjQT09:6566:14)
[  329385ms] [LOG] Validasi Akunnamanya @ https://phbidlautdemo.prahu-hub.com/home/validasibidder/QzlFenBSVmxJLzZpa1VIZlRLSmdjQT09:2039
[  329396ms] [LOG] undefined @ https://phbidlautdemo.prahu-hub.com/home/validasibidder/QzlFenBSVmxJLzZpa1VIZlRLSmdjQT09:6919
[  329397ms] [LOG] Masukkan Nama @ https://phbidlautdemo.prahu-hub.com/home/validasibidder/QzlFenBSVmxJLzZpa1VIZlRLSmdjQT09:6919
[  329397ms] [LOG] Masukkan Nama Perusahaan @ https://phbidlautdemo.prahu-hub.com/home/validasibidder/QzlFenBSVmxJLzZpa1VIZlRLSmdjQT09:6919
[  329397ms] [LOG] Masukkan Alias @ https://phbidlautdemo.prahu-hub.com/home/validasibidder/QzlFenBSVmxJLzZpa1VIZlRLSmdjQT09:6919
[  329397ms] [LOG] 08xxxxxxxxxx @ https://phbidlautdemo.prahu-hub.com/home/validasibidder/QzlFenBSVmxJLzZpa1VIZlRLSmdjQT09:6919
[  329397ms] [LOG] 03xxxxxxxxxx @ https://phbidlautdemo.prahu-hub.com/home/validasibidder/QzlFenBSVmxJLzZpa1VIZlRLSmdjQT09:6919
[  329397ms] [LOG] Masukkan Email @ https://phbidlautdemo.prahu-hub.com/home/validasibidder/QzlFenBSVmxJLzZpa1VIZlRLSmdjQT09:6919
[  329398ms] [LOG] Masukkan Email @ https://phbidlautdemo.prahu-hub.com/home/validasibidder/QzlFenBSVmxJLzZpa1VIZlRLSmdjQT09:6919
[  329398ms] [LOG] undefined @ https://phbidlautdemo.prahu-hub.com/home/validasibidder/QzlFenBSVmxJLzZpa1VIZlRLSmdjQT09:6919
[  329398ms] [LOG] Masukkan NPWP @ https://phbidlautdemo.prahu-hub.com/home/validasibidder/QzlFenBSVmxJLzZpa1VIZlRLSmdjQT09:6919
[  329398ms] [LOG] Masukkan Gambar  @ https://phbidlautdemo.prahu-hub.com/home/validasibidder/QzlFenBSVmxJLzZpa1VIZlRLSmdjQT09:6919
[  329398ms] [LOG] Masukkan No. NPWP @ https://phbidlautdemo.prahu-hub.com/home/validasibidder/QzlFenBSVmxJLzZpa1VIZlRLSmdjQT09:6919
[  329398ms] [LOG] undefined @ https://phbidlautdemo.prahu-hub.com/home/validasibidder/QzlFenBSVmxJLzZpa1VIZlRLSmdjQT09:6919
[  329398ms] [LOG] Masukkan SIUP @ https://phbidlautdemo.prahu-hub.com/home/validasibidder/QzlFenBSVmxJLzZpa1VIZlRLSmdjQT09:6919
[  329399ms] [LOG] Masukkan Gambar  @ https://phbidlautdemo.prahu-hub.com/home/validasibidder/QzlFenBSVmxJLzZpa1VIZlRLSmdjQT09:6919
[  329399ms] [LOG] Masukkan No. SIUP @ https://phbidlautdemo.prahu-hub.com/home/validasibidder/QzlFenBSVmxJLzZpa1VIZlRLSmdjQT09:6919
[  329399ms] [LOG] undefined @ https://phbidlautdemo.prahu-hub.com/home/validasibidder/QzlFenBSVmxJLzZpa1VIZlRLSmdjQT09:6919
[  329399ms] [LOG] Masukkan Gambar @ https://phbidlautdemo.prahu-hub.com/home/validasibidder/QzlFenBSVmxJLzZpa1VIZlRLSmdjQT09:6919
[  329399ms] [LOG] Masukkan Gambar  @ https://phbidlautdemo.prahu-hub.com/home/validasibidder/QzlFenBSVmxJLzZpa1VIZlRLSmdjQT09:6919
[  329400ms] [LOG] Tanggal Register @ https://phbidlautdemo.prahu-hub.com/home/validasibidder/QzlFenBSVmxJLzZpa1VIZlRLSmdjQT09:6919
[  329400ms] [LOG] undefined @ https://phbidlautdemo.prahu-hub.com/home/validasibidder/QzlFenBSVmxJLzZpa1VIZlRLSmdjQT09:6919
[  329400ms] [LOG] undefined @ https://phbidlautdemo.prahu-hub.com/home/validasibidder/QzlFenBSVmxJLzZpa1VIZlRLSmdjQT09:6919
[  329400ms] [LOG] undefined @ https://phbidlautdemo.prahu-hub.com/home/validasibidder/QzlFenBSVmxJLzZpa1VIZlRLSmdjQT09:6919
[  329400ms] [LOG] Masukkan Nomor Rekening @ https://phbidlautdemo.prahu-hub.com/home/validasibidder/QzlFenBSVmxJLzZpa1VIZlRLSmdjQT09:6919
[  329400ms] [LOG] Masukkan Nama Rekening @ https://phbidlautdemo.prahu-hub.com/home/validasibidder/QzlFenBSVmxJLzZpa1VIZlRLSmdjQT09:6919
[  329401ms] [LOG] undefined @ https://phbidlautdemo.prahu-hub.com/home/validasibidder/QzlFenBSVmxJLzZpa1VIZlRLSmdjQT09:6919
[  329401ms] [LOG] undefined @ https://phbidlautdemo.prahu-hub.com/home/validasibidder/QzlFenBSVmxJLzZpa1VIZlRLSmdjQT09:6919
[  329402ms] [LOG] WebSocket connection @ https://phbidlautdemo.prahu-hub.com/home/validasibidder/QzlFenBSVmxJLzZpa1VIZlRLSmdjQT09:6962
[  329402ms] [LOG] WebSocket connection attempting... @ https://phbidlautdemo.prahu-hub.com/home/validasibidder/QzlFenBSVmxJLzZpa1VIZlRLSmdjQT09:7040
[  329495ms] [LOG] 200 xhrglobal @ https://phbidlautdemo.prahu-hub.com/home/validasibidder/QzlFenBSVmxJLzZpa1VIZlRLSmdjQT09:6893
[  329542ms] [LOG] WebSocket connected @ https://phbidlautdemo.prahu-hub.com/home/validasibidder/QzlFenBSVmxJLzZpa1VIZlRLSmdjQT09:6971
[  329545ms] [LOG] update_dashboard_order_laut @ https://phbidlautdemo.prahu-hub.com/home/validasibidder/QzlFenBSVmxJLzZpa1VIZlRLSmdjQT09:7012
[  329580ms] [LOG] Connected @ https://phbidlautdemo.prahu-hub.com/home/validasibidder/QzlFenBSVmxJLzZpa1VIZlRLSmdjQT09:7012
[  329665ms] [LOG] 200 xhrglobal @ https://phbidlautdemo.prahu-hub.com/home/validasibidder/QzlFenBSVmxJLzZpa1VIZlRLSmdjQT09:6893
[  329726ms] [LOG] 200 xhrglobal @ https://phbidlautdemo.prahu-hub.com/home/validasibidder/QzlFenBSVmxJLzZpa1VIZlRLSmdjQT09:6893
[  331395ms] TypeError: $(...).DataTable is not a function
    at https://phbidlautdemo.prahu-hub.com/_resources/themes/prahutheme/js/scripts-init/tables.js:7:23
[  331998ms] [LOG] 200 xhrglobal @ https://phbidlautdemo.prahu-hub.com/home/validasibidder/QzlFenBSVmxJLzZpa1VIZlRLSmdjQT09:6893
[  331999ms] [LOG] submit @ https://phbidlautdemo.prahu-hub.com/home/validasibidder/QzlFenBSVmxJLzZpa1VIZlRLSmdjQT09:5945
[  332002ms] [WARNING] SweetAlert2: Unknown parameter "confirmButtonClass" @ https://phbidlautdemo.prahu-hub.com/_resources/themes/prahutheme/js/sweetalert2.all.min.js:0
[  402496ms] Unexpected token '<'
[  402737ms] Unexpected token '<'
[  402745ms] Cannot use import statement outside a module
[  402795ms] ReferenceError: Chart is not defined
    at https://phbidlautdemo.prahu-hub.com/_resources/themes/prahutheme/js/scripts-init/charts/chartjs.js:8:13
[  402796ms] Unexpected token '<'
[  402796ms] Unexpected token '<'
[  402845ms] Uncaught TypeError: expect element to be DOM Element, but got null
    at n.init (https://cdnjs.cloudflare.com/ajax/libs/smooth-scrollbar/8.5.2/smooth-scrollbar.js:24:264)
    at <anonymous> (https://phbidlautdemo.prahu-hub.com/home/validasibidder/QzlFenBSVmxJLzZpa1VIZlRLSmdjQT09:6566:14)
[  402908ms] [LOG] Validasi Akunnamanya @ https://phbidlautdemo.prahu-hub.com/home/validasibidder/QzlFenBSVmxJLzZpa1VIZlRLSmdjQT09:2039
[  402924ms] [LOG] undefined @ https://phbidlautdemo.prahu-hub.com/home/validasibidder/QzlFenBSVmxJLzZpa1VIZlRLSmdjQT09:6919
[  402924ms] [LOG] Masukkan Nama @ https://phbidlautdemo.prahu-hub.com/home/validasibidder/QzlFenBSVmxJLzZpa1VIZlRLSmdjQT09:6919
[  402924ms] [LOG] Masukkan Nama Perusahaan @ https://phbidlautdemo.prahu-hub.com/home/validasibidder/QzlFenBSVmxJLzZpa1VIZlRLSmdjQT09:6919
[  402925ms] [LOG] Masukkan Alias @ https://phbidlautdemo.prahu-hub.com/home/validasibidder/QzlFenBSVmxJLzZpa1VIZlRLSmdjQT09:6919
[  402925ms] [LOG] 08xxxxxxxxxx @ https://phbidlautdemo.prahu-hub.com/home/validasibidder/QzlFenBSVmxJLzZpa1VIZlRLSmdjQT09:6919
[  402925ms] [LOG] 03xxxxxxxxxx @ https://phbidlautdemo.prahu-hub.com/home/validasibidder/QzlFenBSVmxJLzZpa1VIZlRLSmdjQT09:6919
[  402925ms] [LOG] Masukkan Email @ https://phbidlautdemo.prahu-hub.com/home/validasibidder/QzlFenBSVmxJLzZpa1VIZlRLSmdjQT09:6919
[  402925ms] [LOG] Masukkan Email @ https://phbidlautdemo.prahu-hub.com/home/validasibidder/QzlFenBSVmxJLzZpa1VIZlRLSmdjQT09:6919
[  402925ms] [LOG] undefined @ https://phbidlautdemo.prahu-hub.com/home/validasibidder/QzlFenBSVmxJLzZpa1VIZlRLSmdjQT09:6919
[  402926ms] [LOG] Masukkan NPWP @ https://phbidlautdemo.prahu-hub.com/home/validasibidder/QzlFenBSVmxJLzZpa1VIZlRLSmdjQT09:6919
[  402926ms] [LOG] Masukkan Gambar  @ https://phbidlautdemo.prahu-hub.com/home/validasibidder/QzlFenBSVmxJLzZpa1VIZlRLSmdjQT09:6919
[  402926ms] [LOG] Masukkan No. NPWP @ https://phbidlautdemo.prahu-hub.com/home/validasibidder/QzlFenBSVmxJLzZpa1VIZlRLSmdjQT09:6919
[  402926ms] [LOG] undefined @ https://phbidlautdemo.prahu-hub.com/home/validasibidder/QzlFenBSVmxJLzZpa1VIZlRLSmdjQT09:6919
[  402926ms] [LOG] Masukkan SIUP @ https://phbidlautdemo.prahu-hub.com/home/validasibidder/QzlFenBSVmxJLzZpa1VIZlRLSmdjQT09:6919
[  402926ms] [LOG] Masukkan Gambar  @ https://phbidlautdemo.prahu-hub.com/home/validasibidder/QzlFenBSVmxJLzZpa1VIZlRLSmdjQT09:6919
[  402927ms] [LOG] Masukkan No. SIUP @ https://phbidlautdemo.prahu-hub.com/home/validasibidder/QzlFenBSVmxJLzZpa1VIZlRLSmdjQT09:6919
[  402927ms] [LOG] undefined @ https://phbidlautdemo.prahu-hub.com/home/validasibidder/QzlFenBSVmxJLzZpa1VIZlRLSmdjQT09:6919
[  402927ms] [LOG] Masukkan Gambar @ https://phbidlautdemo.prahu-hub.com/home/validasibidder/QzlFenBSVmxJLzZpa1VIZlRLSmdjQT09:6919
[  402927ms] [LOG] Masukkan Gambar  @ https://phbidlautdemo.prahu-hub.com/home/validasibidder/QzlFenBSVmxJLzZpa1VIZlRLSmdjQT09:6919
[  402927ms] [LOG] Tanggal Register @ https://phbidlautdemo.prahu-hub.com/home/validasibidder/QzlFenBSVmxJLzZpa1VIZlRLSmdjQT09:6919
[  402928ms] [LOG] undefined @ https://phbidlautdemo.prahu-hub.com/home/validasibidder/QzlFenBSVmxJLzZpa1VIZlRLSmdjQT09:6919
[  402928ms] [LOG] undefined @ https://phbidlautdemo.prahu-hub.com/home/validasibidder/QzlFenBSVmxJLzZpa1VIZlRLSmdjQT09:6919
[  402928ms] [LOG] undefined @ https://phbidlautdemo.prahu-hub.com/home/validasibidder/QzlFenBSVmxJLzZpa1VIZlRLSmdjQT09:6919
[  402928ms] [LOG] Masukkan Nomor Rekening @ https://phbidlautdemo.prahu-hub.com/home/validasibidder/QzlFenBSVmxJLzZpa1VIZlRLSmdjQT09:6919
[  402929ms] [LOG] Masukkan Nama Rekening @ https://phbidlautdemo.prahu-hub.com/home/validasibidder/QzlFenBSVmxJLzZpa1VIZlRLSmdjQT09:6919
[  402929ms] [LOG] undefined @ https://phbidlautdemo.prahu-hub.com/home/validasibidder/QzlFenBSVmxJLzZpa1VIZlRLSmdjQT09:6919
[  402929ms] [LOG] undefined @ https://phbidlautdemo.prahu-hub.com/home/validasibidder/QzlFenBSVmxJLzZpa1VIZlRLSmdjQT09:6919
[  402930ms] [LOG] WebSocket connection @ https://phbidlautdemo.prahu-hub.com/home/validasibidder/QzlFenBSVmxJLzZpa1VIZlRLSmdjQT09:6962
[  402930ms] [LOG] WebSocket connection attempting... @ https://phbidlautdemo.prahu-hub.com/home/validasibidder/QzlFenBSVmxJLzZpa1VIZlRLSmdjQT09:7040
[  403009ms] [LOG] 200 xhrglobal @ https://phbidlautdemo.prahu-hub.com/home/validasibidder/QzlFenBSVmxJLzZpa1VIZlRLSmdjQT09:6893
[  403047ms] [LOG] WebSocket connected @ https://phbidlautdemo.prahu-hub.com/home/validasibidder/QzlFenBSVmxJLzZpa1VIZlRLSmdjQT09:6971
[  403049ms] [LOG] update_dashboard_order_laut @ https://phbidlautdemo.prahu-hub.com/home/validasibidder/QzlFenBSVmxJLzZpa1VIZlRLSmdjQT09:7012
[  403086ms] [LOG] Connected @ https://phbidlautdemo.prahu-hub.com/home/validasibidder/QzlFenBSVmxJLzZpa1VIZlRLSmdjQT09:7012
[  403173ms] [LOG] 200 xhrglobal @ https://phbidlautdemo.prahu-hub.com/home/validasibidder/QzlFenBSVmxJLzZpa1VIZlRLSmdjQT09:6893
[  403223ms] [LOG] 200 xhrglobal @ https://phbidlautdemo.prahu-hub.com/home/validasibidder/QzlFenBSVmxJLzZpa1VIZlRLSmdjQT09:6893
[  404922ms] TypeError: $(...).DataTable is not a function
    at https://phbidlautdemo.prahu-hub.com/_resources/themes/prahutheme/js/scripts-init/tables.js:7:23
[  406996ms] Cannot use import statement outside a module
[  407021ms] ReferenceError: Chart is not defined
    at https://phbidlautdemo.prahu-hub.com/_resources/themes/prahutheme/js/scripts-init/charts/chartjs.js:8:13
[  407070ms] Unexpected token '<'
[  407220ms] Unexpected token '<'
[  407310ms] Uncaught TypeError: expect element to be DOM Element, but got null
    at n.init (https://cdnjs.cloudflare.com/ajax/libs/smooth-scrollbar/8.5.2/smooth-scrollbar.js:24:264)
    at <anonymous> (https://phbidlautdemo.prahu-hub.com/adminprahu/listBidderKhusus:5730:14)
[  407357ms] [LOG] Validasi Akunnamanya @ https://phbidlautdemo.prahu-hub.com/adminprahu/listBidderKhusus:2040
[  407367ms] [LOG] 1xx @ https://phbidlautdemo.prahu-hub.com/adminprahu/listBidderKhusus:6083
[  407367ms] [LOG] DD/MM/YYYY @ https://phbidlautdemo.prahu-hub.com/adminprahu/listBidderKhusus:6083
[  407371ms] [LOG] undefined @ https://phbidlautdemo.prahu-hub.com/adminprahu/listBidderKhusus:6083
[  407371ms] [LOG] Masukkan Alias @ https://phbidlautdemo.prahu-hub.com/adminprahu/listBidderKhusus:6083
[  407371ms] [LOG] Masukkan Transporter @ https://phbidlautdemo.prahu-hub.com/adminprahu/listBidderKhusus:6083
[  407371ms] [LOG] undefined @ https://phbidlautdemo.prahu-hub.com/adminprahu/listBidderKhusus:6083
[  407372ms] [LOG] Masukkan Nama kemasan  @ https://phbidlautdemo.prahu-hub.com/adminprahu/listBidderKhusus:6083
[  407372ms] [LOG] undefined @ https://phbidlautdemo.prahu-hub.com/adminprahu/listBidderKhusus:6083
[  407373ms] [LOG] WebSocket connection @ https://phbidlautdemo.prahu-hub.com/adminprahu/listBidderKhusus:6126
[  407374ms] [LOG] WebSocket connection attempting... @ https://phbidlautdemo.prahu-hub.com/adminprahu/listBidderKhusus:6204
[  407557ms] [LOG] WebSocket connected @ https://phbidlautdemo.prahu-hub.com/adminprahu/listBidderKhusus:6135
[  407563ms] [LOG] update_dashboard_order_laut @ https://phbidlautdemo.prahu-hub.com/adminprahu/listBidderKhusus:6176
[  407577ms] [LOG] [Object, Object, Object, Object, Object, Object, Object, Object, Object, Object, Object, Object, Object, Object, Object, Object, Object, Object, Object, Object] @ https://phbidlautdemo.prahu-hub.com/_resources/themes/prahutheme/javascript/custom/bidderKhusus.js?m=1787972929:159
[  407584ms] [LOG] [Object, Object, Object, Object, Object, Object, Object, Object, Object, Object, Object, Object, Object, Object, Object, Object, Object, Object, Object, Object] @ https://phbidlautdemo.prahu-hub.com/_resources/themes/prahutheme/javascript/custom/bidderKhusus.js?m=1787972929:13
[  407586ms] [LOG] {ID: 41, hitung: 20, tgl_setting: 2026-08-05 08:53:57, alias: WLG, nama: Cahyo Sugianto} @ https://phbidlautdemo.prahu-hub.com/_resources/themes/prahutheme/javascript/custom/bidderKhusus.js?m=1787972929:20
[  407586ms] [LOG] {ID: 39, hitung: 19, tgl_setting: 2026-02-25 09:45:33, alias: LOD, nama: Uinyuniyika} @ https://phbidlautdemo.prahu-hub.com/_resources/themes/prahutheme/javascript/custom/bidderKhusus.js?m=1787972929:20
[  407587ms] [LOG] {ID: 38, hitung: 18, tgl_setting: 2025-09-15 09:50:02, alias: ANGGITA, nama: Nur Anggita Wahyuni} @ https://phbidlautdemo.prahu-hub.com/_resources/themes/prahutheme/javascript/custom/bidderKhusus.js?m=1787972929:20
[  407587ms] [LOG] {ID: 37, hitung: 17, tgl_setting: 2025-09-11 20:39:22, alias: PRS, nama: Demo - Prasetyo Bidder} @ https://phbidlautdemo.prahu-hub.com/_resources/themes/prahutheme/javascript/custom/bidderKhusus.js?m=1787972929:20
[  407588ms] [LOG] {ID: 25, hitung: 16, tgl_setting: 2025-07-21 11:25:29, alias: OOMPA, nama: bidder} @ https://phbidlautdemo.prahu-hub.com/_resources/themes/prahutheme/javascript/custom/bidderKhusus.js?m=1787972929:20
[  407588ms] [LOG] {ID: 24, hitung: 15, tgl_setting: 2025-07-21 11:25:29, alias: 6THRT, nama: Indah} @ https://phbidlautdemo.prahu-hub.com/_resources/themes/prahutheme/javascript/custom/bidderKhusus.js?m=1787972929:20
[  407589ms] [LOG] {ID: 20, hitung: 14, tgl_setting: 2025-01-11 11:16:40, alias: SIDIQ, nama: Sidiq Satria Tama} @ https://phbidlautdemo.prahu-hub.com/_resources/themes/prahutheme/javascript/custom/bidderKhusus.js?m=1787972929:20
[  407589ms] [LOG] {ID: 19, hitung: 13, tgl_setting: 2025-01-10 16:12:48, alias: SYAV, nama: Syavira} @ https://phbidlautdemo.prahu-hub.com/_resources/themes/prahutheme/javascript/custom/bidderKhusus.js?m=1787972929:20
[  407589ms] [LOG] {ID: 18, hitung: 12, tgl_setting: 2024-10-28 09:48:44, alias: ZARA, nama: WINDYA ZAHRAH KAMALI} @ https://phbidlautdemo.prahu-hub.com/_resources/themes/prahutheme/javascript/custom/bidderKhusus.js?m=1787972929:20
[  407590ms] [LOG] {ID: 17, hitung: 11, tgl_setting: 2024-07-30 05:21:50, alias: ALMD, nama: Dhanar Ahmad} @ https://phbidlautdemo.prahu-hub.com/_resources/themes/prahutheme/javascript/custom/bidderKhusus.js?m=1787972929:20
[  407590ms] [LOG] {ID: 11, hitung: 10, tgl_setting: 2024-07-11 13:47:25, alias: SNJ, nama: Putra Sinegar} @ https://phbidlautdemo.prahu-hub.com/_resources/themes/prahutheme/javascript/custom/bidderKhusus.js?m=1787972929:20
[  407591ms] [LOG] {ID: 9, hitung: 9, tgl_setting: 2024-07-11 09:07:04, alias: (IK)VUCD, nama: Vina As Cantika Andika} @ https://phbidlautdemo.prahu-hub.com/_resources/themes/prahutheme/javascript/custom/bidderKhusus.js?m=1787972929:20
[  407591ms] [LOG] {ID: 8, hitung: 8, tgl_setting: 2024-07-11 09:07:03, alias: (IK)MSJS, nama: Yahya Al Lukman Jaya Husein} @ https://phbidlautdemo.prahu-hub.com/_resources/themes/prahutheme/javascript/custom/bidderKhusus.js?m=1787972929:20
[  407591ms] [LOG] {ID: 7, hitung: 7, tgl_setting: 2024-07-11 09:07:03, alias: (IK)MJW, nama: Kusuma Jaya Wijaya Abadi Sentosa Mujur Selalu} @ https://phbidlautdemo.prahu-hub.com/_resources/themes/prahutheme/javascript/custom/bidderKhusus.js?m=1787972929:20
[  407592ms] [LOG] {ID: 6, hitung: 6, tgl_setting: 2024-07-11 09:07:03, alias: (IK)MU, nama: Mercury Us Handika} @ https://phbidlautdemo.prahu-hub.com/_resources/themes/prahutheme/javascript/custom/bidderKhusus.js?m=1787972929:20
[  407592ms] [LOG] {ID: 5, hitung: 5, tgl_setting: 2024-07-11 09:07:03, alias: (IK)JMTT, nama: Derinka} @ https://phbidlautdemo.prahu-hub.com/_resources/themes/prahutheme/javascript/custom/bidderKhusus.js?m=1787972929:20
[  407592ms] [LOG] {ID: 4, hitung: 4, tgl_setting: 2024-07-10 16:32:34, alias: BDR FT, nama: Rahmawati} @ https://phbidlautdemo.prahu-hub.com/_resources/themes/prahutheme/javascript/custom/bidderKhusus.js?m=1787972929:20
[  407593ms] [LOG] {ID: 3, hitung: 3, tgl_setting: 2024-07-10 16:32:34, alias: QC, nama: Ilham Ramadhan} @ https://phbidlautdemo.prahu-hub.com/_resources/themes/prahutheme/javascript/custom/bidderKhusus.js?m=1787972929:20
[  407593ms] [LOG] {ID: 2, hitung: 2, tgl_setting: 2024-07-10 16:32:34, alias: BDN, nama: PT. Bidder Nusantara} @ https://phbidlautdemo.prahu-hub.com/_resources/themes/prahutheme/javascript/custom/bidderKhusus.js?m=1787972929:20
[  407593ms] [LOG] {ID: 1, hitung: 1, tgl_setting: 2024-07-10 16:32:34, alias: (IK)LST, nama: Frinka Frenklin} @ https://phbidlautdemo.prahu-hub.com/_resources/themes/prahutheme/javascript/custom/bidderKhusus.js?m=1787972929:20
[  407598ms] [LOG] 20 @ https://phbidlautdemo.prahu-hub.com/_resources/themes/prahutheme/javascript/custom/bidderKhusus.js?m=1787972929:637
[  407598ms] [LOG] 20 countView1 1 pageNow 20 limitView1 @ https://phbidlautdemo.prahu-hub.com/_resources/themes/prahutheme/javascript/custom/bidderKhusus.js?m=1787972929:639
[  407598ms] [LOG] 20 @ https://phbidlautdemo.prahu-hub.com/_resources/themes/prahutheme/javascript/custom/bidderKhusus.js?m=1787972929:645
[  407600ms] [LOG] 20 jumlah data @ https://phbidlautdemo.prahu-hub.com/_resources/themes/prahutheme/javascript/custom/bidderKhusus.js?m=1787972929:607
[  407600ms] [LOG] 1 @ https://phbidlautdemo.prahu-hub.com/_resources/themes/prahutheme/javascript/custom/bidderKhusus.js?m=1787972929:609
[  407604ms] [LOG] 200 xhrglobal @ https://phbidlautdemo.prahu-hub.com/adminprahu/listBidderKhusus:6057
[  407605ms] [LOG] ce.fn.init stepItem @ https://phbidlautdemo.prahu-hub.com/_resources/themes/prahutheme/javascript/custom/bidderKhusus.js?m=1787972929:514
[  407652ms] [LOG] Connected @ https://phbidlautdemo.prahu-hub.com/adminprahu/listBidderKhusus:6176
[  407686ms] [LOG] 200 xhrglobal @ https://phbidlautdemo.prahu-hub.com/adminprahu/listBidderKhusus:6057
[  407741ms] [LOG] 200 xhrglobal @ https://phbidlautdemo.prahu-hub.com/adminprahu/listBidderKhusus:6057
[  409368ms] TypeError: $(...).DataTable is not a function
    at https://phbidlautdemo.prahu-hub.com/_resources/themes/prahutheme/js/scripts-init/tables.js:7:23
[  410955ms] Cannot use import statement outside a module
[  411005ms] ReferenceError: Chart is not defined
    at https://phbidlautdemo.prahu-hub.com/_resources/themes/prahutheme/js/scripts-init/charts/chartjs.js:8:13
[  411005ms] Unexpected token '<'
[  411037ms] Unexpected token '<'
[  411113ms] Uncaught TypeError: expect element to be DOM Element, but got null
    at n.init (https://cdnjs.cloudflare.com/ajax/libs/smooth-scrollbar/8.5.2/smooth-scrollbar.js:24:264)
    at <anonymous> (https://phbidlautdemo.prahu-hub.com/adminprahu/settingBidderKhusus?id=278:5714:14)
[  411153ms] [LOG] Validasi Akunnamanya @ https://phbidlautdemo.prahu-hub.com/adminprahu/settingBidderKhusus?id=278:2040
[  411162ms] [LOG] undefined @ https://phbidlautdemo.prahu-hub.com/adminprahu/settingBidderKhusus?id=278:6067
[  411162ms] [LOG] undefined @ https://phbidlautdemo.prahu-hub.com/adminprahu/settingBidderKhusus?id=278:6067
[  411162ms] [LOG] 1xx @ https://phbidlautdemo.prahu-hub.com/adminprahu/settingBidderKhusus?id=278:6067
[  411163ms] [LOG] DD/MM/YYYY @ https://phbidlautdemo.prahu-hub.com/adminprahu/settingBidderKhusus?id=278:6067
[  411164ms] [LOG] undefined @ https://phbidlautdemo.prahu-hub.com/adminprahu/settingBidderKhusus?id=278:6067
[  411164ms] [LOG] Masukkan Shipper @ https://phbidlautdemo.prahu-hub.com/adminprahu/settingBidderKhusus?id=278:6067
[  411164ms] [LOG] undefined @ https://phbidlautdemo.prahu-hub.com/adminprahu/settingBidderKhusus?id=278:6067
[  411164ms] [LOG] Masukkan Nama kemasan  @ https://phbidlautdemo.prahu-hub.com/adminprahu/settingBidderKhusus?id=278:6067
[  411164ms] [LOG] undefined @ https://phbidlautdemo.prahu-hub.com/adminprahu/settingBidderKhusus?id=278:6067
[  411166ms] [LOG] WebSocket connection @ https://phbidlautdemo.prahu-hub.com/adminprahu/settingBidderKhusus?id=278:6110
[  411167ms] [LOG] WebSocket connection attempting... @ https://phbidlautdemo.prahu-hub.com/adminprahu/settingBidderKhusus?id=278:6188
[  411267ms] [LOG] [Object] @ https://phbidlautdemo.prahu-hub.com/_resources/themes/prahutheme/javascript/custom/settingBidderKhusus.js?m=1787972929:130
[  411269ms] [LOG] [Object] @ https://phbidlautdemo.prahu-hub.com/_resources/themes/prahutheme/javascript/custom/settingBidderKhusus.js?m=1787972929:13
[  411270ms] [LOG] {ID: 65, hitung: 1, BidOwnerID: 277, tgl_buat: 2026-08-05 08:54:10, nama_perusahaan: PT. Haier Sales Indonesia} @ https://phbidlautdemo.prahu-hub.com/_resources/themes/prahutheme/javascript/custom/settingBidderKhusus.js?m=1787972929:19
[  411271ms] [LOG] 1 @ https://phbidlautdemo.prahu-hub.com/_resources/themes/prahutheme/javascript/custom/settingBidderKhusus.js?m=1787972929:521
[  411271ms] [LOG] 1 countView1 1 pageNow 20 limitView1 @ https://phbidlautdemo.prahu-hub.com/_resources/themes/prahutheme/javascript/custom/settingBidderKhusus.js?m=1787972929:523
[  411271ms] [LOG] 1 @ https://phbidlautdemo.prahu-hub.com/_resources/themes/prahutheme/javascript/custom/settingBidderKhusus.js?m=1787972929:529
[  411272ms] [LOG] 1 jumlah data @ https://phbidlautdemo.prahu-hub.com/_resources/themes/prahutheme/javascript/custom/settingBidderKhusus.js?m=1787972929:491
[  411272ms] [LOG] 1 @ https://phbidlautdemo.prahu-hub.com/_resources/themes/prahutheme/javascript/custom/settingBidderKhusus.js?m=1787972929:493
[  411275ms] [LOG] 200 xhrglobal @ https://phbidlautdemo.prahu-hub.com/adminprahu/settingBidderKhusus?id=278:6041
[  411275ms] [LOG] ce.fn.init stepItem @ https://phbidlautdemo.prahu-hub.com/_resources/themes/prahutheme/javascript/custom/settingBidderKhusus.js?m=1787972929:398
[  411400ms] [LOG] WebSocket connected @ https://phbidlautdemo.prahu-hub.com/adminprahu/settingBidderKhusus?id=278:6119
[  411404ms] [LOG] update_dashboard_order_laut @ https://phbidlautdemo.prahu-hub.com/adminprahu/settingBidderKhusus?id=278:6160
[  411451ms] [LOG] Connected @ https://phbidlautdemo.prahu-hub.com/adminprahu/settingBidderKhusus?id=278:6160
[  411553ms] [LOG] 200 xhrglobal @ https://phbidlautdemo.prahu-hub.com/adminprahu/settingBidderKhusus?id=278:6041
[  411589ms] [LOG] 200 xhrglobal @ https://phbidlautdemo.prahu-hub.com/adminprahu/settingBidderKhusus?id=278:6041
[  413840ms] Cannot use import statement outside a module
[  413875ms] ReferenceError: Chart is not defined
    at https://phbidlautdemo.prahu-hub.com/_resources/themes/prahutheme/js/scripts-init/charts/chartjs.js:8:13
[  413904ms] Unexpected token '<'
[  414012ms] Unexpected token '<'
[  414076ms] Uncaught TypeError: expect element to be DOM Element, but got null
    at n.init (https://cdnjs.cloudflare.com/ajax/libs/smooth-scrollbar/8.5.2/smooth-scrollbar.js:24:264)
    at <anonymous> (https://phbidlautdemo.prahu-hub.com/adminprahu/tambahbidownertobidderkhusus?BidderID=278:6550:14)
[  414110ms] [LOG] Validasi Akunnamanya @ https://phbidlautdemo.prahu-hub.com/adminprahu/tambahbidownertobidderkhusus?BidderID=278:2039
[  414119ms] [LOG] WebSocket connection @ https://phbidlautdemo.prahu-hub.com/adminprahu/tambahbidownertobidderkhusus?BidderID=278:6946
[  414119ms] [LOG] WebSocket connection attempting... @ https://phbidlautdemo.prahu-hub.com/adminprahu/tambahbidownertobidderkhusus?BidderID=278:7024
[  414231ms] [LOG] WebSocket connected @ https://phbidlautdemo.prahu-hub.com/adminprahu/tambahbidownertobidderkhusus?BidderID=278:6955
[  414238ms] [LOG] update_dashboard_order_laut @ https://phbidlautdemo.prahu-hub.com/adminprahu/tambahbidownertobidderkhusus?BidderID=278:6996
[  414265ms] [LOG] Connected @ https://phbidlautdemo.prahu-hub.com/adminprahu/tambahbidownertobidderkhusus?BidderID=278:6996
[  414359ms] [LOG] 200 xhrglobal @ https://phbidlautdemo.prahu-hub.com/adminprahu/tambahbidownertobidderkhusus?BidderID=278:6877
[  414474ms] [LOG] 200 xhrglobal @ https://phbidlautdemo.prahu-hub.com/adminprahu/tambahbidownertobidderkhusus?BidderID=278:6877
[  416119ms] TypeError: $(...).DataTable is not a function
    at https://phbidlautdemo.prahu-hub.com/_resources/themes/prahutheme/js/scripts-init/tables.js:7:23
