[    1447ms] Cannot use import statement outside a module
[    1471ms] ReferenceError: Chart is not defined
    at https://phbidlautdemo.prahu-hub.com/_resources/themes/prahutheme/js/scripts-init/charts/chartjs.js:8:13
[    1556ms] Unexpected token '<'
[    1556ms] Unexpected token '<'
[    1626ms] Uncaught TypeError: expect element to be DOM Element, but got null
    at n.init (https://cdnjs.cloudflare.com/ajax/libs/smooth-scrollbar/8.5.2/smooth-scrollbar.js:24:264)
    at <anonymous> (https://phbidlautdemo.prahu-hub.com/adminprahu/hakaksesadmin:5419:14)
[    1663ms] [LOG] Pengaturan Akunnamanya @ https://phbidlautdemo.prahu-hub.com/adminprahu/hakaksesadmin:2040
[    1676ms] [LOG] undefined @ https://phbidlautdemo.prahu-hub.com/adminprahu/hakaksesadmin:5772
[    1676ms] [LOG] Masukkan Nama Hak Akses @ https://phbidlautdemo.prahu-hub.com/adminprahu/hakaksesadmin:5772
[    1676ms] [LOG] undefined @ https://phbidlautdemo.prahu-hub.com/adminprahu/hakaksesadmin:5772
[    1677ms] [LOG] Masukkan Nama Kemasan @ https://phbidlautdemo.prahu-hub.com/adminprahu/hakaksesadmin:5772
[    1677ms] [LOG] undefined @ https://phbidlautdemo.prahu-hub.com/adminprahu/hakaksesadmin:5772
[    1677ms] [LOG] WebSocket connection @ https://phbidlautdemo.prahu-hub.com/adminprahu/hakaksesadmin:5815
[    1678ms] [LOG] WebSocket connection attempting... @ https://phbidlautdemo.prahu-hub.com/adminprahu/hakaksesadmin:5893
[    1830ms] [LOG] WebSocket connected @ https://phbidlautdemo.prahu-hub.com/adminprahu/hakaksesadmin:5824
[    1833ms] [LOG] update_dashboard_order_laut @ https://phbidlautdemo.prahu-hub.com/adminprahu/hakaksesadmin:5865
[    1871ms] [LOG] Connected @ https://phbidlautdemo.prahu-hub.com/adminprahu/hakaksesadmin:5865
[    1971ms] [LOG] [Object, Object, Object, Object, Object, Object, Object, Object, Object, Object, Object, Object, Object, Object, Object, Object, Object, Object, Object, Object] @ https://phbidlautdemo.prahu-hub.com/_resources/themes/prahutheme/javascript/custom/hakaksesadmin.js?m=1787972929:125
[    1978ms] [LOG] 45 @ https://phbidlautdemo.prahu-hub.com/_resources/themes/prahutheme/javascript/custom/hakaksesadmin.js?m=1787972929:770
[    1978ms] [LOG] 45 countView1 1 pageNow 20 limitView1 @ https://phbidlautdemo.prahu-hub.com/_resources/themes/prahutheme/javascript/custom/hakaksesadmin.js?m=1787972929:772
[    1979ms] [LOG] 20 @ https://phbidlautdemo.prahu-hub.com/_resources/themes/prahutheme/javascript/custom/hakaksesadmin.js?m=1787972929:778
[    1979ms] [LOG] 45 jumlah data @ https://phbidlautdemo.prahu-hub.com/_resources/themes/prahutheme/javascript/custom/hakaksesadmin.js?m=1787972929:735
[    1979ms] [LOG] 3 @ https://phbidlautdemo.prahu-hub.com/_resources/themes/prahutheme/javascript/custom/hakaksesadmin.js?m=1787972929:737
[    1979ms] [LOG] 3 1 pageCount & pageNow @ https://phbidlautdemo.prahu-hub.com/_resources/themes/prahutheme/javascript/custom/hakaksesadmin.js?m=1787972929:661
[    1980ms] [LOG] 200 xhrglobal @ https://phbidlautdemo.prahu-hub.com/adminprahu/hakaksesadmin:5746
[    1981ms] [LOG] ce.fn.init stepItem @ https://phbidlautdemo.prahu-hub.com/_resources/themes/prahutheme/javascript/custom/hakaksesadmin.js?m=1787972929:635
[    2111ms] [LOG] 200 xhrglobal @ https://phbidlautdemo.prahu-hub.com/adminprahu/hakaksesadmin:5746
[    2183ms] [LOG] 200 xhrglobal @ https://phbidlautdemo.prahu-hub.com/adminprahu/hakaksesadmin:5746
[    3677ms] TypeError: $(...).DataTable is not a function
    at https://phbidlautdemo.prahu-hub.com/_resources/themes/prahutheme/js/scripts-init/tables.js:7:23
[  126888ms] [LOG] WebSocket closed @ https://phbidlautdemo.prahu-hub.com/adminprahu/hakaksesadmin:5818
[  126889ms] [LOG] Reconnecting in 2 seconds... @ https://phbidlautdemo.prahu-hub.com/adminprahu/hakaksesadmin:5902
[  128804ms] Cannot use import statement outside a module
[  128850ms] ReferenceError: Chart is not defined
    at https://phbidlautdemo.prahu-hub.com/_resources/themes/prahutheme/js/scripts-init/charts/chartjs.js:8:13
[  129079ms] Unexpected token '<'
[  129081ms] Unexpected token '<'
[  129181ms] Uncaught TypeError: expect element to be DOM Element, but got null
    at n.init (https://cdnjs.cloudflare.com/ajax/libs/smooth-scrollbar/8.5.2/smooth-scrollbar.js:24:264)
    at <anonymous> (https://phbidlautdemo.prahu-hub.com/adminprahu/preregister:5418:14)
[  129253ms] [LOG] Validasi Akunnamanya @ https://phbidlautdemo.prahu-hub.com/adminprahu/preregister:2040
[  129264ms] [LOG] undefined @ https://phbidlautdemo.prahu-hub.com/adminprahu/preregister:5771
[  129264ms] [LOG] 1xxx @ https://phbidlautdemo.prahu-hub.com/adminprahu/preregister:5771
[  129265ms] [LOG] undefined @ https://phbidlautdemo.prahu-hub.com/adminprahu/preregister:5771
[  129265ms] [LOG] Masukkan Nama @ https://phbidlautdemo.prahu-hub.com/adminprahu/preregister:5771
[  129265ms] [LOG] Masukkan Nama Perusahaan @ https://phbidlautdemo.prahu-hub.com/adminprahu/preregister:5771
[  129265ms] [LOG] Masukkan Email @ https://phbidlautdemo.prahu-hub.com/adminprahu/preregister:5771
[  129265ms] [LOG] 08xxx @ https://phbidlautdemo.prahu-hub.com/adminprahu/preregister:5771
[  129266ms] [LOG] DD/MM/YYYY @ https://phbidlautdemo.prahu-hub.com/adminprahu/preregister:5771
[  129267ms] [LOG] WebSocket connection @ https://phbidlautdemo.prahu-hub.com/adminprahu/preregister:5814
[  129267ms] [LOG] WebSocket connection attempting... @ https://phbidlautdemo.prahu-hub.com/adminprahu/preregister:5892
[  129675ms] [LOG] [Object, Object, Object, Object, Object, Object, Object, Object, Object, Object, Object, Object, Object, Object, Object, Object, Object, Object, Object, Object] @ https://phbidlautdemo.prahu-hub.com/_resources/themes/prahutheme/javascript/custom/preregister.js?m=1787972929:163
[  129683ms] [LOG] 33 @ https://phbidlautdemo.prahu-hub.com/_resources/themes/prahutheme/javascript/custom/preregister.js?m=1787972929:770
[  129683ms] [LOG] 33 countView1 1 pageNow 20 limitView1 @ https://phbidlautdemo.prahu-hub.com/_resources/themes/prahutheme/javascript/custom/preregister.js?m=1787972929:772
[  129683ms] [LOG] 20 @ https://phbidlautdemo.prahu-hub.com/_resources/themes/prahutheme/javascript/custom/preregister.js?m=1787972929:778
[  129685ms] [LOG] 33 jumlah data @ https://phbidlautdemo.prahu-hub.com/_resources/themes/prahutheme/javascript/custom/preregister.js?m=1787972929:734
[  129685ms] [LOG] 2 @ https://phbidlautdemo.prahu-hub.com/_resources/themes/prahutheme/javascript/custom/preregister.js?m=1787972929:736
[  129687ms] [LOG] 2 1 pageCount & pageNow @ https://phbidlautdemo.prahu-hub.com/_resources/themes/prahutheme/javascript/custom/preregister.js?m=1787972929:660
[  129693ms] [LOG] 200 xhrglobal @ https://phbidlautdemo.prahu-hub.com/adminprahu/preregister:5745
[  129694ms] [LOG] ce.fn.init stepItem @ https://phbidlautdemo.prahu-hub.com/_resources/themes/prahutheme/javascript/custom/preregister.js?m=1787972929:634
[  129831ms] [LOG] WebSocket connected @ https://phbidlautdemo.prahu-hub.com/adminprahu/preregister:5823
[  129837ms] [LOG] update_dashboard_order_laut @ https://phbidlautdemo.prahu-hub.com/adminprahu/preregister:5864
[  129976ms] [LOG] Connected @ https://phbidlautdemo.prahu-hub.com/adminprahu/preregister:5864
[  130201ms] [LOG] 200 xhrglobal @ https://phbidlautdemo.prahu-hub.com/adminprahu/preregister:5745
[  130623ms] [LOG] 200 xhrglobal @ https://phbidlautdemo.prahu-hub.com/adminprahu/preregister:5745
[  131264ms] TypeError: $(...).DataTable is not a function
    at https://phbidlautdemo.prahu-hub.com/_resources/themes/prahutheme/js/scripts-init/tables.js:7:23
[  136234ms] Unexpected token '<'
[  136242ms] Cannot use import statement outside a module
[  136286ms] ReferenceError: Chart is not defined
    at https://phbidlautdemo.prahu-hub.com/_resources/themes/prahutheme/js/scripts-init/charts/chartjs.js:8:13
[  136729ms] Unexpected token '<'
[  136731ms] Unexpected token '<'
[  136816ms] Uncaught TypeError: expect element to be DOM Element, but got null
    at n.init (https://cdnjs.cloudflare.com/ajax/libs/smooth-scrollbar/8.5.2/smooth-scrollbar.js:24:264)
    at <anonymous> (https://phbidlautdemo.prahu-hub.com/adminprahu/detailpreregister/eEM4TWNCN0FwUkszZ285cHF3a09HQT09:5195:14)
[  136841ms] [LOG] Validasi Akunnamanya @ https://phbidlautdemo.prahu-hub.com/adminprahu/detailpreregister/eEM4TWNCN0FwUkszZ285cHF3a09HQT09:2039
[  136851ms] [LOG] WebSocket connection @ https://phbidlautdemo.prahu-hub.com/adminprahu/detailpreregister/eEM4TWNCN0FwUkszZ285cHF3a09HQT09:5591
[  136851ms] [LOG] WebSocket connection attempting... @ https://phbidlautdemo.prahu-hub.com/adminprahu/detailpreregister/eEM4TWNCN0FwUkszZ285cHF3a09HQT09:5669
[  136985ms] [LOG] WebSocket connected @ https://phbidlautdemo.prahu-hub.com/adminprahu/detailpreregister/eEM4TWNCN0FwUkszZ285cHF3a09HQT09:5600
[  136991ms] [LOG] update_dashboard_order_laut @ https://phbidlautdemo.prahu-hub.com/adminprahu/detailpreregister/eEM4TWNCN0FwUkszZ285cHF3a09HQT09:5641
[  137018ms] [LOG] Connected @ https://phbidlautdemo.prahu-hub.com/adminprahu/detailpreregister/eEM4TWNCN0FwUkszZ285cHF3a09HQT09:5641
[  137311ms] [LOG] 200 xhrglobal @ https://phbidlautdemo.prahu-hub.com/adminprahu/detailpreregister/eEM4TWNCN0FwUkszZ285cHF3a09HQT09:5522
[  137948ms] [LOG] 200 xhrglobal @ https://phbidlautdemo.prahu-hub.com/adminprahu/detailpreregister/eEM4TWNCN0FwUkszZ285cHF3a09HQT09:5522
[  138850ms] TypeError: $(...).DataTable is not a function
    at https://phbidlautdemo.prahu-hub.com/_resources/themes/prahutheme/js/scripts-init/tables.js:7:23
[  142702ms] Cannot use import statement outside a module
[  142760ms] ReferenceError: Chart is not defined
    at https://phbidlautdemo.prahu-hub.com/_resources/themes/prahutheme/js/scripts-init/charts/chartjs.js:8:13
[  143426ms] Unexpected token '<'
[  144097ms] Unexpected token '<'
[  144205ms] Uncaught TypeError: expect element to be DOM Element, but got null
    at n.init (https://cdnjs.cloudflare.com/ajax/libs/smooth-scrollbar/8.5.2/smooth-scrollbar.js:24:264)
    at <anonymous> (https://phbidlautdemo.prahu-hub.com/home/bidowner:5246:14)
[  144242ms] [LOG] Validasi Akunnamanya @ https://phbidlautdemo.prahu-hub.com/home/bidowner:2040
[  144252ms] [LOG] undefined @ https://phbidlautdemo.prahu-hub.com/home/bidowner:5599
[  144252ms] [LOG] 1xxx @ https://phbidlautdemo.prahu-hub.com/home/bidowner:5599
[  144253ms] [LOG] Masukkan Nama Perusahaan @ https://phbidlautdemo.prahu-hub.com/home/bidowner:5599
[  144253ms] [LOG] Masukkan Email @ https://phbidlautdemo.prahu-hub.com/home/bidowner:5599
[  144253ms] [LOG] 08xxxxxxxxxxx @ https://phbidlautdemo.prahu-hub.com/home/bidowner:5599
[  144255ms] [LOG] WebSocket connection @ https://phbidlautdemo.prahu-hub.com/home/bidowner:5642
[  144255ms] [LOG] WebSocket connection attempting... @ https://phbidlautdemo.prahu-hub.com/home/bidowner:5720
[  144415ms] [LOG] WebSocket connected @ https://phbidlautdemo.prahu-hub.com/home/bidowner:5651
[  144417ms] [LOG] update_dashboard_order_laut @ https://phbidlautdemo.prahu-hub.com/home/bidowner:5692
[  144452ms] [LOG] Connected @ https://phbidlautdemo.prahu-hub.com/home/bidowner:5692
[  144818ms] [LOG] [Object, Object, Object, Object, Object, Object, Object, Object, Object, Object, Object, Object, Object, Object, Object, Object, Object, Object, Object, Object] @ https://phbidlautdemo.prahu-hub.com/_resources/themes/prahutheme/javascript/custom/bidowner.js?m=1787972929:164
[  144826ms] [LOG] 109 @ https://phbidlautdemo.prahu-hub.com/_resources/themes/prahutheme/javascript/custom/bidowner.js?m=1787972929:702
[  144827ms] [LOG] 109 countView1 1 pageNow 20 limitView1 @ https://phbidlautdemo.prahu-hub.com/_resources/themes/prahutheme/javascript/custom/bidowner.js?m=1787972929:704
[  144827ms] [LOG] 20 @ https://phbidlautdemo.prahu-hub.com/_resources/themes/prahutheme/javascript/custom/bidowner.js?m=1787972929:710
[  144828ms] [LOG] 109 jumlah data @ https://phbidlautdemo.prahu-hub.com/_resources/themes/prahutheme/javascript/custom/bidowner.js?m=1787972929:667
[  144829ms] [LOG] 6 @ https://phbidlautdemo.prahu-hub.com/_resources/themes/prahutheme/javascript/custom/bidowner.js?m=1787972929:669
[  144830ms] [LOG] 6 1 pageCount & pageNow @ https://phbidlautdemo.prahu-hub.com/_resources/themes/prahutheme/javascript/custom/bidowner.js?m=1787972929:593
[  144833ms] [LOG] [Object, Object, Object, Object, Object, Object, Object, Object, Object, Object, Object, Object, Object, Object, Object, Object, Object, Object, Object, Object] @ https://phbidlautdemo.prahu-hub.com/_resources/themes/prahutheme/javascript/custom/bidowner.js?m=1787972929:41
[  144846ms] [LOG] 200 xhrglobal @ https://phbidlautdemo.prahu-hub.com/home/bidowner:5573
[  144847ms] [LOG] ce.fn.init stepItem @ https://phbidlautdemo.prahu-hub.com/_resources/themes/prahutheme/javascript/custom/bidowner.js?m=1787972929:567
[  144912ms] [LOG] 200 xhrglobal @ https://phbidlautdemo.prahu-hub.com/home/bidowner:5573
[  145207ms] [LOG] 200 xhrglobal @ https://phbidlautdemo.prahu-hub.com/home/bidowner:5573
[  146253ms] TypeError: $(...).DataTable is not a function
    at https://phbidlautdemo.prahu-hub.com/_resources/themes/prahutheme/js/scripts-init/tables.js:7:23
[  150039ms] Unexpected token '<'
[  150062ms] Cannot use import statement outside a module
[  150115ms] ReferenceError: Chart is not defined
    at https://phbidlautdemo.prahu-hub.com/_resources/themes/prahutheme/js/scripts-init/charts/chartjs.js:8:13
[  151130ms] Unexpected token '<'
[  151133ms] Unexpected token '<'
[  151208ms] Uncaught TypeError: expect element to be DOM Element, but got null
    at n.init (https://cdnjs.cloudflare.com/ajax/libs/smooth-scrollbar/8.5.2/smooth-scrollbar.js:24:264)
    at <anonymous> (https://phbidlautdemo.prahu-hub.com/home/detailbidowner/Si9jMXM3dHJJVk85MHE2Rnptd0UxZz09:5413:14)
[  151228ms] [LOG] Validasi Akunnamanya @ https://phbidlautdemo.prahu-hub.com/home/detailbidowner/Si9jMXM3dHJJVk85MHE2Rnptd0UxZz09:2039
[  151239ms] [LOG] WebSocket connection @ https://phbidlautdemo.prahu-hub.com/home/detailbidowner/Si9jMXM3dHJJVk85MHE2Rnptd0UxZz09:5809
[  151239ms] [LOG] WebSocket connection attempting... @ https://phbidlautdemo.prahu-hub.com/home/detailbidowner/Si9jMXM3dHJJVk85MHE2Rnptd0UxZz09:5887
[  151601ms] [LOG] WebSocket connected @ https://phbidlautdemo.prahu-hub.com/home/detailbidowner/Si9jMXM3dHJJVk85MHE2Rnptd0UxZz09:5818
[  151607ms] [LOG] update_dashboard_order_laut @ https://phbidlautdemo.prahu-hub.com/home/detailbidowner/Si9jMXM3dHJJVk85MHE2Rnptd0UxZz09:5859
[  151696ms] [LOG] Connected @ https://phbidlautdemo.prahu-hub.com/home/detailbidowner/Si9jMXM3dHJJVk85MHE2Rnptd0UxZz09:5859
[  151941ms] [LOG] 200 xhrglobal @ https://phbidlautdemo.prahu-hub.com/home/detailbidowner/Si9jMXM3dHJJVk85MHE2Rnptd0UxZz09:5740
[  151979ms] [LOG] 200 xhrglobal @ https://phbidlautdemo.prahu-hub.com/home/detailbidowner/Si9jMXM3dHJJVk85MHE2Rnptd0UxZz09:5740
[  153238ms] TypeError: $(...).DataTable is not a function
    at https://phbidlautdemo.prahu-hub.com/_resources/themes/prahutheme/js/scripts-init/tables.js:7:23
[  156895ms] Cannot use import statement outside a module
[  156926ms] ReferenceError: Chart is not defined
    at https://phbidlautdemo.prahu-hub.com/_resources/themes/prahutheme/js/scripts-init/charts/chartjs.js:8:13
[  158004ms] Unexpected token '<'
[  158668ms] Unexpected token '<'
[  158794ms] Uncaught TypeError: expect element to be DOM Element, but got null
    at n.init (https://cdnjs.cloudflare.com/ajax/libs/smooth-scrollbar/8.5.2/smooth-scrollbar.js:24:264)
    at <anonymous> (https://phbidlautdemo.prahu-hub.com/home/bidowner:5246:14)
[  158827ms] [LOG] Validasi Akunnamanya @ https://phbidlautdemo.prahu-hub.com/home/bidowner:2040
[  158839ms] [LOG] undefined @ https://phbidlautdemo.prahu-hub.com/home/bidowner:5599
[  158839ms] [LOG] 1xxx @ https://phbidlautdemo.prahu-hub.com/home/bidowner:5599
[  158839ms] [LOG] Masukkan Nama Perusahaan @ https://phbidlautdemo.prahu-hub.com/home/bidowner:5599
[  158839ms] [LOG] Masukkan Email @ https://phbidlautdemo.prahu-hub.com/home/bidowner:5599
[  158840ms] [LOG] 08xxxxxxxxxxx @ https://phbidlautdemo.prahu-hub.com/home/bidowner:5599
[  158841ms] [LOG] WebSocket connection @ https://phbidlautdemo.prahu-hub.com/home/bidowner:5642
[  158841ms] [LOG] WebSocket connection attempting... @ https://phbidlautdemo.prahu-hub.com/home/bidowner:5720
[  159301ms] [LOG] WebSocket connected @ https://phbidlautdemo.prahu-hub.com/home/bidowner:5651
[  159305ms] [LOG] update_dashboard_order_laut @ https://phbidlautdemo.prahu-hub.com/home/bidowner:5692
[  159349ms] [LOG] Connected @ https://phbidlautdemo.prahu-hub.com/home/bidowner:5692
[  159455ms] [LOG] [Object, Object, Object, Object, Object, Object, Object, Object, Object, Object, Object, Object, Object, Object, Object, Object, Object, Object, Object, Object] @ https://phbidlautdemo.prahu-hub.com/_resources/themes/prahutheme/javascript/custom/bidowner.js?m=1787972929:164
[  159462ms] [LOG] 109 @ https://phbidlautdemo.prahu-hub.com/_resources/themes/prahutheme/javascript/custom/bidowner.js?m=1787972929:702
[  159462ms] [LOG] 109 countView1 1 pageNow 20 limitView1 @ https://phbidlautdemo.prahu-hub.com/_resources/themes/prahutheme/javascript/custom/bidowner.js?m=1787972929:704
[  159463ms] [LOG] 20 @ https://phbidlautdemo.prahu-hub.com/_resources/themes/prahutheme/javascript/custom/bidowner.js?m=1787972929:710
[  159464ms] [LOG] 109 jumlah data @ https://phbidlautdemo.prahu-hub.com/_resources/themes/prahutheme/javascript/custom/bidowner.js?m=1787972929:667
[  159464ms] [LOG] 6 @ https://phbidlautdemo.prahu-hub.com/_resources/themes/prahutheme/javascript/custom/bidowner.js?m=1787972929:669
[  159464ms] [LOG] 6 1 pageCount & pageNow @ https://phbidlautdemo.prahu-hub.com/_resources/themes/prahutheme/javascript/custom/bidowner.js?m=1787972929:593
[  159466ms] [LOG] [Object, Object, Object, Object, Object, Object, Object, Object, Object, Object, Object, Object, Object, Object, Object, Object, Object, Object, Object, Object] @ https://phbidlautdemo.prahu-hub.com/_resources/themes/prahutheme/javascript/custom/bidowner.js?m=1787972929:41
[  159478ms] [LOG] 200 xhrglobal @ https://phbidlautdemo.prahu-hub.com/home/bidowner:5573
[  159478ms] [LOG] ce.fn.init stepItem @ https://phbidlautdemo.prahu-hub.com/_resources/themes/prahutheme/javascript/custom/bidowner.js?m=1787972929:567
[  159705ms] [LOG] 200 xhrglobal @ https://phbidlautdemo.prahu-hub.com/home/bidowner:5573
[  159748ms] [LOG] 200 xhrglobal @ https://phbidlautdemo.prahu-hub.com/home/bidowner:5573
[  160840ms] TypeError: $(...).DataTable is not a function
    at https://phbidlautdemo.prahu-hub.com/_resources/themes/prahutheme/js/scripts-init/tables.js:7:23
[  164212ms] Unexpected token '<'
[  164278ms] Cannot use import statement outside a module
[  164343ms] ReferenceError: Chart is not defined
    at https://phbidlautdemo.prahu-hub.com/_resources/themes/prahutheme/js/scripts-init/charts/chartjs.js:8:13
[  164566ms] Unexpected token '<'
[  165046ms] Unexpected token '<'
[  166921ms] Cannot use import statement outside a module
[  166959ms] ReferenceError: Chart is not defined
    at https://phbidlautdemo.prahu-hub.com/_resources/themes/prahutheme/js/scripts-init/charts/chartjs.js:8:13
[  168119ms] Unexpected token '<'
[  168120ms] Unexpected token '<'
[  168230ms] Uncaught TypeError: expect element to be DOM Element, but got null
    at n.init (https://cdnjs.cloudflare.com/ajax/libs/smooth-scrollbar/8.5.2/smooth-scrollbar.js:24:264)
    at <anonymous> (https://phbidlautdemo.prahu-hub.com/home/bidder:5273:14)
[  168263ms] [LOG] Validasi Akunnamanya @ https://phbidlautdemo.prahu-hub.com/home/bidder:2040
[  168272ms] [LOG] undefined @ https://phbidlautdemo.prahu-hub.com/home/bidder:5626
[  168272ms] [LOG] 1xxx @ https://phbidlautdemo.prahu-hub.com/home/bidder:5626
[  168272ms] [LOG] Masukkan Nama Perusahaan @ https://phbidlautdemo.prahu-hub.com/home/bidder:5626
[  168273ms] [LOG] Masukkan Alias @ https://phbidlautdemo.prahu-hub.com/home/bidder:5626
[  168273ms] [LOG] Masukkan Email @ https://phbidlautdemo.prahu-hub.com/home/bidder:5626
[  168273ms] [LOG] 08xxxxxxxxxxx @ https://phbidlautdemo.prahu-hub.com/home/bidder:5626
[  168274ms] [LOG] WebSocket connection @ https://phbidlautdemo.prahu-hub.com/home/bidder:5669
[  168275ms] [LOG] WebSocket connection attempting... @ https://phbidlautdemo.prahu-hub.com/home/bidder:5747
[  168800ms] [LOG] [Object, Object, Object, Object, Object, Object, Object, Object, Object, Object, Object, Object, Object, Object, Object, Object, Object, Object, Object, Object] @ https://phbidlautdemo.prahu-hub.com/_resources/themes/prahutheme/javascript/custom/bidder.js?m=1787972929:178
[  168808ms] [LOG] [Object, Object, Object, Object, Object, Object, Object, Object, Object, Object, Object, Object, Object, Object, Object, Object, Object, Object, Object, Object] @ https://phbidlautdemo.prahu-hub.com/_resources/themes/prahutheme/javascript/custom/bidder.js?m=1787972929:48
[  168816ms] [LOG] 79 @ https://phbidlautdemo.prahu-hub.com/_resources/themes/prahutheme/javascript/custom/bidder.js?m=1787972929:717
[  168817ms] [LOG] 79 countView1 1 pageNow 20 limitView1 @ https://phbidlautdemo.prahu-hub.com/_resources/themes/prahutheme/javascript/custom/bidder.js?m=1787972929:719
[  168817ms] [LOG] 20 @ https://phbidlautdemo.prahu-hub.com/_resources/themes/prahutheme/javascript/custom/bidder.js?m=1787972929:725
[  168818ms] [LOG] 79 jumlah data @ https://phbidlautdemo.prahu-hub.com/_resources/themes/prahutheme/javascript/custom/bidder.js?m=1787972929:682
[  168819ms] [LOG] 4 @ https://phbidlautdemo.prahu-hub.com/_resources/themes/prahutheme/javascript/custom/bidder.js?m=1787972929:684
[  168820ms] [LOG] 4 1 pageCount & pageNow @ https://phbidlautdemo.prahu-hub.com/_resources/themes/prahutheme/javascript/custom/bidder.js?m=1787972929:608
[  168822ms] [LOG] 200 xhrglobal @ https://phbidlautdemo.prahu-hub.com/home/bidder:5600
[  168823ms] [LOG] ce.fn.init stepItem @ https://phbidlautdemo.prahu-hub.com/_resources/themes/prahutheme/javascript/custom/bidder.js?m=1787972929:582
[  169559ms] [LOG] WebSocket connected @ https://phbidlautdemo.prahu-hub.com/home/bidder:5678
[  169564ms] [LOG] update_dashboard_order_laut @ https://phbidlautdemo.prahu-hub.com/home/bidder:5719
[  169850ms] [LOG] 200 xhrglobal @ https://phbidlautdemo.prahu-hub.com/home/bidder:5600
[  169934ms] [LOG] Connected @ https://phbidlautdemo.prahu-hub.com/home/bidder:5719
[  169942ms] [LOG] 200 xhrglobal @ https://phbidlautdemo.prahu-hub.com/home/bidder:5600
[  170273ms] TypeError: $(...).DataTable is not a function
    at https://phbidlautdemo.prahu-hub.com/_resources/themes/prahutheme/js/scripts-init/tables.js:7:23
[  173351ms] Unexpected token '<'
[  174776ms] Unexpected token '<'
[  174810ms] Cannot use import statement outside a module
[  174850ms] ReferenceError: Chart is not defined
    at https://phbidlautdemo.prahu-hub.com/_resources/themes/prahutheme/js/scripts-init/charts/chartjs.js:8:13
[  174851ms] Unexpected token '<'
[  174853ms] Unexpected token '<'
[  174904ms] Uncaught TypeError: expect element to be DOM Element, but got null
    at n.init (https://cdnjs.cloudflare.com/ajax/libs/smooth-scrollbar/8.5.2/smooth-scrollbar.js:24:264)
    at <anonymous> (https://phbidlautdemo.prahu-hub.com/home/validasibidder/NE5UOWlPTW52MXM4bmxLTnFNakNRdz09:6566:14)
[  174968ms] [LOG] Validasi Akunnamanya @ https://phbidlautdemo.prahu-hub.com/home/validasibidder/NE5UOWlPTW52MXM4bmxLTnFNakNRdz09:2039
[  174979ms] [LOG] undefined @ https://phbidlautdemo.prahu-hub.com/home/validasibidder/NE5UOWlPTW52MXM4bmxLTnFNakNRdz09:6919
[  174979ms] [LOG] Masukkan Nama @ https://phbidlautdemo.prahu-hub.com/home/validasibidder/NE5UOWlPTW52MXM4bmxLTnFNakNRdz09:6919
[  174980ms] [LOG] Masukkan Nama Perusahaan @ https://phbidlautdemo.prahu-hub.com/home/validasibidder/NE5UOWlPTW52MXM4bmxLTnFNakNRdz09:6919
[  174980ms] [LOG] Masukkan Alias @ https://phbidlautdemo.prahu-hub.com/home/validasibidder/NE5UOWlPTW52MXM4bmxLTnFNakNRdz09:6919
[  174980ms] [LOG] 08xxxxxxxxxx @ https://phbidlautdemo.prahu-hub.com/home/validasibidder/NE5UOWlPTW52MXM4bmxLTnFNakNRdz09:6919
[  174980ms] [LOG] 03xxxxxxxxxx @ https://phbidlautdemo.prahu-hub.com/home/validasibidder/NE5UOWlPTW52MXM4bmxLTnFNakNRdz09:6919
[  174980ms] [LOG] Masukkan Email @ https://phbidlautdemo.prahu-hub.com/home/validasibidder/NE5UOWlPTW52MXM4bmxLTnFNakNRdz09:6919
[  174981ms] [LOG] Masukkan Email @ https://phbidlautdemo.prahu-hub.com/home/validasibidder/NE5UOWlPTW52MXM4bmxLTnFNakNRdz09:6919
[  174981ms] [LOG] undefined @ https://phbidlautdemo.prahu-hub.com/home/validasibidder/NE5UOWlPTW52MXM4bmxLTnFNakNRdz09:6919
[  174981ms] [LOG] Masukkan NPWP @ https://phbidlautdemo.prahu-hub.com/home/validasibidder/NE5UOWlPTW52MXM4bmxLTnFNakNRdz09:6919
[  174981ms] [LOG] Masukkan Gambar  @ https://phbidlautdemo.prahu-hub.com/home/validasibidder/NE5UOWlPTW52MXM4bmxLTnFNakNRdz09:6919
[  174981ms] [LOG] Masukkan No. NPWP @ https://phbidlautdemo.prahu-hub.com/home/validasibidder/NE5UOWlPTW52MXM4bmxLTnFNakNRdz09:6919
[  174982ms] [LOG] undefined @ https://phbidlautdemo.prahu-hub.com/home/validasibidder/NE5UOWlPTW52MXM4bmxLTnFNakNRdz09:6919
[  174982ms] [LOG] Masukkan SIUP @ https://phbidlautdemo.prahu-hub.com/home/validasibidder/NE5UOWlPTW52MXM4bmxLTnFNakNRdz09:6919
[  174982ms] [LOG] Masukkan Gambar  @ https://phbidlautdemo.prahu-hub.com/home/validasibidder/NE5UOWlPTW52MXM4bmxLTnFNakNRdz09:6919
[  174982ms] [LOG] Masukkan No. SIUP @ https://phbidlautdemo.prahu-hub.com/home/validasibidder/NE5UOWlPTW52MXM4bmxLTnFNakNRdz09:6919
[  174982ms] [LOG] undefined @ https://phbidlautdemo.prahu-hub.com/home/validasibidder/NE5UOWlPTW52MXM4bmxLTnFNakNRdz09:6919
[  174982ms] [LOG] Masukkan Gambar @ https://phbidlautdemo.prahu-hub.com/home/validasibidder/NE5UOWlPTW52MXM4bmxLTnFNakNRdz09:6919
[  174983ms] [LOG] Masukkan Gambar  @ https://phbidlautdemo.prahu-hub.com/home/validasibidder/NE5UOWlPTW52MXM4bmxLTnFNakNRdz09:6919
[  174983ms] [LOG] Tanggal Register @ https://phbidlautdemo.prahu-hub.com/home/validasibidder/NE5UOWlPTW52MXM4bmxLTnFNakNRdz09:6919
[  174983ms] [LOG] undefined @ https://phbidlautdemo.prahu-hub.com/home/validasibidder/NE5UOWlPTW52MXM4bmxLTnFNakNRdz09:6919
[  174983ms] [LOG] undefined @ https://phbidlautdemo.prahu-hub.com/home/validasibidder/NE5UOWlPTW52MXM4bmxLTnFNakNRdz09:6919
[  174983ms] [LOG] undefined @ https://phbidlautdemo.prahu-hub.com/home/validasibidder/NE5UOWlPTW52MXM4bmxLTnFNakNRdz09:6919
[  174983ms] [LOG] Masukkan Nomor Rekening @ https://phbidlautdemo.prahu-hub.com/home/validasibidder/NE5UOWlPTW52MXM4bmxLTnFNakNRdz09:6919
[  174984ms] [LOG] Masukkan Nama Rekening @ https://phbidlautdemo.prahu-hub.com/home/validasibidder/NE5UOWlPTW52MXM4bmxLTnFNakNRdz09:6919
[  174984ms] [LOG] undefined @ https://phbidlautdemo.prahu-hub.com/home/validasibidder/NE5UOWlPTW52MXM4bmxLTnFNakNRdz09:6919
[  174984ms] [LOG] undefined @ https://phbidlautdemo.prahu-hub.com/home/validasibidder/NE5UOWlPTW52MXM4bmxLTnFNakNRdz09:6919
[  174985ms] [LOG] WebSocket connection @ https://phbidlautdemo.prahu-hub.com/home/validasibidder/NE5UOWlPTW52MXM4bmxLTnFNakNRdz09:6962
[  174986ms] [LOG] WebSocket connection attempting... @ https://phbidlautdemo.prahu-hub.com/home/validasibidder/NE5UOWlPTW52MXM4bmxLTnFNakNRdz09:7040
[  177743ms] Cannot use import statement outside a module
[  177780ms] ReferenceError: Chart is not defined
    at https://phbidlautdemo.prahu-hub.com/_resources/themes/prahutheme/js/scripts-init/charts/chartjs.js:8:13
[  182009ms] Unexpected token '<'
[  182012ms] Unexpected token '<'
[  182078ms] Uncaught TypeError: expect element to be DOM Element, but got null
    at n.init (https://cdnjs.cloudflare.com/ajax/libs/smooth-scrollbar/8.5.2/smooth-scrollbar.js:24:264)
    at <anonymous> (https://phbidlautdemo.prahu-hub.com/adminprahu/listBidderKhusus:5730:14)
[  182111ms] [LOG] Validasi Akunnamanya @ https://phbidlautdemo.prahu-hub.com/adminprahu/listBidderKhusus:2040
[  182120ms] [LOG] 1xx @ https://phbidlautdemo.prahu-hub.com/adminprahu/listBidderKhusus:6083
[  182121ms] [LOG] DD/MM/YYYY @ https://phbidlautdemo.prahu-hub.com/adminprahu/listBidderKhusus:6083
[  182122ms] [LOG] undefined @ https://phbidlautdemo.prahu-hub.com/adminprahu/listBidderKhusus:6083
[  182122ms] [LOG] Masukkan Alias @ https://phbidlautdemo.prahu-hub.com/adminprahu/listBidderKhusus:6083
[  182122ms] [LOG] Masukkan Transporter @ https://phbidlautdemo.prahu-hub.com/adminprahu/listBidderKhusus:6083
[  182123ms] [LOG] undefined @ https://phbidlautdemo.prahu-hub.com/adminprahu/listBidderKhusus:6083
[  182123ms] [LOG] Masukkan Nama kemasan  @ https://phbidlautdemo.prahu-hub.com/adminprahu/listBidderKhusus:6083
[  182123ms] [LOG] undefined @ https://phbidlautdemo.prahu-hub.com/adminprahu/listBidderKhusus:6083
[  182125ms] [LOG] WebSocket connection @ https://phbidlautdemo.prahu-hub.com/adminprahu/listBidderKhusus:6126
[  182125ms] [LOG] WebSocket connection attempting... @ https://phbidlautdemo.prahu-hub.com/adminprahu/listBidderKhusus:6204
[  182525ms] [LOG] WebSocket connected @ https://phbidlautdemo.prahu-hub.com/adminprahu/listBidderKhusus:6135
[  182533ms] [LOG] update_dashboard_order_laut @ https://phbidlautdemo.prahu-hub.com/adminprahu/listBidderKhusus:6176
[  182631ms] [LOG] Connected @ https://phbidlautdemo.prahu-hub.com/adminprahu/listBidderKhusus:6176
[  182655ms] [LOG] [Object, Object, Object, Object, Object, Object, Object, Object, Object, Object, Object, Object, Object, Object, Object, Object, Object, Object, Object, Object] @ https://phbidlautdemo.prahu-hub.com/_resources/themes/prahutheme/javascript/custom/bidderKhusus.js?m=1787972929:159
[  182662ms] [LOG] [Object, Object, Object, Object, Object, Object, Object, Object, Object, Object, Object, Object, Object, Object, Object, Object, Object, Object, Object, Object] @ https://phbidlautdemo.prahu-hub.com/_resources/themes/prahutheme/javascript/custom/bidderKhusus.js?m=1787972929:13
[  182664ms] [LOG] {ID: 41, hitung: 20, tgl_setting: 2026-08-05 08:53:57, alias: WLG, nama: Cahyo Sugianto} @ https://phbidlautdemo.prahu-hub.com/_resources/themes/prahutheme/javascript/custom/bidderKhusus.js?m=1787972929:20
[  182664ms] [LOG] {ID: 39, hitung: 19, tgl_setting: 2026-02-25 09:45:33, alias: LOD, nama: Uinyuniyika} @ https://phbidlautdemo.prahu-hub.com/_resources/themes/prahutheme/javascript/custom/bidderKhusus.js?m=1787972929:20
[  182665ms] [LOG] {ID: 38, hitung: 18, tgl_setting: 2025-09-15 09:50:02, alias: ANGGITA, nama: Nur Anggita Wahyuni} @ https://phbidlautdemo.prahu-hub.com/_resources/themes/prahutheme/javascript/custom/bidderKhusus.js?m=1787972929:20
[  182665ms] [LOG] {ID: 37, hitung: 17, tgl_setting: 2025-09-11 20:39:22, alias: PRS, nama: Demo - Prasetyo Bidder} @ https://phbidlautdemo.prahu-hub.com/_resources/themes/prahutheme/javascript/custom/bidderKhusus.js?m=1787972929:20
[  182665ms] [LOG] {ID: 25, hitung: 16, tgl_setting: 2025-07-21 11:25:29, alias: OOMPA, nama: bidder} @ https://phbidlautdemo.prahu-hub.com/_resources/themes/prahutheme/javascript/custom/bidderKhusus.js?m=1787972929:20
[  182665ms] [LOG] {ID: 24, hitung: 15, tgl_setting: 2025-07-21 11:25:29, alias: 6THRT, nama: Indah} @ https://phbidlautdemo.prahu-hub.com/_resources/themes/prahutheme/javascript/custom/bidderKhusus.js?m=1787972929:20
[  182666ms] [LOG] {ID: 20, hitung: 14, tgl_setting: 2025-01-11 11:16:40, alias: SIDIQ, nama: Sidiq Satria Tama} @ https://phbidlautdemo.prahu-hub.com/_resources/themes/prahutheme/javascript/custom/bidderKhusus.js?m=1787972929:20
[  182666ms] [LOG] {ID: 19, hitung: 13, tgl_setting: 2025-01-10 16:12:48, alias: SYAV, nama: Syavira} @ https://phbidlautdemo.prahu-hub.com/_resources/themes/prahutheme/javascript/custom/bidderKhusus.js?m=1787972929:20
[  182667ms] [LOG] {ID: 18, hitung: 12, tgl_setting: 2024-10-28 09:48:44, alias: ZARA, nama: WINDYA ZAHRAH KAMALI} @ https://phbidlautdemo.prahu-hub.com/_resources/themes/prahutheme/javascript/custom/bidderKhusus.js?m=1787972929:20
[  182668ms] [LOG] {ID: 17, hitung: 11, tgl_setting: 2024-07-30 05:21:50, alias: ALMD, nama: Dhanar Ahmad} @ https://phbidlautdemo.prahu-hub.com/_resources/themes/prahutheme/javascript/custom/bidderKhusus.js?m=1787972929:20
[  182668ms] [LOG] {ID: 11, hitung: 10, tgl_setting: 2024-07-11 13:47:25, alias: SNJ, nama: Putra Sinegar} @ https://phbidlautdemo.prahu-hub.com/_resources/themes/prahutheme/javascript/custom/bidderKhusus.js?m=1787972929:20
[  182668ms] [LOG] {ID: 9, hitung: 9, tgl_setting: 2024-07-11 09:07:04, alias: (IK)VUCD, nama: Vina As Cantika Andika} @ https://phbidlautdemo.prahu-hub.com/_resources/themes/prahutheme/javascript/custom/bidderKhusus.js?m=1787972929:20
[  182669ms] [LOG] {ID: 8, hitung: 8, tgl_setting: 2024-07-11 09:07:03, alias: (IK)MSJS, nama: Yahya Al Lukman Jaya Husein} @ https://phbidlautdemo.prahu-hub.com/_resources/themes/prahutheme/javascript/custom/bidderKhusus.js?m=1787972929:20
[  182669ms] [LOG] {ID: 7, hitung: 7, tgl_setting: 2024-07-11 09:07:03, alias: (IK)MJW, nama: Kusuma Jaya Wijaya Abadi Sentosa Mujur Selalu} @ https://phbidlautdemo.prahu-hub.com/_resources/themes/prahutheme/javascript/custom/bidderKhusus.js?m=1787972929:20
[  182669ms] [LOG] {ID: 6, hitung: 6, tgl_setting: 2024-07-11 09:07:03, alias: (IK)MU, nama: Mercury Us Handika} @ https://phbidlautdemo.prahu-hub.com/_resources/themes/prahutheme/javascript/custom/bidderKhusus.js?m=1787972929:20
[  182669ms] [LOG] {ID: 5, hitung: 5, tgl_setting: 2024-07-11 09:07:03, alias: (IK)JMTT, nama: Derinka} @ https://phbidlautdemo.prahu-hub.com/_resources/themes/prahutheme/javascript/custom/bidderKhusus.js?m=1787972929:20
[  182670ms] [LOG] {ID: 4, hitung: 4, tgl_setting: 2024-07-10 16:32:34, alias: BDR FT, nama: Rahmawati} @ https://phbidlautdemo.prahu-hub.com/_resources/themes/prahutheme/javascript/custom/bidderKhusus.js?m=1787972929:20
[  182670ms] [LOG] {ID: 3, hitung: 3, tgl_setting: 2024-07-10 16:32:34, alias: QC, nama: Ilham Ramadhan} @ https://phbidlautdemo.prahu-hub.com/_resources/themes/prahutheme/javascript/custom/bidderKhusus.js?m=1787972929:20
[  182670ms] [LOG] {ID: 2, hitung: 2, tgl_setting: 2024-07-10 16:32:34, alias: BDN, nama: PT. Bidder Nusantara} @ https://phbidlautdemo.prahu-hub.com/_resources/themes/prahutheme/javascript/custom/bidderKhusus.js?m=1787972929:20
[  182671ms] [LOG] {ID: 1, hitung: 1, tgl_setting: 2024-07-10 16:32:34, alias: (IK)LST, nama: Frinka Frenklin} @ https://phbidlautdemo.prahu-hub.com/_resources/themes/prahutheme/javascript/custom/bidderKhusus.js?m=1787972929:20
[  182678ms] [LOG] 20 @ https://phbidlautdemo.prahu-hub.com/_resources/themes/prahutheme/javascript/custom/bidderKhusus.js?m=1787972929:637
[  182679ms] [LOG] 20 countView1 1 pageNow 20 limitView1 @ https://phbidlautdemo.prahu-hub.com/_resources/themes/prahutheme/javascript/custom/bidderKhusus.js?m=1787972929:639
[  182679ms] [LOG] 20 @ https://phbidlautdemo.prahu-hub.com/_resources/themes/prahutheme/javascript/custom/bidderKhusus.js?m=1787972929:645
[  182680ms] [LOG] 20 jumlah data @ https://phbidlautdemo.prahu-hub.com/_resources/themes/prahutheme/javascript/custom/bidderKhusus.js?m=1787972929:607
[  182680ms] [LOG] 1 @ https://phbidlautdemo.prahu-hub.com/_resources/themes/prahutheme/javascript/custom/bidderKhusus.js?m=1787972929:609
[  182682ms] [LOG] 200 xhrglobal @ https://phbidlautdemo.prahu-hub.com/adminprahu/listBidderKhusus:6057
[  182683ms] [LOG] ce.fn.init stepItem @ https://phbidlautdemo.prahu-hub.com/_resources/themes/prahutheme/javascript/custom/bidderKhusus.js?m=1787972929:514
[  182846ms] [LOG] 200 xhrglobal @ https://phbidlautdemo.prahu-hub.com/adminprahu/listBidderKhusus:6057
[  182905ms] [LOG] 200 xhrglobal @ https://phbidlautdemo.prahu-hub.com/adminprahu/listBidderKhusus:6057
[  184121ms] TypeError: $(...).DataTable is not a function
    at https://phbidlautdemo.prahu-hub.com/_resources/themes/prahutheme/js/scripts-init/tables.js:7:23
[  186463ms] Cannot use import statement outside a module
[  186490ms] ReferenceError: Chart is not defined
    at https://phbidlautdemo.prahu-hub.com/_resources/themes/prahutheme/js/scripts-init/charts/chartjs.js:8:13
[  189583ms] Unexpected token '<'
[  189585ms] Unexpected token '<'
[  189675ms] Uncaught TypeError: expect element to be DOM Element, but got null
    at n.init (https://cdnjs.cloudflare.com/ajax/libs/smooth-scrollbar/8.5.2/smooth-scrollbar.js:24:264)
    at <anonymous> (https://phbidlautdemo.prahu-hub.com/adminprahu/settingBidderKhusus?id=278:5714:14)
[  189712ms] [LOG] Validasi Akunnamanya @ https://phbidlautdemo.prahu-hub.com/adminprahu/settingBidderKhusus?id=278:2040
[  189723ms] [LOG] undefined @ https://phbidlautdemo.prahu-hub.com/adminprahu/settingBidderKhusus?id=278:6067
[  189723ms] [LOG] undefined @ https://phbidlautdemo.prahu-hub.com/adminprahu/settingBidderKhusus?id=278:6067
[  189723ms] [LOG] 1xx @ https://phbidlautdemo.prahu-hub.com/adminprahu/settingBidderKhusus?id=278:6067
[  189723ms] [LOG] DD/MM/YYYY @ https://phbidlautdemo.prahu-hub.com/adminprahu/settingBidderKhusus?id=278:6067
[  189724ms] [LOG] undefined @ https://phbidlautdemo.prahu-hub.com/adminprahu/settingBidderKhusus?id=278:6067
[  189725ms] [LOG] Masukkan Shipper @ https://phbidlautdemo.prahu-hub.com/adminprahu/settingBidderKhusus?id=278:6067
[  189725ms] [LOG] undefined @ https://phbidlautdemo.prahu-hub.com/adminprahu/settingBidderKhusus?id=278:6067
[  189725ms] [LOG] Masukkan Nama kemasan  @ https://phbidlautdemo.prahu-hub.com/adminprahu/settingBidderKhusus?id=278:6067
[  189725ms] [LOG] undefined @ https://phbidlautdemo.prahu-hub.com/adminprahu/settingBidderKhusus?id=278:6067
[  189726ms] [LOG] WebSocket connection @ https://phbidlautdemo.prahu-hub.com/adminprahu/settingBidderKhusus?id=278:6110
[  189727ms] [LOG] WebSocket connection attempting... @ https://phbidlautdemo.prahu-hub.com/adminprahu/settingBidderKhusus?id=278:6188
[  189868ms] [LOG] WebSocket connected @ https://phbidlautdemo.prahu-hub.com/adminprahu/settingBidderKhusus?id=278:6119
[  189872ms] [LOG] update_dashboard_order_laut @ https://phbidlautdemo.prahu-hub.com/adminprahu/settingBidderKhusus?id=278:6160
[  189914ms] [LOG] Connected @ https://phbidlautdemo.prahu-hub.com/adminprahu/settingBidderKhusus?id=278:6160
[  190048ms] [LOG] [Object] @ https://phbidlautdemo.prahu-hub.com/_resources/themes/prahutheme/javascript/custom/settingBidderKhusus.js?m=1787972929:130
[  190053ms] [LOG] [Object] @ https://phbidlautdemo.prahu-hub.com/_resources/themes/prahutheme/javascript/custom/settingBidderKhusus.js?m=1787972929:13
[  190055ms] [LOG] {ID: 65, hitung: 1, BidOwnerID: 277, tgl_buat: 2026-08-05 08:54:10, nama_perusahaan: PT. Haier Sales Indonesia} @ https://phbidlautdemo.prahu-hub.com/_resources/themes/prahutheme/javascript/custom/settingBidderKhusus.js?m=1787972929:19
[  190057ms] [LOG] 1 @ https://phbidlautdemo.prahu-hub.com/_resources/themes/prahutheme/javascript/custom/settingBidderKhusus.js?m=1787972929:521
[  190058ms] [LOG] 1 countView1 1 pageNow 20 limitView1 @ https://phbidlautdemo.prahu-hub.com/_resources/themes/prahutheme/javascript/custom/settingBidderKhusus.js?m=1787972929:523
[  190058ms] [LOG] 1 @ https://phbidlautdemo.prahu-hub.com/_resources/themes/prahutheme/javascript/custom/settingBidderKhusus.js?m=1787972929:529
[  190060ms] [LOG] 1 jumlah data @ https://phbidlautdemo.prahu-hub.com/_resources/themes/prahutheme/javascript/custom/settingBidderKhusus.js?m=1787972929:491
[  190061ms] [LOG] 1 @ https://phbidlautdemo.prahu-hub.com/_resources/themes/prahutheme/javascript/custom/settingBidderKhusus.js?m=1787972929:493
[  190065ms] [LOG] 200 xhrglobal @ https://phbidlautdemo.prahu-hub.com/adminprahu/settingBidderKhusus?id=278:6041
[  190067ms] [LOG] ce.fn.init stepItem @ https://phbidlautdemo.prahu-hub.com/_resources/themes/prahutheme/javascript/custom/settingBidderKhusus.js?m=1787972929:398
[  190194ms] [LOG] 200 xhrglobal @ https://phbidlautdemo.prahu-hub.com/adminprahu/settingBidderKhusus?id=278:6041
[  190249ms] [LOG] 200 xhrglobal @ https://phbidlautdemo.prahu-hub.com/adminprahu/settingBidderKhusus?id=278:6041
[  191723ms] TypeError: $(...).DataTable is not a function
    at https://phbidlautdemo.prahu-hub.com/_resources/themes/prahutheme/js/scripts-init/tables.js:7:23
[  194687ms] Cannot use import statement outside a module
[  194717ms] ReferenceError: Chart is not defined
    at https://phbidlautdemo.prahu-hub.com/_resources/themes/prahutheme/js/scripts-init/charts/chartjs.js:8:13
[  197739ms] Unexpected token '<'
[  197744ms] Unexpected token '<'
[  197842ms] Uncaught TypeError: expect element to be DOM Element, but got null
    at n.init (https://cdnjs.cloudflare.com/ajax/libs/smooth-scrollbar/8.5.2/smooth-scrollbar.js:24:264)
    at <anonymous> (https://phbidlautdemo.prahu-hub.com/adminprahu/listBidderKhusus:5730:14)
[  197881ms] [LOG] Validasi Akunnamanya @ https://phbidlautdemo.prahu-hub.com/adminprahu/listBidderKhusus:2040
[  197893ms] [LOG] 1xx @ https://phbidlautdemo.prahu-hub.com/adminprahu/listBidderKhusus:6083
[  197893ms] [LOG] DD/MM/YYYY @ https://phbidlautdemo.prahu-hub.com/adminprahu/listBidderKhusus:6083
[  197894ms] [LOG] undefined @ https://phbidlautdemo.prahu-hub.com/adminprahu/listBidderKhusus:6083
[  197895ms] [LOG] Masukkan Alias @ https://phbidlautdemo.prahu-hub.com/adminprahu/listBidderKhusus:6083
[  197895ms] [LOG] Masukkan Transporter @ https://phbidlautdemo.prahu-hub.com/adminprahu/listBidderKhusus:6083
[  197895ms] [LOG] undefined @ https://phbidlautdemo.prahu-hub.com/adminprahu/listBidderKhusus:6083
[  197895ms] [LOG] Masukkan Nama kemasan  @ https://phbidlautdemo.prahu-hub.com/adminprahu/listBidderKhusus:6083
[  197895ms] [LOG] undefined @ https://phbidlautdemo.prahu-hub.com/adminprahu/listBidderKhusus:6083
[  197896ms] [LOG] WebSocket connection @ https://phbidlautdemo.prahu-hub.com/adminprahu/listBidderKhusus:6126
[  197897ms] [LOG] WebSocket connection attempting... @ https://phbidlautdemo.prahu-hub.com/adminprahu/listBidderKhusus:6204
[  198348ms] [LOG] [Object, Object, Object, Object, Object, Object, Object, Object, Object, Object, Object, Object, Object, Object, Object, Object, Object, Object, Object, Object] @ https://phbidlautdemo.prahu-hub.com/_resources/themes/prahutheme/javascript/custom/bidderKhusus.js?m=1787972929:159
[  198355ms] [LOG] [Object, Object, Object, Object, Object, Object, Object, Object, Object, Object, Object, Object, Object, Object, Object, Object, Object, Object, Object, Object] @ https://phbidlautdemo.prahu-hub.com/_resources/themes/prahutheme/javascript/custom/bidderKhusus.js?m=1787972929:13
[  198356ms] [LOG] {ID: 41, hitung: 20, tgl_setting: 2026-08-05 08:53:57, alias: WLG, nama: Cahyo Sugianto} @ https://phbidlautdemo.prahu-hub.com/_resources/themes/prahutheme/javascript/custom/bidderKhusus.js?m=1787972929:20
[  198357ms] [LOG] {ID: 39, hitung: 19, tgl_setting: 2026-02-25 09:45:33, alias: LOD, nama: Uinyuniyika} @ https://phbidlautdemo.prahu-hub.com/_resources/themes/prahutheme/javascript/custom/bidderKhusus.js?m=1787972929:20
[  198357ms] [LOG] {ID: 38, hitung: 18, tgl_setting: 2025-09-15 09:50:02, alias: ANGGITA, nama: Nur Anggita Wahyuni} @ https://phbidlautdemo.prahu-hub.com/_resources/themes/prahutheme/javascript/custom/bidderKhusus.js?m=1787972929:20
[  198358ms] [LOG] {ID: 37, hitung: 17, tgl_setting: 2025-09-11 20:39:22, alias: PRS, nama: Demo - Prasetyo Bidder} @ https://phbidlautdemo.prahu-hub.com/_resources/themes/prahutheme/javascript/custom/bidderKhusus.js?m=1787972929:20
[  198358ms] [LOG] {ID: 25, hitung: 16, tgl_setting: 2025-07-21 11:25:29, alias: OOMPA, nama: bidder} @ https://phbidlautdemo.prahu-hub.com/_resources/themes/prahutheme/javascript/custom/bidderKhusus.js?m=1787972929:20
[  198359ms] [LOG] {ID: 24, hitung: 15, tgl_setting: 2025-07-21 11:25:29, alias: 6THRT, nama: Indah} @ https://phbidlautdemo.prahu-hub.com/_resources/themes/prahutheme/javascript/custom/bidderKhusus.js?m=1787972929:20
[  198360ms] [LOG] {ID: 20, hitung: 14, tgl_setting: 2025-01-11 11:16:40, alias: SIDIQ, nama: Sidiq Satria Tama} @ https://phbidlautdemo.prahu-hub.com/_resources/themes/prahutheme/javascript/custom/bidderKhusus.js?m=1787972929:20
[  198361ms] [LOG] {ID: 19, hitung: 13, tgl_setting: 2025-01-10 16:12:48, alias: SYAV, nama: Syavira} @ https://phbidlautdemo.prahu-hub.com/_resources/themes/prahutheme/javascript/custom/bidderKhusus.js?m=1787972929:20
[  198361ms] [LOG] {ID: 18, hitung: 12, tgl_setting: 2024-10-28 09:48:44, alias: ZARA, nama: WINDYA ZAHRAH KAMALI} @ https://phbidlautdemo.prahu-hub.com/_resources/themes/prahutheme/javascript/custom/bidderKhusus.js?m=1787972929:20
[  198362ms] [LOG] {ID: 17, hitung: 11, tgl_setting: 2024-07-30 05:21:50, alias: ALMD, nama: Dhanar Ahmad} @ https://phbidlautdemo.prahu-hub.com/_resources/themes/prahutheme/javascript/custom/bidderKhusus.js?m=1787972929:20
[  198362ms] [LOG] {ID: 11, hitung: 10, tgl_setting: 2024-07-11 13:47:25, alias: SNJ, nama: Putra Sinegar} @ https://phbidlautdemo.prahu-hub.com/_resources/themes/prahutheme/javascript/custom/bidderKhusus.js?m=1787972929:20
[  198363ms] [LOG] {ID: 9, hitung: 9, tgl_setting: 2024-07-11 09:07:04, alias: (IK)VUCD, nama: Vina As Cantika Andika} @ https://phbidlautdemo.prahu-hub.com/_resources/themes/prahutheme/javascript/custom/bidderKhusus.js?m=1787972929:20
[  198363ms] [LOG] {ID: 8, hitung: 8, tgl_setting: 2024-07-11 09:07:03, alias: (IK)MSJS, nama: Yahya Al Lukman Jaya Husein} @ https://phbidlautdemo.prahu-hub.com/_resources/themes/prahutheme/javascript/custom/bidderKhusus.js?m=1787972929:20
[  198364ms] [LOG] {ID: 7, hitung: 7, tgl_setting: 2024-07-11 09:07:03, alias: (IK)MJW, nama: Kusuma Jaya Wijaya Abadi Sentosa Mujur Selalu} @ https://phbidlautdemo.prahu-hub.com/_resources/themes/prahutheme/javascript/custom/bidderKhusus.js?m=1787972929:20
[  198364ms] [LOG] {ID: 6, hitung: 6, tgl_setting: 2024-07-11 09:07:03, alias: (IK)MU, nama: Mercury Us Handika} @ https://phbidlautdemo.prahu-hub.com/_resources/themes/prahutheme/javascript/custom/bidderKhusus.js?m=1787972929:20
[  198365ms] [LOG] {ID: 5, hitung: 5, tgl_setting: 2024-07-11 09:07:03, alias: (IK)JMTT, nama: Derinka} @ https://phbidlautdemo.prahu-hub.com/_resources/themes/prahutheme/javascript/custom/bidderKhusus.js?m=1787972929:20
[  198365ms] [LOG] {ID: 4, hitung: 4, tgl_setting: 2024-07-10 16:32:34, alias: BDR FT, nama: Rahmawati} @ https://phbidlautdemo.prahu-hub.com/_resources/themes/prahutheme/javascript/custom/bidderKhusus.js?m=1787972929:20
[  198366ms] [LOG] {ID: 3, hitung: 3, tgl_setting: 2024-07-10 16:32:34, alias: QC, nama: Ilham Ramadhan} @ https://phbidlautdemo.prahu-hub.com/_resources/themes/prahutheme/javascript/custom/bidderKhusus.js?m=1787972929:20
[  198367ms] [LOG] {ID: 2, hitung: 2, tgl_setting: 2024-07-10 16:32:34, alias: BDN, nama: PT. Bidder Nusantara} @ https://phbidlautdemo.prahu-hub.com/_resources/themes/prahutheme/javascript/custom/bidderKhusus.js?m=1787972929:20
[  198367ms] [LOG] {ID: 1, hitung: 1, tgl_setting: 2024-07-10 16:32:34, alias: (IK)LST, nama: Frinka Frenklin} @ https://phbidlautdemo.prahu-hub.com/_resources/themes/prahutheme/javascript/custom/bidderKhusus.js?m=1787972929:20
[  198375ms] [LOG] 20 @ https://phbidlautdemo.prahu-hub.com/_resources/themes/prahutheme/javascript/custom/bidderKhusus.js?m=1787972929:637
[  198376ms] [LOG] 20 countView1 1 pageNow 20 limitView1 @ https://phbidlautdemo.prahu-hub.com/_resources/themes/prahutheme/javascript/custom/bidderKhusus.js?m=1787972929:639
[  198376ms] [LOG] 20 @ https://phbidlautdemo.prahu-hub.com/_resources/themes/prahutheme/javascript/custom/bidderKhusus.js?m=1787972929:645
[  198377ms] [LOG] 20 jumlah data @ https://phbidlautdemo.prahu-hub.com/_resources/themes/prahutheme/javascript/custom/bidderKhusus.js?m=1787972929:607
[  198377ms] [LOG] 1 @ https://phbidlautdemo.prahu-hub.com/_resources/themes/prahutheme/javascript/custom/bidderKhusus.js?m=1787972929:609
[  198379ms] [LOG] 200 xhrglobal @ https://phbidlautdemo.prahu-hub.com/adminprahu/listBidderKhusus:6057
[  198380ms] [LOG] ce.fn.init stepItem @ https://phbidlautdemo.prahu-hub.com/_resources/themes/prahutheme/javascript/custom/bidderKhusus.js?m=1787972929:514
[  198868ms] [LOG] WebSocket connected @ https://phbidlautdemo.prahu-hub.com/adminprahu/listBidderKhusus:6135
[  198872ms] [LOG] update_dashboard_order_laut @ https://phbidlautdemo.prahu-hub.com/adminprahu/listBidderKhusus:6176
[  199183ms] [LOG] Connected @ https://phbidlautdemo.prahu-hub.com/adminprahu/listBidderKhusus:6176
[  199634ms] [LOG] 200 xhrglobal @ https://phbidlautdemo.prahu-hub.com/adminprahu/listBidderKhusus:6057
[  199771ms] [LOG] 200 xhrglobal @ https://phbidlautdemo.prahu-hub.com/adminprahu/listBidderKhusus:6057
[  199901ms] TypeError: $(...).DataTable is not a function
    at https://phbidlautdemo.prahu-hub.com/_resources/themes/prahutheme/js/scripts-init/tables.js:7:23
[  202766ms] Cannot use import statement outside a module
[  202803ms] ReferenceError: Chart is not defined
    at https://phbidlautdemo.prahu-hub.com/_resources/themes/prahutheme/js/scripts-init/charts/chartjs.js:8:13
[  204301ms] Unexpected token '<'
[  204305ms] Unexpected token '<'
[  204382ms] Uncaught TypeError: expect element to be DOM Element, but got null
    at n.init (https://cdnjs.cloudflare.com/ajax/libs/smooth-scrollbar/8.5.2/smooth-scrollbar.js:24:264)
    at <anonymous> (https://phbidlautdemo.prahu-hub.com/adminprahu/tambahbidderkhusus:6431:14)
[  204426ms] [LOG] Validasi Akunnamanya @ https://phbidlautdemo.prahu-hub.com/adminprahu/tambahbidderkhusus:2039
[  204434ms] [LOG] Alias Transporter @ https://phbidlautdemo.prahu-hub.com/adminprahu/tambahbidderkhusus:6784
[  204435ms] [LOG] WebSocket connection @ https://phbidlautdemo.prahu-hub.com/adminprahu/tambahbidderkhusus:6827
[  204436ms] [LOG] WebSocket connection attempting... @ https://phbidlautdemo.prahu-hub.com/adminprahu/tambahbidderkhusus:6905
[  207311ms] Cannot use import statement outside a module
[  207363ms] ReferenceError: Chart is not defined
    at https://phbidlautdemo.prahu-hub.com/_resources/themes/prahutheme/js/scripts-init/charts/chartjs.js:8:13
[  208328ms] Unexpected token '<'
[  208329ms] Unexpected token '<'
[  208429ms] Uncaught TypeError: expect element to be DOM Element, but got null
    at n.init (https://cdnjs.cloudflare.com/ajax/libs/smooth-scrollbar/8.5.2/smooth-scrollbar.js:24:264)
    at <anonymous> (https://phbidlautdemo.prahu-hub.com/home/profilbidders:5263:14)
[  208467ms] [LOG] Validasi Akunnamanya @ https://phbidlautdemo.prahu-hub.com/home/profilbidders:2040
[  208478ms] [LOG] undefined @ https://phbidlautdemo.prahu-hub.com/home/profilbidders:5616
[  208478ms] [LOG] Masukkan Nama Perusahaan @ https://phbidlautdemo.prahu-hub.com/home/profilbidders:5616
[  208478ms] [LOG] DD/MM/YYYYY @ https://phbidlautdemo.prahu-hub.com/home/profilbidders:5616
[  208478ms] [LOG] Masukkan Jumlah @ https://phbidlautdemo.prahu-hub.com/home/profilbidders:5616
[  208479ms] [LOG] Masukkan Jumlah @ https://phbidlautdemo.prahu-hub.com/home/profilbidders:5616
[  208480ms] [LOG] WebSocket connection @ https://phbidlautdemo.prahu-hub.com/home/profilbidders:5659
[  208481ms] [LOG] WebSocket connection attempting... @ https://phbidlautdemo.prahu-hub.com/home/profilbidders:5737
[  208611ms] [LOG] WebSocket connected @ https://phbidlautdemo.prahu-hub.com/home/profilbidders:5668
[  208616ms] [LOG] update_dashboard_order_laut @ https://phbidlautdemo.prahu-hub.com/home/profilbidders:5709
[  208645ms] [LOG] Connected @ https://phbidlautdemo.prahu-hub.com/home/profilbidders:5709
[  209024ms] [LOG] DEBUG DEBUG DEBUG: undefined @ https://phbidlautdemo.prahu-hub.com/_resources/themes/prahutheme/javascript/custom/profilbidders.js?m=1787972929:667
[  209027ms] [LOG] [Object, Object, Object, Object, Object, Object, Object, Object, Object, Object, Object, Object, Object, Object, Object, Object, Object, Object, Object, Object] @ https://phbidlautdemo.prahu-hub.com/_resources/themes/prahutheme/javascript/custom/profilbidders.js?m=1787972929:119
[  209037ms] [LOG] 60 @ https://phbidlautdemo.prahu-hub.com/_resources/themes/prahutheme/javascript/custom/profilbidders.js?m=1787972929:628
[  209037ms] [LOG] 60 countView1 1 pageNow 20 limitView1 @ https://phbidlautdemo.prahu-hub.com/_resources/themes/prahutheme/javascript/custom/profilbidders.js?m=1787972929:630
[  209037ms] [LOG] 20 @ https://phbidlautdemo.prahu-hub.com/_resources/themes/prahutheme/javascript/custom/profilbidders.js?m=1787972929:641
[  209039ms] [LOG] 60 jumlah data @ https://phbidlautdemo.prahu-hub.com/_resources/themes/prahutheme/javascript/custom/profilbidders.js?m=1787972929:587
[  209039ms] [LOG] 3 @ https://phbidlautdemo.prahu-hub.com/_resources/themes/prahutheme/javascript/custom/profilbidders.js?m=1787972929:589
[  209041ms] [LOG] 3 1 pageCount & pageNow @ https://phbidlautdemo.prahu-hub.com/_resources/themes/prahutheme/javascript/custom/profilbidders.js?m=1787972929:515
[  209046ms] [LOG] 200 xhrglobal @ https://phbidlautdemo.prahu-hub.com/home/profilbidders:5590
[  209047ms] [LOG] ce.fn.init stepItem @ https://phbidlautdemo.prahu-hub.com/_resources/themes/prahutheme/javascript/custom/profilbidders.js?m=1787972929:484
[  209093ms] [LOG] 200 xhrglobal @ https://phbidlautdemo.prahu-hub.com/home/profilbidders:5590
[  209139ms] [LOG] 200 xhrglobal @ https://phbidlautdemo.prahu-hub.com/home/profilbidders:5590
[  210479ms] TypeError: $(...).DataTable is not a function
    at https://phbidlautdemo.prahu-hub.com/_resources/themes/prahutheme/js/scripts-init/tables.js:7:23
[  213521ms] Unexpected token '<'
[  213559ms] Cannot use import statement outside a module
[  213597ms] ReferenceError: Chart is not defined
    at https://phbidlautdemo.prahu-hub.com/_resources/themes/prahutheme/js/scripts-init/charts/chartjs.js:8:13
[  214981ms] Unexpected token '<'
[  214982ms] Unexpected token '<'
[  215061ms] Uncaught TypeError: expect element to be DOM Element, but got null
    at n.init (https://cdnjs.cloudflare.com/ajax/libs/smooth-scrollbar/8.5.2/smooth-scrollbar.js:24:264)
    at <anonymous> (https://phbidlautdemo.prahu-hub.com/home/detail_profilbidder/NE5UOWlPTW52MXM4bmxLTnFNakNRdz09:5907:14)
[  215082ms] [LOG] Validasi Akunnamanya @ https://phbidlautdemo.prahu-hub.com/home/detail_profilbidder/NE5UOWlPTW52MXM4bmxLTnFNakNRdz09:2040
[  215091ms] [WARNING] jQuery.Deferred exception: Cannot read properties of undefined (reading 'replaceAll') TypeError: Cannot read properties of undefined (reading 'replaceAll')
    at HTMLDocument.<anonymous> (https://phbidlautdemo.prahu-hub.com/home/detail_profilbidder/NE5UOWlPTW52MXM4bmxLTnFNakNRdz09:5394:34)
    at e (https://code.jquery.com/jquery-3.7.1.min.js:2:27028)
    at t (https://code.jquery.com/jquery-3.7.1.min.js:2:27330) undefined @ https://code.jquery.com/jquery-3.7.1.min.js:1
[  215093ms] [LOG] undefined @ https://phbidlautdemo.prahu-hub.com/home/detail_profilbidder/NE5UOWlPTW52MXM4bmxLTnFNakNRdz09:6260
[  215093ms] [LOG] undefined @ https://phbidlautdemo.prahu-hub.com/home/detail_profilbidder/NE5UOWlPTW52MXM4bmxLTnFNakNRdz09:6260
[  215094ms] [LOG] WebSocket connection @ https://phbidlautdemo.prahu-hub.com/home/detail_profilbidder/NE5UOWlPTW52MXM4bmxLTnFNakNRdz09:6303
[  215095ms] [LOG] WebSocket connection attempting... @ https://phbidlautdemo.prahu-hub.com/home/detail_profilbidder/NE5UOWlPTW52MXM4bmxLTnFNakNRdz09:6381
[  215107ms] TypeError: Cannot read properties of undefined (reading 'replaceAll')
    at HTMLDocument.<anonymous> (https://phbidlautdemo.prahu-hub.com/home/detail_profilbidder/NE5UOWlPTW52MXM4bmxLTnFNakNRdz09:5394:34)
    at e (https://code.jquery.com/jquery-3.7.1.min.js:2:27028)
    at t (https://code.jquery.com/jquery-3.7.1.min.js:2:27330)
[  215245ms] [LOG] WebSocket connected @ https://phbidlautdemo.prahu-hub.com/home/detail_profilbidder/NE5UOWlPTW52MXM4bmxLTnFNakNRdz09:6312
[  215249ms] [LOG] update_dashboard_order_laut @ https://phbidlautdemo.prahu-hub.com/home/detail_profilbidder/NE5UOWlPTW52MXM4bmxLTnFNakNRdz09:6353
[  215286ms] [LOG] Connected @ https://phbidlautdemo.prahu-hub.com/home/detail_profilbidder/NE5UOWlPTW52MXM4bmxLTnFNakNRdz09:6353
[  217090ms] TypeError: $(...).DataTable is not a function
    at https://phbidlautdemo.prahu-hub.com/_resources/themes/prahutheme/js/scripts-init/tables.js:7:23
[  220748ms] [LOG] 1tes @ https://phbidlautdemo.prahu-hub.com/_resources/themes/prahutheme/javascript/custom/ulasan.js?m=1787972929:42
[  220753ms] [LOG] 200 xhrglobal @ https://phbidlautdemo.prahu-hub.com/home/detail_profilbidder/NE5UOWlPTW52MXM4bmxLTnFNakNRdz09:6234
[  220754ms] [LOG] ce.fn.init stepItem @ https://phbidlautdemo.prahu-hub.com/_resources/themes/prahutheme/javascript/custom/ulasan.js?m=1787972929:529
[  220823ms] [LOG] 200 xhrglobal @ https://phbidlautdemo.prahu-hub.com/home/detail_profilbidder/NE5UOWlPTW52MXM4bmxLTnFNakNRdz09:6234
[  220929ms] [LOG] 200 xhrglobal @ https://phbidlautdemo.prahu-hub.com/home/detail_profilbidder/NE5UOWlPTW52MXM4bmxLTnFNakNRdz09:6234
[  223420ms] Cannot use import statement outside a module
[  223474ms] ReferenceError: Chart is not defined
    at https://phbidlautdemo.prahu-hub.com/_resources/themes/prahutheme/js/scripts-init/charts/chartjs.js:8:13
[  224927ms] Unexpected token '<'
[  224928ms] Unexpected token '<'
[  225007ms] TypeError: $(...).datetimepicker is not a function
    at https://phbidlautdemo.prahu-hub.com/adminprahu/aanwijzing:5043:15
[  225032ms] Uncaught TypeError: expect element to be DOM Element, but got null
    at n.init (https://cdnjs.cloudflare.com/ajax/libs/smooth-scrollbar/8.5.2/smooth-scrollbar.js:24:264)
    at <anonymous> (https://phbidlautdemo.prahu-hub.com/adminprahu/aanwijzing:5503:14)
[  225091ms] [LOG] Validasi Akunnamanya @ https://phbidlautdemo.prahu-hub.com/adminprahu/aanwijzing:2040
[  225118ms] [LOG] undefined @ https://phbidlautdemo.prahu-hub.com/adminprahu/aanwijzing:5856
[  225118ms] [LOG] 1xxx @ https://phbidlautdemo.prahu-hub.com/adminprahu/aanwijzing:5856
[  225118ms] [LOG] Masukkan Shipper @ https://phbidlautdemo.prahu-hub.com/adminprahu/aanwijzing:5856
[  225118ms] [LOG] Masukkan Nama Dokumen Aanwijzing @ https://phbidlautdemo.prahu-hub.com/adminprahu/aanwijzing:5856
[  225119ms] [LOG] undefined @ https://phbidlautdemo.prahu-hub.com/adminprahu/aanwijzing:5856
[  225119ms] [LOG] Masukkan Nama Provinsi @ https://phbidlautdemo.prahu-hub.com/adminprahu/aanwijzing:5856
[  225119ms] [LOG] undefined @ https://phbidlautdemo.prahu-hub.com/adminprahu/aanwijzing:5856
[  225121ms] [LOG] WebSocket connection @ https://phbidlautdemo.prahu-hub.com/adminprahu/aanwijzing:5899
[  225122ms] [LOG] WebSocket connection attempting... @ https://phbidlautdemo.prahu-hub.com/adminprahu/aanwijzing:5977
[  225384ms] [LOG] WebSocket connected @ https://phbidlautdemo.prahu-hub.com/adminprahu/aanwijzing:5908
[  225389ms] [LOG] update_dashboard_order_laut @ https://phbidlautdemo.prahu-hub.com/adminprahu/aanwijzing:5949
[  225421ms] [LOG] Connected @ https://phbidlautdemo.prahu-hub.com/adminprahu/aanwijzing:5949
[  225721ms] [LOG] 200 xhrglobal @ https://phbidlautdemo.prahu-hub.com/adminprahu/aanwijzing:5830
[  225784ms] [LOG] 200 xhrglobal @ https://phbidlautdemo.prahu-hub.com/adminprahu/aanwijzing:5830
[  226671ms] [LOG] [Object, Object, Object, Object, Object, Object, Object, Object, Object, Object, Object, Object, Object, Object, Object, Object, Object, Object, Object, Object] @ https://phbidlautdemo.prahu-hub.com/_resources/themes/prahutheme/javascript/custom/aanwijzing.js?m=1787972929:41
[  226681ms] [LOG] [Object, Object, Object, Object, Object, Object, Object, Object, Object, Object, Object, Object, Object, Object, Object, Object, Object, Object, Object, Object] @ https://phbidlautdemo.prahu-hub.com/_resources/themes/prahutheme/javascript/custom/aanwijzing.js?m=1787972929:164
[  226689ms] [LOG] 72 @ https://phbidlautdemo.prahu-hub.com/_resources/themes/prahutheme/javascript/custom/aanwijzing.js?m=1787972929:762
[  226689ms] [LOG] 72 countView1 1 pageNow 20 limitView1 @ https://phbidlautdemo.prahu-hub.com/_resources/themes/prahutheme/javascript/custom/aanwijzing.js?m=1787972929:764
[  226689ms] [LOG] 20 @ https://phbidlautdemo.prahu-hub.com/_resources/themes/prahutheme/javascript/custom/aanwijzing.js?m=1787972929:770
[  226690ms] [LOG] 72 jumlah data @ https://phbidlautdemo.prahu-hub.com/_resources/themes/prahutheme/javascript/custom/aanwijzing.js?m=1787972929:739
[  226691ms] [LOG] 4 @ https://phbidlautdemo.prahu-hub.com/_resources/themes/prahutheme/javascript/custom/aanwijzing.js?m=1787972929:741
[  226692ms] [LOG] 4 1 pageCount & pageNow @ https://phbidlautdemo.prahu-hub.com/_resources/themes/prahutheme/javascript/custom/aanwijzing.js?m=1787972929:665
[  226696ms] [LOG] 200 xhrglobal @ https://phbidlautdemo.prahu-hub.com/adminprahu/aanwijzing:5830
[  226696ms] [LOG] ce.fn.init stepItem @ https://phbidlautdemo.prahu-hub.com/_resources/themes/prahutheme/javascript/custom/aanwijzing.js?m=1787972929:639
[  227116ms] TypeError: $(...).DataTable is not a function
    at https://phbidlautdemo.prahu-hub.com/_resources/themes/prahutheme/js/scripts-init/tables.js:7:23
[  232849ms] Unexpected token '<'
[  232858ms] Cannot use import statement outside a module
[  232908ms] ReferenceError: Chart is not defined
    at https://phbidlautdemo.prahu-hub.com/_resources/themes/prahutheme/js/scripts-init/charts/chartjs.js:8:13
[  234285ms] Unexpected token '<'
[  234286ms] Unexpected token '<'
[  234406ms] Uncaught TypeError: expect element to be DOM Element, but got null
    at n.init (https://cdnjs.cloudflare.com/ajax/libs/smooth-scrollbar/8.5.2/smooth-scrollbar.js:24:264)
    at <anonymous> (https://phbidlautdemo.prahu-hub.com/adminprahu/detailaanwijzing/308:5584:14)
[  234430ms] [LOG] Validasi Akunnamanya @ https://phbidlautdemo.prahu-hub.com/adminprahu/detailaanwijzing/308:2039
[  234443ms] [LOG] WebSocket connection @ https://phbidlautdemo.prahu-hub.com/adminprahu/detailaanwijzing/308:5980
[  234443ms] [LOG] WebSocket connection attempting... @ https://phbidlautdemo.prahu-hub.com/adminprahu/detailaanwijzing/308:6058
[  234584ms] [LOG] WebSocket connected @ https://phbidlautdemo.prahu-hub.com/adminprahu/detailaanwijzing/308:5989
[  234588ms] [LOG] update_dashboard_order_laut @ https://phbidlautdemo.prahu-hub.com/adminprahu/detailaanwijzing/308:6030
[  234636ms] [LOG] Connected @ https://phbidlautdemo.prahu-hub.com/adminprahu/detailaanwijzing/308:6030
[  234936ms] [LOG] 200 xhrglobal @ https://phbidlautdemo.prahu-hub.com/adminprahu/detailaanwijzing/308:5911
[  235905ms] [LOG] 200 xhrglobal @ https://phbidlautdemo.prahu-hub.com/adminprahu/detailaanwijzing/308:5911
[  236444ms] TypeError: $(...).DataTable is not a function
    at https://phbidlautdemo.prahu-hub.com/_resources/themes/prahutheme/js/scripts-init/tables.js:7:23
[  239068ms] Cannot use import statement outside a module
[  239106ms] ReferenceError: Chart is not defined
    at https://phbidlautdemo.prahu-hub.com/_resources/themes/prahutheme/js/scripts-init/charts/chartjs.js:8:13
[  239689ms] Unexpected token '<'
[  240404ms] Unexpected token '<'
[  240493ms] TypeError: $(...).datetimepicker is not a function
    at https://phbidlautdemo.prahu-hub.com/adminprahu/aanwijzing:5043:15
[  240543ms] Uncaught TypeError: expect element to be DOM Element, but got null
    at n.init (https://cdnjs.cloudflare.com/ajax/libs/smooth-scrollbar/8.5.2/smooth-scrollbar.js:24:264)
    at <anonymous> (https://phbidlautdemo.prahu-hub.com/adminprahu/aanwijzing:5503:14)
[  240586ms] [LOG] Validasi Akunnamanya @ https://phbidlautdemo.prahu-hub.com/adminprahu/aanwijzing:2040
[  240598ms] [LOG] undefined @ https://phbidlautdemo.prahu-hub.com/adminprahu/aanwijzing:5856
[  240598ms] [LOG] 1xxx @ https://phbidlautdemo.prahu-hub.com/adminprahu/aanwijzing:5856
[  240598ms] [LOG] Masukkan Shipper @ https://phbidlautdemo.prahu-hub.com/adminprahu/aanwijzing:5856
[  240599ms] [LOG] Masukkan Nama Dokumen Aanwijzing @ https://phbidlautdemo.prahu-hub.com/adminprahu/aanwijzing:5856
[  240599ms] [LOG] undefined @ https://phbidlautdemo.prahu-hub.com/adminprahu/aanwijzing:5856
[  240600ms] [LOG] Masukkan Nama Provinsi @ https://phbidlautdemo.prahu-hub.com/adminprahu/aanwijzing:5856
[  240600ms] [LOG] undefined @ https://phbidlautdemo.prahu-hub.com/adminprahu/aanwijzing:5856
[  240601ms] [LOG] WebSocket connection @ https://phbidlautdemo.prahu-hub.com/adminprahu/aanwijzing:5899
[  240602ms] [LOG] WebSocket connection attempting... @ https://phbidlautdemo.prahu-hub.com/adminprahu/aanwijzing:5977
[  240958ms] [LOG] WebSocket connected @ https://phbidlautdemo.prahu-hub.com/adminprahu/aanwijzing:5908
[  240963ms] [LOG] update_dashboard_order_laut @ https://phbidlautdemo.prahu-hub.com/adminprahu/aanwijzing:5949
[  241086ms] [LOG] Connected @ https://phbidlautdemo.prahu-hub.com/adminprahu/aanwijzing:5949
[  241350ms] [LOG] [Object, Object, Object, Object, Object, Object, Object, Object, Object, Object, Object, Object, Object, Object, Object, Object, Object, Object, Object, Object] @ https://phbidlautdemo.prahu-hub.com/_resources/themes/prahutheme/javascript/custom/aanwijzing.js?m=1787972929:41
[  241357ms] [LOG] [Object, Object, Object, Object, Object, Object, Object, Object, Object, Object, Object, Object, Object, Object, Object, Object, Object, Object, Object, Object] @ https://phbidlautdemo.prahu-hub.com/_resources/themes/prahutheme/javascript/custom/aanwijzing.js?m=1787972929:164
[  241363ms] [LOG] 72 @ https://phbidlautdemo.prahu-hub.com/_resources/themes/prahutheme/javascript/custom/aanwijzing.js?m=1787972929:762
[  241363ms] [LOG] 72 countView1 1 pageNow 20 limitView1 @ https://phbidlautdemo.prahu-hub.com/_resources/themes/prahutheme/javascript/custom/aanwijzing.js?m=1787972929:764
[  241364ms] [LOG] 20 @ https://phbidlautdemo.prahu-hub.com/_resources/themes/prahutheme/javascript/custom/aanwijzing.js?m=1787972929:770
[  241364ms] [LOG] 72 jumlah data @ https://phbidlautdemo.prahu-hub.com/_resources/themes/prahutheme/javascript/custom/aanwijzing.js?m=1787972929:739
[  241365ms] [LOG] 4 @ https://phbidlautdemo.prahu-hub.com/_resources/themes/prahutheme/javascript/custom/aanwijzing.js?m=1787972929:741
[  241365ms] [LOG] 4 1 pageCount & pageNow @ https://phbidlautdemo.prahu-hub.com/_resources/themes/prahutheme/javascript/custom/aanwijzing.js?m=1787972929:665
[  241370ms] [LOG] 200 xhrglobal @ https://phbidlautdemo.prahu-hub.com/adminprahu/aanwijzing:5830
[  241371ms] [LOG] ce.fn.init stepItem @ https://phbidlautdemo.prahu-hub.com/_resources/themes/prahutheme/javascript/custom/aanwijzing.js?m=1787972929:639
[  241471ms] [LOG] 200 xhrglobal @ https://phbidlautdemo.prahu-hub.com/adminprahu/aanwijzing:5830
[  241883ms] [LOG] 200 xhrglobal @ https://phbidlautdemo.prahu-hub.com/adminprahu/aanwijzing:5830
[  242597ms] TypeError: $(...).DataTable is not a function
    at https://phbidlautdemo.prahu-hub.com/_resources/themes/prahutheme/js/scripts-init/tables.js:7:23
[  248957ms] Unexpected token '<'
[  248967ms] Cannot use import statement outside a module
[  249028ms] ReferenceError: Chart is not defined
    at https://phbidlautdemo.prahu-hub.com/_resources/themes/prahutheme/js/scripts-init/charts/chartjs.js:8:13
[  251201ms] Unexpected token '<'
[  251203ms] Unexpected token '<'
[  251275ms] Uncaught TypeError: expect element to be DOM Element, but got null
    at n.init (https://cdnjs.cloudflare.com/ajax/libs/smooth-scrollbar/8.5.2/smooth-scrollbar.js:24:264)
    at <anonymous> (https://phbidlautdemo.prahu-hub.com/adminprahu/settingaanwijzing/308:5983:14)
[  251311ms] [LOG] Validasi Akunnamanya @ https://phbidlautdemo.prahu-hub.com/adminprahu/settingaanwijzing/308:2039
[  251320ms] [WARNING] jQuery.Deferred exception: api is not defined ReferenceError: api is not defined
    at HTMLDocument.<anonymous> (https://phbidlautdemo.prahu-hub.com/adminprahu/settingaanwijzing/308:5402:18)
    at e (https://code.jquery.com/jquery-3.7.1.min.js:2:27028)
    at t (https://code.jquery.com/jquery-3.7.1.min.js:2:27330) undefined @ https://code.jquery.com/jquery-3.7.1.min.js:1
[  251321ms] [LOG] undefined @ https://phbidlautdemo.prahu-hub.com/adminprahu/settingaanwijzing/308:6336
[  251322ms] [LOG] Masukkan Nama Dokumen Aanwijzing @ https://phbidlautdemo.prahu-hub.com/adminprahu/settingaanwijzing/308:6336
[  251322ms] [LOG] undefined @ https://phbidlautdemo.prahu-hub.com/adminprahu/settingaanwijzing/308:6336
[  251322ms] [LOG] Upload Dokumen Aanwijzing @ https://phbidlautdemo.prahu-hub.com/adminprahu/settingaanwijzing/308:6336
[  251323ms] [LOG] Upload Dokumen Aanwijzing  @ https://phbidlautdemo.prahu-hub.com/adminprahu/settingaanwijzing/308:6336
[  251324ms] [LOG] WebSocket connection @ https://phbidlautdemo.prahu-hub.com/adminprahu/settingaanwijzing/308:6379
[  251324ms] [LOG] WebSocket connection attempting... @ https://phbidlautdemo.prahu-hub.com/adminprahu/settingaanwijzing/308:6457
[  251339ms] ReferenceError: api is not defined
    at HTMLDocument.<anonymous> (https://phbidlautdemo.prahu-hub.com/adminprahu/settingaanwijzing/308:5402:18)
    at e (https://code.jquery.com/jquery-3.7.1.min.js:2:27028)
    at t (https://code.jquery.com/jquery-3.7.1.min.js:2:27330)
[  251578ms] [LOG] WebSocket connected @ https://phbidlautdemo.prahu-hub.com/adminprahu/settingaanwijzing/308:6388
[  251584ms] [LOG] update_dashboard_order_laut @ https://phbidlautdemo.prahu-hub.com/adminprahu/settingaanwijzing/308:6429
[  251636ms] [LOG] Connected @ https://phbidlautdemo.prahu-hub.com/adminprahu/settingaanwijzing/308:6429
[  252055ms] [LOG] 200 xhrglobal @ https://phbidlautdemo.prahu-hub.com/adminprahu/settingaanwijzing/308:6310
[  252363ms] [LOG] 200 xhrglobal @ https://phbidlautdemo.prahu-hub.com/adminprahu/settingaanwijzing/308:6310
[  253324ms] TypeError: $(...).DataTable is not a function
    at https://phbidlautdemo.prahu-hub.com/_resources/themes/prahutheme/js/scripts-init/tables.js:7:23
[  256328ms] Cannot use import statement outside a module
[  256375ms] ReferenceError: Chart is not defined
    at https://phbidlautdemo.prahu-hub.com/_resources/themes/prahutheme/js/scripts-init/charts/chartjs.js:8:13
[  258061ms] Unexpected token '<'
[  258064ms] Unexpected token '<'
[  258150ms] Uncaught TypeError: expect element to be DOM Element, but got null
    at n.init (https://cdnjs.cloudflare.com/ajax/libs/smooth-scrollbar/8.5.2/smooth-scrollbar.js:24:264)
    at <anonymous> (https://phbidlautdemo.prahu-hub.com/home/pesertalelang:6258:14)
[  258190ms] [LOG] Validasi Akunnamanya @ https://phbidlautdemo.prahu-hub.com/home/pesertalelang:2040
[  258203ms] [LOG] undefined @ https://phbidlautdemo.prahu-hub.com/home/pesertalelang:6611
[  258204ms] [LOG] Masukkan Shipper @ https://phbidlautdemo.prahu-hub.com/home/pesertalelang:6611
[  258204ms] [LOG] Masukkan Email @ https://phbidlautdemo.prahu-hub.com/home/pesertalelang:6611
[  258205ms] [LOG] WebSocket connection @ https://phbidlautdemo.prahu-hub.com/home/pesertalelang:6654
[  258206ms] [LOG] WebSocket connection attempting... @ https://phbidlautdemo.prahu-hub.com/home/pesertalelang:6732
[  258345ms] [LOG] WebSocket connected @ https://phbidlautdemo.prahu-hub.com/home/pesertalelang:6663
[  258350ms] [LOG] update_dashboard_order_laut @ https://phbidlautdemo.prahu-hub.com/home/pesertalelang:6704
[  258378ms] [LOG] Connected @ https://phbidlautdemo.prahu-hub.com/home/pesertalelang:6704
[  260111ms] [LOG] [Object, Object, Object, Object, Object, Object, Object, Object, Object, Object, Object, Object, Object, Object, Object, Object, Object, Object, Object, Object] @ https://phbidlautdemo.prahu-hub.com/_resources/themes/prahutheme/javascript/custom/pesertalelang.js?m=1787972929:150
[  260120ms] [LOG] 67 @ https://phbidlautdemo.prahu-hub.com/_resources/themes/prahutheme/javascript/custom/pesertalelang.js?m=1787972929:684
[  260121ms] [LOG] 67 countView1 1 pageNow 20 limitView1 @ https://phbidlautdemo.prahu-hub.com/_resources/themes/prahutheme/javascript/custom/pesertalelang.js?m=1787972929:686
[  260121ms] [LOG] 20 @ https://phbidlautdemo.prahu-hub.com/_resources/themes/prahutheme/javascript/custom/pesertalelang.js?m=1787972929:692
[  260122ms] [LOG] 67 jumlah data @ https://phbidlautdemo.prahu-hub.com/_resources/themes/prahutheme/javascript/custom/pesertalelang.js?m=1787972929:649
[  260123ms] [LOG] 4 @ https://phbidlautdemo.prahu-hub.com/_resources/themes/prahutheme/javascript/custom/pesertalelang.js?m=1787972929:651
[  260124ms] [LOG] 4 1 pageCount & pageNow @ https://phbidlautdemo.prahu-hub.com/_resources/themes/prahutheme/javascript/custom/pesertalelang.js?m=1787972929:575
[  260129ms] [LOG] 200 xhrglobal @ https://phbidlautdemo.prahu-hub.com/home/pesertalelang:6585
[  260131ms] [LOG] ce.fn.init stepItem @ https://phbidlautdemo.prahu-hub.com/_resources/themes/prahutheme/javascript/custom/pesertalelang.js?m=1787972929:549
[  260178ms] [LOG] 200 xhrglobal @ https://phbidlautdemo.prahu-hub.com/home/pesertalelang:6585
[  260203ms] TypeError: $(...).DataTable is not a function
    at https://phbidlautdemo.prahu-hub.com/_resources/themes/prahutheme/js/scripts-init/tables.js:7:23
[  260208ms] [LOG] 200 xhrglobal @ https://phbidlautdemo.prahu-hub.com/home/pesertalelang:6585
[  268604ms] Unexpected token '<'
[  268685ms] Cannot use import statement outside a module
[  268717ms] ReferenceError: Chart is not defined
    at https://phbidlautdemo.prahu-hub.com/_resources/themes/prahutheme/js/scripts-init/charts/chartjs.js:8:13
[  269677ms] Unexpected token '<'
[  269678ms] Unexpected token '<'
[  269799ms] Uncaught TypeError: expect element to be DOM Element, but got null
    at n.init (https://cdnjs.cloudflare.com/ajax/libs/smooth-scrollbar/8.5.2/smooth-scrollbar.js:24:264)
    at <anonymous> (https://phbidlautdemo.prahu-hub.com/home/settingpesertalelang/aUNvRG8yUW9PWk1PMSt4WXFhUEFPUT09:9314:14)
[  269828ms] [LOG] Validasi Akunnamanya @ https://phbidlautdemo.prahu-hub.com/home/settingpesertalelang/aUNvRG8yUW9PWk1PMSt4WXFhUEFPUT09:2039
[  269851ms] [LOG] 1 58 @ https://phbidlautdemo.prahu-hub.com/home/settingpesertalelang/aUNvRG8yUW9PWk1PMSt4WXFhUEFPUT09:8060
[  269853ms] [LOG] 1 58 @ https://phbidlautdemo.prahu-hub.com/home/settingpesertalelang/aUNvRG8yUW9PWk1PMSt4WXFhUEFPUT09:8101
[  269858ms] [LOG] 2 58 @ https://phbidlautdemo.prahu-hub.com/home/settingpesertalelang/aUNvRG8yUW9PWk1PMSt4WXFhUEFPUT09:8060
[  269859ms] [LOG] 2 58 @ https://phbidlautdemo.prahu-hub.com/home/settingpesertalelang/aUNvRG8yUW9PWk1PMSt4WXFhUEFPUT09:8101
[  269861ms] [LOG] 3 58 @ https://phbidlautdemo.prahu-hub.com/home/settingpesertalelang/aUNvRG8yUW9PWk1PMSt4WXFhUEFPUT09:8060
[  269862ms] [LOG] 3 58 @ https://phbidlautdemo.prahu-hub.com/home/settingpesertalelang/aUNvRG8yUW9PWk1PMSt4WXFhUEFPUT09:8101
[  269864ms] [LOG] 4 58 @ https://phbidlautdemo.prahu-hub.com/home/settingpesertalelang/aUNvRG8yUW9PWk1PMSt4WXFhUEFPUT09:8060
[  269865ms] [LOG] 4 58 @ https://phbidlautdemo.prahu-hub.com/home/settingpesertalelang/aUNvRG8yUW9PWk1PMSt4WXFhUEFPUT09:8101
[  269868ms] [LOG] 5 58 @ https://phbidlautdemo.prahu-hub.com/home/settingpesertalelang/aUNvRG8yUW9PWk1PMSt4WXFhUEFPUT09:8060
[  269869ms] [LOG] 5 58 @ https://phbidlautdemo.prahu-hub.com/home/settingpesertalelang/aUNvRG8yUW9PWk1PMSt4WXFhUEFPUT09:8101
[  269872ms] [LOG] 6 58 @ https://phbidlautdemo.prahu-hub.com/home/settingpesertalelang/aUNvRG8yUW9PWk1PMSt4WXFhUEFPUT09:8060
[  269873ms] [LOG] 6 58 @ https://phbidlautdemo.prahu-hub.com/home/settingpesertalelang/aUNvRG8yUW9PWk1PMSt4WXFhUEFPUT09:8101
[  269876ms] [LOG] 7 58 @ https://phbidlautdemo.prahu-hub.com/home/settingpesertalelang/aUNvRG8yUW9PWk1PMSt4WXFhUEFPUT09:8060
[  269876ms] [LOG] 7 58 @ https://phbidlautdemo.prahu-hub.com/home/settingpesertalelang/aUNvRG8yUW9PWk1PMSt4WXFhUEFPUT09:8101
[  269879ms] [LOG] 8 58 @ https://phbidlautdemo.prahu-hub.com/home/settingpesertalelang/aUNvRG8yUW9PWk1PMSt4WXFhUEFPUT09:8060
[  269879ms] [LOG] 8 58 @ https://phbidlautdemo.prahu-hub.com/home/settingpesertalelang/aUNvRG8yUW9PWk1PMSt4WXFhUEFPUT09:8101
[  269882ms] [LOG] 9 58 @ https://phbidlautdemo.prahu-hub.com/home/settingpesertalelang/aUNvRG8yUW9PWk1PMSt4WXFhUEFPUT09:8060
[  269883ms] [LOG] 9 58 @ https://phbidlautdemo.prahu-hub.com/home/settingpesertalelang/aUNvRG8yUW9PWk1PMSt4WXFhUEFPUT09:8101
[  269885ms] [LOG] 10 58 @ https://phbidlautdemo.prahu-hub.com/home/settingpesertalelang/aUNvRG8yUW9PWk1PMSt4WXFhUEFPUT09:8060
[  269886ms] [LOG] 10 58 @ https://phbidlautdemo.prahu-hub.com/home/settingpesertalelang/aUNvRG8yUW9PWk1PMSt4WXFhUEFPUT09:8101
[  269888ms] [LOG] 11 58 @ https://phbidlautdemo.prahu-hub.com/home/settingpesertalelang/aUNvRG8yUW9PWk1PMSt4WXFhUEFPUT09:8060
[  269889ms] [LOG] 11 58 @ https://phbidlautdemo.prahu-hub.com/home/settingpesertalelang/aUNvRG8yUW9PWk1PMSt4WXFhUEFPUT09:8101
[  269892ms] [LOG] 12 58 @ https://phbidlautdemo.prahu-hub.com/home/settingpesertalelang/aUNvRG8yUW9PWk1PMSt4WXFhUEFPUT09:8060
[  269893ms] [LOG] 12 58 @ https://phbidlautdemo.prahu-hub.com/home/settingpesertalelang/aUNvRG8yUW9PWk1PMSt4WXFhUEFPUT09:8101
[  269894ms] [LOG] 13 58 @ https://phbidlautdemo.prahu-hub.com/home/settingpesertalelang/aUNvRG8yUW9PWk1PMSt4WXFhUEFPUT09:8060
[  269895ms] [LOG] 13 58 @ https://phbidlautdemo.prahu-hub.com/home/settingpesertalelang/aUNvRG8yUW9PWk1PMSt4WXFhUEFPUT09:8101
[  269897ms] [LOG] 14 58 @ https://phbidlautdemo.prahu-hub.com/home/settingpesertalelang/aUNvRG8yUW9PWk1PMSt4WXFhUEFPUT09:8060
[  269898ms] [LOG] 14 58 @ https://phbidlautdemo.prahu-hub.com/home/settingpesertalelang/aUNvRG8yUW9PWk1PMSt4WXFhUEFPUT09:8101
[  269900ms] [LOG] 15 58 @ https://phbidlautdemo.prahu-hub.com/home/settingpesertalelang/aUNvRG8yUW9PWk1PMSt4WXFhUEFPUT09:8060
[  269902ms] [LOG] 15 58 @ https://phbidlautdemo.prahu-hub.com/home/settingpesertalelang/aUNvRG8yUW9PWk1PMSt4WXFhUEFPUT09:8101
[  269904ms] [LOG] 16 58 @ https://phbidlautdemo.prahu-hub.com/home/settingpesertalelang/aUNvRG8yUW9PWk1PMSt4WXFhUEFPUT09:8060
[  269906ms] [LOG] 16 58 @ https://phbidlautdemo.prahu-hub.com/home/settingpesertalelang/aUNvRG8yUW9PWk1PMSt4WXFhUEFPUT09:8101
[  269908ms] [LOG] 17 58 @ https://phbidlautdemo.prahu-hub.com/home/settingpesertalelang/aUNvRG8yUW9PWk1PMSt4WXFhUEFPUT09:8060
[  269909ms] [LOG] 17 58 @ https://phbidlautdemo.prahu-hub.com/home/settingpesertalelang/aUNvRG8yUW9PWk1PMSt4WXFhUEFPUT09:8101
[  269912ms] [LOG] 18 58 @ https://phbidlautdemo.prahu-hub.com/home/settingpesertalelang/aUNvRG8yUW9PWk1PMSt4WXFhUEFPUT09:8060
[  269913ms] [LOG] 18 58 @ https://phbidlautdemo.prahu-hub.com/home/settingpesertalelang/aUNvRG8yUW9PWk1PMSt4WXFhUEFPUT09:8101
[  269916ms] [LOG] 19 58 @ https://phbidlautdemo.prahu-hub.com/home/settingpesertalelang/aUNvRG8yUW9PWk1PMSt4WXFhUEFPUT09:8060
[  269917ms] [LOG] 19 58 @ https://phbidlautdemo.prahu-hub.com/home/settingpesertalelang/aUNvRG8yUW9PWk1PMSt4WXFhUEFPUT09:8101
[  269919ms] [LOG] 20 58 @ https://phbidlautdemo.prahu-hub.com/home/settingpesertalelang/aUNvRG8yUW9PWk1PMSt4WXFhUEFPUT09:8060
[  269920ms] [LOG] 20 58 @ https://phbidlautdemo.prahu-hub.com/home/settingpesertalelang/aUNvRG8yUW9PWk1PMSt4WXFhUEFPUT09:8101
[  269922ms] [LOG] 21 58 @ https://phbidlautdemo.prahu-hub.com/home/settingpesertalelang/aUNvRG8yUW9PWk1PMSt4WXFhUEFPUT09:8060
[  269923ms] [LOG] 21 58 @ https://phbidlautdemo.prahu-hub.com/home/settingpesertalelang/aUNvRG8yUW9PWk1PMSt4WXFhUEFPUT09:8101
[  269924ms] [LOG] 22 58 @ https://phbidlautdemo.prahu-hub.com/home/settingpesertalelang/aUNvRG8yUW9PWk1PMSt4WXFhUEFPUT09:8060
[  269925ms] [LOG] 22 58 @ https://phbidlautdemo.prahu-hub.com/home/settingpesertalelang/aUNvRG8yUW9PWk1PMSt4WXFhUEFPUT09:8101
[  269927ms] [LOG] 23 58 @ https://phbidlautdemo.prahu-hub.com/home/settingpesertalelang/aUNvRG8yUW9PWk1PMSt4WXFhUEFPUT09:8060
[  269927ms] [LOG] 23 58 @ https://phbidlautdemo.prahu-hub.com/home/settingpesertalelang/aUNvRG8yUW9PWk1PMSt4WXFhUEFPUT09:8101
[  269929ms] [LOG] 24 58 @ https://phbidlautdemo.prahu-hub.com/home/settingpesertalelang/aUNvRG8yUW9PWk1PMSt4WXFhUEFPUT09:8060
[  269930ms] [LOG] 24 58 @ https://phbidlautdemo.prahu-hub.com/home/settingpesertalelang/aUNvRG8yUW9PWk1PMSt4WXFhUEFPUT09:8101
[  269931ms] [LOG] 25 58 @ https://phbidlautdemo.prahu-hub.com/home/settingpesertalelang/aUNvRG8yUW9PWk1PMSt4WXFhUEFPUT09:8060
[  269932ms] [LOG] 25 58 @ https://phbidlautdemo.prahu-hub.com/home/settingpesertalelang/aUNvRG8yUW9PWk1PMSt4WXFhUEFPUT09:8101
[  269934ms] [LOG] 26 58 @ https://phbidlautdemo.prahu-hub.com/home/settingpesertalelang/aUNvRG8yUW9PWk1PMSt4WXFhUEFPUT09:8060
[  269935ms] [LOG] 26 58 @ https://phbidlautdemo.prahu-hub.com/home/settingpesertalelang/aUNvRG8yUW9PWk1PMSt4WXFhUEFPUT09:8101
[  269937ms] [LOG] 27 58 @ https://phbidlautdemo.prahu-hub.com/home/settingpesertalelang/aUNvRG8yUW9PWk1PMSt4WXFhUEFPUT09:8060
[  269938ms] [LOG] 27 58 @ https://phbidlautdemo.prahu-hub.com/home/settingpesertalelang/aUNvRG8yUW9PWk1PMSt4WXFhUEFPUT09:8101
[  269940ms] [LOG] 28 58 @ https://phbidlautdemo.prahu-hub.com/home/settingpesertalelang/aUNvRG8yUW9PWk1PMSt4WXFhUEFPUT09:8060
[  269940ms] [LOG] 28 58 @ https://phbidlautdemo.prahu-hub.com/home/settingpesertalelang/aUNvRG8yUW9PWk1PMSt4WXFhUEFPUT09:8101
[  269942ms] [LOG] 29 58 @ https://phbidlautdemo.prahu-hub.com/home/settingpesertalelang/aUNvRG8yUW9PWk1PMSt4WXFhUEFPUT09:8060
[  269943ms] [LOG] 29 58 @ https://phbidlautdemo.prahu-hub.com/home/settingpesertalelang/aUNvRG8yUW9PWk1PMSt4WXFhUEFPUT09:8101
[  269945ms] [LOG] 30 58 @ https://phbidlautdemo.prahu-hub.com/home/settingpesertalelang/aUNvRG8yUW9PWk1PMSt4WXFhUEFPUT09:8060
[  269946ms] [LOG] 30 58 @ https://phbidlautdemo.prahu-hub.com/home/settingpesertalelang/aUNvRG8yUW9PWk1PMSt4WXFhUEFPUT09:8101
[  269948ms] [LOG] 31 58 @ https://phbidlautdemo.prahu-hub.com/home/settingpesertalelang/aUNvRG8yUW9PWk1PMSt4WXFhUEFPUT09:8060
[  269949ms] [LOG] 31 58 @ https://phbidlautdemo.prahu-hub.com/home/settingpesertalelang/aUNvRG8yUW9PWk1PMSt4WXFhUEFPUT09:8101
[  269951ms] [LOG] 32 58 @ https://phbidlautdemo.prahu-hub.com/home/settingpesertalelang/aUNvRG8yUW9PWk1PMSt4WXFhUEFPUT09:8060
[  269952ms] [LOG] 32 58 @ https://phbidlautdemo.prahu-hub.com/home/settingpesertalelang/aUNvRG8yUW9PWk1PMSt4WXFhUEFPUT09:8101
[  269955ms] [LOG] 33 58 @ https://phbidlautdemo.prahu-hub.com/home/settingpesertalelang/aUNvRG8yUW9PWk1PMSt4WXFhUEFPUT09:8060
[  269955ms] [LOG] 33 58 @ https://phbidlautdemo.prahu-hub.com/home/settingpesertalelang/aUNvRG8yUW9PWk1PMSt4WXFhUEFPUT09:8101
[  269958ms] [LOG] 34 58 @ https://phbidlautdemo.prahu-hub.com/home/settingpesertalelang/aUNvRG8yUW9PWk1PMSt4WXFhUEFPUT09:8060
[  269959ms] [LOG] 34 58 @ https://phbidlautdemo.prahu-hub.com/home/settingpesertalelang/aUNvRG8yUW9PWk1PMSt4WXFhUEFPUT09:8101
[  269961ms] [LOG] 35 58 @ https://phbidlautdemo.prahu-hub.com/home/settingpesertalelang/aUNvRG8yUW9PWk1PMSt4WXFhUEFPUT09:8060
[  269962ms] [LOG] 35 58 @ https://phbidlautdemo.prahu-hub.com/home/settingpesertalelang/aUNvRG8yUW9PWk1PMSt4WXFhUEFPUT09:8101
[  269965ms] [LOG] 36 58 @ https://phbidlautdemo.prahu-hub.com/home/settingpesertalelang/aUNvRG8yUW9PWk1PMSt4WXFhUEFPUT09:8060
[  269966ms] [LOG] 36 58 @ https://phbidlautdemo.prahu-hub.com/home/settingpesertalelang/aUNvRG8yUW9PWk1PMSt4WXFhUEFPUT09:8101
[  269969ms] [LOG] 37 58 @ https://phbidlautdemo.prahu-hub.com/home/settingpesertalelang/aUNvRG8yUW9PWk1PMSt4WXFhUEFPUT09:8060
[  269969ms] [LOG] 37 58 @ https://phbidlautdemo.prahu-hub.com/home/settingpesertalelang/aUNvRG8yUW9PWk1PMSt4WXFhUEFPUT09:8101
[  269972ms] [LOG] 38 58 @ https://phbidlautdemo.prahu-hub.com/home/settingpesertalelang/aUNvRG8yUW9PWk1PMSt4WXFhUEFPUT09:8060
[  269973ms] [LOG] 38 58 @ https://phbidlautdemo.prahu-hub.com/home/settingpesertalelang/aUNvRG8yUW9PWk1PMSt4WXFhUEFPUT09:8101
[  269976ms] [LOG] 39 58 @ https://phbidlautdemo.prahu-hub.com/home/settingpesertalelang/aUNvRG8yUW9PWk1PMSt4WXFhUEFPUT09:8060
[  269977ms] [LOG] 39 58 @ https://phbidlautdemo.prahu-hub.com/home/settingpesertalelang/aUNvRG8yUW9PWk1PMSt4WXFhUEFPUT09:8101
[  269981ms] [LOG] 40 58 @ https://phbidlautdemo.prahu-hub.com/home/settingpesertalelang/aUNvRG8yUW9PWk1PMSt4WXFhUEFPUT09:8060
[  269982ms] [LOG] 40 58 @ https://phbidlautdemo.prahu-hub.com/home/settingpesertalelang/aUNvRG8yUW9PWk1PMSt4WXFhUEFPUT09:8101
[  269983ms] [LOG] 41 58 @ https://phbidlautdemo.prahu-hub.com/home/settingpesertalelang/aUNvRG8yUW9PWk1PMSt4WXFhUEFPUT09:8060
[  269984ms] [LOG] 41 58 @ https://phbidlautdemo.prahu-hub.com/home/settingpesertalelang/aUNvRG8yUW9PWk1PMSt4WXFhUEFPUT09:8101
[  269987ms] [LOG] 42 58 @ https://phbidlautdemo.prahu-hub.com/home/settingpesertalelang/aUNvRG8yUW9PWk1PMSt4WXFhUEFPUT09:8060
[  269987ms] [LOG] 42 58 @ https://phbidlautdemo.prahu-hub.com/home/settingpesertalelang/aUNvRG8yUW9PWk1PMSt4WXFhUEFPUT09:8101
[  269989ms] [LOG] 43 58 @ https://phbidlautdemo.prahu-hub.com/home/settingpesertalelang/aUNvRG8yUW9PWk1PMSt4WXFhUEFPUT09:8060
[  269990ms] [LOG] 43 58 @ https://phbidlautdemo.prahu-hub.com/home/settingpesertalelang/aUNvRG8yUW9PWk1PMSt4WXFhUEFPUT09:8101
[  269992ms] [LOG] 44 58 @ https://phbidlautdemo.prahu-hub.com/home/settingpesertalelang/aUNvRG8yUW9PWk1PMSt4WXFhUEFPUT09:8060
[  269993ms] [LOG] 44 58 @ https://phbidlautdemo.prahu-hub.com/home/settingpesertalelang/aUNvRG8yUW9PWk1PMSt4WXFhUEFPUT09:8101
[  269996ms] [LOG] 45 58 @ https://phbidlautdemo.prahu-hub.com/home/settingpesertalelang/aUNvRG8yUW9PWk1PMSt4WXFhUEFPUT09:8060
[  269997ms] [LOG] 45 58 @ https://phbidlautdemo.prahu-hub.com/home/settingpesertalelang/aUNvRG8yUW9PWk1PMSt4WXFhUEFPUT09:8101
[  269999ms] [LOG] 46 58 @ https://phbidlautdemo.prahu-hub.com/home/settingpesertalelang/aUNvRG8yUW9PWk1PMSt4WXFhUEFPUT09:8060
[  270000ms] [LOG] 46 58 @ https://phbidlautdemo.prahu-hub.com/home/settingpesertalelang/aUNvRG8yUW9PWk1PMSt4WXFhUEFPUT09:8101
[  270002ms] [LOG] 47 58 @ https://phbidlautdemo.prahu-hub.com/home/settingpesertalelang/aUNvRG8yUW9PWk1PMSt4WXFhUEFPUT09:8060
[  270003ms] [LOG] 47 58 @ https://phbidlautdemo.prahu-hub.com/home/settingpesertalelang/aUNvRG8yUW9PWk1PMSt4WXFhUEFPUT09:8101
[  270005ms] [LOG] 48 58 @ https://phbidlautdemo.prahu-hub.com/home/settingpesertalelang/aUNvRG8yUW9PWk1PMSt4WXFhUEFPUT09:8060
[  270006ms] [LOG] 48 58 @ https://phbidlautdemo.prahu-hub.com/home/settingpesertalelang/aUNvRG8yUW9PWk1PMSt4WXFhUEFPUT09:8101
[  270008ms] [LOG] 49 58 @ https://phbidlautdemo.prahu-hub.com/home/settingpesertalelang/aUNvRG8yUW9PWk1PMSt4WXFhUEFPUT09:8060
[  270009ms] [LOG] 49 58 @ https://phbidlautdemo.prahu-hub.com/home/settingpesertalelang/aUNvRG8yUW9PWk1PMSt4WXFhUEFPUT09:8101
[  270011ms] [LOG] 50 58 @ https://phbidlautdemo.prahu-hub.com/home/settingpesertalelang/aUNvRG8yUW9PWk1PMSt4WXFhUEFPUT09:8060
[  270012ms] [LOG] 50 58 @ https://phbidlautdemo.prahu-hub.com/home/settingpesertalelang/aUNvRG8yUW9PWk1PMSt4WXFhUEFPUT09:8101
[  270014ms] [LOG] 51 58 @ https://phbidlautdemo.prahu-hub.com/home/settingpesertalelang/aUNvRG8yUW9PWk1PMSt4WXFhUEFPUT09:8060
[  270015ms] [LOG] 51 58 @ https://phbidlautdemo.prahu-hub.com/home/settingpesertalelang/aUNvRG8yUW9PWk1PMSt4WXFhUEFPUT09:8101
[  270018ms] [LOG] 52 58 @ https://phbidlautdemo.prahu-hub.com/home/settingpesertalelang/aUNvRG8yUW9PWk1PMSt4WXFhUEFPUT09:8060
[  270019ms] [LOG] 52 58 @ https://phbidlautdemo.prahu-hub.com/home/settingpesertalelang/aUNvRG8yUW9PWk1PMSt4WXFhUEFPUT09:8101
[  270021ms] [LOG] 53 58 @ https://phbidlautdemo.prahu-hub.com/home/settingpesertalelang/aUNvRG8yUW9PWk1PMSt4WXFhUEFPUT09:8060
[  270022ms] [LOG] 53 58 @ https://phbidlautdemo.prahu-hub.com/home/settingpesertalelang/aUNvRG8yUW9PWk1PMSt4WXFhUEFPUT09:8101
[  270024ms] [LOG] 54 58 @ https://phbidlautdemo.prahu-hub.com/home/settingpesertalelang/aUNvRG8yUW9PWk1PMSt4WXFhUEFPUT09:8060
[  270025ms] [LOG] 54 58 @ https://phbidlautdemo.prahu-hub.com/home/settingpesertalelang/aUNvRG8yUW9PWk1PMSt4WXFhUEFPUT09:8101
[  270027ms] [LOG] 55 58 @ https://phbidlautdemo.prahu-hub.com/home/settingpesertalelang/aUNvRG8yUW9PWk1PMSt4WXFhUEFPUT09:8060
[  270028ms] [LOG] 55 58 @ https://phbidlautdemo.prahu-hub.com/home/settingpesertalelang/aUNvRG8yUW9PWk1PMSt4WXFhUEFPUT09:8101
[  270031ms] [LOG] 56 58 @ https://phbidlautdemo.prahu-hub.com/home/settingpesertalelang/aUNvRG8yUW9PWk1PMSt4WXFhUEFPUT09:8060
[  270031ms] [LOG] 56 58 @ https://phbidlautdemo.prahu-hub.com/home/settingpesertalelang/aUNvRG8yUW9PWk1PMSt4WXFhUEFPUT09:8101
[  270034ms] [LOG] 57 58 @ https://phbidlautdemo.prahu-hub.com/home/settingpesertalelang/aUNvRG8yUW9PWk1PMSt4WXFhUEFPUT09:8060
[  270034ms] [LOG] 57 58 @ https://phbidlautdemo.prahu-hub.com/home/settingpesertalelang/aUNvRG8yUW9PWk1PMSt4WXFhUEFPUT09:8101
[  270037ms] [LOG] 58 58 @ https://phbidlautdemo.prahu-hub.com/home/settingpesertalelang/aUNvRG8yUW9PWk1PMSt4WXFhUEFPUT09:8060
[  270038ms] [LOG] 58 58 @ https://phbidlautdemo.prahu-hub.com/home/settingpesertalelang/aUNvRG8yUW9PWk1PMSt4WXFhUEFPUT09:8101
[  270040ms] [LOG] 57 58 @ https://phbidlautdemo.prahu-hub.com/home/settingpesertalelang/aUNvRG8yUW9PWk1PMSt4WXFhUEFPUT09:8060
[  270041ms] [LOG] 57 58 @ https://phbidlautdemo.prahu-hub.com/home/settingpesertalelang/aUNvRG8yUW9PWk1PMSt4WXFhUEFPUT09:8101
[  270043ms] [LOG] 56 57 @ https://phbidlautdemo.prahu-hub.com/home/settingpesertalelang/aUNvRG8yUW9PWk1PMSt4WXFhUEFPUT09:8060
[  270044ms] [LOG] 56 57 @ https://phbidlautdemo.prahu-hub.com/home/settingpesertalelang/aUNvRG8yUW9PWk1PMSt4WXFhUEFPUT09:8101
[  270046ms] [LOG] 56 56 @ https://phbidlautdemo.prahu-hub.com/home/settingpesertalelang/aUNvRG8yUW9PWk1PMSt4WXFhUEFPUT09:8060
[  270047ms] [LOG] 56 56 @ https://phbidlautdemo.prahu-hub.com/home/settingpesertalelang/aUNvRG8yUW9PWk1PMSt4WXFhUEFPUT09:8101
[  270049ms] [LOG] 55 56 @ https://phbidlautdemo.prahu-hub.com/home/settingpesertalelang/aUNvRG8yUW9PWk1PMSt4WXFhUEFPUT09:8060
[  270049ms] [LOG] 55 56 @ https://phbidlautdemo.prahu-hub.com/home/settingpesertalelang/aUNvRG8yUW9PWk1PMSt4WXFhUEFPUT09:8101
[  270052ms] [LOG] 55 55 @ https://phbidlautdemo.prahu-hub.com/home/settingpesertalelang/aUNvRG8yUW9PWk1PMSt4WXFhUEFPUT09:8060
[  270052ms] [LOG] 55 55 @ https://phbidlautdemo.prahu-hub.com/home/settingpesertalelang/aUNvRG8yUW9PWk1PMSt4WXFhUEFPUT09:8101
[  270055ms] [LOG] 55 55 @ https://phbidlautdemo.prahu-hub.com/home/settingpesertalelang/aUNvRG8yUW9PWk1PMSt4WXFhUEFPUT09:8060
[  270055ms] [LOG] 55 55 @ https://phbidlautdemo.prahu-hub.com/home/settingpesertalelang/aUNvRG8yUW9PWk1PMSt4WXFhUEFPUT09:8101
[  270057ms] [LOG] 54 55 @ https://phbidlautdemo.prahu-hub.com/home/settingpesertalelang/aUNvRG8yUW9PWk1PMSt4WXFhUEFPUT09:8060
[  270058ms] [LOG] 54 55 @ https://phbidlautdemo.prahu-hub.com/home/settingpesertalelang/aUNvRG8yUW9PWk1PMSt4WXFhUEFPUT09:8101
[  270060ms] [LOG] 54 54 @ https://phbidlautdemo.prahu-hub.com/home/settingpesertalelang/aUNvRG8yUW9PWk1PMSt4WXFhUEFPUT09:8060
[  270061ms] [LOG] 54 54 @ https://phbidlautdemo.prahu-hub.com/home/settingpesertalelang/aUNvRG8yUW9PWk1PMSt4WXFhUEFPUT09:8101
[  270063ms] [LOG] 53 54 @ https://phbidlautdemo.prahu-hub.com/home/settingpesertalelang/aUNvRG8yUW9PWk1PMSt4WXFhUEFPUT09:8060
[  270064ms] [LOG] 53 54 @ https://phbidlautdemo.prahu-hub.com/home/settingpesertalelang/aUNvRG8yUW9PWk1PMSt4WXFhUEFPUT09:8101
[  270067ms] [LOG] 53 53 @ https://phbidlautdemo.prahu-hub.com/home/settingpesertalelang/aUNvRG8yUW9PWk1PMSt4WXFhUEFPUT09:8060
[  270068ms] [LOG] 53 53 @ https://phbidlautdemo.prahu-hub.com/home/settingpesertalelang/aUNvRG8yUW9PWk1PMSt4WXFhUEFPUT09:8101
[  270070ms] [LOG] 52 53 @ https://phbidlautdemo.prahu-hub.com/home/settingpesertalelang/aUNvRG8yUW9PWk1PMSt4WXFhUEFPUT09:8060
[  270071ms] [LOG] 52 53 @ https://phbidlautdemo.prahu-hub.com/home/settingpesertalelang/aUNvRG8yUW9PWk1PMSt4WXFhUEFPUT09:8101
[  270074ms] [LOG] 51 52 @ https://phbidlautdemo.prahu-hub.com/home/settingpesertalelang/aUNvRG8yUW9PWk1PMSt4WXFhUEFPUT09:8060
[  270075ms] [LOG] 51 52 @ https://phbidlautdemo.prahu-hub.com/home/settingpesertalelang/aUNvRG8yUW9PWk1PMSt4WXFhUEFPUT09:8101
[  270077ms] [LOG] 50 51 @ https://phbidlautdemo.prahu-hub.com/home/settingpesertalelang/aUNvRG8yUW9PWk1PMSt4WXFhUEFPUT09:8060
[  270078ms] [LOG] 50 51 @ https://phbidlautdemo.prahu-hub.com/home/settingpesertalelang/aUNvRG8yUW9PWk1PMSt4WXFhUEFPUT09:8101
[  270080ms] [LOG] 49 50 @ https://phbidlautdemo.prahu-hub.com/home/settingpesertalelang/aUNvRG8yUW9PWk1PMSt4WXFhUEFPUT09:8060
[  270081ms] [LOG] 49 50 @ https://phbidlautdemo.prahu-hub.com/home/settingpesertalelang/aUNvRG8yUW9PWk1PMSt4WXFhUEFPUT09:8101
[  270083ms] [LOG] 48 49 @ https://phbidlautdemo.prahu-hub.com/home/settingpesertalelang/aUNvRG8yUW9PWk1PMSt4WXFhUEFPUT09:8060
[  270084ms] [LOG] 48 49 @ https://phbidlautdemo.prahu-hub.com/home/settingpesertalelang/aUNvRG8yUW9PWk1PMSt4WXFhUEFPUT09:8101
[  270086ms] [LOG] 47 48 @ https://phbidlautdemo.prahu-hub.com/home/settingpesertalelang/aUNvRG8yUW9PWk1PMSt4WXFhUEFPUT09:8060
[  270086ms] [LOG] 47 48 @ https://phbidlautdemo.prahu-hub.com/home/settingpesertalelang/aUNvRG8yUW9PWk1PMSt4WXFhUEFPUT09:8101
[  270088ms] [LOG] 47 47 @ https://phbidlautdemo.prahu-hub.com/home/settingpesertalelang/aUNvRG8yUW9PWk1PMSt4WXFhUEFPUT09:8060
[  270089ms] [LOG] 47 47 @ https://phbidlautdemo.prahu-hub.com/home/settingpesertalelang/aUNvRG8yUW9PWk1PMSt4WXFhUEFPUT09:8101
[  270091ms] [LOG] 47 47 @ https://phbidlautdemo.prahu-hub.com/home/settingpesertalelang/aUNvRG8yUW9PWk1PMSt4WXFhUEFPUT09:8060
[  270092ms] [LOG] 47 47 @ https://phbidlautdemo.prahu-hub.com/home/settingpesertalelang/aUNvRG8yUW9PWk1PMSt4WXFhUEFPUT09:8101
[  270095ms] [LOG] 46 47 @ https://phbidlautdemo.prahu-hub.com/home/settingpesertalelang/aUNvRG8yUW9PWk1PMSt4WXFhUEFPUT09:8060
[  270096ms] [LOG] 46 47 @ https://phbidlautdemo.prahu-hub.com/home/settingpesertalelang/aUNvRG8yUW9PWk1PMSt4WXFhUEFPUT09:8101
[  270099ms] [LOG] 46 46 @ https://phbidlautdemo.prahu-hub.com/home/settingpesertalelang/aUNvRG8yUW9PWk1PMSt4WXFhUEFPUT09:8060
[  270099ms] [LOG] 46 46 @ https://phbidlautdemo.prahu-hub.com/home/settingpesertalelang/aUNvRG8yUW9PWk1PMSt4WXFhUEFPUT09:8101
[  270102ms] [LOG] 46 46 @ https://phbidlautdemo.prahu-hub.com/home/settingpesertalelang/aUNvRG8yUW9PWk1PMSt4WXFhUEFPUT09:8060
[  270103ms] [LOG] 46 46 @ https://phbidlautdemo.prahu-hub.com/home/settingpesertalelang/aUNvRG8yUW9PWk1PMSt4WXFhUEFPUT09:8101
[  270105ms] [LOG] 46 46 @ https://phbidlautdemo.prahu-hub.com/home/settingpesertalelang/aUNvRG8yUW9PWk1PMSt4WXFhUEFPUT09:8060
[  270106ms] [LOG] 46 46 @ https://phbidlautdemo.prahu-hub.com/home/settingpesertalelang/aUNvRG8yUW9PWk1PMSt4WXFhUEFPUT09:8101
[  270108ms] [LOG] 46 46 @ https://phbidlautdemo.prahu-hub.com/home/settingpesertalelang/aUNvRG8yUW9PWk1PMSt4WXFhUEFPUT09:8060
[  270109ms] [LOG] 46 46 @ https://phbidlautdemo.prahu-hub.com/home/settingpesertalelang/aUNvRG8yUW9PWk1PMSt4WXFhUEFPUT09:8101
[  270112ms] [LOG] 45 46 @ https://phbidlautdemo.prahu-hub.com/home/settingpesertalelang/aUNvRG8yUW9PWk1PMSt4WXFhUEFPUT09:8060
[  270113ms] [LOG] 45 46 @ https://phbidlautdemo.prahu-hub.com/home/settingpesertalelang/aUNvRG8yUW9PWk1PMSt4WXFhUEFPUT09:8101
[  270115ms] [LOG] 45 45 @ https://phbidlautdemo.prahu-hub.com/home/settingpesertalelang/aUNvRG8yUW9PWk1PMSt4WXFhUEFPUT09:8060
[  270116ms] [LOG] 45 45 @ https://phbidlautdemo.prahu-hub.com/home/settingpesertalelang/aUNvRG8yUW9PWk1PMSt4WXFhUEFPUT09:8101
[  270118ms] [LOG] 44 45 @ https://phbidlautdemo.prahu-hub.com/home/settingpesertalelang/aUNvRG8yUW9PWk1PMSt4WXFhUEFPUT09:8060
[  270119ms] [LOG] 44 45 @ https://phbidlautdemo.prahu-hub.com/home/settingpesertalelang/aUNvRG8yUW9PWk1PMSt4WXFhUEFPUT09:8101
[  270121ms] [LOG] 44 44 @ https://phbidlautdemo.prahu-hub.com/home/settingpesertalelang/aUNvRG8yUW9PWk1PMSt4WXFhUEFPUT09:8060
[  270122ms] [LOG] 44 44 @ https://phbidlautdemo.prahu-hub.com/home/settingpesertalelang/aUNvRG8yUW9PWk1PMSt4WXFhUEFPUT09:8101
[  270124ms] [LOG] 44 44 @ https://phbidlautdemo.prahu-hub.com/home/settingpesertalelang/aUNvRG8yUW9PWk1PMSt4WXFhUEFPUT09:8060
[  270125ms] [LOG] 44 44 @ https://phbidlautdemo.prahu-hub.com/home/settingpesertalelang/aUNvRG8yUW9PWk1PMSt4WXFhUEFPUT09:8101
[  270127ms] [LOG] 44 44 @ https://phbidlautdemo.prahu-hub.com/home/settingpesertalelang/aUNvRG8yUW9PWk1PMSt4WXFhUEFPUT09:8060
[  270128ms] [LOG] 44 44 @ https://phbidlautdemo.prahu-hub.com/home/settingpesertalelang/aUNvRG8yUW9PWk1PMSt4WXFhUEFPUT09:8101
[  270130ms] [LOG] 43 44 @ https://phbidlautdemo.prahu-hub.com/home/settingpesertalelang/aUNvRG8yUW9PWk1PMSt4WXFhUEFPUT09:8060
[  270131ms] [LOG] 43 44 @ https://phbidlautdemo.prahu-hub.com/home/settingpesertalelang/aUNvRG8yUW9PWk1PMSt4WXFhUEFPUT09:8101
[  270150ms] [LOG] undefined @ https://phbidlautdemo.prahu-hub.com/home/settingpesertalelang/aUNvRG8yUW9PWk1PMSt4WXFhUEFPUT09:9667
[  270151ms] [LOG] undefined @ https://phbidlautdemo.prahu-hub.com/home/settingpesertalelang/aUNvRG8yUW9PWk1PMSt4WXFhUEFPUT09:9667
[  270151ms] [LOG] undefined @ https://phbidlautdemo.prahu-hub.com/home/settingpesertalelang/aUNvRG8yUW9PWk1PMSt4WXFhUEFPUT09:9667
[  270151ms] [LOG] undefined @ https://phbidlautdemo.prahu-hub.com/home/settingpesertalelang/aUNvRG8yUW9PWk1PMSt4WXFhUEFPUT09:9667
[  270151ms] [LOG] undefined @ https://phbidlautdemo.prahu-hub.com/home/settingpesertalelang/aUNvRG8yUW9PWk1PMSt4WXFhUEFPUT09:9667
[  270151ms] [LOG] undefined @ https://phbidlautdemo.prahu-hub.com/home/settingpesertalelang/aUNvRG8yUW9PWk1PMSt4WXFhUEFPUT09:9667
[  270152ms] [LOG] undefined @ https://phbidlautdemo.prahu-hub.com/home/settingpesertalelang/aUNvRG8yUW9PWk1PMSt4WXFhUEFPUT09:9667
[  270152ms] [LOG] undefined @ https://phbidlautdemo.prahu-hub.com/home/settingpesertalelang/aUNvRG8yUW9PWk1PMSt4WXFhUEFPUT09:9667
[  270152ms] [LOG] undefined @ https://phbidlautdemo.prahu-hub.com/home/settingpesertalelang/aUNvRG8yUW9PWk1PMSt4WXFhUEFPUT09:9667
[  270152ms] [LOG] undefined @ https://phbidlautdemo.prahu-hub.com/home/settingpesertalelang/aUNvRG8yUW9PWk1PMSt4WXFhUEFPUT09:9667
[  270152ms] [LOG] undefined @ https://phbidlautdemo.prahu-hub.com/home/settingpesertalelang/aUNvRG8yUW9PWk1PMSt4WXFhUEFPUT09:9667
[  270152ms] [LOG] undefined @ https://phbidlautdemo.prahu-hub.com/home/settingpesertalelang/aUNvRG8yUW9PWk1PMSt4WXFhUEFPUT09:9667
[  270152ms] [LOG] undefined @ https://phbidlautdemo.prahu-hub.com/home/settingpesertalelang/aUNvRG8yUW9PWk1PMSt4WXFhUEFPUT09:9667
[  270153ms] [LOG] undefined @ https://phbidlautdemo.prahu-hub.com/home/settingpesertalelang/aUNvRG8yUW9PWk1PMSt4WXFhUEFPUT09:9667
[  270153ms] [LOG] undefined @ https://phbidlautdemo.prahu-hub.com/home/settingpesertalelang/aUNvRG8yUW9PWk1PMSt4WXFhUEFPUT09:9667
[  270153ms] [LOG] undefined @ https://phbidlautdemo.prahu-hub.com/home/settingpesertalelang/aUNvRG8yUW9PWk1PMSt4WXFhUEFPUT09:9667
[  270153ms] [LOG] undefined @ https://phbidlautdemo.prahu-hub.com/home/settingpesertalelang/aUNvRG8yUW9PWk1PMSt4WXFhUEFPUT09:9667
[  270153ms] [LOG] undefined @ https://phbidlautdemo.prahu-hub.com/home/settingpesertalelang/aUNvRG8yUW9PWk1PMSt4WXFhUEFPUT09:9667
[  270153ms] [LOG] undefined @ https://phbidlautdemo.prahu-hub.com/home/settingpesertalelang/aUNvRG8yUW9PWk1PMSt4WXFhUEFPUT09:9667
[  270153ms] [LOG] undefined @ https://phbidlautdemo.prahu-hub.com/home/settingpesertalelang/aUNvRG8yUW9PWk1PMSt4WXFhUEFPUT09:9667
[  270154ms] [LOG] undefined @ https://phbidlautdemo.prahu-hub.com/home/settingpesertalelang/aUNvRG8yUW9PWk1PMSt4WXFhUEFPUT09:9667
[  270154ms] [LOG] undefined @ https://phbidlautdemo.prahu-hub.com/home/settingpesertalelang/aUNvRG8yUW9PWk1PMSt4WXFhUEFPUT09:9667
[  270154ms] [LOG] undefined @ https://phbidlautdemo.prahu-hub.com/home/settingpesertalelang/aUNvRG8yUW9PWk1PMSt4WXFhUEFPUT09:9667
[  270154ms] [LOG] undefined @ https://phbidlautdemo.prahu-hub.com/home/settingpesertalelang/aUNvRG8yUW9PWk1PMSt4WXFhUEFPUT09:9667
[  270154ms] [LOG] undefined @ https://phbidlautdemo.prahu-hub.com/home/settingpesertalelang/aUNvRG8yUW9PWk1PMSt4WXFhUEFPUT09:9667
[  270154ms] [LOG] undefined @ https://phbidlautdemo.prahu-hub.com/home/settingpesertalelang/aUNvRG8yUW9PWk1PMSt4WXFhUEFPUT09:9667
[  270155ms] [LOG] undefined @ https://phbidlautdemo.prahu-hub.com/home/settingpesertalelang/aUNvRG8yUW9PWk1PMSt4WXFhUEFPUT09:9667
[  270155ms] [LOG] undefined @ https://phbidlautdemo.prahu-hub.com/home/settingpesertalelang/aUNvRG8yUW9PWk1PMSt4WXFhUEFPUT09:9667
[  270155ms] [LOG] undefined @ https://phbidlautdemo.prahu-hub.com/home/settingpesertalelang/aUNvRG8yUW9PWk1PMSt4WXFhUEFPUT09:9667
[  270155ms] [LOG] undefined @ https://phbidlautdemo.prahu-hub.com/home/settingpesertalelang/aUNvRG8yUW9PWk1PMSt4WXFhUEFPUT09:9667
[  270155ms] [LOG] undefined @ https://phbidlautdemo.prahu-hub.com/home/settingpesertalelang/aUNvRG8yUW9PWk1PMSt4WXFhUEFPUT09:9667
[  270155ms] [LOG] undefined @ https://phbidlautdemo.prahu-hub.com/home/settingpesertalelang/aUNvRG8yUW9PWk1PMSt4WXFhUEFPUT09:9667
[  270155ms] [LOG] undefined @ https://phbidlautdemo.prahu-hub.com/home/settingpesertalelang/aUNvRG8yUW9PWk1PMSt4WXFhUEFPUT09:9667
[  270156ms] [LOG] undefined @ https://phbidlautdemo.prahu-hub.com/home/settingpesertalelang/aUNvRG8yUW9PWk1PMSt4WXFhUEFPUT09:9667
[  270156ms] [LOG] undefined @ https://phbidlautdemo.prahu-hub.com/home/settingpesertalelang/aUNvRG8yUW9PWk1PMSt4WXFhUEFPUT09:9667
[  270156ms] [LOG] undefined @ https://phbidlautdemo.prahu-hub.com/home/settingpesertalelang/aUNvRG8yUW9PWk1PMSt4WXFhUEFPUT09:9667
[  270156ms] [LOG] undefined @ https://phbidlautdemo.prahu-hub.com/home/settingpesertalelang/aUNvRG8yUW9PWk1PMSt4WXFhUEFPUT09:9667
[  270156ms] [LOG] undefined @ https://phbidlautdemo.prahu-hub.com/home/settingpesertalelang/aUNvRG8yUW9PWk1PMSt4WXFhUEFPUT09:9667
[  270156ms] [LOG] undefined @ https://phbidlautdemo.prahu-hub.com/home/settingpesertalelang/aUNvRG8yUW9PWk1PMSt4WXFhUEFPUT09:9667
[  270156ms] [LOG] undefined @ https://phbidlautdemo.prahu-hub.com/home/settingpesertalelang/aUNvRG8yUW9PWk1PMSt4WXFhUEFPUT09:9667
[  270156ms] [LOG] undefined @ https://phbidlautdemo.prahu-hub.com/home/settingpesertalelang/aUNvRG8yUW9PWk1PMSt4WXFhUEFPUT09:9667
[  270156ms] [LOG] undefined @ https://phbidlautdemo.prahu-hub.com/home/settingpesertalelang/aUNvRG8yUW9PWk1PMSt4WXFhUEFPUT09:9667
[  270156ms] [LOG] undefined @ https://phbidlautdemo.prahu-hub.com/home/settingpesertalelang/aUNvRG8yUW9PWk1PMSt4WXFhUEFPUT09:9667
[  270156ms] [LOG] undefined @ https://phbidlautdemo.prahu-hub.com/home/settingpesertalelang/aUNvRG8yUW9PWk1PMSt4WXFhUEFPUT09:9667
[  270157ms] [LOG] undefined @ https://phbidlautdemo.prahu-hub.com/home/settingpesertalelang/aUNvRG8yUW9PWk1PMSt4WXFhUEFPUT09:9667
[  270157ms] [LOG] undefined @ https://phbidlautdemo.prahu-hub.com/home/settingpesertalelang/aUNvRG8yUW9PWk1PMSt4WXFhUEFPUT09:9667
[  270157ms] [LOG] undefined @ https://phbidlautdemo.prahu-hub.com/home/settingpesertalelang/aUNvRG8yUW9PWk1PMSt4WXFhUEFPUT09:9667
[  270157ms] [LOG] undefined @ https://phbidlautdemo.prahu-hub.com/home/settingpesertalelang/aUNvRG8yUW9PWk1PMSt4WXFhUEFPUT09:9667
[  270157ms] [LOG] undefined @ https://phbidlautdemo.prahu-hub.com/home/settingpesertalelang/aUNvRG8yUW9PWk1PMSt4WXFhUEFPUT09:9667
[  270157ms] [LOG] undefined @ https://phbidlautdemo.prahu-hub.com/home/settingpesertalelang/aUNvRG8yUW9PWk1PMSt4WXFhUEFPUT09:9667
[  270157ms] [LOG] undefined @ https://phbidlautdemo.prahu-hub.com/home/settingpesertalelang/aUNvRG8yUW9PWk1PMSt4WXFhUEFPUT09:9667
[  270158ms] [LOG] undefined @ https://phbidlautdemo.prahu-hub.com/home/settingpesertalelang/aUNvRG8yUW9PWk1PMSt4WXFhUEFPUT09:9667
[  270158ms] [LOG] undefined @ https://phbidlautdemo.prahu-hub.com/home/settingpesertalelang/aUNvRG8yUW9PWk1PMSt4WXFhUEFPUT09:9667
[  270158ms] [LOG] undefined @ https://phbidlautdemo.prahu-hub.com/home/settingpesertalelang/aUNvRG8yUW9PWk1PMSt4WXFhUEFPUT09:9667
[  270158ms] [LOG] undefined @ https://phbidlautdemo.prahu-hub.com/home/settingpesertalelang/aUNvRG8yUW9PWk1PMSt4WXFhUEFPUT09:9667
[  270158ms] [LOG] undefined @ https://phbidlautdemo.prahu-hub.com/home/settingpesertalelang/aUNvRG8yUW9PWk1PMSt4WXFhUEFPUT09:9667
[  270158ms] [LOG] undefined @ https://phbidlautdemo.prahu-hub.com/home/settingpesertalelang/aUNvRG8yUW9PWk1PMSt4WXFhUEFPUT09:9667
[  270158ms] [LOG] undefined @ https://phbidlautdemo.prahu-hub.com/home/settingpesertalelang/aUNvRG8yUW9PWk1PMSt4WXFhUEFPUT09:9667
[  270158ms] [LOG] undefined @ https://phbidlautdemo.prahu-hub.com/home/settingpesertalelang/aUNvRG8yUW9PWk1PMSt4WXFhUEFPUT09:9667
[  270159ms] [LOG] WebSocket connection @ https://phbidlautdemo.prahu-hub.com/home/settingpesertalelang/aUNvRG8yUW9PWk1PMSt4WXFhUEFPUT09:9710
[  270160ms] [LOG] WebSocket connection attempting... @ https://phbidlautdemo.prahu-hub.com/home/settingpesertalelang/aUNvRG8yUW9PWk1PMSt4WXFhUEFPUT09:9788
[  270305ms] [LOG] WebSocket connected @ https://phbidlautdemo.prahu-hub.com/home/settingpesertalelang/aUNvRG8yUW9PWk1PMSt4WXFhUEFPUT09:9719
[  270309ms] [LOG] update_dashboard_order_laut @ https://phbidlautdemo.prahu-hub.com/home/settingpesertalelang/aUNvRG8yUW9PWk1PMSt4WXFhUEFPUT09:9760
[  270342ms] [LOG] Connected @ https://phbidlautdemo.prahu-hub.com/home/settingpesertalelang/aUNvRG8yUW9PWk1PMSt4WXFhUEFPUT09:9760
[  270673ms] [LOG] 200 xhrglobal @ https://phbidlautdemo.prahu-hub.com/home/settingpesertalelang/aUNvRG8yUW9PWk1PMSt4WXFhUEFPUT09:9641
[  270763ms] [LOG] 200 xhrglobal @ https://phbidlautdemo.prahu-hub.com/home/settingpesertalelang/aUNvRG8yUW9PWk1PMSt4WXFhUEFPUT09:9641
[  271845ms] TypeError: $(...).DataTable is not a function
    at https://phbidlautdemo.prahu-hub.com/_resources/themes/prahutheme/js/scripts-init/tables.js:7:23
[  275796ms] Cannot use import statement outside a module
[  275833ms] ReferenceError: Chart is not defined
    at https://phbidlautdemo.prahu-hub.com/_resources/themes/prahutheme/js/scripts-init/charts/chartjs.js:8:13
[  278249ms] Unexpected token '<'
[  278251ms] Unexpected token '<'
[  278349ms] Uncaught TypeError: expect element to be DOM Element, but got null
    at n.init (https://cdnjs.cloudflare.com/ajax/libs/smooth-scrollbar/8.5.2/smooth-scrollbar.js:24:264)
    at <anonymous> (https://phbidlautdemo.prahu-hub.com/home/relasi_satu_pintu:5774:14)
[  278405ms] [LOG] Validasi Akunnamanya @ https://phbidlautdemo.prahu-hub.com/home/relasi_satu_pintu:2040
[  278437ms] [LOG] undefined @ https://phbidlautdemo.prahu-hub.com/home/relasi_satu_pintu:6127
[  278437ms] [LOG] 1xx @ https://phbidlautdemo.prahu-hub.com/home/relasi_satu_pintu:6127
[  278437ms] [LOG] undefined @ https://phbidlautdemo.prahu-hub.com/home/relasi_satu_pintu:6127
[  278437ms] [LOG] DD/MM/YYYY @ https://phbidlautdemo.prahu-hub.com/home/relasi_satu_pintu:6127
[  278438ms] [LOG] Masukkan Email @ https://phbidlautdemo.prahu-hub.com/home/relasi_satu_pintu:6127
[  278438ms] [LOG] undefined @ https://phbidlautdemo.prahu-hub.com/home/relasi_satu_pintu:6127
[  278438ms] [LOG] 1xx @ https://phbidlautdemo.prahu-hub.com/home/relasi_satu_pintu:6127
[  278438ms] [LOG] undefined @ https://phbidlautdemo.prahu-hub.com/home/relasi_satu_pintu:6127
[  278439ms] [LOG] DD/MM/YYYY @ https://phbidlautdemo.prahu-hub.com/home/relasi_satu_pintu:6127
[  278440ms] [LOG] Masukkan Email @ https://phbidlautdemo.prahu-hub.com/home/relasi_satu_pintu:6127
[  278440ms] [LOG] undefined @ https://phbidlautdemo.prahu-hub.com/home/relasi_satu_pintu:6127
[  278440ms] [LOG] Masukkan Nama Bank @ https://phbidlautdemo.prahu-hub.com/home/relasi_satu_pintu:6127
[  278440ms] [LOG] undefined @ https://phbidlautdemo.prahu-hub.com/home/relasi_satu_pintu:6127
[  278442ms] [LOG] WebSocket connection @ https://phbidlautdemo.prahu-hub.com/home/relasi_satu_pintu:6170
[  278442ms] [LOG] WebSocket connection attempting... @ https://phbidlautdemo.prahu-hub.com/home/relasi_satu_pintu:6248
[  278572ms] [LOG] WebSocket connected @ https://phbidlautdemo.prahu-hub.com/home/relasi_satu_pintu:6179
[  278575ms] [LOG] update_dashboard_order_laut @ https://phbidlautdemo.prahu-hub.com/home/relasi_satu_pintu:6220
[  278611ms] [LOG] Connected @ https://phbidlautdemo.prahu-hub.com/home/relasi_satu_pintu:6220
[  278839ms] [LOG] 30 @ https://phbidlautdemo.prahu-hub.com/_resources/themes/prahutheme/javascript/custom/relasisatupintu.js?m=1787972929:487
[  278840ms] [LOG] 30 countView1 1 pageNow 20 limitView1 @ https://phbidlautdemo.prahu-hub.com/_resources/themes/prahutheme/javascript/custom/relasisatupintu.js?m=1787972929:489
[  278840ms] [LOG] 20 @ https://phbidlautdemo.prahu-hub.com/_resources/themes/prahutheme/javascript/custom/relasisatupintu.js?m=1787972929:495
[  278841ms] [LOG] 30 jumlah data @ https://phbidlautdemo.prahu-hub.com/_resources/themes/prahutheme/javascript/custom/relasisatupintu.js?m=1787972929:450
[  278842ms] [LOG] 2 @ https://phbidlautdemo.prahu-hub.com/_resources/themes/prahutheme/javascript/custom/relasisatupintu.js?m=1787972929:452
[  278843ms] [LOG] 2 1 pageCount & pageNow @ https://phbidlautdemo.prahu-hub.com/_resources/themes/prahutheme/javascript/custom/relasisatupintu.js?m=1787972929:375
[  278849ms] [LOG] 200 xhrglobal @ https://phbidlautdemo.prahu-hub.com/home/relasi_satu_pintu:6101
[  278896ms] ReferenceError: renderTooltipHarga is not defined
    at https://phbidlautdemo.prahu-hub.com/_resources/themes/prahutheme/javascript/custom/relasisatupintu.js?m=1787972929:579:9
[  278969ms] [LOG] 200 xhrglobal @ https://phbidlautdemo.prahu-hub.com/home/relasi_satu_pintu:6101
[  279045ms] [LOG] 200 xhrglobal @ https://phbidlautdemo.prahu-hub.com/home/relasi_satu_pintu:6101
[  280422ms] TypeError: $(...).DataTable is not a function
    at https://phbidlautdemo.prahu-hub.com/_resources/themes/prahutheme/js/scripts-init/tables.js:7:23
[  284032ms] Unexpected token '<'
[  284065ms] Cannot use import statement outside a module
[  284115ms] ReferenceError: Chart is not defined
    at https://phbidlautdemo.prahu-hub.com/_resources/themes/prahutheme/js/scripts-init/charts/chartjs.js:8:13
[  285042ms] Unexpected token '<'
[  285043ms] Unexpected token '<'
[  285148ms] Uncaught TypeError: expect element to be DOM Element, but got null
    at n.init (https://cdnjs.cloudflare.com/ajax/libs/smooth-scrollbar/8.5.2/smooth-scrollbar.js:24:264)
    at <anonymous> (https://phbidlautdemo.prahu-hub.com/adminprahu/SettingRelasi/aUNvRG8yUW9PWk1PMSt4WXFhUEFPUT09:5793:14)
[  285203ms] [LOG] Validasi Akunnamanya @ https://phbidlautdemo.prahu-hub.com/adminprahu/SettingRelasi/aUNvRG8yUW9PWk1PMSt4WXFhUEFPUT09:2040
[  285232ms] [LOG] undefined @ https://phbidlautdemo.prahu-hub.com/adminprahu/SettingRelasi/aUNvRG8yUW9PWk1PMSt4WXFhUEFPUT09:6146
[  285232ms] [LOG] undefined @ https://phbidlautdemo.prahu-hub.com/adminprahu/SettingRelasi/aUNvRG8yUW9PWk1PMSt4WXFhUEFPUT09:6146
[  285232ms] [LOG] 1xx @ https://phbidlautdemo.prahu-hub.com/adminprahu/SettingRelasi/aUNvRG8yUW9PWk1PMSt4WXFhUEFPUT09:6146
[  285233ms] [LOG] DD/MM/YYYY @ https://phbidlautdemo.prahu-hub.com/adminprahu/SettingRelasi/aUNvRG8yUW9PWk1PMSt4WXFhUEFPUT09:6146
[  285233ms] [LOG] Masukkan Relasi Transporter @ https://phbidlautdemo.prahu-hub.com/adminprahu/SettingRelasi/aUNvRG8yUW9PWk1PMSt4WXFhUEFPUT09:6146
[  285233ms] [LOG] Masukkan Atas Nama @ https://phbidlautdemo.prahu-hub.com/adminprahu/SettingRelasi/aUNvRG8yUW9PWk1PMSt4WXFhUEFPUT09:6146
[  285233ms] [LOG] Masukkan Nomor VA @ https://phbidlautdemo.prahu-hub.com/adminprahu/SettingRelasi/aUNvRG8yUW9PWk1PMSt4WXFhUEFPUT09:6146
[  285233ms] [LOG] undefined @ https://phbidlautdemo.prahu-hub.com/adminprahu/SettingRelasi/aUNvRG8yUW9PWk1PMSt4WXFhUEFPUT09:6146
[  285234ms] [LOG] undefined @ https://phbidlautdemo.prahu-hub.com/adminprahu/SettingRelasi/aUNvRG8yUW9PWk1PMSt4WXFhUEFPUT09:6146
[  285234ms] [LOG] Masukkan Nomor VA @ https://phbidlautdemo.prahu-hub.com/adminprahu/SettingRelasi/aUNvRG8yUW9PWk1PMSt4WXFhUEFPUT09:6146
[  285234ms] [LOG] Masukkan Atas Nama @ https://phbidlautdemo.prahu-hub.com/adminprahu/SettingRelasi/aUNvRG8yUW9PWk1PMSt4WXFhUEFPUT09:6146
[  285235ms] [LOG] WebSocket connection @ https://phbidlautdemo.prahu-hub.com/adminprahu/SettingRelasi/aUNvRG8yUW9PWk1PMSt4WXFhUEFPUT09:6189
[  285236ms] [LOG] WebSocket connection attempting... @ https://phbidlautdemo.prahu-hub.com/adminprahu/SettingRelasi/aUNvRG8yUW9PWk1PMSt4WXFhUEFPUT09:6267
[  285467ms] [LOG] WebSocket connected @ https://phbidlautdemo.prahu-hub.com/adminprahu/SettingRelasi/aUNvRG8yUW9PWk1PMSt4WXFhUEFPUT09:6198
[  285471ms] [LOG] update_dashboard_order_laut @ https://phbidlautdemo.prahu-hub.com/adminprahu/SettingRelasi/aUNvRG8yUW9PWk1PMSt4WXFhUEFPUT09:6239
[  285500ms] [LOG] Connected @ https://phbidlautdemo.prahu-hub.com/adminprahu/SettingRelasi/aUNvRG8yUW9PWk1PMSt4WXFhUEFPUT09:6239
[  285575ms] [LOG] 200 xhrglobal @ https://phbidlautdemo.prahu-hub.com/adminprahu/SettingRelasi/aUNvRG8yUW9PWk1PMSt4WXFhUEFPUT09:6120
[  285578ms] ReferenceError: renderTooltipHarga is not defined
    at https://phbidlautdemo.prahu-hub.com/_resources/themes/prahutheme/javascript/custom/SettingRelasi.js?m=1787972929:639:9
[  285776ms] [LOG] 200 xhrglobal @ https://phbidlautdemo.prahu-hub.com/adminprahu/SettingRelasi/aUNvRG8yUW9PWk1PMSt4WXFhUEFPUT09:6120
[  285819ms] [LOG] 200 xhrglobal @ https://phbidlautdemo.prahu-hub.com/adminprahu/SettingRelasi/aUNvRG8yUW9PWk1PMSt4WXFhUEFPUT09:6120
[  287216ms] TypeError: $(...).DataTable is not a function
    at https://phbidlautdemo.prahu-hub.com/_resources/themes/prahutheme/js/scripts-init/tables.js:7:23
[  290376ms] Cannot use import statement outside a module
[  290405ms] ReferenceError: Chart is not defined
    at https://phbidlautdemo.prahu-hub.com/_resources/themes/prahutheme/js/scripts-init/charts/chartjs.js:8:13
[  291461ms] Unexpected token '<'
[  292863ms] Unexpected token '<'
[  292965ms] Uncaught TypeError: expect element to be DOM Element, but got null
    at n.init (https://cdnjs.cloudflare.com/ajax/libs/smooth-scrollbar/8.5.2/smooth-scrollbar.js:24:264)
    at <anonymous> (https://phbidlautdemo.prahu-hub.com/home/adminprefnotif:5479:14)
[  293000ms] [LOG] Validasi Akunnamanya @ https://phbidlautdemo.prahu-hub.com/home/adminprefnotif:2040
[  293030ms] [LOG] 1xxx @ https://phbidlautdemo.prahu-hub.com/home/adminprefnotif:5832
[  293030ms] [LOG] Masukkan Nama Perusahaan @ https://phbidlautdemo.prahu-hub.com/home/adminprefnotif:5832
[  293031ms] [LOG] DD/MM/YYYY @ https://phbidlautdemo.prahu-hub.com/home/adminprefnotif:5832
[  293032ms] [LOG] DD/MM/YYYY @ https://phbidlautdemo.prahu-hub.com/home/adminprefnotif:5832
[  293033ms] [LOG] undefined @ https://phbidlautdemo.prahu-hub.com/home/adminprefnotif:5832
[  293033ms] [LOG] undefined @ https://phbidlautdemo.prahu-hub.com/home/adminprefnotif:5832
[  293033ms] [LOG] Masukkan Nama Bank @ https://phbidlautdemo.prahu-hub.com/home/adminprefnotif:5832
[  293033ms] [LOG] undefined @ https://phbidlautdemo.prahu-hub.com/home/adminprefnotif:5832
[  293034ms] [LOG] WebSocket connection @ https://phbidlautdemo.prahu-hub.com/home/adminprefnotif:5875
[  293035ms] [LOG] WebSocket connection attempting... @ https://phbidlautdemo.prahu-hub.com/home/adminprefnotif:5953
[  293180ms] [LOG] WebSocket connected @ https://phbidlautdemo.prahu-hub.com/home/adminprefnotif:5884
[  293184ms] [LOG] update_dashboard_order_laut @ https://phbidlautdemo.prahu-hub.com/home/adminprefnotif:5925
[  293214ms] [LOG] Connected @ https://phbidlautdemo.prahu-hub.com/home/adminprefnotif:5925
[  293478ms] [LOG] [Object, Object, Object, Object, Object, Object, Object, Object, Object, Object, Object, Object, Object, Object, Object, Object, Object, Object, Object, Object] @ https://phbidlautdemo.prahu-hub.com/_resources/themes/prahutheme/javascript/custom/adminprefnotif.js?m=1787972929:25
[  293493ms] [LOG] 125 @ https://phbidlautdemo.prahu-hub.com/_resources/themes/prahutheme/javascript/custom/adminprefnotif.js?m=1787972929:517
[  293493ms] [LOG] 125 countView1 1 pageNow 20 limitView1 @ https://phbidlautdemo.prahu-hub.com/_resources/themes/prahutheme/javascript/custom/adminprefnotif.js?m=1787972929:519
[  293494ms] [LOG] 20 @ https://phbidlautdemo.prahu-hub.com/_resources/themes/prahutheme/javascript/custom/adminprefnotif.js?m=1787972929:525
[  293495ms] [LOG] 125 jumlah data @ https://phbidlautdemo.prahu-hub.com/_resources/themes/prahutheme/javascript/custom/adminprefnotif.js?m=1787972929:480
[  293496ms] [LOG] 7 @ https://phbidlautdemo.prahu-hub.com/_resources/themes/prahutheme/javascript/custom/adminprefnotif.js?m=1787972929:482
[  293497ms] [LOG] 7 1 pageCount & pageNow @ https://phbidlautdemo.prahu-hub.com/_resources/themes/prahutheme/javascript/custom/adminprefnotif.js?m=1787972929:405
[  293500ms] [LOG] 200 xhrglobal @ https://phbidlautdemo.prahu-hub.com/home/adminprefnotif:5806
[  293567ms] [LOG] 200 xhrglobal @ https://phbidlautdemo.prahu-hub.com/home/adminprefnotif:5806
[  294393ms] [LOG] 200 xhrglobal @ https://phbidlautdemo.prahu-hub.com/home/adminprefnotif:5806
[  295013ms] TypeError: $(...).DataTable is not a function
    at https://phbidlautdemo.prahu-hub.com/_resources/themes/prahutheme/js/scripts-init/tables.js:7:23
[  297697ms] Cannot use import statement outside a module
[  297735ms] ReferenceError: Chart is not defined
    at https://phbidlautdemo.prahu-hub.com/_resources/themes/prahutheme/js/scripts-init/charts/chartjs.js:8:13
[  298825ms] Unexpected token '<'
[  298826ms] Unexpected token '<'
[  298922ms] Uncaught TypeError: expect element to be DOM Element, but got null
    at n.init (https://cdnjs.cloudflare.com/ajax/libs/smooth-scrollbar/8.5.2/smooth-scrollbar.js:24:264)
    at <anonymous> (https://phbidlautdemo.prahu-hub.com/home/preferenceNotifBidder?par=NE5UOWlPTW52MXM4bmxLTnFNakNRdz09:5440:14)
[  298954ms] [LOG] Validasi Akunnamanya @ https://phbidlautdemo.prahu-hub.com/home/preferenceNotifBidder?par=NE5UOWlPTW52MXM4bmxLTnFNakNRdz09:2039
[  298967ms] [LOG] WebSocket connection @ https://phbidlautdemo.prahu-hub.com/home/preferenceNotifBidder?par=NE5UOWlPTW52MXM4bmxLTnFNakNRdz09:5836
[  298967ms] [LOG] WebSocket connection attempting... @ https://phbidlautdemo.prahu-hub.com/home/preferenceNotifBidder?par=NE5UOWlPTW52MXM4bmxLTnFNakNRdz09:5914
[  299110ms] [LOG] WebSocket connected @ https://phbidlautdemo.prahu-hub.com/home/preferenceNotifBidder?par=NE5UOWlPTW52MXM4bmxLTnFNakNRdz09:5845
[  299117ms] [LOG] update_dashboard_order_laut @ https://phbidlautdemo.prahu-hub.com/home/preferenceNotifBidder?par=NE5UOWlPTW52MXM4bmxLTnFNakNRdz09:5886
[  299141ms] [LOG] Connected @ https://phbidlautdemo.prahu-hub.com/home/preferenceNotifBidder?par=NE5UOWlPTW52MXM4bmxLTnFNakNRdz09:5886
[  299465ms] [LOG] 200 xhrglobal @ https://phbidlautdemo.prahu-hub.com/home/preferenceNotifBidder?par=NE5UOWlPTW52MXM4bmxLTnFNakNRdz09:5767
[  299620ms] [LOG] 200 xhrglobal @ https://phbidlautdemo.prahu-hub.com/home/preferenceNotifBidder?par=NE5UOWlPTW52MXM4bmxLTnFNakNRdz09:5767
[  300966ms] TypeError: $(...).DataTable is not a function
    at https://phbidlautdemo.prahu-hub.com/_resources/themes/prahutheme/js/scripts-init/tables.js:7:23
[  304258ms] Cannot use import statement outside a module
[  304295ms] ReferenceError: Chart is not defined
    at https://phbidlautdemo.prahu-hub.com/_resources/themes/prahutheme/js/scripts-init/charts/chartjs.js:8:13
[  305368ms] Unexpected token '<'
[  305938ms] Unexpected token '<'
[  306023ms] Uncaught TypeError: expect element to be DOM Element, but got null
    at n.init (https://cdnjs.cloudflare.com/ajax/libs/smooth-scrollbar/8.5.2/smooth-scrollbar.js:24:264)
    at <anonymous> (https://phbidlautdemo.prahu-hub.com/home/adminprefnotif:5479:14)
[  306067ms] [LOG] Validasi Akunnamanya @ https://phbidlautdemo.prahu-hub.com/home/adminprefnotif:2040
[  306089ms] [LOG] 1xxx @ https://phbidlautdemo.prahu-hub.com/home/adminprefnotif:5832
[  306089ms] [LOG] Masukkan Nama Perusahaan @ https://phbidlautdemo.prahu-hub.com/home/adminprefnotif:5832
[  306089ms] [LOG] DD/MM/YYYY @ https://phbidlautdemo.prahu-hub.com/home/adminprefnotif:5832
[  306091ms] [LOG] DD/MM/YYYY @ https://phbidlautdemo.prahu-hub.com/home/adminprefnotif:5832
[  306092ms] [LOG] undefined @ https://phbidlautdemo.prahu-hub.com/home/adminprefnotif:5832
[  306092ms] [LOG] undefined @ https://phbidlautdemo.prahu-hub.com/home/adminprefnotif:5832
[  306092ms] [LOG] Masukkan Nama Bank @ https://phbidlautdemo.prahu-hub.com/home/adminprefnotif:5832
[  306093ms] [LOG] undefined @ https://phbidlautdemo.prahu-hub.com/home/adminprefnotif:5832
[  306094ms] [LOG] WebSocket connection @ https://phbidlautdemo.prahu-hub.com/home/adminprefnotif:5875
[  306094ms] [LOG] WebSocket connection attempting... @ https://phbidlautdemo.prahu-hub.com/home/adminprefnotif:5953
[  306218ms] [LOG] WebSocket connected @ https://phbidlautdemo.prahu-hub.com/home/adminprefnotif:5884
[  306223ms] [LOG] update_dashboard_order_laut @ https://phbidlautdemo.prahu-hub.com/home/adminprefnotif:5925
[  306251ms] [LOG] Connected @ https://phbidlautdemo.prahu-hub.com/home/adminprefnotif:5925
[  306616ms] [LOG] 200 xhrglobal @ https://phbidlautdemo.prahu-hub.com/home/adminprefnotif:5806
[  306943ms] [LOG] 200 xhrglobal @ https://phbidlautdemo.prahu-hub.com/home/adminprefnotif:5806
[  307648ms] [LOG] [Object, Object, Object, Object, Object, Object, Object, Object, Object, Object, Object, Object, Object, Object, Object, Object, Object, Object, Object, Object] @ https://phbidlautdemo.prahu-hub.com/_resources/themes/prahutheme/javascript/custom/adminprefnotif.js?m=1787972929:25
[  307655ms] [LOG] 125 @ https://phbidlautdemo.prahu-hub.com/_resources/themes/prahutheme/javascript/custom/adminprefnotif.js?m=1787972929:517
[  307656ms] [LOG] 125 countView1 1 pageNow 20 limitView1 @ https://phbidlautdemo.prahu-hub.com/_resources/themes/prahutheme/javascript/custom/adminprefnotif.js?m=1787972929:519
[  307656ms] [LOG] 20 @ https://phbidlautdemo.prahu-hub.com/_resources/themes/prahutheme/javascript/custom/adminprefnotif.js?m=1787972929:525
[  307656ms] [LOG] 125 jumlah data @ https://phbidlautdemo.prahu-hub.com/_resources/themes/prahutheme/javascript/custom/adminprefnotif.js?m=1787972929:480
[  307657ms] [LOG] 7 @ https://phbidlautdemo.prahu-hub.com/_resources/themes/prahutheme/javascript/custom/adminprefnotif.js?m=1787972929:482
[  307657ms] [LOG] 7 1 pageCount & pageNow @ https://phbidlautdemo.prahu-hub.com/_resources/themes/prahutheme/javascript/custom/adminprefnotif.js?m=1787972929:405
[  307660ms] [LOG] 200 xhrglobal @ https://phbidlautdemo.prahu-hub.com/home/adminprefnotif:5806
[  308078ms] TypeError: $(...).DataTable is not a function
    at https://phbidlautdemo.prahu-hub.com/_resources/themes/prahutheme/js/scripts-init/tables.js:7:23
[  310848ms] Cannot use import statement outside a module
[  310893ms] ReferenceError: Chart is not defined
    at https://phbidlautdemo.prahu-hub.com/_resources/themes/prahutheme/js/scripts-init/charts/chartjs.js:8:13
[  311410ms] Unexpected token '<'
[  312003ms] Unexpected token '<'
[  312085ms] Uncaught TypeError: expect element to be DOM Element, but got null
    at n.init (https://cdnjs.cloudflare.com/ajax/libs/smooth-scrollbar/8.5.2/smooth-scrollbar.js:24:264)
    at <anonymous> (https://phbidlautdemo.prahu-hub.com/home/settingPreferenceNotifBidder?par=NE5UOWlPTW52MXM4bmxLTnFNakNRdz09:5382:14)
[  312114ms] [LOG] Validasi Akunnamanya @ https://phbidlautdemo.prahu-hub.com/home/settingPreferenceNotifBidder?par=NE5UOWlPTW52MXM4bmxLTnFNakNRdz09:2039
[  312125ms] [LOG] undefined @ https://phbidlautdemo.prahu-hub.com/home/settingPreferenceNotifBidder?par=NE5UOWlPTW52MXM4bmxLTnFNakNRdz09:5735
[  312125ms] [LOG] undefined @ https://phbidlautdemo.prahu-hub.com/home/settingPreferenceNotifBidder?par=NE5UOWlPTW52MXM4bmxLTnFNakNRdz09:5735
[  312125ms] [LOG] undefined @ https://phbidlautdemo.prahu-hub.com/home/settingPreferenceNotifBidder?par=NE5UOWlPTW52MXM4bmxLTnFNakNRdz09:5735
[  312126ms] [LOG] undefined @ https://phbidlautdemo.prahu-hub.com/home/settingPreferenceNotifBidder?par=NE5UOWlPTW52MXM4bmxLTnFNakNRdz09:5735
[  312126ms] [LOG] undefined @ https://phbidlautdemo.prahu-hub.com/home/settingPreferenceNotifBidder?par=NE5UOWlPTW52MXM4bmxLTnFNakNRdz09:5735
[  312126ms] [LOG] undefined @ https://phbidlautdemo.prahu-hub.com/home/settingPreferenceNotifBidder?par=NE5UOWlPTW52MXM4bmxLTnFNakNRdz09:5735
[  312126ms] [LOG] undefined @ https://phbidlautdemo.prahu-hub.com/home/settingPreferenceNotifBidder?par=NE5UOWlPTW52MXM4bmxLTnFNakNRdz09:5735
[  312126ms] [LOG] undefined @ https://phbidlautdemo.prahu-hub.com/home/settingPreferenceNotifBidder?par=NE5UOWlPTW52MXM4bmxLTnFNakNRdz09:5735
[  312126ms] [LOG] undefined @ https://phbidlautdemo.prahu-hub.com/home/settingPreferenceNotifBidder?par=NE5UOWlPTW52MXM4bmxLTnFNakNRdz09:5735
[  312126ms] [LOG] undefined @ https://phbidlautdemo.prahu-hub.com/home/settingPreferenceNotifBidder?par=NE5UOWlPTW52MXM4bmxLTnFNakNRdz09:5735
[  312127ms] [LOG] undefined @ https://phbidlautdemo.prahu-hub.com/home/settingPreferenceNotifBidder?par=NE5UOWlPTW52MXM4bmxLTnFNakNRdz09:5735
[  312127ms] [LOG] undefined @ https://phbidlautdemo.prahu-hub.com/home/settingPreferenceNotifBidder?par=NE5UOWlPTW52MXM4bmxLTnFNakNRdz09:5735
[  312127ms] [LOG] undefined @ https://phbidlautdemo.prahu-hub.com/home/settingPreferenceNotifBidder?par=NE5UOWlPTW52MXM4bmxLTnFNakNRdz09:5735
[  312128ms] [LOG] undefined @ https://phbidlautdemo.prahu-hub.com/home/settingPreferenceNotifBidder?par=NE5UOWlPTW52MXM4bmxLTnFNakNRdz09:5735
[  312128ms] [LOG] undefined @ https://phbidlautdemo.prahu-hub.com/home/settingPreferenceNotifBidder?par=NE5UOWlPTW52MXM4bmxLTnFNakNRdz09:5735
[  312128ms] [LOG] undefined @ https://phbidlautdemo.prahu-hub.com/home/settingPreferenceNotifBidder?par=NE5UOWlPTW52MXM4bmxLTnFNakNRdz09:5735
[  312129ms] [LOG] undefined @ https://phbidlautdemo.prahu-hub.com/home/settingPreferenceNotifBidder?par=NE5UOWlPTW52MXM4bmxLTnFNakNRdz09:5735
[  312130ms] [LOG] WebSocket connection @ https://phbidlautdemo.prahu-hub.com/home/settingPreferenceNotifBidder?par=NE5UOWlPTW52MXM4bmxLTnFNakNRdz09:5778
[  312131ms] [LOG] WebSocket connection attempting... @ https://phbidlautdemo.prahu-hub.com/home/settingPreferenceNotifBidder?par=NE5UOWlPTW52MXM4bmxLTnFNakNRdz09:5856
[  312255ms] [LOG] WebSocket connected @ https://phbidlautdemo.prahu-hub.com/home/settingPreferenceNotifBidder?par=NE5UOWlPTW52MXM4bmxLTnFNakNRdz09:5787
[  312258ms] [LOG] update_dashboard_order_laut @ https://phbidlautdemo.prahu-hub.com/home/settingPreferenceNotifBidder?par=NE5UOWlPTW52MXM4bmxLTnFNakNRdz09:5828
[  312290ms] [LOG] Connected @ https://phbidlautdemo.prahu-hub.com/home/settingPreferenceNotifBidder?par=NE5UOWlPTW52MXM4bmxLTnFNakNRdz09:5828
[  312601ms] [LOG] 200 xhrglobal @ https://phbidlautdemo.prahu-hub.com/home/settingPreferenceNotifBidder?par=NE5UOWlPTW52MXM4bmxLTnFNakNRdz09:5709
[  312662ms] [LOG] 200 xhrglobal @ https://phbidlautdemo.prahu-hub.com/home/settingPreferenceNotifBidder?par=NE5UOWlPTW52MXM4bmxLTnFNakNRdz09:5709
[  314125ms] TypeError: $(...).DataTable is not a function
    at https://phbidlautdemo.prahu-hub.com/_resources/themes/prahutheme/js/scripts-init/tables.js:7:23
