[    3499ms] Cannot use import statement outside a module
[    3499ms] ReferenceError: Chart is not defined
    at https://phbidlautdemo.prahu-hub.com/_resources/themes/prahutheme/js/scripts-init/charts/chartjs.js:8:13
[    4496ms] Unexpected token '<'
[    4497ms] Unexpected token '<'
[    4559ms] Uncaught TypeError: expect element to be DOM Element, but got null
    at n.init (https://cdnjs.cloudflare.com/ajax/libs/smooth-scrollbar/8.5.2/smooth-scrollbar.js:24:264)
    at <anonymous> (https://phbidlautdemo.prahu-hub.com/order/orderlist:8239:14)
[    4601ms] [LOG] 1 @ https://phbidlautdemo.prahu-hub.com/_resources/themes/prahutheme/javascript/custom/orderList.js?m=1788319233:939
[    4601ms] [LOG] 20 @ https://phbidlautdemo.prahu-hub.com/_resources/themes/prahutheme/javascript/custom/orderList.js?m=1788319233:940
[    4607ms] [LOG] Daftar Ordernamanya @ https://phbidlautdemo.prahu-hub.com/order/orderlist:2308
[    4629ms] [LOG] Masukkan ID Order @ https://phbidlautdemo.prahu-hub.com/order/orderlist:8592
[    4629ms] [LOG] undefined @ https://phbidlautdemo.prahu-hub.com/order/orderlist:8592
[    4629ms] [LOG] Masukkan Nomor Lelang @ https://phbidlautdemo.prahu-hub.com/order/orderlist:8592
[    4630ms] [LOG] DD/MM/YYYY - DD/MM/YYYY @ https://phbidlautdemo.prahu-hub.com/order/orderlist:8592
[    4630ms] [LOG] Masukkan No. Kontainer @ https://phbidlautdemo.prahu-hub.com/order/orderlist:8592
[    4630ms] [LOG] DD/MM/YYYY - DD/MM/YYYY @ https://phbidlautdemo.prahu-hub.com/order/orderlist:8592
[    4630ms] [LOG] DD/MM/YYYY -  DD/MM/YYYY @ https://phbidlautdemo.prahu-hub.com/order/orderlist:8592
[    4630ms] [LOG] Search... @ https://phbidlautdemo.prahu-hub.com/order/orderlist:8592
[    4630ms] [LOG] Search... @ https://phbidlautdemo.prahu-hub.com/order/orderlist:8592
[    4630ms] [LOG] undefined @ https://phbidlautdemo.prahu-hub.com/order/orderlist:8592
[    4630ms] [LOG] Masukkan Nama Kapal @ https://phbidlautdemo.prahu-hub.com/order/orderlist:8592
[    4630ms] [LOG] DD/MM/YYYY @ https://phbidlautdemo.prahu-hub.com/order/orderlist:8592
[    4630ms] [LOG] Masukkan Jumlah @ https://phbidlautdemo.prahu-hub.com/order/orderlist:8592
[    4630ms] [LOG] Masukkan Nama Penerima Barang @ https://phbidlautdemo.prahu-hub.com/order/orderlist:8592
[    4630ms] [LOG] Search... @ https://phbidlautdemo.prahu-hub.com/order/orderlist:8592
[    4631ms] [LOG] Masukkan Nomor Referensi @ https://phbidlautdemo.prahu-hub.com/order/orderlist:8592
[    4631ms] [LOG] undefined @ https://phbidlautdemo.prahu-hub.com/order/orderlist:8592
[    4631ms] [LOG] Masukkan Harga Baru @ https://phbidlautdemo.prahu-hub.com/order/orderlist:8592
[    4631ms] [LOG] undefined @ https://phbidlautdemo.prahu-hub.com/order/orderlist:8592
[    4632ms] [LOG] WebSocket connection @ https://phbidlautdemo.prahu-hub.com/order/orderlist:8635
[    4632ms] [LOG] WebSocket connection attempting... @ https://phbidlautdemo.prahu-hub.com/order/orderlist:8713
[    5583ms] [LOG] WebSocket connected @ https://phbidlautdemo.prahu-hub.com/order/orderlist:8644
[    5584ms] [LOG] update_dashboard_order_laut @ https://phbidlautdemo.prahu-hub.com/order/orderlist:8685
[    5894ms] [LOG] Connected @ https://phbidlautdemo.prahu-hub.com/order/orderlist:8685
[    6648ms] TypeError: $(...).DataTable is not a function
    at https://phbidlautdemo.prahu-hub.com/_resources/themes/prahutheme/js/scripts-init/tables.js:7:23
[    7691ms] [LOG] datanya20 @ https://phbidlautdemo.prahu-hub.com/_resources/themes/prahutheme/javascript/custom/orderList.js?m=1788319233:986
[    7691ms] [LOG] [Object, Object, Object, Object, Object, Object, Object, Object, Object, Object, Object, Object, Object, Object, Object, Object, Object, Object, Object, Object] @ https://phbidlautdemo.prahu-hub.com/_resources/themes/prahutheme/javascript/custom/orderList.js?m=1788319233:421
[    7692ms] [LOG] {ID: 1465, status_order: KONFIRMASI_UNIT, JadwalID: 1870, ID_Order: 20260904-06501, dari_api: null} @ https://phbidlautdemo.prahu-hub.com/_resources/themes/prahutheme/javascript/custom/orderList.js?m=1788319233:427
[    7692ms] [LOG] [Manujo] penerima @ https://phbidlautdemo.prahu-hub.com/_resources/themes/prahutheme/javascript/custom/orderList.js?m=1788319233:648
[    7693ms] [LOG] {ID: 1464, status_order: PACKING_LIST, JadwalID: 1891, ID_Order: 20260829-06504, dari_api: null} @ https://phbidlautdemo.prahu-hub.com/_resources/themes/prahutheme/javascript/custom/orderList.js?m=1788319233:427
[    7693ms] [LOG] [Manujo] penerima @ https://phbidlautdemo.prahu-hub.com/_resources/themes/prahutheme/javascript/custom/orderList.js?m=1788319233:648
[    7693ms] [LOG] {ID: 1463, status_order: PENDING, JadwalID: 1868, ID_Order: 20260829-02603, dari_api: null} @ https://phbidlautdemo.prahu-hub.com/_resources/themes/prahutheme/javascript/custom/orderList.js?m=1788319233:427
[    7693ms] [LOG] [Suyanto] penerima @ https://phbidlautdemo.prahu-hub.com/_resources/themes/prahutheme/javascript/custom/orderList.js?m=1788319233:648
[    7693ms] [LOG] {ID: 1462, status_order: PENDING, JadwalID: 1863, ID_Order: 20260829-02602, dari_api: null} @ https://phbidlautdemo.prahu-hub.com/_resources/themes/prahutheme/javascript/custom/orderList.js?m=1788319233:427
[    7693ms] [LOG] [Pras Tujuan] penerima @ https://phbidlautdemo.prahu-hub.com/_resources/themes/prahutheme/javascript/custom/orderList.js?m=1788319233:648
[    7694ms] [LOG] {ID: 1461, status_order: CANCEL, JadwalID: 1869, ID_Order: 20260829-06501, dari_api: null} @ https://phbidlautdemo.prahu-hub.com/_resources/themes/prahutheme/javascript/custom/orderList.js?m=1788319233:427
[    7694ms] [LOG] [Manujo] penerima @ https://phbidlautdemo.prahu-hub.com/_resources/themes/prahutheme/javascript/custom/orderList.js?m=1788319233:648
[    7694ms] [LOG] {ID: 1460, status_order: KONFIRMASI_UNIT, JadwalID: 1862, ID_Order: 20260828-06506, dari_api: null} @ https://phbidlautdemo.prahu-hub.com/_resources/themes/prahutheme/javascript/custom/orderList.js?m=1788319233:427
[    7694ms] [LOG] [Manujo] penerima @ https://phbidlautdemo.prahu-hub.com/_resources/themes/prahutheme/javascript/custom/orderList.js?m=1788319233:648
[    7694ms] [LOG] {ID: 1459, status_order: CANCEL, JadwalID: 1846, ID_Order: 20260828-06505, dari_api: null} @ https://phbidlautdemo.prahu-hub.com/_resources/themes/prahutheme/javascript/custom/orderList.js?m=1788319233:427
[    7694ms] [LOG] [Manujo] penerima @ https://phbidlautdemo.prahu-hub.com/_resources/themes/prahutheme/javascript/custom/orderList.js?m=1788319233:648
[    7695ms] [LOG] {ID: 1458, status_order: DONE, JadwalID: 1846, ID_Order: 20260828-06504, dari_api: null} @ https://phbidlautdemo.prahu-hub.com/_resources/themes/prahutheme/javascript/custom/orderList.js?m=1788319233:427
[    7695ms] [LOG] [Manujo] penerima @ https://phbidlautdemo.prahu-hub.com/_resources/themes/prahutheme/javascript/custom/orderList.js?m=1788319233:648
[    7695ms] [LOG] {ID: 1457, status_order: PACKING_LIST, JadwalID: 1848, ID_Order: 20260828-08503, dari_api: null} @ https://phbidlautdemo.prahu-hub.com/_resources/themes/prahutheme/javascript/custom/orderList.js?m=1788319233:427
[    7695ms] [LOG] [050505500] penerima @ https://phbidlautdemo.prahu-hub.com/_resources/themes/prahutheme/javascript/custom/orderList.js?m=1788319233:648
[    7695ms] [LOG] {ID: 1456, status_order: DONE, JadwalID: 1853, ID_Order: 20260828-02602, dari_api: null} @ https://phbidlautdemo.prahu-hub.com/_resources/themes/prahutheme/javascript/custom/orderList.js?m=1788319233:427
[    7696ms] [LOG] [Pras Tujuan] penerima @ https://phbidlautdemo.prahu-hub.com/_resources/themes/prahutheme/javascript/custom/orderList.js?m=1788319233:648
[    7696ms] [LOG] {ID: 1455, status_order: DONE, JadwalID: 1848, ID_Order: 20260828-08501, dari_api: null} @ https://phbidlautdemo.prahu-hub.com/_resources/themes/prahutheme/javascript/custom/orderList.js?m=1788319233:427
[    7696ms] [LOG] [050505500] penerima @ https://phbidlautdemo.prahu-hub.com/_resources/themes/prahutheme/javascript/custom/orderList.js?m=1788319233:648
[    7696ms] [LOG] {ID: 1454, status_order: SHIPPER_VALIDATED, JadwalID: 1846, ID_Order: 20260827-06503, dari_api: null} @ https://phbidlautdemo.prahu-hub.com/_resources/themes/prahutheme/javascript/custom/orderList.js?m=1788319233:427
[    7696ms] [LOG] [Manujo] penerima @ https://phbidlautdemo.prahu-hub.com/_resources/themes/prahutheme/javascript/custom/orderList.js?m=1788319233:648
[    7696ms] [LOG] {ID: 1453, status_order: DONE, JadwalID: 1846, ID_Order: 20260827-06502, dari_api: null} @ https://phbidlautdemo.prahu-hub.com/_resources/themes/prahutheme/javascript/custom/orderList.js?m=1788319233:427
[    7697ms] [LOG] [Manujo] penerima @ https://phbidlautdemo.prahu-hub.com/_resources/themes/prahutheme/javascript/custom/orderList.js?m=1788319233:648
[    7697ms] [LOG] {ID: 1452, status_order: DONE, JadwalID: 1844, ID_Order: 20260827-06501, dari_api: null} @ https://phbidlautdemo.prahu-hub.com/_resources/themes/prahutheme/javascript/custom/orderList.js?m=1788319233:427
[    7697ms] [LOG] [Ik Bitung] penerima @ https://phbidlautdemo.prahu-hub.com/_resources/themes/prahutheme/javascript/custom/orderList.js?m=1788319233:648
[    7697ms] [LOG] {ID: 1451, status_order: DONE, JadwalID: 1845, ID_Order: 20260826-06507, dari_api: null} @ https://phbidlautdemo.prahu-hub.com/_resources/themes/prahutheme/javascript/custom/orderList.js?m=1788319233:427
[    7697ms] [LOG] [Ik Bitung] penerima @ https://phbidlautdemo.prahu-hub.com/_resources/themes/prahutheme/javascript/custom/orderList.js?m=1788319233:648
[    7697ms] [LOG] {ID: 1450, status_order: PENDING, JadwalID: 1844, ID_Order: 20260826-06506, dari_api: null} @ https://phbidlautdemo.prahu-hub.com/_resources/themes/prahutheme/javascript/custom/orderList.js?m=1788319233:427
[    7698ms] [LOG] [Ik Bitung] penerima @ https://phbidlautdemo.prahu-hub.com/_resources/themes/prahutheme/javascript/custom/orderList.js?m=1788319233:648
[    7698ms] [LOG] {ID: 1449, status_order: DONE, JadwalID: 1839, ID_Order: 20260826-06505, dari_api: null} @ https://phbidlautdemo.prahu-hub.com/_resources/themes/prahutheme/javascript/custom/orderList.js?m=1788319233:427
[    7698ms] [LOG] [Ik Bitung] penerima @ https://phbidlautdemo.prahu-hub.com/_resources/themes/prahutheme/javascript/custom/orderList.js?m=1788319233:648
[    7698ms] [LOG] {ID: 1448, status_order: DONE, JadwalID: 1851, ID_Order: 20260826-06504, dari_api: null} @ https://phbidlautdemo.prahu-hub.com/_resources/themes/prahutheme/javascript/custom/orderList.js?m=1788319233:427
[    7698ms] [LOG] [Ik Bitung] penerima @ https://phbidlautdemo.prahu-hub.com/_resources/themes/prahutheme/javascript/custom/orderList.js?m=1788319233:648
[    7698ms] [LOG] {ID: 1447, status_order: DONE, JadwalID: 1839, ID_Order: 20260826-06503, dari_api: null} @ https://phbidlautdemo.prahu-hub.com/_resources/themes/prahutheme/javascript/custom/orderList.js?m=1788319233:427
[    7699ms] [LOG] [Ik Bitung] penerima @ https://phbidlautdemo.prahu-hub.com/_resources/themes/prahutheme/javascript/custom/orderList.js?m=1788319233:648
[    7699ms] [LOG] {ID: 1446, status_order: DONE, JadwalID: 1839, ID_Order: 20260826-06502, dari_api: null} @ https://phbidlautdemo.prahu-hub.com/_resources/themes/prahutheme/javascript/custom/orderList.js?m=1788319233:427
[    7699ms] [LOG] [Ik Bitung] penerima @ https://phbidlautdemo.prahu-hub.com/_resources/themes/prahutheme/javascript/custom/orderList.js?m=1788319233:648
[    7713ms] [LOG] [Object, Object, Object, Object, Object, Object, Object, Object, Object, Object, Object, Object, Object, Object, Object, Object, Object, Object, Object, Object] @ https://phbidlautdemo.prahu-hub.com/_resources/themes/prahutheme/javascript/custom/orderList.js?m=1788319233:40
[    7714ms] [LOG] {ID: 1465, status_order: KONFIRMASI_UNIT, JadwalID: 1870, ID_Order: 20260904-06501, dari_api: null} @ https://phbidlautdemo.prahu-hub.com/_resources/themes/prahutheme/javascript/custom/orderList.js?m=1788319233:46
[    7714ms] [LOG] [Manujo] penerima @ https://phbidlautdemo.prahu-hub.com/_resources/themes/prahutheme/javascript/custom/orderList.js?m=1788319233:261
[    7714ms] [LOG] {ID: 1464, status_order: PACKING_LIST, JadwalID: 1891, ID_Order: 20260829-06504, dari_api: null} @ https://phbidlautdemo.prahu-hub.com/_resources/themes/prahutheme/javascript/custom/orderList.js?m=1788319233:46
[    7715ms] [LOG] [Manujo] penerima @ https://phbidlautdemo.prahu-hub.com/_resources/themes/prahutheme/javascript/custom/orderList.js?m=1788319233:261
[    7715ms] [LOG] {ID: 1463, status_order: PENDING, JadwalID: 1868, ID_Order: 20260829-02603, dari_api: null} @ https://phbidlautdemo.prahu-hub.com/_resources/themes/prahutheme/javascript/custom/orderList.js?m=1788319233:46
[    7715ms] [LOG] [Suyanto] penerima @ https://phbidlautdemo.prahu-hub.com/_resources/themes/prahutheme/javascript/custom/orderList.js?m=1788319233:261
[    7715ms] [LOG] {ID: 1462, status_order: PENDING, JadwalID: 1863, ID_Order: 20260829-02602, dari_api: null} @ https://phbidlautdemo.prahu-hub.com/_resources/themes/prahutheme/javascript/custom/orderList.js?m=1788319233:46
[    7715ms] [LOG] [Pras Tujuan] penerima @ https://phbidlautdemo.prahu-hub.com/_resources/themes/prahutheme/javascript/custom/orderList.js?m=1788319233:261
[    7715ms] [LOG] {ID: 1461, status_order: CANCEL, JadwalID: 1869, ID_Order: 20260829-06501, dari_api: null} @ https://phbidlautdemo.prahu-hub.com/_resources/themes/prahutheme/javascript/custom/orderList.js?m=1788319233:46
[    7716ms] [LOG] [Manujo] penerima @ https://phbidlautdemo.prahu-hub.com/_resources/themes/prahutheme/javascript/custom/orderList.js?m=1788319233:261
[    7716ms] [LOG] {ID: 1460, status_order: KONFIRMASI_UNIT, JadwalID: 1862, ID_Order: 20260828-06506, dari_api: null} @ https://phbidlautdemo.prahu-hub.com/_resources/themes/prahutheme/javascript/custom/orderList.js?m=1788319233:46
[    7716ms] [LOG] [Manujo] penerima @ https://phbidlautdemo.prahu-hub.com/_resources/themes/prahutheme/javascript/custom/orderList.js?m=1788319233:261
[    7716ms] [LOG] {ID: 1459, status_order: CANCEL, JadwalID: 1846, ID_Order: 20260828-06505, dari_api: null} @ https://phbidlautdemo.prahu-hub.com/_resources/themes/prahutheme/javascript/custom/orderList.js?m=1788319233:46
[    7716ms] [LOG] [Manujo] penerima @ https://phbidlautdemo.prahu-hub.com/_resources/themes/prahutheme/javascript/custom/orderList.js?m=1788319233:261
[    7716ms] [LOG] {ID: 1458, status_order: DONE, JadwalID: 1846, ID_Order: 20260828-06504, dari_api: null} @ https://phbidlautdemo.prahu-hub.com/_resources/themes/prahutheme/javascript/custom/orderList.js?m=1788319233:46
[    7717ms] [LOG] [Manujo] penerima @ https://phbidlautdemo.prahu-hub.com/_resources/themes/prahutheme/javascript/custom/orderList.js?m=1788319233:261
[    7717ms] [LOG] {ID: 1457, status_order: PACKING_LIST, JadwalID: 1848, ID_Order: 20260828-08503, dari_api: null} @ https://phbidlautdemo.prahu-hub.com/_resources/themes/prahutheme/javascript/custom/orderList.js?m=1788319233:46
[    7717ms] [LOG] [050505500] penerima @ https://phbidlautdemo.prahu-hub.com/_resources/themes/prahutheme/javascript/custom/orderList.js?m=1788319233:261
[    7717ms] [LOG] {ID: 1456, status_order: DONE, JadwalID: 1853, ID_Order: 20260828-02602, dari_api: null} @ https://phbidlautdemo.prahu-hub.com/_resources/themes/prahutheme/javascript/custom/orderList.js?m=1788319233:46
[    7717ms] [LOG] [Pras Tujuan] penerima @ https://phbidlautdemo.prahu-hub.com/_resources/themes/prahutheme/javascript/custom/orderList.js?m=1788319233:261
[    7717ms] [LOG] {ID: 1455, status_order: DONE, JadwalID: 1848, ID_Order: 20260828-08501, dari_api: null} @ https://phbidlautdemo.prahu-hub.com/_resources/themes/prahutheme/javascript/custom/orderList.js?m=1788319233:46
[    7718ms] [LOG] [050505500] penerima @ https://phbidlautdemo.prahu-hub.com/_resources/themes/prahutheme/javascript/custom/orderList.js?m=1788319233:261
[    7718ms] [LOG] {ID: 1454, status_order: SHIPPER_VALIDATED, JadwalID: 1846, ID_Order: 20260827-06503, dari_api: null} @ https://phbidlautdemo.prahu-hub.com/_resources/themes/prahutheme/javascript/custom/orderList.js?m=1788319233:46
[    7718ms] [LOG] [Manujo] penerima @ https://phbidlautdemo.prahu-hub.com/_resources/themes/prahutheme/javascript/custom/orderList.js?m=1788319233:261
[    7718ms] [LOG] {ID: 1453, status_order: DONE, JadwalID: 1846, ID_Order: 20260827-06502, dari_api: null} @ https://phbidlautdemo.prahu-hub.com/_resources/themes/prahutheme/javascript/custom/orderList.js?m=1788319233:46
[    7718ms] [LOG] [Manujo] penerima @ https://phbidlautdemo.prahu-hub.com/_resources/themes/prahutheme/javascript/custom/orderList.js?m=1788319233:261
[    7718ms] [LOG] {ID: 1452, status_order: DONE, JadwalID: 1844, ID_Order: 20260827-06501, dari_api: null} @ https://phbidlautdemo.prahu-hub.com/_resources/themes/prahutheme/javascript/custom/orderList.js?m=1788319233:46
[    7718ms] [LOG] [Ik Bitung] penerima @ https://phbidlautdemo.prahu-hub.com/_resources/themes/prahutheme/javascript/custom/orderList.js?m=1788319233:261
[    7719ms] [LOG] {ID: 1451, status_order: DONE, JadwalID: 1845, ID_Order: 20260826-06507, dari_api: null} @ https://phbidlautdemo.prahu-hub.com/_resources/themes/prahutheme/javascript/custom/orderList.js?m=1788319233:46
[    7719ms] [LOG] [Ik Bitung] penerima @ https://phbidlautdemo.prahu-hub.com/_resources/themes/prahutheme/javascript/custom/orderList.js?m=1788319233:261
[    7719ms] [LOG] {ID: 1450, status_order: PENDING, JadwalID: 1844, ID_Order: 20260826-06506, dari_api: null} @ https://phbidlautdemo.prahu-hub.com/_resources/themes/prahutheme/javascript/custom/orderList.js?m=1788319233:46
[    7719ms] [LOG] [Ik Bitung] penerima @ https://phbidlautdemo.prahu-hub.com/_resources/themes/prahutheme/javascript/custom/orderList.js?m=1788319233:261
[    7719ms] [LOG] {ID: 1449, status_order: DONE, JadwalID: 1839, ID_Order: 20260826-06505, dari_api: null} @ https://phbidlautdemo.prahu-hub.com/_resources/themes/prahutheme/javascript/custom/orderList.js?m=1788319233:46
[    7719ms] [LOG] [Ik Bitung] penerima @ https://phbidlautdemo.prahu-hub.com/_resources/themes/prahutheme/javascript/custom/orderList.js?m=1788319233:261
[    7720ms] [LOG] {ID: 1448, status_order: DONE, JadwalID: 1851, ID_Order: 20260826-06504, dari_api: null} @ https://phbidlautdemo.prahu-hub.com/_resources/themes/prahutheme/javascript/custom/orderList.js?m=1788319233:46
[    7720ms] [LOG] [Ik Bitung] penerima @ https://phbidlautdemo.prahu-hub.com/_resources/themes/prahutheme/javascript/custom/orderList.js?m=1788319233:261
[    7720ms] [LOG] {ID: 1447, status_order: DONE, JadwalID: 1839, ID_Order: 20260826-06503, dari_api: null} @ https://phbidlautdemo.prahu-hub.com/_resources/themes/prahutheme/javascript/custom/orderList.js?m=1788319233:46
[    7720ms] [LOG] [Ik Bitung] penerima @ https://phbidlautdemo.prahu-hub.com/_resources/themes/prahutheme/javascript/custom/orderList.js?m=1788319233:261
[    7720ms] [LOG] {ID: 1446, status_order: DONE, JadwalID: 1839, ID_Order: 20260826-06502, dari_api: null} @ https://phbidlautdemo.prahu-hub.com/_resources/themes/prahutheme/javascript/custom/orderList.js?m=1788319233:46
[    7720ms] [LOG] [Ik Bitung] penerima @ https://phbidlautdemo.prahu-hub.com/_resources/themes/prahutheme/javascript/custom/orderList.js?m=1788319233:261
[    7733ms] [LOG] 1453 @ https://phbidlautdemo.prahu-hub.com/_resources/themes/prahutheme/javascript/custom/orderList.js?m=1788319233:916
[    7734ms] [LOG] 1453 countView1 1 pageNow 20 limitView1 @ https://phbidlautdemo.prahu-hub.com/_resources/themes/prahutheme/javascript/custom/orderList.js?m=1788319233:918
[    7734ms] [LOG] 20 @ https://phbidlautdemo.prahu-hub.com/_resources/themes/prahutheme/javascript/custom/orderList.js?m=1788319233:924
[    7734ms] [LOG] 1453 jumlah data @ https://phbidlautdemo.prahu-hub.com/_resources/themes/prahutheme/javascript/custom/orderList.js?m=1788319233:879
[    7735ms] [LOG] 73 @ https://phbidlautdemo.prahu-hub.com/_resources/themes/prahutheme/javascript/custom/orderList.js?m=1788319233:881
[    7735ms] [LOG] 73 1 pageCount & pageNow @ https://phbidlautdemo.prahu-hub.com/_resources/themes/prahutheme/javascript/custom/orderList.js?m=1788319233:810
[    7736ms] [LOG] 200 xhrglobal @ https://phbidlautdemo.prahu-hub.com/order/orderlist:8566
[    7820ms] [LOG] 200 xhrglobal @ https://phbidlautdemo.prahu-hub.com/order/orderlist:8566
[    7876ms] [LOG] 200 xhrglobal @ https://phbidlautdemo.prahu-hub.com/order/orderlist:8566
[   12456ms] [LOG] 1453 jumlah data @ https://phbidlautdemo.prahu-hub.com/_resources/themes/prahutheme/javascript/custom/orderList.js?m=1788319233:879
[   12457ms] [LOG] 15 @ https://phbidlautdemo.prahu-hub.com/_resources/themes/prahutheme/javascript/custom/orderList.js?m=1788319233:881
[   12457ms] [LOG] 15 1 pageCount & pageNow @ https://phbidlautdemo.prahu-hub.com/_resources/themes/prahutheme/javascript/custom/orderList.js?m=1788319233:810
[   12457ms] [LOG] 1453 @ https://phbidlautdemo.prahu-hub.com/_resources/themes/prahutheme/javascript/custom/orderList.js?m=1788319233:916
[   12457ms] [LOG] 1453 countView1 1 pageNow 100 limitView1 @ https://phbidlautdemo.prahu-hub.com/_resources/themes/prahutheme/javascript/custom/orderList.js?m=1788319233:918
[   12458ms] [LOG] 100 @ https://phbidlautdemo.prahu-hub.com/_resources/themes/prahutheme/javascript/custom/orderList.js?m=1788319233:924
[   12458ms] [LOG] 1 @ https://phbidlautdemo.prahu-hub.com/_resources/themes/prahutheme/javascript/custom/orderList.js?m=1788319233:939
[   12458ms] [LOG] 100 @ https://phbidlautdemo.prahu-hub.com/_resources/themes/prahutheme/javascript/custom/orderList.js?m=1788319233:940
[   27481ms] [LOG] datanya100 @ https://phbidlautdemo.prahu-hub.com/_resources/themes/prahutheme/javascript/custom/orderList.js?m=1788319233:986
[   27481ms] [LOG] [Object, Object, Object, Object, Object, Object, Object, Object, Object, Object, Object, Object, Object, Object, Object, Object, Object, Object, Object, Object, Object, Object, Object, Object, Object, Object, Object, Object, Object, Object, Object, Object, Object, Object, Object, Object, Object, Object, Object, Object, Object, Object, Object, Object, Object, Object, Object, Object, Object, Object, Object, Object, Object, Object, Object, Object, Object, Object, Object, Object, Object, Object, Object, Object, Object, Object, Object, Object, Object, Object, Object, Object, Object, Object, Object, Object, Object, Object, Object, Object, Object, Object, Object, Object, Object, Object, Object, Object, Object, Object, Object, Object, Object, Object, Object, Object, Object, Object, Object, Object] @ https://phbidlautdemo.prahu-hub.com/_resources/themes/prahutheme/javascript/custom/orderList.js?m=1788319233:421
[   27482ms] [LOG] {ID: 1465, status_order: KONFIRMASI_UNIT, JadwalID: 1870, ID_Order: 20260904-06501, dari_api: null} @ https://phbidlautdemo.prahu-hub.com/_resources/themes/prahutheme/javascript/custom/orderList.js?m=1788319233:427
[   27482ms] [LOG] [Manujo] penerima @ https://phbidlautdemo.prahu-hub.com/_resources/themes/prahutheme/javascript/custom/orderList.js?m=1788319233:648
[   27482ms] [LOG] {ID: 1464, status_order: PACKING_LIST, JadwalID: 1891, ID_Order: 20260829-06504, dari_api: null} @ https://phbidlautdemo.prahu-hub.com/_resources/themes/prahutheme/javascript/custom/orderList.js?m=1788319233:427
[   27482ms] [LOG] [Manujo] penerima @ https://phbidlautdemo.prahu-hub.com/_resources/themes/prahutheme/javascript/custom/orderList.js?m=1788319233:648
[   27483ms] [LOG] {ID: 1463, status_order: PENDING, JadwalID: 1868, ID_Order: 20260829-02603, dari_api: null} @ https://phbidlautdemo.prahu-hub.com/_resources/themes/prahutheme/javascript/custom/orderList.js?m=1788319233:427
[   27483ms] [LOG] [Suyanto] penerima @ https://phbidlautdemo.prahu-hub.com/_resources/themes/prahutheme/javascript/custom/orderList.js?m=1788319233:648
[   27483ms] [LOG] {ID: 1462, status_order: PENDING, JadwalID: 1863, ID_Order: 20260829-02602, dari_api: null} @ https://phbidlautdemo.prahu-hub.com/_resources/themes/prahutheme/javascript/custom/orderList.js?m=1788319233:427
[   27483ms] [LOG] [Pras Tujuan] penerima @ https://phbidlautdemo.prahu-hub.com/_resources/themes/prahutheme/javascript/custom/orderList.js?m=1788319233:648
[   27483ms] [LOG] {ID: 1461, status_order: CANCEL, JadwalID: 1869, ID_Order: 20260829-06501, dari_api: null} @ https://phbidlautdemo.prahu-hub.com/_resources/themes/prahutheme/javascript/custom/orderList.js?m=1788319233:427
[   27484ms] [LOG] [Manujo] penerima @ https://phbidlautdemo.prahu-hub.com/_resources/themes/prahutheme/javascript/custom/orderList.js?m=1788319233:648
[   27484ms] [LOG] {ID: 1460, status_order: KONFIRMASI_UNIT, JadwalID: 1862, ID_Order: 20260828-06506, dari_api: null} @ https://phbidlautdemo.prahu-hub.com/_resources/themes/prahutheme/javascript/custom/orderList.js?m=1788319233:427
[   27484ms] [LOG] [Manujo] penerima @ https://phbidlautdemo.prahu-hub.com/_resources/themes/prahutheme/javascript/custom/orderList.js?m=1788319233:648
[   27484ms] [LOG] {ID: 1459, status_order: CANCEL, JadwalID: 1846, ID_Order: 20260828-06505, dari_api: null} @ https://phbidlautdemo.prahu-hub.com/_resources/themes/prahutheme/javascript/custom/orderList.js?m=1788319233:427
[   27484ms] [LOG] [Manujo] penerima @ https://phbidlautdemo.prahu-hub.com/_resources/themes/prahutheme/javascript/custom/orderList.js?m=1788319233:648
[   27485ms] [LOG] {ID: 1458, status_order: DONE, JadwalID: 1846, ID_Order: 20260828-06504, dari_api: null} @ https://phbidlautdemo.prahu-hub.com/_resources/themes/prahutheme/javascript/custom/orderList.js?m=1788319233:427
[   27485ms] [LOG] [Manujo] penerima @ https://phbidlautdemo.prahu-hub.com/_resources/themes/prahutheme/javascript/custom/orderList.js?m=1788319233:648
[   27485ms] [LOG] {ID: 1457, status_order: PACKING_LIST, JadwalID: 1848, ID_Order: 20260828-08503, dari_api: null} @ https://phbidlautdemo.prahu-hub.com/_resources/themes/prahutheme/javascript/custom/orderList.js?m=1788319233:427
[   27485ms] [LOG] [050505500] penerima @ https://phbidlautdemo.prahu-hub.com/_resources/themes/prahutheme/javascript/custom/orderList.js?m=1788319233:648
[   27485ms] [LOG] {ID: 1456, status_order: DONE, JadwalID: 1853, ID_Order: 20260828-02602, dari_api: null} @ https://phbidlautdemo.prahu-hub.com/_resources/themes/prahutheme/javascript/custom/orderList.js?m=1788319233:427
[   27486ms] [LOG] [Pras Tujuan] penerima @ https://phbidlautdemo.prahu-hub.com/_resources/themes/prahutheme/javascript/custom/orderList.js?m=1788319233:648
[   27486ms] [LOG] {ID: 1455, status_order: DONE, JadwalID: 1848, ID_Order: 20260828-08501, dari_api: null} @ https://phbidlautdemo.prahu-hub.com/_resources/themes/prahutheme/javascript/custom/orderList.js?m=1788319233:427
[   27486ms] [LOG] [050505500] penerima @ https://phbidlautdemo.prahu-hub.com/_resources/themes/prahutheme/javascript/custom/orderList.js?m=1788319233:648
[   27486ms] [LOG] {ID: 1454, status_order: SHIPPER_VALIDATED, JadwalID: 1846, ID_Order: 20260827-06503, dari_api: null} @ https://phbidlautdemo.prahu-hub.com/_resources/themes/prahutheme/javascript/custom/orderList.js?m=1788319233:427
[   27486ms] [LOG] [Manujo] penerima @ https://phbidlautdemo.prahu-hub.com/_resources/themes/prahutheme/javascript/custom/orderList.js?m=1788319233:648
[   27487ms] [LOG] {ID: 1453, status_order: DONE, JadwalID: 1846, ID_Order: 20260827-06502, dari_api: null} @ https://phbidlautdemo.prahu-hub.com/_resources/themes/prahutheme/javascript/custom/orderList.js?m=1788319233:427
[   27487ms] [LOG] [Manujo] penerima @ https://phbidlautdemo.prahu-hub.com/_resources/themes/prahutheme/javascript/custom/orderList.js?m=1788319233:648
[   27487ms] [LOG] {ID: 1452, status_order: DONE, JadwalID: 1844, ID_Order: 20260827-06501, dari_api: null} @ https://phbidlautdemo.prahu-hub.com/_resources/themes/prahutheme/javascript/custom/orderList.js?m=1788319233:427
[   27487ms] [LOG] [Ik Bitung] penerima @ https://phbidlautdemo.prahu-hub.com/_resources/themes/prahutheme/javascript/custom/orderList.js?m=1788319233:648
[   27487ms] [LOG] {ID: 1451, status_order: DONE, JadwalID: 1845, ID_Order: 20260826-06507, dari_api: null} @ https://phbidlautdemo.prahu-hub.com/_resources/themes/prahutheme/javascript/custom/orderList.js?m=1788319233:427
[   27487ms] [LOG] [Ik Bitung] penerima @ https://phbidlautdemo.prahu-hub.com/_resources/themes/prahutheme/javascript/custom/orderList.js?m=1788319233:648
[   27488ms] [LOG] {ID: 1450, status_order: PENDING, JadwalID: 1844, ID_Order: 20260826-06506, dari_api: null} @ https://phbidlautdemo.prahu-hub.com/_resources/themes/prahutheme/javascript/custom/orderList.js?m=1788319233:427
[   27488ms] [LOG] [Ik Bitung] penerima @ https://phbidlautdemo.prahu-hub.com/_resources/themes/prahutheme/javascript/custom/orderList.js?m=1788319233:648
[   27488ms] [LOG] {ID: 1449, status_order: DONE, JadwalID: 1839, ID_Order: 20260826-06505, dari_api: null} @ https://phbidlautdemo.prahu-hub.com/_resources/themes/prahutheme/javascript/custom/orderList.js?m=1788319233:427
[   27488ms] [LOG] [Ik Bitung] penerima @ https://phbidlautdemo.prahu-hub.com/_resources/themes/prahutheme/javascript/custom/orderList.js?m=1788319233:648
[   27488ms] [LOG] {ID: 1448, status_order: DONE, JadwalID: 1851, ID_Order: 20260826-06504, dari_api: null} @ https://phbidlautdemo.prahu-hub.com/_resources/themes/prahutheme/javascript/custom/orderList.js?m=1788319233:427
[   27488ms] [LOG] [Ik Bitung] penerima @ https://phbidlautdemo.prahu-hub.com/_resources/themes/prahutheme/javascript/custom/orderList.js?m=1788319233:648
[   27489ms] [LOG] {ID: 1447, status_order: DONE, JadwalID: 1839, ID_Order: 20260826-06503, dari_api: null} @ https://phbidlautdemo.prahu-hub.com/_resources/themes/prahutheme/javascript/custom/orderList.js?m=1788319233:427
[   27489ms] [LOG] [Ik Bitung] penerima @ https://phbidlautdemo.prahu-hub.com/_resources/themes/prahutheme/javascript/custom/orderList.js?m=1788319233:648
[   27489ms] [LOG] {ID: 1446, status_order: DONE, JadwalID: 1839, ID_Order: 20260826-06502, dari_api: null} @ https://phbidlautdemo.prahu-hub.com/_resources/themes/prahutheme/javascript/custom/orderList.js?m=1788319233:427
[   27489ms] [LOG] [Ik Bitung] penerima @ https://phbidlautdemo.prahu-hub.com/_resources/themes/prahutheme/javascript/custom/orderList.js?m=1788319233:648
[   27489ms] [LOG] {ID: 1445, status_order: DONE, JadwalID: 1839, ID_Order: 20260826-06501, dari_api: null} @ https://phbidlautdemo.prahu-hub.com/_resources/themes/prahutheme/javascript/custom/orderList.js?m=1788319233:427
[   27489ms] [LOG] [Ik Bitung] penerima @ https://phbidlautdemo.prahu-hub.com/_resources/themes/prahutheme/javascript/custom/orderList.js?m=1788319233:648
[   27490ms] [LOG] {ID: 1444, status_order: DONE, JadwalID: 1830, ID_Order: 20260822-08505, dari_api: null} @ https://phbidlautdemo.prahu-hub.com/_resources/themes/prahutheme/javascript/custom/orderList.js?m=1788319233:427
[   27490ms] [LOG] [Roni] penerima @ https://phbidlautdemo.prahu-hub.com/_resources/themes/prahutheme/javascript/custom/orderList.js?m=1788319233:648
[   27490ms] [LOG] {ID: 1443, status_order: DONE, JadwalID: 1830, ID_Order: 20260822-08504, dari_api: null} @ https://phbidlautdemo.prahu-hub.com/_resources/themes/prahutheme/javascript/custom/orderList.js?m=1788319233:427
[   27490ms] [LOG] [Roni] penerima @ https://phbidlautdemo.prahu-hub.com/_resources/themes/prahutheme/javascript/custom/orderList.js?m=1788319233:648
[   27490ms] [LOG] {ID: 1442, status_order: DONE, JadwalID: 1830, ID_Order: 20260822-08503, dari_api: null} @ https://phbidlautdemo.prahu-hub.com/_resources/themes/prahutheme/javascript/custom/orderList.js?m=1788319233:427
[   27491ms] [LOG] [Roni] penerima @ https://phbidlautdemo.prahu-hub.com/_resources/themes/prahutheme/javascript/custom/orderList.js?m=1788319233:648
[   27491ms] [LOG] {ID: 1441, status_order: DONE, JadwalID: 1835, ID_Order: 20260822-08502, dari_api: null} @ https://phbidlautdemo.prahu-hub.com/_resources/themes/prahutheme/javascript/custom/orderList.js?m=1788319233:427
[   27491ms] [LOG] [050505500] penerima @ https://phbidlautdemo.prahu-hub.com/_resources/themes/prahutheme/javascript/custom/orderList.js?m=1788319233:648
[   27493ms] [LOG] {ID: 1440, status_order: DONE, JadwalID: 1830, ID_Order: 20260822-08501, dari_api: null} @ https://phbidlautdemo.prahu-hub.com/_resources/themes/prahutheme/javascript/custom/orderList.js?m=1788319233:427
[   27493ms] [LOG] [Roni] penerima @ https://phbidlautdemo.prahu-hub.com/_resources/themes/prahutheme/javascript/custom/orderList.js?m=1788319233:648
[   27493ms] [LOG] {ID: 1439, status_order: PACKING_LIST, JadwalID: 1830, ID_Order: 20260821-08504, dari_api: null} @ https://phbidlautdemo.prahu-hub.com/_resources/themes/prahutheme/javascript/custom/orderList.js?m=1788319233:427
[   27494ms] [LOG] [Roni] penerima @ https://phbidlautdemo.prahu-hub.com/_resources/themes/prahutheme/javascript/custom/orderList.js?m=1788319233:648
[   27494ms] [LOG] {ID: 1438, status_order: KONFIRMASI_UNIT, JadwalID: 1831, ID_Order: 20260821-08503, dari_api: null} @ https://phbidlautdemo.prahu-hub.com/_resources/themes/prahutheme/javascript/custom/orderList.js?m=1788319233:427
[   27494ms] [LOG] [Roni] penerima @ https://phbidlautdemo.prahu-hub.com/_resources/themes/prahutheme/javascript/custom/orderList.js?m=1788319233:648
[   27494ms] [LOG] {ID: 1437, status_order: CANCEL, JadwalID: 1831, ID_Order: 20260821-08502, dari_api: null} @ https://phbidlautdemo.prahu-hub.com/_resources/themes/prahutheme/javascript/custom/orderList.js?m=1788319233:427
[   27495ms] [LOG] [Roni] penerima @ https://phbidlautdemo.prahu-hub.com/_resources/themes/prahutheme/javascript/custom/orderList.js?m=1788319233:648
[   27495ms] [LOG] {ID: 1436, status_order: KONFIRMASI_UNIT, JadwalID: 1831, ID_Order: 20260821-08501, dari_api: null} @ https://phbidlautdemo.prahu-hub.com/_resources/themes/prahutheme/javascript/custom/orderList.js?m=1788319233:427
[   27495ms] [LOG] [Roni] penerima @ https://phbidlautdemo.prahu-hub.com/_resources/themes/prahutheme/javascript/custom/orderList.js?m=1788319233:648
[   27495ms] [LOG] {ID: 1435, status_order: DONE, JadwalID: 1828, ID_Order: 20260820-06504, dari_api: null} @ https://phbidlautdemo.prahu-hub.com/_resources/themes/prahutheme/javascript/custom/orderList.js?m=1788319233:427
[   27495ms] [LOG] [Ik Bitung] penerima @ https://phbidlautdemo.prahu-hub.com/_resources/themes/prahutheme/javascript/custom/orderList.js?m=1788319233:648
[   27495ms] [LOG] {ID: 1434, status_order: KONFIRMASI_UNIT, JadwalID: 1829, ID_Order: 20260820-08503, dari_api: null} @ https://phbidlautdemo.prahu-hub.com/_resources/themes/prahutheme/javascript/custom/orderList.js?m=1788319233:427
[   27496ms] [LOG] [-] penerima @ https://phbidlautdemo.prahu-hub.com/_resources/themes/prahutheme/javascript/custom/orderList.js?m=1788319233:648
[   27496ms] [LOG] {ID: 1433, status_order: CANCEL, JadwalID: 1828, ID_Order: 20260820-06502, dari_api: null} @ https://phbidlautdemo.prahu-hub.com/_resources/themes/prahutheme/javascript/custom/orderList.js?m=1788319233:427
[   27496ms] [LOG] [Ik Bitung] penerima @ https://phbidlautdemo.prahu-hub.com/_resources/themes/prahutheme/javascript/custom/orderList.js?m=1788319233:648
[   27496ms] [LOG] {ID: 1432, status_order: CANCEL, JadwalID: 1824, ID_Order: 20260820-06501, dari_api: YES} @ https://phbidlautdemo.prahu-hub.com/_resources/themes/prahutheme/javascript/custom/orderList.js?m=1788319233:427
[   27496ms] [LOG] [Ik Bitung] penerima @ https://phbidlautdemo.prahu-hub.com/_resources/themes/prahutheme/javascript/custom/orderList.js?m=1788319233:648
[   27496ms] [LOG] {ID: 1431, status_order: KONFIRMASI_UNIT, JadwalID: 1819, ID_Order: 20260818-08502, dari_api: null} @ https://phbidlautdemo.prahu-hub.com/_resources/themes/prahutheme/javascript/custom/orderList.js?m=1788319233:427
[   27497ms] [LOG] [Rian] penerima @ https://phbidlautdemo.prahu-hub.com/_resources/themes/prahutheme/javascript/custom/orderList.js?m=1788319233:648
[   27497ms] [LOG] {ID: 1430, status_order: KONFIRMASI_UNIT, JadwalID: 1817, ID_Order: 20260818-08501, dari_api: null} @ https://phbidlautdemo.prahu-hub.com/_resources/themes/prahutheme/javascript/custom/orderList.js?m=1788319233:427
[   27497ms] [LOG] [Rian] penerima @ https://phbidlautdemo.prahu-hub.com/_resources/themes/prahutheme/javascript/custom/orderList.js?m=1788319233:648
[   27497ms] [LOG] {ID: 1429, status_order: DONE, JadwalID: 1815, ID_Order: 20260811-06501, dari_api: YES} @ https://phbidlautdemo.prahu-hub.com/_resources/themes/prahutheme/javascript/custom/orderList.js?m=1788319233:427
[   27497ms] [LOG] [IKHSAN JAYA, IKHSAN JAYA, IKHSAN JAYA] penerima @ https://phbidlautdemo.prahu-hub.com/_resources/themes/prahutheme/javascript/custom/orderList.js?m=1788319233:648
[   27498ms] [LOG] {ID: 1428, status_order: DONE, JadwalID: 1814, ID_Order: 20260807-06501, dari_api: YES} @ https://phbidlautdemo.prahu-hub.com/_resources/themes/prahutheme/javascript/custom/orderList.js?m=1788319233:427
[   27498ms] [LOG] [Ik Bitung] penerima @ https://phbidlautdemo.prahu-hub.com/_resources/themes/prahutheme/javascript/custom/orderList.js?m=1788319233:648
[   27498ms] [LOG] {ID: 1427, status_order: KONFIRMASI_UNIT, JadwalID: 1809, ID_Order: 20260806-06503, dari_api: YES} @ https://phbidlautdemo.prahu-hub.com/_resources/themes/prahutheme/javascript/custom/orderList.js?m=1788319233:427
[   27498ms] [LOG]  penerima @ https://phbidlautdemo.prahu-hub.com/_resources/themes/prahutheme/javascript/custom/orderList.js?m=1788319233:648
[   27498ms] [LOG] {ID: 1426, status_order: PENDING, JadwalID: 1809, ID_Order: 20260806-06502, dari_api: YES} @ https://phbidlautdemo.prahu-hub.com/_resources/themes/prahutheme/javascript/custom/orderList.js?m=1788319233:427
[   27498ms] [LOG]  penerima @ https://phbidlautdemo.prahu-hub.com/_resources/themes/prahutheme/javascript/custom/orderList.js?m=1788319233:648
[   27498ms] [LOG] {ID: 1425, status_order: PENDING, JadwalID: 1809, ID_Order: 20260806-06501, dari_api: YES} @ https://phbidlautdemo.prahu-hub.com/_resources/themes/prahutheme/javascript/custom/orderList.js?m=1788319233:427
[   27499ms] [LOG]  penerima @ https://phbidlautdemo.prahu-hub.com/_resources/themes/prahutheme/javascript/custom/orderList.js?m=1788319233:648
[   27499ms] [LOG] {ID: 1424, status_order: PACKING_LIST, JadwalID: 1806, ID_Order: 20260805-26301, dari_api: null} @ https://phbidlautdemo.prahu-hub.com/_resources/themes/prahutheme/javascript/custom/orderList.js?m=1788319233:427
[   27499ms] [LOG] [Budi] penerima @ https://phbidlautdemo.prahu-hub.com/_resources/themes/prahutheme/javascript/custom/orderList.js?m=1788319233:648
[   27499ms] [LOG] {ID: 1423, status_order: PENDING, JadwalID: 1794, ID_Order: 20260713-06503, dari_api: null} @ https://phbidlautdemo.prahu-hub.com/_resources/themes/prahutheme/javascript/custom/orderList.js?m=1788319233:427
[   27499ms] [LOG] [Ik Bitung] penerima @ https://phbidlautdemo.prahu-hub.com/_resources/themes/prahutheme/javascript/custom/orderList.js?m=1788319233:648
[   27500ms] [LOG] {ID: 1422, status_order: REJECTED, JadwalID: 1794, ID_Order: 20260713-06502, dari_api: null} @ https://phbidlautdemo.prahu-hub.com/_resources/themes/prahutheme/javascript/custom/orderList.js?m=1788319233:427
[   27500ms] [LOG] [Ik Bitung] penerima @ https://phbidlautdemo.prahu-hub.com/_resources/themes/prahutheme/javascript/custom/orderList.js?m=1788319233:648
[   27500ms] [LOG] {ID: 1421, status_order: DONE, JadwalID: 1795, ID_Order: 20260713-06501, dari_api: null} @ https://phbidlautdemo.prahu-hub.com/_resources/themes/prahutheme/javascript/custom/orderList.js?m=1788319233:427
[   27500ms] [LOG] [Ik Bitung] penerima @ https://phbidlautdemo.prahu-hub.com/_resources/themes/prahutheme/javascript/custom/orderList.js?m=1788319233:648
[   27500ms] [LOG] {ID: 1420, status_order: DONE, JadwalID: 1785, ID_Order: 20260629-06501, dari_api: null} @ https://phbidlautdemo.prahu-hub.com/_resources/themes/prahutheme/javascript/custom/orderList.js?m=1788319233:427
[   27500ms] [LOG] [PT. Perkasa Adi Makmur Sentosa, PT. Tridatu Jaya, PT. Indajaya] penerima @ https://phbidlautdemo.prahu-hub.com/_resources/themes/prahutheme/javascript/custom/orderList.js?m=1788319233:648
[   27501ms] [LOG] {ID: 1419, status_order: KONFIRMASI_UNIT, JadwalID: 1790, ID_Order: 20260627-06504, dari_api: null} @ https://phbidlautdemo.prahu-hub.com/_resources/themes/prahutheme/javascript/custom/orderList.js?m=1788319233:427
[   27501ms] [LOG] [Ik Bitung] penerima @ https://phbidlautdemo.prahu-hub.com/_resources/themes/prahutheme/javascript/custom/orderList.js?m=1788319233:648
[   27501ms] [LOG] {ID: 1418, status_order: PENDING, JadwalID: 1790, ID_Order: 20260627-06503, dari_api: null} @ https://phbidlautdemo.prahu-hub.com/_resources/themes/prahutheme/javascript/custom/orderList.js?m=1788319233:427
[   27501ms] [LOG] [Ik Bitung] penerima @ https://phbidlautdemo.prahu-hub.com/_resources/themes/prahutheme/javascript/custom/orderList.js?m=1788319233:648
[   27502ms] [LOG] {ID: 1417, status_order: CANCEL, JadwalID: 1789, ID_Order: 20260627-06502, dari_api: null} @ https://phbidlautdemo.prahu-hub.com/_resources/themes/prahutheme/javascript/custom/orderList.js?m=1788319233:427
[   27502ms] [LOG] [Ik Bitung] penerima @ https://phbidlautdemo.prahu-hub.com/_resources/themes/prahutheme/javascript/custom/orderList.js?m=1788319233:648
[   27502ms] [LOG] {ID: 1416, status_order: DONE, JadwalID: 1789, ID_Order: 20260627-06501, dari_api: YES} @ https://phbidlautdemo.prahu-hub.com/_resources/themes/prahutheme/javascript/custom/orderList.js?m=1788319233:427
[   27502ms] [LOG] [Ik Bitung] penerima @ https://phbidlautdemo.prahu-hub.com/_resources/themes/prahutheme/javascript/custom/orderList.js?m=1788319233:648
[   27503ms] [LOG] {ID: 1415, status_order: KONFIRMASI_UNIT, JadwalID: 1785, ID_Order: 20260626-06501, dari_api: null} @ https://phbidlautdemo.prahu-hub.com/_resources/themes/prahutheme/javascript/custom/orderList.js?m=1788319233:427
[   27503ms] [LOG] [PT. Perkasa Adi Makmur Sentosa, PT. Tridatu Jaya, PT. Indajaya] penerima @ https://phbidlautdemo.prahu-hub.com/_resources/themes/prahutheme/javascript/custom/orderList.js?m=1788319233:648
[   27503ms] [LOG] {ID: 1414, status_order: DONE, JadwalID: 1787, ID_Order: 20260625-02604, dari_api: null} @ https://phbidlautdemo.prahu-hub.com/_resources/themes/prahutheme/javascript/custom/orderList.js?m=1788319233:427
[   27503ms] [LOG] [PT. Astra Honda Motor, PT. Astra Yamaha Motor, PT. Astra Kawasaki Motor] penerima @ https://phbidlautdemo.prahu-hub.com/_resources/themes/prahutheme/javascript/custom/orderList.js?m=1788319233:648
[   27503ms] [LOG] {ID: 1413, status_order: CANCEL, JadwalID: 1786, ID_Order: 20260625-06503, dari_api: null} @ https://phbidlautdemo.prahu-hub.com/_resources/themes/prahutheme/javascript/custom/orderList.js?m=1788319233:427
[   27503ms] [LOG] [PT. Perkasa Adi Makmur Sentosa, PT. Tridatu Jaya, PT. Indajaya] penerima @ https://phbidlautdemo.prahu-hub.com/_resources/themes/prahutheme/javascript/custom/orderList.js?m=1788319233:648
[   27504ms] [LOG] {ID: 1412, status_order: DONE, JadwalID: 1780, ID_Order: 20260625-02602, dari_api: null} @ https://phbidlautdemo.prahu-hub.com/_resources/themes/prahutheme/javascript/custom/orderList.js?m=1788319233:427
[   27504ms] [LOG] [Suyanto] penerima @ https://phbidlautdemo.prahu-hub.com/_resources/themes/prahutheme/javascript/custom/orderList.js?m=1788319233:648
[   27504ms] [LOG] {ID: 1411, status_order: CANCEL_SHIPPED, JadwalID: 1778, ID_Order: 20260625-06501, dari_api: null} @ https://phbidlautdemo.prahu-hub.com/_resources/themes/prahutheme/javascript/custom/orderList.js?m=1788319233:427
[   27504ms] [LOG] [PT. Perkasa Adi Makmur Sentosa, PT. Tridatu Jaya, PT. Indajaya] penerima @ https://phbidlautdemo.prahu-hub.com/_resources/themes/prahutheme/javascript/custom/orderList.js?m=1788319233:648
[   27504ms] [LOG] {ID: 1410, status_order: DONE, JadwalID: 1777, ID_Order: 20260624-06501, dari_api: null} @ https://phbidlautdemo.prahu-hub.com/_resources/themes/prahutheme/javascript/custom/orderList.js?m=1788319233:427
[   27505ms] [LOG] [PT. Perkasa Adi Makmur Sentosa, PT. Tridatu Jaya, PT. Indajaya] penerima @ https://phbidlautdemo.prahu-hub.com/_resources/themes/prahutheme/javascript/custom/orderList.js?m=1788319233:648
[   27505ms] [LOG] {ID: 1408, status_order: DONE, JadwalID: 1774, ID_Order: 20260615-06501, dari_api: null} @ https://phbidlautdemo.prahu-hub.com/_resources/themes/prahutheme/javascript/custom/orderList.js?m=1788319233:427
[   27505ms] [LOG] [PIC Tujuan QA] penerima @ https://phbidlautdemo.prahu-hub.com/_resources/themes/prahutheme/javascript/custom/orderList.js?m=1788319233:648
[   27505ms] [LOG] {ID: 1407, status_order: DONE, JadwalID: 1773, ID_Order: 20260611-30801, dari_api: null} @ https://phbidlautdemo.prahu-hub.com/_resources/themes/prahutheme/javascript/custom/orderList.js?m=1788319233:427
[   27505ms] [LOG] [Eko Nugraha] penerima @ https://phbidlautdemo.prahu-hub.com/_resources/themes/prahutheme/javascript/custom/orderList.js?m=1788319233:648
[   27506ms] [LOG] {ID: 1406, status_order: DONE, JadwalID: 1760, ID_Order: 20260603-26302, dari_api: null} @ https://phbidlautdemo.prahu-hub.com/_resources/themes/prahutheme/javascript/custom/orderList.js?m=1788319233:427
[   27506ms] [LOG] [Budi] penerima @ https://phbidlautdemo.prahu-hub.com/_resources/themes/prahutheme/javascript/custom/orderList.js?m=1788319233:648
[   27506ms] [LOG] {ID: 1405, status_order: DONE, JadwalID: 1759, ID_Order: 20260603-26301, dari_api: null} @ https://phbidlautdemo.prahu-hub.com/_resources/themes/prahutheme/javascript/custom/orderList.js?m=1788319233:427
[   27506ms] [LOG] [Budi] penerima @ https://phbidlautdemo.prahu-hub.com/_resources/themes/prahutheme/javascript/custom/orderList.js?m=1788319233:648
[   27506ms] [LOG] {ID: 1404, status_order: PENDING, JadwalID: 1758, ID_Order: 20260528-06503, dari_api: null} @ https://phbidlautdemo.prahu-hub.com/_resources/themes/prahutheme/javascript/custom/orderList.js?m=1788319233:427
[   27506ms] [LOG] [PT. Perkasa Adi Makmur Sentosa, PT. Tridatu Jaya, PT. Indajaya] penerima @ https://phbidlautdemo.prahu-hub.com/_resources/themes/prahutheme/javascript/custom/orderList.js?m=1788319233:648
[   27507ms] [LOG] {ID: 1403, status_order: DONE, JadwalID: 1756, ID_Order: 20260528-06502, dari_api: null} @ https://phbidlautdemo.prahu-hub.com/_resources/themes/prahutheme/javascript/custom/orderList.js?m=1788319233:427
[   27507ms] [LOG] [PT. Perkasa Adi Makmur Sentosa, PT. Tridatu Jaya, PT. Indajaya] penerima @ https://phbidlautdemo.prahu-hub.com/_resources/themes/prahutheme/javascript/custom/orderList.js?m=1788319233:648
[   27507ms] [LOG] {ID: 1402, status_order: DONE, JadwalID: 1755, ID_Order: 20260528-06501, dari_api: null} @ https://phbidlautdemo.prahu-hub.com/_resources/themes/prahutheme/javascript/custom/orderList.js?m=1788319233:427
[   27507ms] [LOG] [PT. Perkasa Adi Makmur Sentosa, PT. Tridatu Jaya, PT. Indajaya] penerima @ https://phbidlautdemo.prahu-hub.com/_resources/themes/prahutheme/javascript/custom/orderList.js?m=1788319233:648
[   27508ms] [LOG] {ID: 1401, status_order: DONE, JadwalID: 1752, ID_Order: 20260526-02603, dari_api: null} @ https://phbidlautdemo.prahu-hub.com/_resources/themes/prahutheme/javascript/custom/orderList.js?m=1788319233:427
[   27508ms] [LOG] [Pras Tujuan] penerima @ https://phbidlautdemo.prahu-hub.com/_resources/themes/prahutheme/javascript/custom/orderList.js?m=1788319233:648
[   27510ms] [LOG] {ID: 1400, status_order: CANCEL, JadwalID: 1682, ID_Order: 20260526-02602, dari_api: null} @ https://phbidlautdemo.prahu-hub.com/_resources/themes/prahutheme/javascript/custom/orderList.js?m=1788319233:427
[   27510ms] [LOG] [Pras Tujuan] penerima @ https://phbidlautdemo.prahu-hub.com/_resources/themes/prahutheme/javascript/custom/orderList.js?m=1788319233:648
[   27510ms] [LOG] {ID: 1399, status_order: CANCEL_SHIPPED, JadwalID: 1751, ID_Order: 20260526-02601, dari_api: null} @ https://phbidlautdemo.prahu-hub.com/_resources/themes/prahutheme/javascript/custom/orderList.js?m=1788319233:427
[   27511ms] [LOG] [Pras Tujuan] penerima @ https://phbidlautdemo.prahu-hub.com/_resources/themes/prahutheme/javascript/custom/orderList.js?m=1788319233:648
[   27511ms] [LOG] {ID: 1398, status_order: CANCEL, JadwalID: 1748, ID_Order: 20260521-08506, dari_api: null} @ https://phbidlautdemo.prahu-hub.com/_resources/themes/prahutheme/javascript/custom/orderList.js?m=1788319233:427
[   27511ms] [LOG] [Farid] penerima @ https://phbidlautdemo.prahu-hub.com/_resources/themes/prahutheme/javascript/custom/orderList.js?m=1788319233:648
[   27512ms] [LOG] {ID: 1397, status_order: DONE, JadwalID: 1742, ID_Order: 20260521-27705, dari_api: null} @ https://phbidlautdemo.prahu-hub.com/_resources/themes/prahutheme/javascript/custom/orderList.js?m=1788319233:427
[   27512ms] [LOG] [Toni Kurniawan] penerima @ https://phbidlautdemo.prahu-hub.com/_resources/themes/prahutheme/javascript/custom/orderList.js?m=1788319233:648
[   27512ms] [LOG] {ID: 1396, status_order: DONE, JadwalID: 1747, ID_Order: 20260521-27704, dari_api: null} @ https://phbidlautdemo.prahu-hub.com/_resources/themes/prahutheme/javascript/custom/orderList.js?m=1788319233:427
[   27513ms] [LOG] [Toni Kurniawan] penerima @ https://phbidlautdemo.prahu-hub.com/_resources/themes/prahutheme/javascript/custom/orderList.js?m=1788319233:648
[   27513ms] [LOG] {ID: 1395, status_order: DONE, JadwalID: 1746, ID_Order: 20260521-26303, dari_api: null} @ https://phbidlautdemo.prahu-hub.com/_resources/themes/prahutheme/javascript/custom/orderList.js?m=1788319233:427
[   27513ms] [LOG] [Budi] penerima @ https://phbidlautdemo.prahu-hub.com/_resources/themes/prahutheme/javascript/custom/orderList.js?m=1788319233:648
[   27513ms] [LOG] {ID: 1394, status_order: CANCEL, JadwalID: 1736, ID_Order: 20260521-26302, dari_api: null} @ https://phbidlautdemo.prahu-hub.com/_resources/themes/prahutheme/javascript/custom/orderList.js?m=1788319233:427
[   27513ms] [LOG] [Budi] penerima @ https://phbidlautdemo.prahu-hub.com/_resources/themes/prahutheme/javascript/custom/orderList.js?m=1788319233:648
[   27514ms] [LOG] {ID: 1393, status_order: REJECTED, JadwalID: 1736, ID_Order: 20260521-26301, dari_api: null} @ https://phbidlautdemo.prahu-hub.com/_resources/themes/prahutheme/javascript/custom/orderList.js?m=1788319233:427
[   27514ms] [LOG] [Budi] penerima @ https://phbidlautdemo.prahu-hub.com/_resources/themes/prahutheme/javascript/custom/orderList.js?m=1788319233:648
[   27514ms] [LOG] {ID: 1392, status_order: DONE, JadwalID: 1740, ID_Order: 20260520-27705, dari_api: null} @ https://phbidlautdemo.prahu-hub.com/_resources/themes/prahutheme/javascript/custom/orderList.js?m=1788319233:427
[   27515ms] [LOG] [Toni Kurniawan] penerima @ https://phbidlautdemo.prahu-hub.com/_resources/themes/prahutheme/javascript/custom/orderList.js?m=1788319233:648
[   27515ms] [LOG] {ID: 1391, status_order: DONE, JadwalID: 1803, ID_Order: 20260520-26304, dari_api: null} @ https://phbidlautdemo.prahu-hub.com/_resources/themes/prahutheme/javascript/custom/orderList.js?m=1788319233:427
[   27515ms] [LOG] [Budi] penerima @ https://phbidlautdemo.prahu-hub.com/_resources/themes/prahutheme/javascript/custom/orderList.js?m=1788319233:648
[   27515ms] [LOG] {ID: 1390, status_order: DONE, JadwalID: 1735, ID_Order: 20260520-26303, dari_api: null} @ https://phbidlautdemo.prahu-hub.com/_resources/themes/prahutheme/javascript/custom/orderList.js?m=1788319233:427
[   27515ms] [LOG] [Budi] penerima @ https://phbidlautdemo.prahu-hub.com/_resources/themes/prahutheme/javascript/custom/orderList.js?m=1788319233:648
[   27516ms] [LOG] {ID: 1389, status_order: DONE, JadwalID: 1717, ID_Order: 20260520-27702, dari_api: null} @ https://phbidlautdemo.prahu-hub.com/_resources/themes/prahutheme/javascript/custom/orderList.js?m=1788319233:427
[   27516ms] [LOG] [Toni Kurniawan] penerima @ https://phbidlautdemo.prahu-hub.com/_resources/themes/prahutheme/javascript/custom/orderList.js?m=1788319233:648
[   27516ms] [LOG] {ID: 1388, status_order: DONE, JadwalID: 1732, ID_Order: 20260520-26301, dari_api: null} @ https://phbidlautdemo.prahu-hub.com/_resources/themes/prahutheme/javascript/custom/orderList.js?m=1788319233:427
[   27516ms] [LOG] [Budi] penerima @ https://phbidlautdemo.prahu-hub.com/_resources/themes/prahutheme/javascript/custom/orderList.js?m=1788319233:648
[   27516ms] [LOG] {ID: 1387, status_order: DONE, JadwalID: 1731, ID_Order: 20260518-08503, dari_api: null} @ https://phbidlautdemo.prahu-hub.com/_resources/themes/prahutheme/javascript/custom/orderList.js?m=1788319233:427
[   27517ms] [LOG] [a, =] penerima @ https://phbidlautdemo.prahu-hub.com/_resources/themes/prahutheme/javascript/custom/orderList.js?m=1788319233:648
[   27517ms] [LOG] {ID: 1386, status_order: CANCEL, JadwalID: 1730, ID_Order: 20260518-08502, dari_api: null} @ https://phbidlautdemo.prahu-hub.com/_resources/themes/prahutheme/javascript/custom/orderList.js?m=1788319233:427
[   27517ms] [LOG] [a, =] penerima @ https://phbidlautdemo.prahu-hub.com/_resources/themes/prahutheme/javascript/custom/orderList.js?m=1788319233:648
[   27518ms] [LOG] {ID: 1385, status_order: REJECTED, JadwalID: 1730, ID_Order: 20260518-08501, dari_api: null} @ https://phbidlautdemo.prahu-hub.com/_resources/themes/prahutheme/javascript/custom/orderList.js?m=1788319233:427
[   27518ms] [LOG] [a, www] penerima @ https://phbidlautdemo.prahu-hub.com/_resources/themes/prahutheme/javascript/custom/orderList.js?m=1788319233:648
[   27518ms] [LOG] {ID: 1384, status_order: DONE, JadwalID: 1727, ID_Order: 20260516-08501, dari_api: null} @ https://phbidlautdemo.prahu-hub.com/_resources/themes/prahutheme/javascript/custom/orderList.js?m=1788319233:427
[   27518ms] [LOG] [iuytr] penerima @ https://phbidlautdemo.prahu-hub.com/_resources/themes/prahutheme/javascript/custom/orderList.js?m=1788319233:648
[   27518ms] [LOG] {ID: 1383, status_order: CANCEL_SHIPPED, JadwalID: 1716, ID_Order: 20260505-27701, dari_api: null} @ https://phbidlautdemo.prahu-hub.com/_resources/themes/prahutheme/javascript/custom/orderList.js?m=1788319233:427
[   27519ms] [LOG] [Toni Kurniawan] penerima @ https://phbidlautdemo.prahu-hub.com/_resources/themes/prahutheme/javascript/custom/orderList.js?m=1788319233:648
[   27519ms] [LOG] {ID: 1382, status_order: DONE, JadwalID: 1718, ID_Order: 20260427-06502, dari_api: null} @ https://phbidlautdemo.prahu-hub.com/_resources/themes/prahutheme/javascript/custom/orderList.js?m=1788319233:427
[   27519ms] [LOG] [PT. Indomarco Prismatama - Jl. Lintas Sumatera Kel…1 || Pak Hariadi - Ketua TKBM Stabat 082166285795, Stock Point Indogrosir Mdn 1 (MEGAH DAYA INTI HARA…n Krio, Kel. Sunggal Deli Serdang, Sumatera Utara, CV. ALTAQNIA BANGKA ENGINEERING Simpang BTN, Jl. T…mali, Kabupaten Bangka, Kepulauan Bangka Belitung] penerima @ https://phbidlautdemo.prahu-hub.com/_resources/themes/prahutheme/javascript/custom/orderList.js?m=1788319233:648
[   27519ms] [LOG] {ID: 1381, status_order: DONE, JadwalID: 1718, ID_Order: 20260427-06501, dari_api: null} @ https://phbidlautdemo.prahu-hub.com/_resources/themes/prahutheme/javascript/custom/orderList.js?m=1788319233:427
[   27520ms] [LOG] [PT. Perkasa Adi Makmur Sentosa, PT. Tridatu Jaya, PT. Indajaya] penerima @ https://phbidlautdemo.prahu-hub.com/_resources/themes/prahutheme/javascript/custom/orderList.js?m=1788319233:648
[   27520ms] [LOG] {ID: 1380, status_order: DONE, JadwalID: 1717, ID_Order: 20260425-27702, dari_api: null} @ https://phbidlautdemo.prahu-hub.com/_resources/themes/prahutheme/javascript/custom/orderList.js?m=1788319233:427
[   27520ms] [LOG] [Toni Kurniawan] penerima @ https://phbidlautdemo.prahu-hub.com/_resources/themes/prahutheme/javascript/custom/orderList.js?m=1788319233:648
[   27520ms] [LOG] {ID: 1379, status_order: DONE, JadwalID: 1716, ID_Order: 20260425-27701, dari_api: null} @ https://phbidlautdemo.prahu-hub.com/_resources/themes/prahutheme/javascript/custom/orderList.js?m=1788319233:427
[   27520ms] [LOG] [Toni Kurniawan] penerima @ https://phbidlautdemo.prahu-hub.com/_resources/themes/prahutheme/javascript/custom/orderList.js?m=1788319233:648
[   27521ms] [LOG] {ID: 1378, status_order: SHIPPER_VALIDATED, JadwalID: 1715, ID_Order: 20260423-26301, dari_api: null} @ https://phbidlautdemo.prahu-hub.com/_resources/themes/prahutheme/javascript/custom/orderList.js?m=1788319233:427
[   27521ms] [LOG] [Budi] penerima @ https://phbidlautdemo.prahu-hub.com/_resources/themes/prahutheme/javascript/custom/orderList.js?m=1788319233:648
[   27521ms] [LOG] {ID: 1377, status_order: KONFIRMASI_UNIT, JadwalID: 1715, ID_Order: 20260421-26304, dari_api: null} @ https://phbidlautdemo.prahu-hub.com/_resources/themes/prahutheme/javascript/custom/orderList.js?m=1788319233:427
[   27521ms] [LOG] [Budi] penerima @ https://phbidlautdemo.prahu-hub.com/_resources/themes/prahutheme/javascript/custom/orderList.js?m=1788319233:648
[   27522ms] [LOG] {ID: 1376, status_order: DONE, JadwalID: 1702, ID_Order: 20260421-06503, dari_api: null} @ https://phbidlautdemo.prahu-hub.com/_resources/themes/prahutheme/javascript/custom/orderList.js?m=1788319233:427
[   27522ms] [LOG] [Ik Bitung] penerima @ https://phbidlautdemo.prahu-hub.com/_resources/themes/prahutheme/javascript/custom/orderList.js?m=1788319233:648
[   27522ms] [LOG] {ID: 1375, status_order: SHIPPER_VALIDATED, JadwalID: 1702, ID_Order: 20260421-06502, dari_api: null} @ https://phbidlautdemo.prahu-hub.com/_resources/themes/prahutheme/javascript/custom/orderList.js?m=1788319233:427
[   27523ms] [LOG] [Ik Bitung] penerima @ https://phbidlautdemo.prahu-hub.com/_resources/themes/prahutheme/javascript/custom/orderList.js?m=1788319233:648
[   27523ms] [LOG] {ID: 1374, status_order: KONFIRMASI_UNIT, JadwalID: 1715, ID_Order: 20260421-26301, dari_api: null} @ https://phbidlautdemo.prahu-hub.com/_resources/themes/prahutheme/javascript/custom/orderList.js?m=1788319233:427
[   27523ms] [LOG] [Budi] penerima @ https://phbidlautdemo.prahu-hub.com/_resources/themes/prahutheme/javascript/custom/orderList.js?m=1788319233:648
[   27523ms] [LOG] {ID: 1373, status_order: DONE, JadwalID: 1702, ID_Order: 20260420-06501, dari_api: null} @ https://phbidlautdemo.prahu-hub.com/_resources/themes/prahutheme/javascript/custom/orderList.js?m=1788319233:427
[   27524ms] [LOG] [Ik Bitung] penerima @ https://phbidlautdemo.prahu-hub.com/_resources/themes/prahutheme/javascript/custom/orderList.js?m=1788319233:648
[   27524ms] [LOG] {ID: 1372, status_order: SHIPPER_VALIDATED, JadwalID: 1710, ID_Order: 20260418-05922, dari_api: null} @ https://phbidlautdemo.prahu-hub.com/_resources/themes/prahutheme/javascript/custom/orderList.js?m=1788319233:427
[   27524ms] [LOG] [Majribah] penerima @ https://phbidlautdemo.prahu-hub.com/_resources/themes/prahutheme/javascript/custom/orderList.js?m=1788319233:648
[   27525ms] [LOG] {ID: 1371, status_order: PACKING_LIST, JadwalID: 1709, ID_Order: 20260418-05921, dari_api: null} @ https://phbidlautdemo.prahu-hub.com/_resources/themes/prahutheme/javascript/custom/orderList.js?m=1788319233:427
[   27526ms] [LOG] [Majribah] penerima @ https://phbidlautdemo.prahu-hub.com/_resources/themes/prahutheme/javascript/custom/orderList.js?m=1788319233:648
[   27526ms] [LOG] {ID: 1370, status_order: PACKING_LIST, JadwalID: 1708, ID_Order: 20260418-05920, dari_api: null} @ https://phbidlautdemo.prahu-hub.com/_resources/themes/prahutheme/javascript/custom/orderList.js?m=1788319233:427
[   27526ms] [LOG] [Majribah] penerima @ https://phbidlautdemo.prahu-hub.com/_resources/themes/prahutheme/javascript/custom/orderList.js?m=1788319233:648
[   27527ms] [LOG] {ID: 1369, status_order: PACKING_LIST, JadwalID: 1711, ID_Order: 20260418-05919, dari_api: null} @ https://phbidlautdemo.prahu-hub.com/_resources/themes/prahutheme/javascript/custom/orderList.js?m=1788319233:427
[   27527ms] [LOG] [Majribah] penerima @ https://phbidlautdemo.prahu-hub.com/_resources/themes/prahutheme/javascript/custom/orderList.js?m=1788319233:648
[   27527ms] [LOG] {ID: 1368, status_order: PACKING_LIST, JadwalID: 1710, ID_Order: 20260418-05918, dari_api: null} @ https://phbidlautdemo.prahu-hub.com/_resources/themes/prahutheme/javascript/custom/orderList.js?m=1788319233:427
[   27527ms] [LOG] [Majribah] penerima @ https://phbidlautdemo.prahu-hub.com/_resources/themes/prahutheme/javascript/custom/orderList.js?m=1788319233:648
[   27527ms] [LOG] {ID: 1367, status_order: PACKING_LIST, JadwalID: 1709, ID_Order: 20260418-05917, dari_api: null} @ https://phbidlautdemo.prahu-hub.com/_resources/themes/prahutheme/javascript/custom/orderList.js?m=1788319233:427
[   27528ms] [LOG] [Majribah] penerima @ https://phbidlautdemo.prahu-hub.com/_resources/themes/prahutheme/javascript/custom/orderList.js?m=1788319233:648
[   27528ms] [LOG] {ID: 1366, status_order: PACKING_LIST, JadwalID: 1708, ID_Order: 20260418-05916, dari_api: null} @ https://phbidlautdemo.prahu-hub.com/_resources/themes/prahutheme/javascript/custom/orderList.js?m=1788319233:427
[   27528ms] [LOG] [Majribah] penerima @ https://phbidlautdemo.prahu-hub.com/_resources/themes/prahutheme/javascript/custom/orderList.js?m=1788319233:648
[   27528ms] [LOG] {ID: 1365, status_order: PACKING_LIST, JadwalID: 1711, ID_Order: 20260418-05915, dari_api: null} @ https://phbidlautdemo.prahu-hub.com/_resources/themes/prahutheme/javascript/custom/orderList.js?m=1788319233:427
[   27528ms] [LOG] [Majribah] penerima @ https://phbidlautdemo.prahu-hub.com/_resources/themes/prahutheme/javascript/custom/orderList.js?m=1788319233:648
[   27614ms] [LOG] [Object, Object, Object, Object, Object, Object, Object, Object, Object, Object, Object, Object, Object, Object, Object, Object, Object, Object, Object, Object, Object, Object, Object, Object, Object, Object, Object, Object, Object, Object, Object, Object, Object, Object, Object, Object, Object, Object, Object, Object, Object, Object, Object, Object, Object, Object, Object, Object, Object, Object, Object, Object, Object, Object, Object, Object, Object, Object, Object, Object, Object, Object, Object, Object, Object, Object, Object, Object, Object, Object, Object, Object, Object, Object, Object, Object, Object, Object, Object, Object, Object, Object, Object, Object, Object, Object, Object, Object, Object, Object, Object, Object, Object, Object, Object, Object, Object, Object, Object, Object] @ https://phbidlautdemo.prahu-hub.com/_resources/themes/prahutheme/javascript/custom/orderList.js?m=1788319233:40
[   27615ms] [LOG] {ID: 1465, status_order: KONFIRMASI_UNIT, JadwalID: 1870, ID_Order: 20260904-06501, dari_api: null} @ https://phbidlautdemo.prahu-hub.com/_resources/themes/prahutheme/javascript/custom/orderList.js?m=1788319233:46
[   27615ms] [LOG] [Manujo] penerima @ https://phbidlautdemo.prahu-hub.com/_resources/themes/prahutheme/javascript/custom/orderList.js?m=1788319233:261
[   27616ms] [LOG] {ID: 1464, status_order: PACKING_LIST, JadwalID: 1891, ID_Order: 20260829-06504, dari_api: null} @ https://phbidlautdemo.prahu-hub.com/_resources/themes/prahutheme/javascript/custom/orderList.js?m=1788319233:46
[   27616ms] [LOG] [Manujo] penerima @ https://phbidlautdemo.prahu-hub.com/_resources/themes/prahutheme/javascript/custom/orderList.js?m=1788319233:261
[   27616ms] [LOG] {ID: 1463, status_order: PENDING, JadwalID: 1868, ID_Order: 20260829-02603, dari_api: null} @ https://phbidlautdemo.prahu-hub.com/_resources/themes/prahutheme/javascript/custom/orderList.js?m=1788319233:46
[   27616ms] [LOG] [Suyanto] penerima @ https://phbidlautdemo.prahu-hub.com/_resources/themes/prahutheme/javascript/custom/orderList.js?m=1788319233:261
[   27617ms] [LOG] {ID: 1462, status_order: PENDING, JadwalID: 1863, ID_Order: 20260829-02602, dari_api: null} @ https://phbidlautdemo.prahu-hub.com/_resources/themes/prahutheme/javascript/custom/orderList.js?m=1788319233:46
[   27617ms] [LOG] [Pras Tujuan] penerima @ https://phbidlautdemo.prahu-hub.com/_resources/themes/prahutheme/javascript/custom/orderList.js?m=1788319233:261
[   27617ms] [LOG] {ID: 1461, status_order: CANCEL, JadwalID: 1869, ID_Order: 20260829-06501, dari_api: null} @ https://phbidlautdemo.prahu-hub.com/_resources/themes/prahutheme/javascript/custom/orderList.js?m=1788319233:46
[   27618ms] [LOG] [Manujo] penerima @ https://phbidlautdemo.prahu-hub.com/_resources/themes/prahutheme/javascript/custom/orderList.js?m=1788319233:261
[   27618ms] [LOG] {ID: 1460, status_order: KONFIRMASI_UNIT, JadwalID: 1862, ID_Order: 20260828-06506, dari_api: null} @ https://phbidlautdemo.prahu-hub.com/_resources/themes/prahutheme/javascript/custom/orderList.js?m=1788319233:46
[   27619ms] [LOG] [Manujo] penerima @ https://phbidlautdemo.prahu-hub.com/_resources/themes/prahutheme/javascript/custom/orderList.js?m=1788319233:261
[   27619ms] [LOG] {ID: 1459, status_order: CANCEL, JadwalID: 1846, ID_Order: 20260828-06505, dari_api: null} @ https://phbidlautdemo.prahu-hub.com/_resources/themes/prahutheme/javascript/custom/orderList.js?m=1788319233:46
[   27619ms] [LOG] [Manujo] penerima @ https://phbidlautdemo.prahu-hub.com/_resources/themes/prahutheme/javascript/custom/orderList.js?m=1788319233:261
[   27620ms] [LOG] {ID: 1458, status_order: DONE, JadwalID: 1846, ID_Order: 20260828-06504, dari_api: null} @ https://phbidlautdemo.prahu-hub.com/_resources/themes/prahutheme/javascript/custom/orderList.js?m=1788319233:46
[   27620ms] [LOG] [Manujo] penerima @ https://phbidlautdemo.prahu-hub.com/_resources/themes/prahutheme/javascript/custom/orderList.js?m=1788319233:261
[   27620ms] [LOG] {ID: 1457, status_order: PACKING_LIST, JadwalID: 1848, ID_Order: 20260828-08503, dari_api: null} @ https://phbidlautdemo.prahu-hub.com/_resources/themes/prahutheme/javascript/custom/orderList.js?m=1788319233:46
[   27620ms] [LOG] [050505500] penerima @ https://phbidlautdemo.prahu-hub.com/_resources/themes/prahutheme/javascript/custom/orderList.js?m=1788319233:261
[   27620ms] [LOG] {ID: 1456, status_order: DONE, JadwalID: 1853, ID_Order: 20260828-02602, dari_api: null} @ https://phbidlautdemo.prahu-hub.com/_resources/themes/prahutheme/javascript/custom/orderList.js?m=1788319233:46
[   27621ms] [LOG] [Pras Tujuan] penerima @ https://phbidlautdemo.prahu-hub.com/_resources/themes/prahutheme/javascript/custom/orderList.js?m=1788319233:261
[   27621ms] [LOG] {ID: 1455, status_order: DONE, JadwalID: 1848, ID_Order: 20260828-08501, dari_api: null} @ https://phbidlautdemo.prahu-hub.com/_resources/themes/prahutheme/javascript/custom/orderList.js?m=1788319233:46
[   27621ms] [LOG] [050505500] penerima @ https://phbidlautdemo.prahu-hub.com/_resources/themes/prahutheme/javascript/custom/orderList.js?m=1788319233:261
[   27621ms] [LOG] {ID: 1454, status_order: SHIPPER_VALIDATED, JadwalID: 1846, ID_Order: 20260827-06503, dari_api: null} @ https://phbidlautdemo.prahu-hub.com/_resources/themes/prahutheme/javascript/custom/orderList.js?m=1788319233:46
[   27621ms] [LOG] [Manujo] penerima @ https://phbidlautdemo.prahu-hub.com/_resources/themes/prahutheme/javascript/custom/orderList.js?m=1788319233:261
[   27622ms] [LOG] {ID: 1453, status_order: DONE, JadwalID: 1846, ID_Order: 20260827-06502, dari_api: null} @ https://phbidlautdemo.prahu-hub.com/_resources/themes/prahutheme/javascript/custom/orderList.js?m=1788319233:46
[   27622ms] [LOG] [Manujo] penerima @ https://phbidlautdemo.prahu-hub.com/_resources/themes/prahutheme/javascript/custom/orderList.js?m=1788319233:261
[   27622ms] [LOG] {ID: 1452, status_order: DONE, JadwalID: 1844, ID_Order: 20260827-06501, dari_api: null} @ https://phbidlautdemo.prahu-hub.com/_resources/themes/prahutheme/javascript/custom/orderList.js?m=1788319233:46
[   27622ms] [LOG] [Ik Bitung] penerima @ https://phbidlautdemo.prahu-hub.com/_resources/themes/prahutheme/javascript/custom/orderList.js?m=1788319233:261
[   27622ms] [LOG] {ID: 1451, status_order: DONE, JadwalID: 1845, ID_Order: 20260826-06507, dari_api: null} @ https://phbidlautdemo.prahu-hub.com/_resources/themes/prahutheme/javascript/custom/orderList.js?m=1788319233:46
[   27623ms] [LOG] [Ik Bitung] penerima @ https://phbidlautdemo.prahu-hub.com/_resources/themes/prahutheme/javascript/custom/orderList.js?m=1788319233:261
[   27623ms] [LOG] {ID: 1450, status_order: PENDING, JadwalID: 1844, ID_Order: 20260826-06506, dari_api: null} @ https://phbidlautdemo.prahu-hub.com/_resources/themes/prahutheme/javascript/custom/orderList.js?m=1788319233:46
[   27623ms] [LOG] [Ik Bitung] penerima @ https://phbidlautdemo.prahu-hub.com/_resources/themes/prahutheme/javascript/custom/orderList.js?m=1788319233:261
[   27623ms] [LOG] {ID: 1449, status_order: DONE, JadwalID: 1839, ID_Order: 20260826-06505, dari_api: null} @ https://phbidlautdemo.prahu-hub.com/_resources/themes/prahutheme/javascript/custom/orderList.js?m=1788319233:46
[   27624ms] [LOG] [Ik Bitung] penerima @ https://phbidlautdemo.prahu-hub.com/_resources/themes/prahutheme/javascript/custom/orderList.js?m=1788319233:261
[   27624ms] [LOG] {ID: 1448, status_order: DONE, JadwalID: 1851, ID_Order: 20260826-06504, dari_api: null} @ https://phbidlautdemo.prahu-hub.com/_resources/themes/prahutheme/javascript/custom/orderList.js?m=1788319233:46
[   27624ms] [LOG] [Ik Bitung] penerima @ https://phbidlautdemo.prahu-hub.com/_resources/themes/prahutheme/javascript/custom/orderList.js?m=1788319233:261
[   27625ms] [LOG] {ID: 1447, status_order: DONE, JadwalID: 1839, ID_Order: 20260826-06503, dari_api: null} @ https://phbidlautdemo.prahu-hub.com/_resources/themes/prahutheme/javascript/custom/orderList.js?m=1788319233:46
[   27625ms] [LOG] [Ik Bitung] penerima @ https://phbidlautdemo.prahu-hub.com/_resources/themes/prahutheme/javascript/custom/orderList.js?m=1788319233:261
[   27626ms] [LOG] {ID: 1446, status_order: DONE, JadwalID: 1839, ID_Order: 20260826-06502, dari_api: null} @ https://phbidlautdemo.prahu-hub.com/_resources/themes/prahutheme/javascript/custom/orderList.js?m=1788319233:46
[   27626ms] [LOG] [Ik Bitung] penerima @ https://phbidlautdemo.prahu-hub.com/_resources/themes/prahutheme/javascript/custom/orderList.js?m=1788319233:261
[   27626ms] [LOG] {ID: 1445, status_order: DONE, JadwalID: 1839, ID_Order: 20260826-06501, dari_api: null} @ https://phbidlautdemo.prahu-hub.com/_resources/themes/prahutheme/javascript/custom/orderList.js?m=1788319233:46
[   27627ms] [LOG] [Ik Bitung] penerima @ https://phbidlautdemo.prahu-hub.com/_resources/themes/prahutheme/javascript/custom/orderList.js?m=1788319233:261
[   27627ms] [LOG] {ID: 1444, status_order: DONE, JadwalID: 1830, ID_Order: 20260822-08505, dari_api: null} @ https://phbidlautdemo.prahu-hub.com/_resources/themes/prahutheme/javascript/custom/orderList.js?m=1788319233:46
[   27627ms] [LOG] [Roni] penerima @ https://phbidlautdemo.prahu-hub.com/_resources/themes/prahutheme/javascript/custom/orderList.js?m=1788319233:261
[   27627ms] [LOG] {ID: 1443, status_order: DONE, JadwalID: 1830, ID_Order: 20260822-08504, dari_api: null} @ https://phbidlautdemo.prahu-hub.com/_resources/themes/prahutheme/javascript/custom/orderList.js?m=1788319233:46
[   27628ms] [LOG] [Roni] penerima @ https://phbidlautdemo.prahu-hub.com/_resources/themes/prahutheme/javascript/custom/orderList.js?m=1788319233:261
[   27628ms] [LOG] {ID: 1442, status_order: DONE, JadwalID: 1830, ID_Order: 20260822-08503, dari_api: null} @ https://phbidlautdemo.prahu-hub.com/_resources/themes/prahutheme/javascript/custom/orderList.js?m=1788319233:46
[   27628ms] [LOG] [Roni] penerima @ https://phbidlautdemo.prahu-hub.com/_resources/themes/prahutheme/javascript/custom/orderList.js?m=1788319233:261
[   27628ms] [LOG] {ID: 1441, status_order: DONE, JadwalID: 1835, ID_Order: 20260822-08502, dari_api: null} @ https://phbidlautdemo.prahu-hub.com/_resources/themes/prahutheme/javascript/custom/orderList.js?m=1788319233:46
[   27628ms] [LOG] [050505500] penerima @ https://phbidlautdemo.prahu-hub.com/_resources/themes/prahutheme/javascript/custom/orderList.js?m=1788319233:261
[   27629ms] [LOG] {ID: 1440, status_order: DONE, JadwalID: 1830, ID_Order: 20260822-08501, dari_api: null} @ https://phbidlautdemo.prahu-hub.com/_resources/themes/prahutheme/javascript/custom/orderList.js?m=1788319233:46
[   27629ms] [LOG] [Roni] penerima @ https://phbidlautdemo.prahu-hub.com/_resources/themes/prahutheme/javascript/custom/orderList.js?m=1788319233:261
[   27629ms] [LOG] {ID: 1439, status_order: PACKING_LIST, JadwalID: 1830, ID_Order: 20260821-08504, dari_api: null} @ https://phbidlautdemo.prahu-hub.com/_resources/themes/prahutheme/javascript/custom/orderList.js?m=1788319233:46
[   27629ms] [LOG] [Roni] penerima @ https://phbidlautdemo.prahu-hub.com/_resources/themes/prahutheme/javascript/custom/orderList.js?m=1788319233:261
[   27630ms] [LOG] {ID: 1438, status_order: KONFIRMASI_UNIT, JadwalID: 1831, ID_Order: 20260821-08503, dari_api: null} @ https://phbidlautdemo.prahu-hub.com/_resources/themes/prahutheme/javascript/custom/orderList.js?m=1788319233:46
[   27630ms] [LOG] [Roni] penerima @ https://phbidlautdemo.prahu-hub.com/_resources/themes/prahutheme/javascript/custom/orderList.js?m=1788319233:261
[   27630ms] [LOG] {ID: 1437, status_order: CANCEL, JadwalID: 1831, ID_Order: 20260821-08502, dari_api: null} @ https://phbidlautdemo.prahu-hub.com/_resources/themes/prahutheme/javascript/custom/orderList.js?m=1788319233:46
[   27630ms] [LOG] [Roni] penerima @ https://phbidlautdemo.prahu-hub.com/_resources/themes/prahutheme/javascript/custom/orderList.js?m=1788319233:261
[   27631ms] [LOG] {ID: 1436, status_order: KONFIRMASI_UNIT, JadwalID: 1831, ID_Order: 20260821-08501, dari_api: null} @ https://phbidlautdemo.prahu-hub.com/_resources/themes/prahutheme/javascript/custom/orderList.js?m=1788319233:46
[   27631ms] [LOG] [Roni] penerima @ https://phbidlautdemo.prahu-hub.com/_resources/themes/prahutheme/javascript/custom/orderList.js?m=1788319233:261
[   27631ms] [LOG] {ID: 1435, status_order: DONE, JadwalID: 1828, ID_Order: 20260820-06504, dari_api: null} @ https://phbidlautdemo.prahu-hub.com/_resources/themes/prahutheme/javascript/custom/orderList.js?m=1788319233:46
[   27631ms] [LOG] [Ik Bitung] penerima @ https://phbidlautdemo.prahu-hub.com/_resources/themes/prahutheme/javascript/custom/orderList.js?m=1788319233:261
[   27631ms] [LOG] {ID: 1434, status_order: KONFIRMASI_UNIT, JadwalID: 1829, ID_Order: 20260820-08503, dari_api: null} @ https://phbidlautdemo.prahu-hub.com/_resources/themes/prahutheme/javascript/custom/orderList.js?m=1788319233:46
[   27632ms] [LOG] [-] penerima @ https://phbidlautdemo.prahu-hub.com/_resources/themes/prahutheme/javascript/custom/orderList.js?m=1788319233:261
[   27632ms] [LOG] {ID: 1433, status_order: CANCEL, JadwalID: 1828, ID_Order: 20260820-06502, dari_api: null} @ https://phbidlautdemo.prahu-hub.com/_resources/themes/prahutheme/javascript/custom/orderList.js?m=1788319233:46
[   27632ms] [LOG] [Ik Bitung] penerima @ https://phbidlautdemo.prahu-hub.com/_resources/themes/prahutheme/javascript/custom/orderList.js?m=1788319233:261
[   27632ms] [LOG] {ID: 1432, status_order: CANCEL, JadwalID: 1824, ID_Order: 20260820-06501, dari_api: YES} @ https://phbidlautdemo.prahu-hub.com/_resources/themes/prahutheme/javascript/custom/orderList.js?m=1788319233:46
[   27632ms] [LOG] [Ik Bitung] penerima @ https://phbidlautdemo.prahu-hub.com/_resources/themes/prahutheme/javascript/custom/orderList.js?m=1788319233:261
[   27633ms] [LOG] {ID: 1431, status_order: KONFIRMASI_UNIT, JadwalID: 1819, ID_Order: 20260818-08502, dari_api: null} @ https://phbidlautdemo.prahu-hub.com/_resources/themes/prahutheme/javascript/custom/orderList.js?m=1788319233:46
[   27633ms] [LOG] [Rian] penerima @ https://phbidlautdemo.prahu-hub.com/_resources/themes/prahutheme/javascript/custom/orderList.js?m=1788319233:261
[   27633ms] [LOG] {ID: 1430, status_order: KONFIRMASI_UNIT, JadwalID: 1817, ID_Order: 20260818-08501, dari_api: null} @ https://phbidlautdemo.prahu-hub.com/_resources/themes/prahutheme/javascript/custom/orderList.js?m=1788319233:46
[   27633ms] [LOG] [Rian] penerima @ https://phbidlautdemo.prahu-hub.com/_resources/themes/prahutheme/javascript/custom/orderList.js?m=1788319233:261
[   27633ms] [LOG] {ID: 1429, status_order: DONE, JadwalID: 1815, ID_Order: 20260811-06501, dari_api: YES} @ https://phbidlautdemo.prahu-hub.com/_resources/themes/prahutheme/javascript/custom/orderList.js?m=1788319233:46
[   27634ms] [LOG] [IKHSAN JAYA, IKHSAN JAYA, IKHSAN JAYA] penerima @ https://phbidlautdemo.prahu-hub.com/_resources/themes/prahutheme/javascript/custom/orderList.js?m=1788319233:261
[   27634ms] [LOG] {ID: 1428, status_order: DONE, JadwalID: 1814, ID_Order: 20260807-06501, dari_api: YES} @ https://phbidlautdemo.prahu-hub.com/_resources/themes/prahutheme/javascript/custom/orderList.js?m=1788319233:46
[   27634ms] [LOG] [Ik Bitung] penerima @ https://phbidlautdemo.prahu-hub.com/_resources/themes/prahutheme/javascript/custom/orderList.js?m=1788319233:261
[   27634ms] [LOG] {ID: 1427, status_order: KONFIRMASI_UNIT, JadwalID: 1809, ID_Order: 20260806-06503, dari_api: YES} @ https://phbidlautdemo.prahu-hub.com/_resources/themes/prahutheme/javascript/custom/orderList.js?m=1788319233:46
[   27635ms] [LOG]  penerima @ https://phbidlautdemo.prahu-hub.com/_resources/themes/prahutheme/javascript/custom/orderList.js?m=1788319233:261
[   27635ms] [LOG] {ID: 1426, status_order: PENDING, JadwalID: 1809, ID_Order: 20260806-06502, dari_api: YES} @ https://phbidlautdemo.prahu-hub.com/_resources/themes/prahutheme/javascript/custom/orderList.js?m=1788319233:46
[   27635ms] [LOG]  penerima @ https://phbidlautdemo.prahu-hub.com/_resources/themes/prahutheme/javascript/custom/orderList.js?m=1788319233:261
[   27635ms] [LOG] {ID: 1425, status_order: PENDING, JadwalID: 1809, ID_Order: 20260806-06501, dari_api: YES} @ https://phbidlautdemo.prahu-hub.com/_resources/themes/prahutheme/javascript/custom/orderList.js?m=1788319233:46
[   27635ms] [LOG]  penerima @ https://phbidlautdemo.prahu-hub.com/_resources/themes/prahutheme/javascript/custom/orderList.js?m=1788319233:261
[   27635ms] [LOG] {ID: 1424, status_order: PACKING_LIST, JadwalID: 1806, ID_Order: 20260805-26301, dari_api: null} @ https://phbidlautdemo.prahu-hub.com/_resources/themes/prahutheme/javascript/custom/orderList.js?m=1788319233:46
[   27635ms] [LOG] [Budi] penerima @ https://phbidlautdemo.prahu-hub.com/_resources/themes/prahutheme/javascript/custom/orderList.js?m=1788319233:261
[   27636ms] [LOG] {ID: 1423, status_order: PENDING, JadwalID: 1794, ID_Order: 20260713-06503, dari_api: null} @ https://phbidlautdemo.prahu-hub.com/_resources/themes/prahutheme/javascript/custom/orderList.js?m=1788319233:46
[   27636ms] [LOG] [Ik Bitung] penerima @ https://phbidlautdemo.prahu-hub.com/_resources/themes/prahutheme/javascript/custom/orderList.js?m=1788319233:261
[   27636ms] [LOG] {ID: 1422, status_order: REJECTED, JadwalID: 1794, ID_Order: 20260713-06502, dari_api: null} @ https://phbidlautdemo.prahu-hub.com/_resources/themes/prahutheme/javascript/custom/orderList.js?m=1788319233:46
[   27636ms] [LOG] [Ik Bitung] penerima @ https://phbidlautdemo.prahu-hub.com/_resources/themes/prahutheme/javascript/custom/orderList.js?m=1788319233:261
[   27636ms] [LOG] {ID: 1421, status_order: DONE, JadwalID: 1795, ID_Order: 20260713-06501, dari_api: null} @ https://phbidlautdemo.prahu-hub.com/_resources/themes/prahutheme/javascript/custom/orderList.js?m=1788319233:46
[   27637ms] [LOG] [Ik Bitung] penerima @ https://phbidlautdemo.prahu-hub.com/_resources/themes/prahutheme/javascript/custom/orderList.js?m=1788319233:261
[   27637ms] [LOG] {ID: 1420, status_order: DONE, JadwalID: 1785, ID_Order: 20260629-06501, dari_api: null} @ https://phbidlautdemo.prahu-hub.com/_resources/themes/prahutheme/javascript/custom/orderList.js?m=1788319233:46
[   27637ms] [LOG] [PT. Perkasa Adi Makmur Sentosa, PT. Tridatu Jaya, PT. Indajaya] penerima @ https://phbidlautdemo.prahu-hub.com/_resources/themes/prahutheme/javascript/custom/orderList.js?m=1788319233:261
[   27637ms] [LOG] {ID: 1419, status_order: KONFIRMASI_UNIT, JadwalID: 1790, ID_Order: 20260627-06504, dari_api: null} @ https://phbidlautdemo.prahu-hub.com/_resources/themes/prahutheme/javascript/custom/orderList.js?m=1788319233:46
[   27637ms] [LOG] [Ik Bitung] penerima @ https://phbidlautdemo.prahu-hub.com/_resources/themes/prahutheme/javascript/custom/orderList.js?m=1788319233:261
[   27638ms] [LOG] {ID: 1418, status_order: PENDING, JadwalID: 1790, ID_Order: 20260627-06503, dari_api: null} @ https://phbidlautdemo.prahu-hub.com/_resources/themes/prahutheme/javascript/custom/orderList.js?m=1788319233:46
[   27638ms] [LOG] [Ik Bitung] penerima @ https://phbidlautdemo.prahu-hub.com/_resources/themes/prahutheme/javascript/custom/orderList.js?m=1788319233:261
[   27638ms] [LOG] {ID: 1417, status_order: CANCEL, JadwalID: 1789, ID_Order: 20260627-06502, dari_api: null} @ https://phbidlautdemo.prahu-hub.com/_resources/themes/prahutheme/javascript/custom/orderList.js?m=1788319233:46
[   27638ms] [LOG] [Ik Bitung] penerima @ https://phbidlautdemo.prahu-hub.com/_resources/themes/prahutheme/javascript/custom/orderList.js?m=1788319233:261
[   27639ms] [LOG] {ID: 1416, status_order: DONE, JadwalID: 1789, ID_Order: 20260627-06501, dari_api: YES} @ https://phbidlautdemo.prahu-hub.com/_resources/themes/prahutheme/javascript/custom/orderList.js?m=1788319233:46
[   27639ms] [LOG] [Ik Bitung] penerima @ https://phbidlautdemo.prahu-hub.com/_resources/themes/prahutheme/javascript/custom/orderList.js?m=1788319233:261
[   27639ms] [LOG] {ID: 1415, status_order: KONFIRMASI_UNIT, JadwalID: 1785, ID_Order: 20260626-06501, dari_api: null} @ https://phbidlautdemo.prahu-hub.com/_resources/themes/prahutheme/javascript/custom/orderList.js?m=1788319233:46
[   27640ms] [LOG] [PT. Perkasa Adi Makmur Sentosa, PT. Tridatu Jaya, PT. Indajaya] penerima @ https://phbidlautdemo.prahu-hub.com/_resources/themes/prahutheme/javascript/custom/orderList.js?m=1788319233:261
[   27640ms] [LOG] {ID: 1414, status_order: DONE, JadwalID: 1787, ID_Order: 20260625-02604, dari_api: null} @ https://phbidlautdemo.prahu-hub.com/_resources/themes/prahutheme/javascript/custom/orderList.js?m=1788319233:46
[   27640ms] [LOG] [PT. Astra Honda Motor, PT. Astra Yamaha Motor, PT. Astra Kawasaki Motor] penerima @ https://phbidlautdemo.prahu-hub.com/_resources/themes/prahutheme/javascript/custom/orderList.js?m=1788319233:261
[   27640ms] [LOG] {ID: 1413, status_order: CANCEL, JadwalID: 1786, ID_Order: 20260625-06503, dari_api: null} @ https://phbidlautdemo.prahu-hub.com/_resources/themes/prahutheme/javascript/custom/orderList.js?m=1788319233:46
[   27641ms] [LOG] [PT. Perkasa Adi Makmur Sentosa, PT. Tridatu Jaya, PT. Indajaya] penerima @ https://phbidlautdemo.prahu-hub.com/_resources/themes/prahutheme/javascript/custom/orderList.js?m=1788319233:261
[   27641ms] [LOG] {ID: 1412, status_order: DONE, JadwalID: 1780, ID_Order: 20260625-02602, dari_api: null} @ https://phbidlautdemo.prahu-hub.com/_resources/themes/prahutheme/javascript/custom/orderList.js?m=1788319233:46
[   27641ms] [LOG] [Suyanto] penerima @ https://phbidlautdemo.prahu-hub.com/_resources/themes/prahutheme/javascript/custom/orderList.js?m=1788319233:261
[   27642ms] [LOG] {ID: 1411, status_order: CANCEL_SHIPPED, JadwalID: 1778, ID_Order: 20260625-06501, dari_api: null} @ https://phbidlautdemo.prahu-hub.com/_resources/themes/prahutheme/javascript/custom/orderList.js?m=1788319233:46
[   27643ms] [LOG] [PT. Perkasa Adi Makmur Sentosa, PT. Tridatu Jaya, PT. Indajaya] penerima @ https://phbidlautdemo.prahu-hub.com/_resources/themes/prahutheme/javascript/custom/orderList.js?m=1788319233:261
[   27643ms] [LOG] {ID: 1410, status_order: DONE, JadwalID: 1777, ID_Order: 20260624-06501, dari_api: null} @ https://phbidlautdemo.prahu-hub.com/_resources/themes/prahutheme/javascript/custom/orderList.js?m=1788319233:46
[   27643ms] [LOG] [PT. Perkasa Adi Makmur Sentosa, PT. Tridatu Jaya, PT. Indajaya] penerima @ https://phbidlautdemo.prahu-hub.com/_resources/themes/prahutheme/javascript/custom/orderList.js?m=1788319233:261
[   27644ms] [LOG] {ID: 1408, status_order: DONE, JadwalID: 1774, ID_Order: 20260615-06501, dari_api: null} @ https://phbidlautdemo.prahu-hub.com/_resources/themes/prahutheme/javascript/custom/orderList.js?m=1788319233:46
[   27644ms] [LOG] [PIC Tujuan QA] penerima @ https://phbidlautdemo.prahu-hub.com/_resources/themes/prahutheme/javascript/custom/orderList.js?m=1788319233:261
[   27644ms] [LOG] {ID: 1407, status_order: DONE, JadwalID: 1773, ID_Order: 20260611-30801, dari_api: null} @ https://phbidlautdemo.prahu-hub.com/_resources/themes/prahutheme/javascript/custom/orderList.js?m=1788319233:46
[   27644ms] [LOG] [Eko Nugraha] penerima @ https://phbidlautdemo.prahu-hub.com/_resources/themes/prahutheme/javascript/custom/orderList.js?m=1788319233:261
[   27645ms] [LOG] {ID: 1406, status_order: DONE, JadwalID: 1760, ID_Order: 20260603-26302, dari_api: null} @ https://phbidlautdemo.prahu-hub.com/_resources/themes/prahutheme/javascript/custom/orderList.js?m=1788319233:46
[   27645ms] [LOG] [Budi] penerima @ https://phbidlautdemo.prahu-hub.com/_resources/themes/prahutheme/javascript/custom/orderList.js?m=1788319233:261
[   27645ms] [LOG] {ID: 1405, status_order: DONE, JadwalID: 1759, ID_Order: 20260603-26301, dari_api: null} @ https://phbidlautdemo.prahu-hub.com/_resources/themes/prahutheme/javascript/custom/orderList.js?m=1788319233:46
[   27645ms] [LOG] [Budi] penerima @ https://phbidlautdemo.prahu-hub.com/_resources/themes/prahutheme/javascript/custom/orderList.js?m=1788319233:261
[   27646ms] [LOG] {ID: 1404, status_order: PENDING, JadwalID: 1758, ID_Order: 20260528-06503, dari_api: null} @ https://phbidlautdemo.prahu-hub.com/_resources/themes/prahutheme/javascript/custom/orderList.js?m=1788319233:46
[   27646ms] [LOG] [PT. Perkasa Adi Makmur Sentosa, PT. Tridatu Jaya, PT. Indajaya] penerima @ https://phbidlautdemo.prahu-hub.com/_resources/themes/prahutheme/javascript/custom/orderList.js?m=1788319233:261
[   27646ms] [LOG] {ID: 1403, status_order: DONE, JadwalID: 1756, ID_Order: 20260528-06502, dari_api: null} @ https://phbidlautdemo.prahu-hub.com/_resources/themes/prahutheme/javascript/custom/orderList.js?m=1788319233:46
[   27647ms] [LOG] [PT. Perkasa Adi Makmur Sentosa, PT. Tridatu Jaya, PT. Indajaya] penerima @ https://phbidlautdemo.prahu-hub.com/_resources/themes/prahutheme/javascript/custom/orderList.js?m=1788319233:261
[   27647ms] [LOG] {ID: 1402, status_order: DONE, JadwalID: 1755, ID_Order: 20260528-06501, dari_api: null} @ https://phbidlautdemo.prahu-hub.com/_resources/themes/prahutheme/javascript/custom/orderList.js?m=1788319233:46
[   27647ms] [LOG] [PT. Perkasa Adi Makmur Sentosa, PT. Tridatu Jaya, PT. Indajaya] penerima @ https://phbidlautdemo.prahu-hub.com/_resources/themes/prahutheme/javascript/custom/orderList.js?m=1788319233:261
[   27647ms] [LOG] {ID: 1401, status_order: DONE, JadwalID: 1752, ID_Order: 20260526-02603, dari_api: null} @ https://phbidlautdemo.prahu-hub.com/_resources/themes/prahutheme/javascript/custom/orderList.js?m=1788319233:46
[   27648ms] [LOG] [Pras Tujuan] penerima @ https://phbidlautdemo.prahu-hub.com/_resources/themes/prahutheme/javascript/custom/orderList.js?m=1788319233:261
[   27648ms] [LOG] {ID: 1400, status_order: CANCEL, JadwalID: 1682, ID_Order: 20260526-02602, dari_api: null} @ https://phbidlautdemo.prahu-hub.com/_resources/themes/prahutheme/javascript/custom/orderList.js?m=1788319233:46
[   27648ms] [LOG] [Pras Tujuan] penerima @ https://phbidlautdemo.prahu-hub.com/_resources/themes/prahutheme/javascript/custom/orderList.js?m=1788319233:261
[   27648ms] [LOG] {ID: 1399, status_order: CANCEL_SHIPPED, JadwalID: 1751, ID_Order: 20260526-02601, dari_api: null} @ https://phbidlautdemo.prahu-hub.com/_resources/themes/prahutheme/javascript/custom/orderList.js?m=1788319233:46
[   27649ms] [LOG] [Pras Tujuan] penerima @ https://phbidlautdemo.prahu-hub.com/_resources/themes/prahutheme/javascript/custom/orderList.js?m=1788319233:261
[   27649ms] [LOG] {ID: 1398, status_order: CANCEL, JadwalID: 1748, ID_Order: 20260521-08506, dari_api: null} @ https://phbidlautdemo.prahu-hub.com/_resources/themes/prahutheme/javascript/custom/orderList.js?m=1788319233:46
[   27649ms] [LOG] [Farid] penerima @ https://phbidlautdemo.prahu-hub.com/_resources/themes/prahutheme/javascript/custom/orderList.js?m=1788319233:261
[   27649ms] [LOG] {ID: 1397, status_order: DONE, JadwalID: 1742, ID_Order: 20260521-27705, dari_api: null} @ https://phbidlautdemo.prahu-hub.com/_resources/themes/prahutheme/javascript/custom/orderList.js?m=1788319233:46
[   27649ms] [LOG] [Toni Kurniawan] penerima @ https://phbidlautdemo.prahu-hub.com/_resources/themes/prahutheme/javascript/custom/orderList.js?m=1788319233:261
[   27650ms] [LOG] {ID: 1396, status_order: DONE, JadwalID: 1747, ID_Order: 20260521-27704, dari_api: null} @ https://phbidlautdemo.prahu-hub.com/_resources/themes/prahutheme/javascript/custom/orderList.js?m=1788319233:46
[   27650ms] [LOG] [Toni Kurniawan] penerima @ https://phbidlautdemo.prahu-hub.com/_resources/themes/prahutheme/javascript/custom/orderList.js?m=1788319233:261
[   27650ms] [LOG] {ID: 1395, status_order: DONE, JadwalID: 1746, ID_Order: 20260521-26303, dari_api: null} @ https://phbidlautdemo.prahu-hub.com/_resources/themes/prahutheme/javascript/custom/orderList.js?m=1788319233:46
[   27650ms] [LOG] [Budi] penerima @ https://phbidlautdemo.prahu-hub.com/_resources/themes/prahutheme/javascript/custom/orderList.js?m=1788319233:261
[   27651ms] [LOG] {ID: 1394, status_order: CANCEL, JadwalID: 1736, ID_Order: 20260521-26302, dari_api: null} @ https://phbidlautdemo.prahu-hub.com/_resources/themes/prahutheme/javascript/custom/orderList.js?m=1788319233:46
[   27651ms] [LOG] [Budi] penerima @ https://phbidlautdemo.prahu-hub.com/_resources/themes/prahutheme/javascript/custom/orderList.js?m=1788319233:261
[   27651ms] [LOG] {ID: 1393, status_order: REJECTED, JadwalID: 1736, ID_Order: 20260521-26301, dari_api: null} @ https://phbidlautdemo.prahu-hub.com/_resources/themes/prahutheme/javascript/custom/orderList.js?m=1788319233:46
[   27651ms] [LOG] [Budi] penerima @ https://phbidlautdemo.prahu-hub.com/_resources/themes/prahutheme/javascript/custom/orderList.js?m=1788319233:261
[   27652ms] [LOG] {ID: 1392, status_order: DONE, JadwalID: 1740, ID_Order: 20260520-27705, dari_api: null} @ https://phbidlautdemo.prahu-hub.com/_resources/themes/prahutheme/javascript/custom/orderList.js?m=1788319233:46
[   27652ms] [LOG] [Toni Kurniawan] penerima @ https://phbidlautdemo.prahu-hub.com/_resources/themes/prahutheme/javascript/custom/orderList.js?m=1788319233:261
[   27652ms] [LOG] {ID: 1391, status_order: DONE, JadwalID: 1803, ID_Order: 20260520-26304, dari_api: null} @ https://phbidlautdemo.prahu-hub.com/_resources/themes/prahutheme/javascript/custom/orderList.js?m=1788319233:46
[   27652ms] [LOG] [Budi] penerima @ https://phbidlautdemo.prahu-hub.com/_resources/themes/prahutheme/javascript/custom/orderList.js?m=1788319233:261
[   27652ms] [LOG] {ID: 1390, status_order: DONE, JadwalID: 1735, ID_Order: 20260520-26303, dari_api: null} @ https://phbidlautdemo.prahu-hub.com/_resources/themes/prahutheme/javascript/custom/orderList.js?m=1788319233:46
[   27653ms] [LOG] [Budi] penerima @ https://phbidlautdemo.prahu-hub.com/_resources/themes/prahutheme/javascript/custom/orderList.js?m=1788319233:261
[   27653ms] [LOG] {ID: 1389, status_order: DONE, JadwalID: 1717, ID_Order: 20260520-27702, dari_api: null} @ https://phbidlautdemo.prahu-hub.com/_resources/themes/prahutheme/javascript/custom/orderList.js?m=1788319233:46
[   27653ms] [LOG] [Toni Kurniawan] penerima @ https://phbidlautdemo.prahu-hub.com/_resources/themes/prahutheme/javascript/custom/orderList.js?m=1788319233:261
[   27654ms] [LOG] {ID: 1388, status_order: DONE, JadwalID: 1732, ID_Order: 20260520-26301, dari_api: null} @ https://phbidlautdemo.prahu-hub.com/_resources/themes/prahutheme/javascript/custom/orderList.js?m=1788319233:46
[   27654ms] [LOG] [Budi] penerima @ https://phbidlautdemo.prahu-hub.com/_resources/themes/prahutheme/javascript/custom/orderList.js?m=1788319233:261
[   27654ms] [LOG] {ID: 1387, status_order: DONE, JadwalID: 1731, ID_Order: 20260518-08503, dari_api: null} @ https://phbidlautdemo.prahu-hub.com/_resources/themes/prahutheme/javascript/custom/orderList.js?m=1788319233:46
[   27654ms] [LOG] [a, =] penerima @ https://phbidlautdemo.prahu-hub.com/_resources/themes/prahutheme/javascript/custom/orderList.js?m=1788319233:261
[   27655ms] [LOG] {ID: 1386, status_order: CANCEL, JadwalID: 1730, ID_Order: 20260518-08502, dari_api: null} @ https://phbidlautdemo.prahu-hub.com/_resources/themes/prahutheme/javascript/custom/orderList.js?m=1788319233:46
[   27655ms] [LOG] [a, =] penerima @ https://phbidlautdemo.prahu-hub.com/_resources/themes/prahutheme/javascript/custom/orderList.js?m=1788319233:261
[   27655ms] [LOG] {ID: 1385, status_order: REJECTED, JadwalID: 1730, ID_Order: 20260518-08501, dari_api: null} @ https://phbidlautdemo.prahu-hub.com/_resources/themes/prahutheme/javascript/custom/orderList.js?m=1788319233:46
[   27655ms] [LOG] [a, www] penerima @ https://phbidlautdemo.prahu-hub.com/_resources/themes/prahutheme/javascript/custom/orderList.js?m=1788319233:261
[   27655ms] [LOG] {ID: 1384, status_order: DONE, JadwalID: 1727, ID_Order: 20260516-08501, dari_api: null} @ https://phbidlautdemo.prahu-hub.com/_resources/themes/prahutheme/javascript/custom/orderList.js?m=1788319233:46
[   27656ms] [LOG] [iuytr] penerima @ https://phbidlautdemo.prahu-hub.com/_resources/themes/prahutheme/javascript/custom/orderList.js?m=1788319233:261
[   27656ms] [LOG] {ID: 1383, status_order: CANCEL_SHIPPED, JadwalID: 1716, ID_Order: 20260505-27701, dari_api: null} @ https://phbidlautdemo.prahu-hub.com/_resources/themes/prahutheme/javascript/custom/orderList.js?m=1788319233:46
[   27656ms] [LOG] [Toni Kurniawan] penerima @ https://phbidlautdemo.prahu-hub.com/_resources/themes/prahutheme/javascript/custom/orderList.js?m=1788319233:261
[   27657ms] [LOG] {ID: 1382, status_order: DONE, JadwalID: 1718, ID_Order: 20260427-06502, dari_api: null} @ https://phbidlautdemo.prahu-hub.com/_resources/themes/prahutheme/javascript/custom/orderList.js?m=1788319233:46
[   27657ms] [LOG] [PT. Indomarco Prismatama - Jl. Lintas Sumatera Kel…1 || Pak Hariadi - Ketua TKBM Stabat 082166285795, Stock Point Indogrosir Mdn 1 (MEGAH DAYA INTI HARA…n Krio, Kel. Sunggal Deli Serdang, Sumatera Utara, CV. ALTAQNIA BANGKA ENGINEERING Simpang BTN, Jl. T…mali, Kabupaten Bangka, Kepulauan Bangka Belitung] penerima @ https://phbidlautdemo.prahu-hub.com/_resources/themes/prahutheme/javascript/custom/orderList.js?m=1788319233:261
[   27658ms] [LOG] {ID: 1381, status_order: DONE, JadwalID: 1718, ID_Order: 20260427-06501, dari_api: null} @ https://phbidlautdemo.prahu-hub.com/_resources/themes/prahutheme/javascript/custom/orderList.js?m=1788319233:46
[   27658ms] [LOG] [PT. Perkasa Adi Makmur Sentosa, PT. Tridatu Jaya, PT. Indajaya] penerima @ https://phbidlautdemo.prahu-hub.com/_resources/themes/prahutheme/javascript/custom/orderList.js?m=1788319233:261
[   27658ms] [LOG] {ID: 1380, status_order: DONE, JadwalID: 1717, ID_Order: 20260425-27702, dari_api: null} @ https://phbidlautdemo.prahu-hub.com/_resources/themes/prahutheme/javascript/custom/orderList.js?m=1788319233:46
[   27659ms] [LOG] [Toni Kurniawan] penerima @ https://phbidlautdemo.prahu-hub.com/_resources/themes/prahutheme/javascript/custom/orderList.js?m=1788319233:261
[   27659ms] [LOG] {ID: 1379, status_order: DONE, JadwalID: 1716, ID_Order: 20260425-27701, dari_api: null} @ https://phbidlautdemo.prahu-hub.com/_resources/themes/prahutheme/javascript/custom/orderList.js?m=1788319233:46
[   27660ms] [LOG] [Toni Kurniawan] penerima @ https://phbidlautdemo.prahu-hub.com/_resources/themes/prahutheme/javascript/custom/orderList.js?m=1788319233:261
[   27660ms] [LOG] {ID: 1378, status_order: SHIPPER_VALIDATED, JadwalID: 1715, ID_Order: 20260423-26301, dari_api: null} @ https://phbidlautdemo.prahu-hub.com/_resources/themes/prahutheme/javascript/custom/orderList.js?m=1788319233:46
[   27660ms] [LOG] [Budi] penerima @ https://phbidlautdemo.prahu-hub.com/_resources/themes/prahutheme/javascript/custom/orderList.js?m=1788319233:261
[   27661ms] [LOG] {ID: 1377, status_order: KONFIRMASI_UNIT, JadwalID: 1715, ID_Order: 20260421-26304, dari_api: null} @ https://phbidlautdemo.prahu-hub.com/_resources/themes/prahutheme/javascript/custom/orderList.js?m=1788319233:46
[   27661ms] [LOG] [Budi] penerima @ https://phbidlautdemo.prahu-hub.com/_resources/themes/prahutheme/javascript/custom/orderList.js?m=1788319233:261
[   27661ms] [LOG] {ID: 1376, status_order: DONE, JadwalID: 1702, ID_Order: 20260421-06503, dari_api: null} @ https://phbidlautdemo.prahu-hub.com/_resources/themes/prahutheme/javascript/custom/orderList.js?m=1788319233:46
[   27661ms] [LOG] [Ik Bitung] penerima @ https://phbidlautdemo.prahu-hub.com/_resources/themes/prahutheme/javascript/custom/orderList.js?m=1788319233:261
[   27661ms] [LOG] {ID: 1375, status_order: SHIPPER_VALIDATED, JadwalID: 1702, ID_Order: 20260421-06502, dari_api: null} @ https://phbidlautdemo.prahu-hub.com/_resources/themes/prahutheme/javascript/custom/orderList.js?m=1788319233:46
[   27662ms] [LOG] [Ik Bitung] penerima @ https://phbidlautdemo.prahu-hub.com/_resources/themes/prahutheme/javascript/custom/orderList.js?m=1788319233:261
[   27662ms] [LOG] {ID: 1374, status_order: KONFIRMASI_UNIT, JadwalID: 1715, ID_Order: 20260421-26301, dari_api: null} @ https://phbidlautdemo.prahu-hub.com/_resources/themes/prahutheme/javascript/custom/orderList.js?m=1788319233:46
[   27662ms] [LOG] [Budi] penerima @ https://phbidlautdemo.prahu-hub.com/_resources/themes/prahutheme/javascript/custom/orderList.js?m=1788319233:261
[   27662ms] [LOG] {ID: 1373, status_order: DONE, JadwalID: 1702, ID_Order: 20260420-06501, dari_api: null} @ https://phbidlautdemo.prahu-hub.com/_resources/themes/prahutheme/javascript/custom/orderList.js?m=1788319233:46
[   27663ms] [LOG] [Ik Bitung] penerima @ https://phbidlautdemo.prahu-hub.com/_resources/themes/prahutheme/javascript/custom/orderList.js?m=1788319233:261
[   27663ms] [LOG] {ID: 1372, status_order: SHIPPER_VALIDATED, JadwalID: 1710, ID_Order: 20260418-05922, dari_api: null} @ https://phbidlautdemo.prahu-hub.com/_resources/themes/prahutheme/javascript/custom/orderList.js?m=1788319233:46
[   27663ms] [LOG] [Majribah] penerima @ https://phbidlautdemo.prahu-hub.com/_resources/themes/prahutheme/javascript/custom/orderList.js?m=1788319233:261
[   27663ms] [LOG] {ID: 1371, status_order: PACKING_LIST, JadwalID: 1709, ID_Order: 20260418-05921, dari_api: null} @ https://phbidlautdemo.prahu-hub.com/_resources/themes/prahutheme/javascript/custom/orderList.js?m=1788319233:46
[   27663ms] [LOG] [Majribah] penerima @ https://phbidlautdemo.prahu-hub.com/_resources/themes/prahutheme/javascript/custom/orderList.js?m=1788319233:261
[   27664ms] [LOG] {ID: 1370, status_order: PACKING_LIST, JadwalID: 1708, ID_Order: 20260418-05920, dari_api: null} @ https://phbidlautdemo.prahu-hub.com/_resources/themes/prahutheme/javascript/custom/orderList.js?m=1788319233:46
[   27664ms] [LOG] [Majribah] penerima @ https://phbidlautdemo.prahu-hub.com/_resources/themes/prahutheme/javascript/custom/orderList.js?m=1788319233:261
[   27664ms] [LOG] {ID: 1369, status_order: PACKING_LIST, JadwalID: 1711, ID_Order: 20260418-05919, dari_api: null} @ https://phbidlautdemo.prahu-hub.com/_resources/themes/prahutheme/javascript/custom/orderList.js?m=1788319233:46
[   27664ms] [LOG] [Majribah] penerima @ https://phbidlautdemo.prahu-hub.com/_resources/themes/prahutheme/javascript/custom/orderList.js?m=1788319233:261
[   27664ms] [LOG] {ID: 1368, status_order: PACKING_LIST, JadwalID: 1710, ID_Order: 20260418-05918, dari_api: null} @ https://phbidlautdemo.prahu-hub.com/_resources/themes/prahutheme/javascript/custom/orderList.js?m=1788319233:46
[   27664ms] [LOG] [Majribah] penerima @ https://phbidlautdemo.prahu-hub.com/_resources/themes/prahutheme/javascript/custom/orderList.js?m=1788319233:261
[   27665ms] [LOG] {ID: 1367, status_order: PACKING_LIST, JadwalID: 1709, ID_Order: 20260418-05917, dari_api: null} @ https://phbidlautdemo.prahu-hub.com/_resources/themes/prahutheme/javascript/custom/orderList.js?m=1788319233:46
[   27665ms] [LOG] [Majribah] penerima @ https://phbidlautdemo.prahu-hub.com/_resources/themes/prahutheme/javascript/custom/orderList.js?m=1788319233:261
[   27665ms] [LOG] {ID: 1366, status_order: PACKING_LIST, JadwalID: 1708, ID_Order: 20260418-05916, dari_api: null} @ https://phbidlautdemo.prahu-hub.com/_resources/themes/prahutheme/javascript/custom/orderList.js?m=1788319233:46
[   27665ms] [LOG] [Majribah] penerima @ https://phbidlautdemo.prahu-hub.com/_resources/themes/prahutheme/javascript/custom/orderList.js?m=1788319233:261
[   27665ms] [LOG] {ID: 1365, status_order: PACKING_LIST, JadwalID: 1711, ID_Order: 20260418-05915, dari_api: null} @ https://phbidlautdemo.prahu-hub.com/_resources/themes/prahutheme/javascript/custom/orderList.js?m=1788319233:46
[   27666ms] [LOG] [Majribah] penerima @ https://phbidlautdemo.prahu-hub.com/_resources/themes/prahutheme/javascript/custom/orderList.js?m=1788319233:261
[   27740ms] [LOG] 1453 @ https://phbidlautdemo.prahu-hub.com/_resources/themes/prahutheme/javascript/custom/orderList.js?m=1788319233:916
[   27740ms] [LOG] 1453 countView1 1 pageNow 100 limitView1 @ https://phbidlautdemo.prahu-hub.com/_resources/themes/prahutheme/javascript/custom/orderList.js?m=1788319233:918
[   27740ms] [LOG] 100 @ https://phbidlautdemo.prahu-hub.com/_resources/themes/prahutheme/javascript/custom/orderList.js?m=1788319233:924
[   27740ms] [LOG] 1453 jumlah data @ https://phbidlautdemo.prahu-hub.com/_resources/themes/prahutheme/javascript/custom/orderList.js?m=1788319233:879
[   27740ms] [LOG] 15 @ https://phbidlautdemo.prahu-hub.com/_resources/themes/prahutheme/javascript/custom/orderList.js?m=1788319233:881
[   27740ms] [LOG] 15 1 pageCount & pageNow @ https://phbidlautdemo.prahu-hub.com/_resources/themes/prahutheme/javascript/custom/orderList.js?m=1788319233:810
[   27742ms] [LOG] 200 xhrglobal @ https://phbidlautdemo.prahu-hub.com/order/orderlist:8566
