[     297ms] TypeError: $(...).DataTable is not a function
    at https://phbidlautdemo.prahu-hub.com/_resources/themes/prahutheme/js/scripts-init/tables.js:7:23
[    1423ms] Cannot use import statement outside a module
[    1444ms] ReferenceError: Chart is not defined
    at https://phbidlautdemo.prahu-hub.com/_resources/themes/prahutheme/js/scripts-init/charts/chartjs.js:8:13
[    1935ms] Unexpected token '<'
[    1935ms] Unexpected token '<'
[    1991ms] Uncaught TypeError: expect element to be DOM Element, but got null
    at n.init (https://cdnjs.cloudflare.com/ajax/libs/smooth-scrollbar/8.5.2/smooth-scrollbar.js:24:264)
    at <anonymous> (https://phbidlautdemo.prahu-hub.com/lelang/buatlelang:13854:14)
[    2032ms] [LOG] undefinednamanya @ https://phbidlautdemo.prahu-hub.com/lelang/buatlelang:1878
[    2051ms] [LOG] Fri Aug 14 2026 13:38:55 GMT+0700 (Western Indonesia Time) @ https://phbidlautdemo.prahu-hub.com/lelang/buatlelang:11531
[    2111ms] [LOG] Masukkan Nomor Lelang @ https://phbidlautdemo.prahu-hub.com/lelang/buatlelang:14206
[    2112ms] [LOG] DD/MM/YYYY hh:mm @ https://phbidlautdemo.prahu-hub.com/lelang/buatlelang:14206
[    2112ms] [LOG] DD/MM/YYYY hh:mm @ https://phbidlautdemo.prahu-hub.com/lelang/buatlelang:14206
[    2112ms] [LOG] DD/MM/YYYY hh:mm @ https://phbidlautdemo.prahu-hub.com/lelang/buatlelang:14206
[    2112ms] [LOG] DD/MM/YYYY hh:mm @ https://phbidlautdemo.prahu-hub.com/lelang/buatlelang:14206
[    2112ms] [LOG] undefined @ https://phbidlautdemo.prahu-hub.com/lelang/buatlelang:14206
[    2112ms] [LOG] DD/MM/YYYY @ https://phbidlautdemo.prahu-hub.com/lelang/buatlelang:14206
[    2113ms] [LOG] DD/MM/YYYY @ https://phbidlautdemo.prahu-hub.com/lelang/buatlelang:14206
[    2114ms] [LOG] undefined @ https://phbidlautdemo.prahu-hub.com/lelang/buatlelang:14206
[    2115ms] [LOG] undefined @ https://phbidlautdemo.prahu-hub.com/lelang/buatlelang:14206
[    2115ms] [LOG] undefined @ https://phbidlautdemo.prahu-hub.com/lelang/buatlelang:14206
[    2115ms] [LOG] undefined @ https://phbidlautdemo.prahu-hub.com/lelang/buatlelang:14206
[    2115ms] [LOG] undefined @ https://phbidlautdemo.prahu-hub.com/lelang/buatlelang:14206
[    2116ms] [LOG] undefined @ https://phbidlautdemo.prahu-hub.com/lelang/buatlelang:14206
[    2116ms] [LOG] undefined @ https://phbidlautdemo.prahu-hub.com/lelang/buatlelang:14206
[    2116ms] [LOG] undefined @ https://phbidlautdemo.prahu-hub.com/lelang/buatlelang:14206
[    2116ms] [LOG] undefined @ https://phbidlautdemo.prahu-hub.com/lelang/buatlelang:14206
[    2116ms] [LOG] undefined @ https://phbidlautdemo.prahu-hub.com/lelang/buatlelang:14206
[    2116ms] [LOG] undefined @ https://phbidlautdemo.prahu-hub.com/lelang/buatlelang:14206
[    2116ms] [LOG] undefined @ https://phbidlautdemo.prahu-hub.com/lelang/buatlelang:14206
[    2117ms] [LOG] undefined @ https://phbidlautdemo.prahu-hub.com/lelang/buatlelang:14206
[    2117ms] [LOG] undefined @ https://phbidlautdemo.prahu-hub.com/lelang/buatlelang:14206
[    2117ms] [LOG] undefined @ https://phbidlautdemo.prahu-hub.com/lelang/buatlelang:14206
[    2117ms] [LOG] undefined @ https://phbidlautdemo.prahu-hub.com/lelang/buatlelang:14206
[    2117ms] [LOG] undefined @ https://phbidlautdemo.prahu-hub.com/lelang/buatlelang:14206
[    2117ms] [LOG] undefined @ https://phbidlautdemo.prahu-hub.com/lelang/buatlelang:14206
[    2117ms] [LOG] undefined @ https://phbidlautdemo.prahu-hub.com/lelang/buatlelang:14206
[    2118ms] [LOG] undefined @ https://phbidlautdemo.prahu-hub.com/lelang/buatlelang:14206
[    2118ms] [LOG] undefined @ https://phbidlautdemo.prahu-hub.com/lelang/buatlelang:14206
[    2118ms] [LOG] undefined @ https://phbidlautdemo.prahu-hub.com/lelang/buatlelang:14206
[    2118ms] [LOG] undefined @ https://phbidlautdemo.prahu-hub.com/lelang/buatlelang:14206
[    2118ms] [LOG] undefined @ https://phbidlautdemo.prahu-hub.com/lelang/buatlelang:14206
[    2118ms] [LOG] undefined @ https://phbidlautdemo.prahu-hub.com/lelang/buatlelang:14206
[    2119ms] [LOG] undefined @ https://phbidlautdemo.prahu-hub.com/lelang/buatlelang:14206
[    2119ms] [LOG] undefined @ https://phbidlautdemo.prahu-hub.com/lelang/buatlelang:14206
[    2119ms] [LOG] undefined @ https://phbidlautdemo.prahu-hub.com/lelang/buatlelang:14206
[    2119ms] [LOG] undefined @ https://phbidlautdemo.prahu-hub.com/lelang/buatlelang:14206
[    2119ms] [LOG] undefined @ https://phbidlautdemo.prahu-hub.com/lelang/buatlelang:14206
[    2119ms] [LOG] undefined @ https://phbidlautdemo.prahu-hub.com/lelang/buatlelang:14206
[    2120ms] [LOG] undefined @ https://phbidlautdemo.prahu-hub.com/lelang/buatlelang:14206
[    2120ms] [LOG] undefined @ https://phbidlautdemo.prahu-hub.com/lelang/buatlelang:14206
[    2120ms] [LOG] undefined @ https://phbidlautdemo.prahu-hub.com/lelang/buatlelang:14206
[    2120ms] [LOG] undefined @ https://phbidlautdemo.prahu-hub.com/lelang/buatlelang:14206
[    2120ms] [LOG] undefined @ https://phbidlautdemo.prahu-hub.com/lelang/buatlelang:14206
[    2121ms] [LOG] undefined @ https://phbidlautdemo.prahu-hub.com/lelang/buatlelang:14206
[    2121ms] [LOG] undefined @ https://phbidlautdemo.prahu-hub.com/lelang/buatlelang:14206
[    2121ms] [LOG] undefined @ https://phbidlautdemo.prahu-hub.com/lelang/buatlelang:14206
[    2121ms] [LOG] undefined @ https://phbidlautdemo.prahu-hub.com/lelang/buatlelang:14206
[    2121ms] [LOG] undefined @ https://phbidlautdemo.prahu-hub.com/lelang/buatlelang:14206
[    2122ms] [LOG] undefined @ https://phbidlautdemo.prahu-hub.com/lelang/buatlelang:14206
[    2122ms] [LOG] undefined @ https://phbidlautdemo.prahu-hub.com/lelang/buatlelang:14206
[    2122ms] [LOG] Masukkan Budget @ https://phbidlautdemo.prahu-hub.com/lelang/buatlelang:14206
[    2123ms] [LOG] undefined @ https://phbidlautdemo.prahu-hub.com/lelang/buatlelang:14206
[    2123ms] [LOG] undefined @ https://phbidlautdemo.prahu-hub.com/lelang/buatlelang:14206
[    2123ms] [LOG] undefined @ https://phbidlautdemo.prahu-hub.com/lelang/buatlelang:14206
[    2123ms] [LOG] Masukkan Dokumen Tambahan (Bila Ada) @ https://phbidlautdemo.prahu-hub.com/lelang/buatlelang:14206
[    2123ms] [LOG] undefined @ https://phbidlautdemo.prahu-hub.com/lelang/buatlelang:14206
[    2123ms] [LOG] undefined @ https://phbidlautdemo.prahu-hub.com/lelang/buatlelang:14206
[    2124ms] [LOG] undefined @ https://phbidlautdemo.prahu-hub.com/lelang/buatlelang:14206
[    2124ms] [LOG] Masukkan Nama PIC @ https://phbidlautdemo.prahu-hub.com/lelang/buatlelang:14206
[    2125ms] [LOG] Nomor Telp. @ https://phbidlautdemo.prahu-hub.com/lelang/buatlelang:14206
[    2125ms] [LOG] Masukkan Nama PIC @ https://phbidlautdemo.prahu-hub.com/lelang/buatlelang:14206
[    2125ms] [LOG] Nomor Telp. @ https://phbidlautdemo.prahu-hub.com/lelang/buatlelang:14206
[    2126ms] [LOG] Masukkan Nama PIC @ https://phbidlautdemo.prahu-hub.com/lelang/buatlelang:14206
[    2126ms] [LOG] Nomor Telp. @ https://phbidlautdemo.prahu-hub.com/lelang/buatlelang:14206
[    2126ms] [LOG] Masukkan Nama PIC @ https://phbidlautdemo.prahu-hub.com/lelang/buatlelang:14206
[    2126ms] [LOG] Nomor Telp. @ https://phbidlautdemo.prahu-hub.com/lelang/buatlelang:14206
[    2126ms] [LOG] Masukkan Nama PIC @ https://phbidlautdemo.prahu-hub.com/lelang/buatlelang:14206
[    2126ms] [LOG] Nomor Telp. @ https://phbidlautdemo.prahu-hub.com/lelang/buatlelang:14206
[    2126ms] [LOG] Anda Bisa Memilih Beberapa @ https://phbidlautdemo.prahu-hub.com/lelang/buatlelang:14206
[    2126ms] [LOG] Jumlah Berapa Unit / Berapa Kontainer @ https://phbidlautdemo.prahu-hub.com/lelang/buatlelang:14206
[    2128ms] [LOG] WebSocket connection @ https://phbidlautdemo.prahu-hub.com/lelang/buatlelang:14249
[    2128ms] [LOG] WebSocket connection attempting... @ https://phbidlautdemo.prahu-hub.com/lelang/buatlelang:14327
[    2333ms] [LOG] WebSocket connected @ https://phbidlautdemo.prahu-hub.com/lelang/buatlelang:14258
[    2335ms] [LOG] update_dashboard_order_laut @ https://phbidlautdemo.prahu-hub.com/lelang/buatlelang:14299
[    2362ms] [LOG] Connected @ https://phbidlautdemo.prahu-hub.com/lelang/buatlelang:14299
[    2602ms] [LOG] 200 xhrglobal @ https://phbidlautdemo.prahu-hub.com/lelang/buatlelang:14180
[    2682ms] [LOG] 200 xhrglobal @ https://phbidlautdemo.prahu-hub.com/lelang/buatlelang:14180
[    4048ms] TypeError: $(...).DataTable is not a function
    at https://phbidlautdemo.prahu-hub.com/_resources/themes/prahutheme/js/scripts-init/tables.js:7:23
[    6216ms] [LOG] Connected @ https://phbidlautdemo.prahu-hub.com/lelang/buatlelang:14299
[   12294ms] [LOG] Connected @ https://phbidlautdemo.prahu-hub.com/lelang/buatlelang:14299
[   12658ms] [LOG] Connected @ https://phbidlautdemo.prahu-hub.com/lelang/buatlelang:14299
[   17194ms] [LOG] Connected @ https://phbidlautdemo.prahu-hub.com/lelang/buatlelang:14299
[   33589ms] [LOG] Connected @ https://phbidlautdemo.prahu-hub.com/lelang/buatlelang:14299
[   39194ms] [LOG] Connected @ https://phbidlautdemo.prahu-hub.com/lelang/buatlelang:14299
[   42506ms] [LOG] Connected @ https://phbidlautdemo.prahu-hub.com/lelang/buatlelang:14299
[   42511ms] [LOG] Connected @ https://phbidlautdemo.prahu-hub.com/lelang/buatlelang:14299
[   55926ms] [LOG] Connected @ https://phbidlautdemo.prahu-hub.com/lelang/buatlelang:14299
[   59545ms] [LOG] Connected @ https://phbidlautdemo.prahu-hub.com/lelang/buatlelang:14299
[   67360ms] [LOG] Connected @ https://phbidlautdemo.prahu-hub.com/lelang/buatlelang:14299
[   84809ms] [LOG] Connected @ https://phbidlautdemo.prahu-hub.com/lelang/buatlelang:14299
[  106369ms] [LOG] Connected @ https://phbidlautdemo.prahu-hub.com/lelang/buatlelang:14299
[  111214ms] [LOG] Connected @ https://phbidlautdemo.prahu-hub.com/lelang/buatlelang:14299
[  116840ms] [LOG] Connected @ https://phbidlautdemo.prahu-hub.com/lelang/buatlelang:14299
[  123810ms] [LOG] Connected @ https://phbidlautdemo.prahu-hub.com/lelang/buatlelang:14299
[  133811ms] [LOG] Connected @ https://phbidlautdemo.prahu-hub.com/lelang/buatlelang:14299
[  137458ms] [LOG] Connected @ https://phbidlautdemo.prahu-hub.com/lelang/buatlelang:14299
[  137495ms] [LOG] Connected @ https://phbidlautdemo.prahu-hub.com/lelang/buatlelang:14299
[  137979ms] [LOG] Connected @ https://phbidlautdemo.prahu-hub.com/lelang/buatlelang:14299
[  142377ms] [LOG] Connected @ https://phbidlautdemo.prahu-hub.com/lelang/buatlelang:14299
[  149544ms] [LOG] Connected @ https://phbidlautdemo.prahu-hub.com/lelang/buatlelang:14299
[  149891ms] [LOG] Connected @ https://phbidlautdemo.prahu-hub.com/lelang/buatlelang:14299
[  153459ms] [LOG] Connected @ https://phbidlautdemo.prahu-hub.com/lelang/buatlelang:14299
[  157121ms] [LOG] Connected @ https://phbidlautdemo.prahu-hub.com/lelang/buatlelang:14299
[  157143ms] [LOG] Connected @ https://phbidlautdemo.prahu-hub.com/lelang/buatlelang:14299
[  159083ms] [LOG] Connected @ https://phbidlautdemo.prahu-hub.com/lelang/buatlelang:14299
[  163125ms] [LOG] Connected @ https://phbidlautdemo.prahu-hub.com/lelang/buatlelang:14299
[  166606ms] [LOG] Connected @ https://phbidlautdemo.prahu-hub.com/lelang/buatlelang:14299
[  171630ms] [LOG] Connected @ https://phbidlautdemo.prahu-hub.com/lelang/buatlelang:14299
[  180371ms] [LOG] Connected @ https://phbidlautdemo.prahu-hub.com/lelang/buatlelang:14299
[  185941ms] [LOG] Connected @ https://phbidlautdemo.prahu-hub.com/lelang/buatlelang:14299
[  188992ms] [LOG] Connected @ https://phbidlautdemo.prahu-hub.com/lelang/buatlelang:14299
[  193043ms] [LOG] Connected @ https://phbidlautdemo.prahu-hub.com/lelang/buatlelang:14299
[  197467ms] [LOG] Connected @ https://phbidlautdemo.prahu-hub.com/lelang/buatlelang:14299
[  198657ms] [LOG] Connected @ https://phbidlautdemo.prahu-hub.com/lelang/buatlelang:14299
[  201172ms] [LOG] Connected @ https://phbidlautdemo.prahu-hub.com/lelang/buatlelang:14299
[  202350ms] [LOG] Connected @ https://phbidlautdemo.prahu-hub.com/lelang/buatlelang:14299
[  205555ms] [LOG] Connected @ https://phbidlautdemo.prahu-hub.com/lelang/buatlelang:14299
[  207301ms] [LOG] Connected @ https://phbidlautdemo.prahu-hub.com/lelang/buatlelang:14299
[  208354ms] [LOG] Connected @ https://phbidlautdemo.prahu-hub.com/lelang/buatlelang:14299
[  218073ms] [LOG] Connected @ https://phbidlautdemo.prahu-hub.com/lelang/buatlelang:14299
[  222570ms] [LOG] Connected @ https://phbidlautdemo.prahu-hub.com/lelang/buatlelang:14299
[  225401ms] [LOG] Connected @ https://phbidlautdemo.prahu-hub.com/lelang/buatlelang:14299
[  225705ms] [LOG] Connected @ https://phbidlautdemo.prahu-hub.com/lelang/buatlelang:14299
[  227508ms] [LOG] Connected @ https://phbidlautdemo.prahu-hub.com/lelang/buatlelang:14299
[  229712ms] [LOG] Connected @ https://phbidlautdemo.prahu-hub.com/lelang/buatlelang:14299
[  232437ms] [LOG] Connected @ https://phbidlautdemo.prahu-hub.com/lelang/buatlelang:14299
[  244752ms] [LOG] Connected @ https://phbidlautdemo.prahu-hub.com/lelang/buatlelang:14299
[  247104ms] [LOG] Connected @ https://phbidlautdemo.prahu-hub.com/lelang/buatlelang:14299
[  252611ms] [LOG] Connected @ https://phbidlautdemo.prahu-hub.com/lelang/buatlelang:14299
[  264264ms] [LOG] Connected @ https://phbidlautdemo.prahu-hub.com/lelang/buatlelang:14299
[  264704ms] [LOG] Connected @ https://phbidlautdemo.prahu-hub.com/lelang/buatlelang:14299
[  266458ms] [LOG] Connected @ https://phbidlautdemo.prahu-hub.com/lelang/buatlelang:14299
[  267726ms] [LOG] Connected @ https://phbidlautdemo.prahu-hub.com/lelang/buatlelang:14299
[  271062ms] [LOG] Connected @ https://phbidlautdemo.prahu-hub.com/lelang/buatlelang:14299
[  273021ms] [LOG] Connected @ https://phbidlautdemo.prahu-hub.com/lelang/buatlelang:14299
[  275522ms] [LOG] Connected @ https://phbidlautdemo.prahu-hub.com/lelang/buatlelang:14299
[  277648ms] [LOG] Connected @ https://phbidlautdemo.prahu-hub.com/lelang/buatlelang:14299
[  279157ms] [LOG] Connected @ https://phbidlautdemo.prahu-hub.com/lelang/buatlelang:14299
[  280201ms] [LOG] Connected @ https://phbidlautdemo.prahu-hub.com/lelang/buatlelang:14299
[  280565ms] [LOG] Connected @ https://phbidlautdemo.prahu-hub.com/lelang/buatlelang:14299
[  290115ms] [LOG] Connected @ https://phbidlautdemo.prahu-hub.com/lelang/buatlelang:14299
[  290965ms] [LOG] Connected @ https://phbidlautdemo.prahu-hub.com/lelang/buatlelang:14299
[  291923ms] [LOG] Connected @ https://phbidlautdemo.prahu-hub.com/lelang/buatlelang:14299
[  292082ms] [LOG] Connected @ https://phbidlautdemo.prahu-hub.com/lelang/buatlelang:14299
[  292572ms] [LOG] Connected @ https://phbidlautdemo.prahu-hub.com/lelang/buatlelang:14299
[  296319ms] [LOG] Connected @ https://phbidlautdemo.prahu-hub.com/lelang/buatlelang:14299
[  299817ms] [LOG] Connected @ https://phbidlautdemo.prahu-hub.com/lelang/buatlelang:14299
[  310954ms] [LOG] Connected @ https://phbidlautdemo.prahu-hub.com/lelang/buatlelang:14299
[  314612ms] [LOG] Connected @ https://phbidlautdemo.prahu-hub.com/lelang/buatlelang:14299
[  317800ms] [LOG] Connected @ https://phbidlautdemo.prahu-hub.com/lelang/buatlelang:14299
[  321716ms] [LOG] Connected @ https://phbidlautdemo.prahu-hub.com/lelang/buatlelang:14299
[  322044ms] [LOG] Connected @ https://phbidlautdemo.prahu-hub.com/lelang/buatlelang:14299
[  322239ms] [LOG] Connected @ https://phbidlautdemo.prahu-hub.com/lelang/buatlelang:14299
[  323386ms] [LOG] Connected @ https://phbidlautdemo.prahu-hub.com/lelang/buatlelang:14299
[  324977ms] [LOG] Connected @ https://phbidlautdemo.prahu-hub.com/lelang/buatlelang:14299
[  327438ms] [LOG] Connected @ https://phbidlautdemo.prahu-hub.com/lelang/buatlelang:14299
[  330044ms] [LOG] Connected @ https://phbidlautdemo.prahu-hub.com/lelang/buatlelang:14299
[  335588ms] [LOG] Connected @ https://phbidlautdemo.prahu-hub.com/lelang/buatlelang:14299
[  344139ms] [LOG] Connected @ https://phbidlautdemo.prahu-hub.com/lelang/buatlelang:14299
[  348745ms] [LOG] Connected @ https://phbidlautdemo.prahu-hub.com/lelang/buatlelang:14299
[  350085ms] [LOG] Connected @ https://phbidlautdemo.prahu-hub.com/lelang/buatlelang:14299
[  353656ms] [LOG] Connected @ https://phbidlautdemo.prahu-hub.com/lelang/buatlelang:14299
[  354457ms] [LOG] Connected @ https://phbidlautdemo.prahu-hub.com/lelang/buatlelang:14299
[  357536ms] [LOG] Connected @ https://phbidlautdemo.prahu-hub.com/lelang/buatlelang:14299
[  364827ms] [LOG] Connected @ https://phbidlautdemo.prahu-hub.com/lelang/buatlelang:14299
[  366482ms] [LOG] Connected @ https://phbidlautdemo.prahu-hub.com/lelang/buatlelang:14299
[  371797ms] [LOG] Connected @ https://phbidlautdemo.prahu-hub.com/lelang/buatlelang:14299
[  371818ms] [LOG] Connected @ https://phbidlautdemo.prahu-hub.com/lelang/buatlelang:14299
[  372819ms] [LOG] Connected @ https://phbidlautdemo.prahu-hub.com/lelang/buatlelang:14299
[  375426ms] [LOG] Connected @ https://phbidlautdemo.prahu-hub.com/lelang/buatlelang:14299
[  376443ms] [LOG] Connected @ https://phbidlautdemo.prahu-hub.com/lelang/buatlelang:14299
[  380000ms] [LOG] Connected @ https://phbidlautdemo.prahu-hub.com/lelang/buatlelang:14299
[  383327ms] [LOG] Connected @ https://phbidlautdemo.prahu-hub.com/lelang/buatlelang:14299
[  383409ms] [LOG] Connected @ https://phbidlautdemo.prahu-hub.com/lelang/buatlelang:14299
[  395433ms] [LOG] Connected @ https://phbidlautdemo.prahu-hub.com/lelang/buatlelang:14299
[  406850ms] [LOG] Connected @ https://phbidlautdemo.prahu-hub.com/lelang/buatlelang:14299
[  410712ms] [LOG] Connected @ https://phbidlautdemo.prahu-hub.com/lelang/buatlelang:14299
[  416469ms] [LOG] Connected @ https://phbidlautdemo.prahu-hub.com/lelang/buatlelang:14299
[  426853ms] [LOG] Connected @ https://phbidlautdemo.prahu-hub.com/lelang/buatlelang:14299
[  428862ms] [LOG] Connected @ https://phbidlautdemo.prahu-hub.com/lelang/buatlelang:14299
[  436223ms] [LOG] Connected @ https://phbidlautdemo.prahu-hub.com/lelang/buatlelang:14299
[  448928ms] [LOG] Connected @ https://phbidlautdemo.prahu-hub.com/lelang/buatlelang:14299
[  453394ms] [LOG] updateNotif.23 @ https://phbidlautdemo.prahu-hub.com/lelang/buatlelang:14299
[  453423ms] [LOG] notif_badge_show.23 @ https://phbidlautdemo.prahu-hub.com/lelang/buatlelang:14299
[  458394ms] [LOG] Connected @ https://phbidlautdemo.prahu-hub.com/lelang/buatlelang:14299
[  459433ms] [LOG] Connected @ https://phbidlautdemo.prahu-hub.com/lelang/buatlelang:14299
[  465864ms] [LOG] Connected @ https://phbidlautdemo.prahu-hub.com/lelang/buatlelang:14299
[  482256ms] [LOG] Connected @ https://phbidlautdemo.prahu-hub.com/lelang/buatlelang:14299
[  484591ms] [LOG] Connected @ https://phbidlautdemo.prahu-hub.com/lelang/buatlelang:14299
[  497681ms] [LOG] Connected @ https://phbidlautdemo.prahu-hub.com/lelang/buatlelang:14299
[  498186ms] [LOG] Connected @ https://phbidlautdemo.prahu-hub.com/lelang/buatlelang:14299
[  502860ms] [LOG] Connected @ https://phbidlautdemo.prahu-hub.com/lelang/buatlelang:14299
[  505523ms] [LOG] Connected @ https://phbidlautdemo.prahu-hub.com/lelang/buatlelang:14299
[  510296ms] [LOG] Connected @ https://phbidlautdemo.prahu-hub.com/lelang/buatlelang:14299
[  517126ms] [LOG] Connected @ https://phbidlautdemo.prahu-hub.com/lelang/buatlelang:14299
[  524765ms] [LOG] notif_badge_show.293-232-249-274-254-224-163-58-27-66-60-160-34-31-307-23 @ https://phbidlautdemo.prahu-hub.com/lelang/buatlelang:14299
[  524772ms] [LOG] updateNotif.293-232-249-274-254-224-163-58-27-66-60-160-34-31-307-23 @ https://phbidlautdemo.prahu-hub.com/lelang/buatlelang:14299
[  526160ms] [LOG] Connected @ https://phbidlautdemo.prahu-hub.com/lelang/buatlelang:14299
[  526507ms] [LOG] Connected @ https://phbidlautdemo.prahu-hub.com/lelang/buatlelang:14299
[  528018ms] [LOG] Connected @ https://phbidlautdemo.prahu-hub.com/lelang/buatlelang:14299
[  533407ms] [LOG] Connected @ https://phbidlautdemo.prahu-hub.com/lelang/buatlelang:14299
[  533825ms] [LOG] Connected @ https://phbidlautdemo.prahu-hub.com/lelang/buatlelang:14299
[  534131ms] [LOG] Connected @ https://phbidlautdemo.prahu-hub.com/lelang/buatlelang:14299
[  535141ms] [LOG] Connected @ https://phbidlautdemo.prahu-hub.com/lelang/buatlelang:14299
[  538824ms] [LOG] Connected @ https://phbidlautdemo.prahu-hub.com/lelang/buatlelang:14299
[  553956ms] [LOG] Connected @ https://phbidlautdemo.prahu-hub.com/lelang/buatlelang:14299
[  555341ms] [LOG] Connected @ https://phbidlautdemo.prahu-hub.com/lelang/buatlelang:14299
[  558637ms] [LOG] Connected @ https://phbidlautdemo.prahu-hub.com/lelang/buatlelang:14299
[  558932ms] [LOG] Connected @ https://phbidlautdemo.prahu-hub.com/lelang/buatlelang:14299
[  568085ms] [LOG] Connected @ https://phbidlautdemo.prahu-hub.com/lelang/buatlelang:14299
[  569582ms] [LOG] notif_badge_show.19-1 @ https://phbidlautdemo.prahu-hub.com/lelang/buatlelang:14299
[  569602ms] [LOG] Connected @ https://phbidlautdemo.prahu-hub.com/lelang/buatlelang:14299
[  569626ms] [LOG] updateNotifDarat.33-1 @ https://phbidlautdemo.prahu-hub.com/lelang/buatlelang:14299
[  570497ms] [LOG] updateNotifDarat.19-1 @ https://phbidlautdemo.prahu-hub.com/lelang/buatlelang:14299
[  575384ms] [LOG] Connected @ https://phbidlautdemo.prahu-hub.com/lelang/buatlelang:14299
[  575675ms] [LOG] notif_badge_show.33-1 @ https://phbidlautdemo.prahu-hub.com/lelang/buatlelang:14299
[  575678ms] [LOG] updateNotifDarat.19-1 @ https://phbidlautdemo.prahu-hub.com/lelang/buatlelang:14299
[  575692ms] [LOG] notif_badge_show.19-1 @ https://phbidlautdemo.prahu-hub.com/lelang/buatlelang:14299
[  580072ms] [LOG] Connected @ https://phbidlautdemo.prahu-hub.com/lelang/buatlelang:14299
[  582315ms] [LOG] updateNotifDarat.19-1 @ https://phbidlautdemo.prahu-hub.com/lelang/buatlelang:14299
[  582317ms] [LOG] notif_badge_show.19-1 @ https://phbidlautdemo.prahu-hub.com/lelang/buatlelang:14299
[  582345ms] [LOG] updateNotifDarat.33-1 @ https://phbidlautdemo.prahu-hub.com/lelang/buatlelang:14299
[  582363ms] [LOG] notif_badge_show.33-1 @ https://phbidlautdemo.prahu-hub.com/lelang/buatlelang:14299
[  584697ms] [LOG] Connected @ https://phbidlautdemo.prahu-hub.com/lelang/buatlelang:14299
[  587520ms] [LOG] Connected @ https://phbidlautdemo.prahu-hub.com/lelang/buatlelang:14299
[  588208ms] [LOG] Connected @ https://phbidlautdemo.prahu-hub.com/lelang/buatlelang:14299
[  594573ms] [LOG] Connected @ https://phbidlautdemo.prahu-hub.com/lelang/buatlelang:14299
[  596767ms] [LOG] Connected @ https://phbidlautdemo.prahu-hub.com/lelang/buatlelang:14299
[  600191ms] [LOG] Connected @ https://phbidlautdemo.prahu-hub.com/lelang/buatlelang:14299
[  601506ms] [LOG] Connected @ https://phbidlautdemo.prahu-hub.com/lelang/buatlelang:14299
[  601894ms] [LOG] Connected @ https://phbidlautdemo.prahu-hub.com/lelang/buatlelang:14299
[  603138ms] [LOG] update_dashboard_order_laut @ https://phbidlautdemo.prahu-hub.com/lelang/buatlelang:14299
[  603244ms] [LOG] Connected @ https://phbidlautdemo.prahu-hub.com/lelang/buatlelang:14299
[  606371ms] [LOG] Connected @ https://phbidlautdemo.prahu-hub.com/lelang/buatlelang:14299
[  607038ms] [LOG] Connected @ https://phbidlautdemo.prahu-hub.com/lelang/buatlelang:14299
[  607306ms] [LOG] Connected @ https://phbidlautdemo.prahu-hub.com/lelang/buatlelang:14299
[  612281ms] [LOG] Connected @ https://phbidlautdemo.prahu-hub.com/lelang/buatlelang:14299
[  626999ms] [LOG] Connected @ https://phbidlautdemo.prahu-hub.com/lelang/buatlelang:14299
[  628475ms] [LOG] Connected @ https://phbidlautdemo.prahu-hub.com/lelang/buatlelang:14299
[  631700ms] [LOG] Connected @ https://phbidlautdemo.prahu-hub.com/lelang/buatlelang:14299
[  632986ms] [LOG] Connected @ https://phbidlautdemo.prahu-hub.com/lelang/buatlelang:14299
[  638746ms] [LOG] Connected @ https://phbidlautdemo.prahu-hub.com/lelang/buatlelang:14299
[  639767ms] [LOG] Connected @ https://phbidlautdemo.prahu-hub.com/lelang/buatlelang:14299
[  641324ms] [LOG] Connected @ https://phbidlautdemo.prahu-hub.com/lelang/buatlelang:14299
[  643900ms] [LOG] Connected @ https://phbidlautdemo.prahu-hub.com/lelang/buatlelang:14299
[  644645ms] [LOG] Connected @ https://phbidlautdemo.prahu-hub.com/lelang/buatlelang:14299
[  645427ms] [LOG] Connected @ https://phbidlautdemo.prahu-hub.com/lelang/buatlelang:14299
[  646882ms] [LOG] Connected @ https://phbidlautdemo.prahu-hub.com/lelang/buatlelang:14299
[  653060ms] [LOG] Connected @ https://phbidlautdemo.prahu-hub.com/lelang/buatlelang:14299
[  655151ms] [LOG] Connected @ https://phbidlautdemo.prahu-hub.com/lelang/buatlelang:14299
[  657618ms] [LOG] Connected @ https://phbidlautdemo.prahu-hub.com/lelang/buatlelang:14299
[  659709ms] [LOG] Connected @ https://phbidlautdemo.prahu-hub.com/lelang/buatlelang:14299
[  663851ms] [LOG] Connected @ https://phbidlautdemo.prahu-hub.com/lelang/buatlelang:14299
[  665434ms] [LOG] Connected @ https://phbidlautdemo.prahu-hub.com/lelang/buatlelang:14299
[  666002ms] [LOG] Connected @ https://phbidlautdemo.prahu-hub.com/lelang/buatlelang:14299
[  676648ms] [LOG] Connected @ https://phbidlautdemo.prahu-hub.com/lelang/buatlelang:14299
[  679209ms] [LOG] Connected @ https://phbidlautdemo.prahu-hub.com/lelang/buatlelang:14299
[  681913ms] [LOG] Connected @ https://phbidlautdemo.prahu-hub.com/lelang/buatlelang:14299
[  693622ms] [LOG] Connected @ https://phbidlautdemo.prahu-hub.com/lelang/buatlelang:14299
[  694717ms] [LOG] updateNotifDarat.19-1 @ https://phbidlautdemo.prahu-hub.com/lelang/buatlelang:14299
[  694725ms] [LOG] notif_badge_show.1 @ https://phbidlautdemo.prahu-hub.com/lelang/buatlelang:14299
[  694739ms] [LOG] updateNotifDarat.1 @ https://phbidlautdemo.prahu-hub.com/lelang/buatlelang:14299
[  694750ms] [LOG] notif_badge_show.19-1 @ https://phbidlautdemo.prahu-hub.com/lelang/buatlelang:14299
[  697058ms] [LOG] Connected @ https://phbidlautdemo.prahu-hub.com/lelang/buatlelang:14299
[  699001ms] [LOG] Connected @ https://phbidlautdemo.prahu-hub.com/lelang/buatlelang:14299
[  701735ms] [LOG] Connected @ https://phbidlautdemo.prahu-hub.com/lelang/buatlelang:14299
[  711050ms] [LOG] Connected @ https://phbidlautdemo.prahu-hub.com/lelang/buatlelang:14299
[  712835ms] [LOG] Connected @ https://phbidlautdemo.prahu-hub.com/lelang/buatlelang:14299
[  715423ms] [LOG] updateNotifDarat.19-1 @ https://phbidlautdemo.prahu-hub.com/lelang/buatlelang:14299
[  715430ms] [LOG] notif_badge_show.1 @ https://phbidlautdemo.prahu-hub.com/lelang/buatlelang:14299
[  715438ms] [LOG] notif_badge_show.19-1 @ https://phbidlautdemo.prahu-hub.com/lelang/buatlelang:14299
[  716432ms] [LOG] updateNotifDarat.1 @ https://phbidlautdemo.prahu-hub.com/lelang/buatlelang:14299
[  719683ms] [LOG] Connected @ https://phbidlautdemo.prahu-hub.com/lelang/buatlelang:14299
[  723380ms] [LOG] Connected @ https://phbidlautdemo.prahu-hub.com/lelang/buatlelang:14299
[  724103ms] [LOG] Connected @ https://phbidlautdemo.prahu-hub.com/lelang/buatlelang:14299
[  729352ms] [LOG] Connected @ https://phbidlautdemo.prahu-hub.com/lelang/buatlelang:14299
[  732426ms] [LOG] Connected @ https://phbidlautdemo.prahu-hub.com/lelang/buatlelang:14299
[  733239ms] [LOG] Connected @ https://phbidlautdemo.prahu-hub.com/lelang/buatlelang:14299
[  744100ms] [LOG] Connected @ https://phbidlautdemo.prahu-hub.com/lelang/buatlelang:14299
[  744857ms] [LOG] Connected @ https://phbidlautdemo.prahu-hub.com/lelang/buatlelang:14299
[  750160ms] [LOG] Connected @ https://phbidlautdemo.prahu-hub.com/lelang/buatlelang:14299
[  761465ms] [LOG] notif_badge_show.19-1 @ https://phbidlautdemo.prahu-hub.com/lelang/buatlelang:14299
[  761486ms] [LOG] updateNotifDarat.19-1 @ https://phbidlautdemo.prahu-hub.com/lelang/buatlelang:14299
[  761486ms] [LOG] notif_badge_show.1 @ https://phbidlautdemo.prahu-hub.com/lelang/buatlelang:14299
[  761514ms] [LOG] updateNotifDarat.1 @ https://phbidlautdemo.prahu-hub.com/lelang/buatlelang:14299
[  762026ms] [LOG] Connected @ https://phbidlautdemo.prahu-hub.com/lelang/buatlelang:14299
[  765056ms] [LOG] Connected @ https://phbidlautdemo.prahu-hub.com/lelang/buatlelang:14299
[  765244ms] [LOG] Connected @ https://phbidlautdemo.prahu-hub.com/lelang/buatlelang:14299
[  773867ms] [LOG] Connected @ https://phbidlautdemo.prahu-hub.com/lelang/buatlelang:14299
[  785119ms] [LOG] Connected @ https://phbidlautdemo.prahu-hub.com/lelang/buatlelang:14299
[  795230ms] [LOG] Connected @ https://phbidlautdemo.prahu-hub.com/lelang/buatlelang:14299
[  796441ms] [LOG] Connected @ https://phbidlautdemo.prahu-hub.com/lelang/buatlelang:14299
[  801942ms] [LOG] Connected @ https://phbidlautdemo.prahu-hub.com/lelang/buatlelang:14299
[  812126ms] [LOG] Connected @ https://phbidlautdemo.prahu-hub.com/lelang/buatlelang:14299
[  812467ms] [LOG] Connected @ https://phbidlautdemo.prahu-hub.com/lelang/buatlelang:14299
[  812829ms] [LOG] Connected @ https://phbidlautdemo.prahu-hub.com/lelang/buatlelang:14299
[  817440ms] [LOG] Connected @ https://phbidlautdemo.prahu-hub.com/lelang/buatlelang:14299
[  819101ms] [LOG] Connected @ https://phbidlautdemo.prahu-hub.com/lelang/buatlelang:14299
[  821939ms] [LOG] Connected @ https://phbidlautdemo.prahu-hub.com/lelang/buatlelang:14299
[  823910ms] [LOG] Connected @ https://phbidlautdemo.prahu-hub.com/lelang/buatlelang:14299
[  830796ms] [LOG] Connected @ https://phbidlautdemo.prahu-hub.com/lelang/buatlelang:14299
[  831546ms] [LOG] Connected @ https://phbidlautdemo.prahu-hub.com/lelang/buatlelang:14299
[  836714ms] [LOG] updateNotif.881-721-462-937-935-914-900-876-820-796-795-783-764-704-689-688-685-642-641-640-639-638-631-629-628-625-624-623-622-621-459-322-23 @ https://phbidlautdemo.prahu-hub.com/lelang/buatlelang:14299
[  836824ms] [LOG] notif_badge_show.881-721-462-937-935-914-900-876-820-796-795-783-764-704-689-688-685-642-641-640-639-638-631-629-628-625-624-623-622-621-459-322-23 @ https://phbidlautdemo.prahu-hub.com/lelang/buatlelang:14299
[  837381ms] [LOG] notif_badge_show.901-858-787-906-876-856-796-704-641-640-639-638-635-634-633-632-631-628-614-459-325-23 @ https://phbidlautdemo.prahu-hub.com/lelang/buatlelang:14299
[  838021ms] [LOG] Connected @ https://phbidlautdemo.prahu-hub.com/lelang/buatlelang:14299
[  838105ms] [LOG] updateNotif.901-858-787-906-876-856-796-704-641-640-639-638-635-634-633-632-631-628-614-459-325-23 @ https://phbidlautdemo.prahu-hub.com/lelang/buatlelang:14299
[  838734ms] [LOG] Connected @ https://phbidlautdemo.prahu-hub.com/lelang/buatlelang:14299
[  839717ms] [LOG] Connected @ https://phbidlautdemo.prahu-hub.com/lelang/buatlelang:14299
[  840315ms] [LOG] Connected @ https://phbidlautdemo.prahu-hub.com/lelang/buatlelang:14299
[  847570ms] [LOG] Connected @ https://phbidlautdemo.prahu-hub.com/lelang/buatlelang:14299
[  851214ms] [LOG] updateNotif.166-170-167-30-87-95-116-178-207-209-211-112-135-86-122-278-234-28-276-119-81-180-226-62-89-176-213-265-143-151-246-248-261-262 @ https://phbidlautdemo.prahu-hub.com/lelang/buatlelang:14299
[  851246ms] [LOG] notif_badge_show.166-170-167-30-87-95-116-178-207-209-211-112-135-86-122-278-234-28-276-119-81-180-226-62-89-176-213-265-143-151-246-248-261-262 @ https://phbidlautdemo.prahu-hub.com/lelang/buatlelang:14299
[  851259ms] [LOG] updateNotif.274-254-224-163-58-264-279-280-23 @ https://phbidlautdemo.prahu-hub.com/lelang/buatlelang:14299
[  851262ms] [LOG] notif_badge_show.274-254-224-163-58-264-279-280-23 @ https://phbidlautdemo.prahu-hub.com/lelang/buatlelang:14299
[  853414ms] [LOG] Connected @ https://phbidlautdemo.prahu-hub.com/lelang/buatlelang:14299
[  853849ms] [LOG] Connected @ https://phbidlautdemo.prahu-hub.com/lelang/buatlelang:14299
[  854230ms] [LOG] Connected @ https://phbidlautdemo.prahu-hub.com/lelang/buatlelang:14299
[  856315ms] [LOG] Connected @ https://phbidlautdemo.prahu-hub.com/lelang/buatlelang:14299
[  858589ms] [LOG] Connected @ https://phbidlautdemo.prahu-hub.com/lelang/buatlelang:14299
[  859185ms] [LOG] Connected @ https://phbidlautdemo.prahu-hub.com/lelang/buatlelang:14299
[  859218ms] [LOG] Connected @ https://phbidlautdemo.prahu-hub.com/lelang/buatlelang:14299
[  861263ms] [LOG] Connected @ https://phbidlautdemo.prahu-hub.com/lelang/buatlelang:14299
[  867708ms] [LOG] Connected @ https://phbidlautdemo.prahu-hub.com/lelang/buatlelang:14299
[  871797ms] [LOG] notif_badge_show.293-232-249-274-254-224-163-58-27-66-60-160-34-31-307-23 @ https://phbidlautdemo.prahu-hub.com/lelang/buatlelang:14299
[  871807ms] [LOG] updateNotif.293-232-249-274-254-224-163-58-27-66-60-160-34-31-307-23 @ https://phbidlautdemo.prahu-hub.com/lelang/buatlelang:14299
[  871851ms] [LOG] Connected @ https://phbidlautdemo.prahu-hub.com/lelang/buatlelang:14299
[  873710ms] [LOG] Connected @ https://phbidlautdemo.prahu-hub.com/lelang/buatlelang:14299
[  882910ms] [LOG] Connected @ https://phbidlautdemo.prahu-hub.com/lelang/buatlelang:14299
[  886354ms] [LOG] updateNotif.23 @ https://phbidlautdemo.prahu-hub.com/lelang/buatlelang:14299
[  886358ms] [LOG] notif_badge_show.23 @ https://phbidlautdemo.prahu-hub.com/lelang/buatlelang:14299
[  887890ms] [LOG] Connected @ https://phbidlautdemo.prahu-hub.com/lelang/buatlelang:14299
[  888689ms] [LOG] Connected @ https://phbidlautdemo.prahu-hub.com/lelang/buatlelang:14299
[  889261ms] [LOG] Connected @ https://phbidlautdemo.prahu-hub.com/lelang/buatlelang:14299
[  903510ms] [LOG] Connected @ https://phbidlautdemo.prahu-hub.com/lelang/buatlelang:14299
[  922858ms] [LOG] Connected @ https://phbidlautdemo.prahu-hub.com/lelang/buatlelang:14299
[  926444ms] [LOG] Connected @ https://phbidlautdemo.prahu-hub.com/lelang/buatlelang:14299
[  937288ms] [LOG] Connected @ https://phbidlautdemo.prahu-hub.com/lelang/buatlelang:14299
[  942718ms] [LOG] Connected @ https://phbidlautdemo.prahu-hub.com/lelang/buatlelang:14299
[  956174ms] [LOG] Connected @ https://phbidlautdemo.prahu-hub.com/lelang/buatlelang:14299
[  961812ms] [LOG] Connected @ https://phbidlautdemo.prahu-hub.com/lelang/buatlelang:14299
[  966018ms] [LOG] Connected @ https://phbidlautdemo.prahu-hub.com/lelang/buatlelang:14299
[  967564ms] [LOG] updateNotifDarat.485-471-460-459-454-451-447-417-385-262-194-192-49-42-18-8-373-1 @ https://phbidlautdemo.prahu-hub.com/lelang/buatlelang:14299
[  967569ms] [LOG] notif_badge_hide.485-471-460-459-454-451-447-417-385-262-194-192-49-42-18-8-373-1 @ https://phbidlautdemo.prahu-hub.com/lelang/buatlelang:14299
[  985013ms] [LOG] Connected @ https://phbidlautdemo.prahu-hub.com/lelang/buatlelang:14299
[  988411ms] [LOG] Connected @ https://phbidlautdemo.prahu-hub.com/lelang/buatlelang:14299
[  990101ms] [LOG] Connected @ https://phbidlautdemo.prahu-hub.com/lelang/buatlelang:14299
[  994867ms] [LOG] Connected @ https://phbidlautdemo.prahu-hub.com/lelang/buatlelang:14299
[  995222ms] [LOG] Connected @ https://phbidlautdemo.prahu-hub.com/lelang/buatlelang:14299
[ 1004625ms] [LOG] Connected @ https://phbidlautdemo.prahu-hub.com/lelang/buatlelang:14299
[ 1025802ms] [LOG] Connected @ https://phbidlautdemo.prahu-hub.com/lelang/buatlelang:14299
[ 1045676ms] [LOG] Connected @ https://phbidlautdemo.prahu-hub.com/lelang/buatlelang:14299
[ 1052197ms] [LOG] Connected @ https://phbidlautdemo.prahu-hub.com/lelang/buatlelang:14299
[ 1069048ms] [LOG] Connected @ https://phbidlautdemo.prahu-hub.com/lelang/buatlelang:14299
[ 1072141ms] [LOG] Connected @ https://phbidlautdemo.prahu-hub.com/lelang/buatlelang:14299
[ 1078442ms] [LOG] Connected @ https://phbidlautdemo.prahu-hub.com/lelang/buatlelang:14299
[ 1082117ms] [LOG] updateNotif.293-232-249-274-254-224-163-58-27-66-60-160-34-31-307-23 @ https://phbidlautdemo.prahu-hub.com/lelang/buatlelang:14299
[ 1082118ms] [LOG] notif_badge_show.293-232-249-274-254-224-163-58-27-66-60-160-34-31-307-23 @ https://phbidlautdemo.prahu-hub.com/lelang/buatlelang:14299
[ 1085053ms] [LOG] Connected @ https://phbidlautdemo.prahu-hub.com/lelang/buatlelang:14299
[ 1086752ms] [LOG] Connected @ https://phbidlautdemo.prahu-hub.com/lelang/buatlelang:14299
[ 1087288ms] [LOG] Connected @ https://phbidlautdemo.prahu-hub.com/lelang/buatlelang:14299
[ 1087706ms] [LOG] Connected @ https://phbidlautdemo.prahu-hub.com/lelang/buatlelang:14299
[ 1093865ms] [LOG] Connected @ https://phbidlautdemo.prahu-hub.com/lelang/buatlelang:14299
[ 1094223ms] [LOG] Connected @ https://phbidlautdemo.prahu-hub.com/lelang/buatlelang:14299
[ 1096529ms] [LOG] Connected @ https://phbidlautdemo.prahu-hub.com/lelang/buatlelang:14299
[ 1100104ms] [LOG] Connected @ https://phbidlautdemo.prahu-hub.com/lelang/buatlelang:14299
[ 1100925ms] [LOG] Connected @ https://phbidlautdemo.prahu-hub.com/lelang/buatlelang:14299
[ 1102934ms] [LOG] Connected @ https://phbidlautdemo.prahu-hub.com/lelang/buatlelang:14299
[ 1108060ms] [LOG] Connected @ https://phbidlautdemo.prahu-hub.com/lelang/buatlelang:14299
[ 1108674ms] [LOG] Connected @ https://phbidlautdemo.prahu-hub.com/lelang/buatlelang:14299
[ 1112179ms] [LOG] Connected @ https://phbidlautdemo.prahu-hub.com/lelang/buatlelang:14299
[ 1115330ms] [LOG] Connected @ https://phbidlautdemo.prahu-hub.com/lelang/buatlelang:14299
[ 1118454ms] [LOG] Connected @ https://phbidlautdemo.prahu-hub.com/lelang/buatlelang:14299
[ 1118700ms] [LOG] Connected @ https://phbidlautdemo.prahu-hub.com/lelang/buatlelang:14299
[ 1122817ms] [LOG] Connected @ https://phbidlautdemo.prahu-hub.com/lelang/buatlelang:14299
[ 1126066ms] [LOG] update_dashboard_order_laut @ https://phbidlautdemo.prahu-hub.com/lelang/buatlelang:14299
[ 1131572ms] [LOG] Connected @ https://phbidlautdemo.prahu-hub.com/lelang/buatlelang:14299
[ 1131575ms] [LOG] Connected @ https://phbidlautdemo.prahu-hub.com/lelang/buatlelang:14299
[ 1131650ms] [LOG] Connected @ https://phbidlautdemo.prahu-hub.com/lelang/buatlelang:14299
[ 1137608ms] [LOG] updateNotif.881-721-462-937-935-914-900-876-820-796-795-783-764-704-689-688-685-642-641-640-639-638-631-629-628-625-624-623-622-621-459-322-23 @ https://phbidlautdemo.prahu-hub.com/lelang/buatlelang:14299
[ 1137626ms] [LOG] notif_badge_show.881-721-462-937-935-914-900-876-820-796-795-783-764-704-689-688-685-642-641-640-639-638-631-629-628-625-624-623-622-621-459-322-23 @ https://phbidlautdemo.prahu-hub.com/lelang/buatlelang:14299
[ 1137637ms] [LOG] notif_badge_show.901-858-787-906-876-856-796-704-641-640-639-638-635-634-633-632-631-628-614-459-325-23 @ https://phbidlautdemo.prahu-hub.com/lelang/buatlelang:14299
[ 1138286ms] [LOG] updateNotif.901-858-787-906-876-856-796-704-641-640-639-638-635-634-633-632-631-628-614-459-325-23 @ https://phbidlautdemo.prahu-hub.com/lelang/buatlelang:14299
[ 1140226ms] [LOG] Connected @ https://phbidlautdemo.prahu-hub.com/lelang/buatlelang:14299
[ 1149499ms] [LOG] Connected @ https://phbidlautdemo.prahu-hub.com/lelang/buatlelang:14299
[ 1159981ms] [LOG] Connected @ https://phbidlautdemo.prahu-hub.com/lelang/buatlelang:14299
[ 1160961ms] [LOG] Connected @ https://phbidlautdemo.prahu-hub.com/lelang/buatlelang:14299
[ 1164113ms] [LOG] Connected @ https://phbidlautdemo.prahu-hub.com/lelang/buatlelang:14299
[ 1167988ms] [LOG] Connected @ https://phbidlautdemo.prahu-hub.com/lelang/buatlelang:14299
[ 1168892ms] [LOG] Connected @ https://phbidlautdemo.prahu-hub.com/lelang/buatlelang:14299
[ 1171446ms] [LOG] notif_badge_show.293-232-249-274-254-224-163-58-27-66-60-160-34-31-307-23 @ https://phbidlautdemo.prahu-hub.com/lelang/buatlelang:14299
[ 1172039ms] [LOG] updateNotif.293-232-249-274-254-224-163-58-27-66-60-160-34-31-307-23 @ https://phbidlautdemo.prahu-hub.com/lelang/buatlelang:14299
[ 1176890ms] [LOG] Connected @ https://phbidlautdemo.prahu-hub.com/lelang/buatlelang:14299
[ 1176895ms] [LOG] Connected @ https://phbidlautdemo.prahu-hub.com/lelang/buatlelang:14299
[ 1179469ms] [LOG] Connected @ https://phbidlautdemo.prahu-hub.com/lelang/buatlelang:14299
[ 1186254ms] [LOG] Connected @ https://phbidlautdemo.prahu-hub.com/lelang/buatlelang:14299
[ 1200064ms] [LOG] Connected @ https://phbidlautdemo.prahu-hub.com/lelang/buatlelang:14299
[ 1204207ms] [LOG] updateNotif.23 @ https://phbidlautdemo.prahu-hub.com/lelang/buatlelang:14299
[ 1204211ms] [LOG] notif_badge_show.23 @ https://phbidlautdemo.prahu-hub.com/lelang/buatlelang:14299
[ 1205181ms] [LOG] Connected @ https://phbidlautdemo.prahu-hub.com/lelang/buatlelang:14299
[ 1206396ms] [LOG] Connected @ https://phbidlautdemo.prahu-hub.com/lelang/buatlelang:14299
[ 1212660ms] [LOG] Connected @ https://phbidlautdemo.prahu-hub.com/lelang/buatlelang:14299
[ 1223246ms] [LOG] Connected @ https://phbidlautdemo.prahu-hub.com/lelang/buatlelang:14299
[ 1223375ms] [LOG] updateNotif.913-937-935-914-906-900-876-856-820-796-795-783-764-704-689-688-685-642-641-640-639-638-635-634-633-632-631-629-628-627-626-625-624-623-622-621-614-613-459-123-23 @ https://phbidlautdemo.prahu-hub.com/lelang/buatlelang:14299
[ 1223415ms] [LOG] notif_badge_show.913-937-935-914-906-900-876-856-820-796-795-783-764-704-689-688-685-642-641-640-639-638-635-634-633-632-631-629-628-627-626-625-624-623-622-621-614-613-459-123-23 @ https://phbidlautdemo.prahu-hub.com/lelang/buatlelang:14299
[ 1223430ms] [LOG] update_dashboard_order_laut @ https://phbidlautdemo.prahu-hub.com/lelang/buatlelang:14299
[ 1225198ms] [LOG] Connected @ https://phbidlautdemo.prahu-hub.com/lelang/buatlelang:14299
[ 1226680ms] [LOG] Connected @ https://phbidlautdemo.prahu-hub.com/lelang/buatlelang:14299
[ 1234733ms] [LOG] Connected @ https://phbidlautdemo.prahu-hub.com/lelang/buatlelang:14299
[ 1261125ms] [LOG] Connected @ https://phbidlautdemo.prahu-hub.com/lelang/buatlelang:14299
[ 1265618ms] [LOG] Connected @ https://phbidlautdemo.prahu-hub.com/lelang/buatlelang:14299
[ 1278354ms] [LOG] Connected @ https://phbidlautdemo.prahu-hub.com/lelang/buatlelang:14299
[ 1328647ms] [LOG] Connected @ https://phbidlautdemo.prahu-hub.com/lelang/buatlelang:14299
[ 1336519ms] [LOG] Connected @ https://phbidlautdemo.prahu-hub.com/lelang/buatlelang:14299
[ 1338583ms] [LOG] Connected @ https://phbidlautdemo.prahu-hub.com/lelang/buatlelang:14299
[ 1342975ms] [LOG] Connected @ https://phbidlautdemo.prahu-hub.com/lelang/buatlelang:14299
[ 1345518ms] [LOG] Connected @ https://phbidlautdemo.prahu-hub.com/lelang/buatlelang:14299
[ 1346220ms] [LOG] Connected @ https://phbidlautdemo.prahu-hub.com/lelang/buatlelang:14299
[ 1348274ms] [LOG] Connected @ https://phbidlautdemo.prahu-hub.com/lelang/buatlelang:14299
[ 1349929ms] [LOG] Connected @ https://phbidlautdemo.prahu-hub.com/lelang/buatlelang:14299
[ 1351667ms] [LOG] Connected @ https://phbidlautdemo.prahu-hub.com/lelang/buatlelang:14299
[ 1358587ms] [LOG] Connected @ https://phbidlautdemo.prahu-hub.com/lelang/buatlelang:14299
[ 1358659ms] [LOG] Connected @ https://phbidlautdemo.prahu-hub.com/lelang/buatlelang:14299
[ 1364140ms] [LOG] Connected @ https://phbidlautdemo.prahu-hub.com/lelang/buatlelang:14299
[ 1364470ms] [LOG] Connected @ https://phbidlautdemo.prahu-hub.com/lelang/buatlelang:14299
[ 1368966ms] [LOG] Connected @ https://phbidlautdemo.prahu-hub.com/lelang/buatlelang:14299
[ 1374118ms] [LOG] Connected @ https://phbidlautdemo.prahu-hub.com/lelang/buatlelang:14299
[ 1374420ms] [LOG] Connected @ https://phbidlautdemo.prahu-hub.com/lelang/buatlelang:14299
[ 1378867ms] [LOG] Connected @ https://phbidlautdemo.prahu-hub.com/lelang/buatlelang:14299
[ 1383217ms] [LOG] Connected @ https://phbidlautdemo.prahu-hub.com/lelang/buatlelang:14299
[ 1386029ms] [LOG] Connected @ https://phbidlautdemo.prahu-hub.com/lelang/buatlelang:14299
[ 1386071ms] [LOG] Connected @ https://phbidlautdemo.prahu-hub.com/lelang/buatlelang:14299
[ 1396771ms] [LOG] Connected @ https://phbidlautdemo.prahu-hub.com/lelang/buatlelang:14299
[ 1398067ms] [LOG] Connected @ https://phbidlautdemo.prahu-hub.com/lelang/buatlelang:14299
[ 1398699ms] [LOG] Connected @ https://phbidlautdemo.prahu-hub.com/lelang/buatlelang:14299
[ 1401776ms] [LOG] Connected @ https://phbidlautdemo.prahu-hub.com/lelang/buatlelang:14299
[ 1408042ms] [LOG] notif_badge_show.901-858-787-906-876-856-796-704-641-640-639-638-635-634-633-632-631-628-614-459-325-23 @ https://phbidlautdemo.prahu-hub.com/lelang/buatlelang:14299
[ 1408662ms] [LOG] updateNotif.901-858-787-906-876-856-796-704-641-640-639-638-635-634-633-632-631-628-614-459-325-23 @ https://phbidlautdemo.prahu-hub.com/lelang/buatlelang:14299
[ 1409191ms] [LOG] Connected @ https://phbidlautdemo.prahu-hub.com/lelang/buatlelang:14299
[ 1409278ms] [LOG] updateNotif.881-721-462-937-935-914-900-876-820-796-795-783-764-704-689-688-685-642-641-640-639-638-631-629-628-625-624-623-622-621-459-322-23 @ https://phbidlautdemo.prahu-hub.com/lelang/buatlelang:14299
[ 1410192ms] [LOG] Connected @ https://phbidlautdemo.prahu-hub.com/lelang/buatlelang:14299
[ 1411816ms] [LOG] Connected @ https://phbidlautdemo.prahu-hub.com/lelang/buatlelang:14299
[ 1421319ms] [LOG] Connected @ https://phbidlautdemo.prahu-hub.com/lelang/buatlelang:14299
[ 1422371ms] [LOG] Connected @ https://phbidlautdemo.prahu-hub.com/lelang/buatlelang:14299
[ 1428089ms] [LOG] Connected @ https://phbidlautdemo.prahu-hub.com/lelang/buatlelang:14299
[ 1431619ms] [LOG] Connected @ https://phbidlautdemo.prahu-hub.com/lelang/buatlelang:14299
[ 1431647ms] [LOG] Connected @ https://phbidlautdemo.prahu-hub.com/lelang/buatlelang:14299
[ 1433672ms] [LOG] Connected @ https://phbidlautdemo.prahu-hub.com/lelang/buatlelang:14299
[ 1434296ms] [LOG] Connected @ https://phbidlautdemo.prahu-hub.com/lelang/buatlelang:14299
[ 1439796ms] [LOG] Connected @ https://phbidlautdemo.prahu-hub.com/lelang/buatlelang:14299
[ 1441837ms] [LOG] Connected @ https://phbidlautdemo.prahu-hub.com/lelang/buatlelang:14299
[ 1441855ms] [LOG] Connected @ https://phbidlautdemo.prahu-hub.com/lelang/buatlelang:14299
[ 1441913ms] [LOG] Connected @ https://phbidlautdemo.prahu-hub.com/lelang/buatlelang:14299
[ 1447049ms] [LOG] Connected @ https://phbidlautdemo.prahu-hub.com/lelang/buatlelang:14299
[ 1455456ms] [LOG] Connected @ https://phbidlautdemo.prahu-hub.com/lelang/buatlelang:14299
[ 1458373ms] [LOG] Connected @ https://phbidlautdemo.prahu-hub.com/lelang/buatlelang:14299
[ 1458389ms] [LOG] Connected @ https://phbidlautdemo.prahu-hub.com/lelang/buatlelang:14299
[ 1458484ms] [LOG] Connected @ https://phbidlautdemo.prahu-hub.com/lelang/buatlelang:14299
[ 1462202ms] [LOG] Connected @ https://phbidlautdemo.prahu-hub.com/lelang/buatlelang:14299
[ 1462295ms] [LOG] Connected @ https://phbidlautdemo.prahu-hub.com/lelang/buatlelang:14299
[ 1465878ms] [LOG] Connected @ https://phbidlautdemo.prahu-hub.com/lelang/buatlelang:14299
[ 1467034ms] [LOG] Connected @ https://phbidlautdemo.prahu-hub.com/lelang/buatlelang:14299
[ 1467663ms] [LOG] Connected @ https://phbidlautdemo.prahu-hub.com/lelang/buatlelang:14299
[ 1471970ms] [LOG] Connected @ https://phbidlautdemo.prahu-hub.com/lelang/buatlelang:14299
[ 1471970ms] [LOG] Connected @ https://phbidlautdemo.prahu-hub.com/lelang/buatlelang:14299
[ 1472731ms] [LOG] Connected @ https://phbidlautdemo.prahu-hub.com/lelang/buatlelang:14299
[ 1477960ms] [LOG] Connected @ https://phbidlautdemo.prahu-hub.com/lelang/buatlelang:14299
[ 1478466ms] [LOG] Connected @ https://phbidlautdemo.prahu-hub.com/lelang/buatlelang:14299
[ 1480943ms] [LOG] Connected @ https://phbidlautdemo.prahu-hub.com/lelang/buatlelang:14299
[ 1480964ms] [LOG] Connected @ https://phbidlautdemo.prahu-hub.com/lelang/buatlelang:14299
[ 1481370ms] [LOG] Connected @ https://phbidlautdemo.prahu-hub.com/lelang/buatlelang:14299
[ 1481469ms] [LOG] Connected @ https://phbidlautdemo.prahu-hub.com/lelang/buatlelang:14299
[ 1486001ms] [LOG] Connected @ https://phbidlautdemo.prahu-hub.com/lelang/buatlelang:14299
[ 1487442ms] [LOG] Connected @ https://phbidlautdemo.prahu-hub.com/lelang/buatlelang:14299
[ 1487568ms] [LOG] Connected @ https://phbidlautdemo.prahu-hub.com/lelang/buatlelang:14299
[ 1490573ms] [LOG] Connected @ https://phbidlautdemo.prahu-hub.com/lelang/buatlelang:14299
[ 1491512ms] [LOG] Connected @ https://phbidlautdemo.prahu-hub.com/lelang/buatlelang:14299
[ 1491891ms] [LOG] Connected @ https://phbidlautdemo.prahu-hub.com/lelang/buatlelang:14299
[ 1491959ms] [LOG] Connected @ https://phbidlautdemo.prahu-hub.com/lelang/buatlelang:14299
[ 1495162ms] [LOG] Connected @ https://phbidlautdemo.prahu-hub.com/lelang/buatlelang:14299
[ 1496258ms] [LOG] Connected @ https://phbidlautdemo.prahu-hub.com/lelang/buatlelang:14299
[ 1496387ms] [LOG] Connected @ https://phbidlautdemo.prahu-hub.com/lelang/buatlelang:14299
[ 1496723ms] [LOG] Connected @ https://phbidlautdemo.prahu-hub.com/lelang/buatlelang:14299
[ 1512402ms] [LOG] Connected @ https://phbidlautdemo.prahu-hub.com/lelang/buatlelang:14299
[ 1512610ms] [LOG] Connected @ https://phbidlautdemo.prahu-hub.com/lelang/buatlelang:14299
[ 1514266ms] [LOG] Connected @ https://phbidlautdemo.prahu-hub.com/lelang/buatlelang:14299
[ 1519264ms] [LOG] Connected @ https://phbidlautdemo.prahu-hub.com/lelang/buatlelang:14299
[ 1519392ms] [LOG] Connected @ https://phbidlautdemo.prahu-hub.com/lelang/buatlelang:14299
[ 1519410ms] [LOG] Connected @ https://phbidlautdemo.prahu-hub.com/lelang/buatlelang:14299
[ 1524080ms] [LOG] Connected @ https://phbidlautdemo.prahu-hub.com/lelang/buatlelang:14299
[ 1528945ms] [LOG] Connected @ https://phbidlautdemo.prahu-hub.com/lelang/buatlelang:14299
[ 1531965ms] [LOG] Connected @ https://phbidlautdemo.prahu-hub.com/lelang/buatlelang:14299
[ 1532917ms] [LOG] Connected @ https://phbidlautdemo.prahu-hub.com/lelang/buatlelang:14299
[ 1535444ms] [LOG] Connected @ https://phbidlautdemo.prahu-hub.com/lelang/buatlelang:14299
[ 1537554ms] [LOG] Connected @ https://phbidlautdemo.prahu-hub.com/lelang/buatlelang:14299
[ 1540698ms] [LOG] Connected @ https://phbidlautdemo.prahu-hub.com/lelang/buatlelang:14299
[ 1543352ms] [LOG] Connected @ https://phbidlautdemo.prahu-hub.com/lelang/buatlelang:14299
[ 1548229ms] [LOG] Connected @ https://phbidlautdemo.prahu-hub.com/lelang/buatlelang:14299
[ 1550998ms] [LOG] Connected @ https://phbidlautdemo.prahu-hub.com/lelang/buatlelang:14299
[ 1554396ms] [LOG] Connected @ https://phbidlautdemo.prahu-hub.com/lelang/buatlelang:14299
[ 1555227ms] [LOG] Connected @ https://phbidlautdemo.prahu-hub.com/lelang/buatlelang:14299
[ 1557438ms] [LOG] Connected @ https://phbidlautdemo.prahu-hub.com/lelang/buatlelang:14299
[ 1559331ms] [LOG] Connected @ https://phbidlautdemo.prahu-hub.com/lelang/buatlelang:14299
[ 1563433ms] [LOG] Connected @ https://phbidlautdemo.prahu-hub.com/lelang/buatlelang:14299
[ 1564098ms] [LOG] Connected @ https://phbidlautdemo.prahu-hub.com/lelang/buatlelang:14299
[ 1567131ms] [LOG] Connected @ https://phbidlautdemo.prahu-hub.com/lelang/buatlelang:14299
[ 1567563ms] [LOG] Connected @ https://phbidlautdemo.prahu-hub.com/lelang/buatlelang:14299
[ 1574121ms] [LOG] Connected @ https://phbidlautdemo.prahu-hub.com/lelang/buatlelang:14299
[ 1577323ms] [LOG] Connected @ https://phbidlautdemo.prahu-hub.com/lelang/buatlelang:14299
[ 1579335ms] [LOG] Connected @ https://phbidlautdemo.prahu-hub.com/lelang/buatlelang:14299
[ 1582163ms] [LOG] Connected @ https://phbidlautdemo.prahu-hub.com/lelang/buatlelang:14299
[ 1586350ms] [LOG] Connected @ https://phbidlautdemo.prahu-hub.com/lelang/buatlelang:14299
[ 1589919ms] [LOG] Connected @ https://phbidlautdemo.prahu-hub.com/lelang/buatlelang:14299
[ 1590172ms] [LOG] Connected @ https://phbidlautdemo.prahu-hub.com/lelang/buatlelang:14299
[ 1592575ms] [LOG] Connected @ https://phbidlautdemo.prahu-hub.com/lelang/buatlelang:14299
[ 1595853ms] [LOG] Connected @ https://phbidlautdemo.prahu-hub.com/lelang/buatlelang:14299
[ 1598404ms] [LOG] Connected @ https://phbidlautdemo.prahu-hub.com/lelang/buatlelang:14299
[ 1600285ms] [LOG] Connected @ https://phbidlautdemo.prahu-hub.com/lelang/buatlelang:14299
[ 1601731ms] [LOG] Connected @ https://phbidlautdemo.prahu-hub.com/lelang/buatlelang:14299
[ 1603034ms] [LOG] Connected @ https://phbidlautdemo.prahu-hub.com/lelang/buatlelang:14299
[ 1606346ms] [LOG] Connected @ https://phbidlautdemo.prahu-hub.com/lelang/buatlelang:14299
[ 1609746ms] [LOG] Connected @ https://phbidlautdemo.prahu-hub.com/lelang/buatlelang:14299
[ 1614995ms] [LOG] Connected @ https://phbidlautdemo.prahu-hub.com/lelang/buatlelang:14299
[ 1624314ms] [LOG] Connected @ https://phbidlautdemo.prahu-hub.com/lelang/buatlelang:14299
[ 1634045ms] [LOG] Connected @ https://phbidlautdemo.prahu-hub.com/lelang/buatlelang:14299
[ 1642960ms] [LOG] Connected @ https://phbidlautdemo.prahu-hub.com/lelang/buatlelang:14299
[ 1688932ms] [LOG] Connected @ https://phbidlautdemo.prahu-hub.com/lelang/buatlelang:14299
[ 1690608ms] [LOG] Connected @ https://phbidlautdemo.prahu-hub.com/lelang/buatlelang:14299
[ 1709705ms] [LOG] Connected @ https://phbidlautdemo.prahu-hub.com/lelang/buatlelang:14299
[ 1712052ms] [LOG] updateNotif.714-712-937-935-914-906-900-876-856-820-796-795-783-764-704-689-688-685-642-641-640-639-638-635-634-633-632-631-629-628-627-626-625-624-623-622-621-614-459-692-23 @ https://phbidlautdemo.prahu-hub.com/lelang/buatlelang:14299
[ 1712093ms] [LOG] notif_badge_hide.714-712-937-935-914-906-900-876-856-820-796-795-783-764-704-689-688-685-642-641-640-639-638-635-634-633-632-631-629-628-627-626-625-624-623-622-621-614-459-692-23 @ https://phbidlautdemo.prahu-hub.com/lelang/buatlelang:14299
[ 1712099ms] [LOG] update_dashboard_order_laut @ https://phbidlautdemo.prahu-hub.com/lelang/buatlelang:14299
[ 1714001ms] [LOG] Connected @ https://phbidlautdemo.prahu-hub.com/lelang/buatlelang:14299
[ 1728098ms] [LOG] Connected @ https://phbidlautdemo.prahu-hub.com/lelang/buatlelang:14299
[ 1732561ms] [LOG] Connected @ https://phbidlautdemo.prahu-hub.com/lelang/buatlelang:14299
[ 1739581ms] [LOG] Connected @ https://phbidlautdemo.prahu-hub.com/lelang/buatlelang:14299
[ 1743581ms] [LOG] updateNotif.293-232-249-274-254-224-163-58-27-66-60-160-34-31-307-23 @ https://phbidlautdemo.prahu-hub.com/lelang/buatlelang:14299
[ 1743586ms] [LOG] notif_badge_show.293-232-249-274-254-224-163-58-27-66-60-160-34-31-307-23 @ https://phbidlautdemo.prahu-hub.com/lelang/buatlelang:14299
[ 1745251ms] [LOG] Connected @ https://phbidlautdemo.prahu-hub.com/lelang/buatlelang:14299
[ 1771132ms] [LOG] Connected @ https://phbidlautdemo.prahu-hub.com/lelang/buatlelang:14299
[ 1775555ms] [LOG] Connected @ https://phbidlautdemo.prahu-hub.com/lelang/buatlelang:14299
[ 1786600ms] [LOG] Connected @ https://phbidlautdemo.prahu-hub.com/lelang/buatlelang:14299
[ 1786949ms] [LOG] Connected @ https://phbidlautdemo.prahu-hub.com/lelang/buatlelang:14299
[ 1789884ms] [LOG] Connected @ https://phbidlautdemo.prahu-hub.com/lelang/buatlelang:14299
[ 1792442ms] [LOG] Connected @ https://phbidlautdemo.prahu-hub.com/lelang/buatlelang:14299
[ 1800471ms] [LOG] Connected @ https://phbidlautdemo.prahu-hub.com/lelang/buatlelang:14299
[ 1800929ms] [LOG] Connected @ https://phbidlautdemo.prahu-hub.com/lelang/buatlelang:14299
[ 1802497ms] [LOG] Connected @ https://phbidlautdemo.prahu-hub.com/lelang/buatlelang:14299
[ 1803312ms] [LOG] Connected @ https://phbidlautdemo.prahu-hub.com/lelang/buatlelang:14299
[ 1804060ms] [LOG] Connected @ https://phbidlautdemo.prahu-hub.com/lelang/buatlelang:14299
[ 1805488ms] [LOG] Connected @ https://phbidlautdemo.prahu-hub.com/lelang/buatlelang:14299
[ 1808229ms] [LOG] Connected @ https://phbidlautdemo.prahu-hub.com/lelang/buatlelang:14299
[ 1813600ms] [LOG] Connected @ https://phbidlautdemo.prahu-hub.com/lelang/buatlelang:14299
[ 1818633ms] [LOG] Connected @ https://phbidlautdemo.prahu-hub.com/lelang/buatlelang:14299
[ 1847540ms] [LOG] Connected @ https://phbidlautdemo.prahu-hub.com/lelang/buatlelang:14299
[ 1849337ms] [LOG] Connected @ https://phbidlautdemo.prahu-hub.com/lelang/buatlelang:14299
[ 1856023ms] [LOG] Connected @ https://phbidlautdemo.prahu-hub.com/lelang/buatlelang:14299
[ 1858169ms] [LOG] Connected @ https://phbidlautdemo.prahu-hub.com/lelang/buatlelang:14299
[ 1858981ms] [LOG] Connected @ https://phbidlautdemo.prahu-hub.com/lelang/buatlelang:14299
[ 1862540ms] [LOG] Connected @ https://phbidlautdemo.prahu-hub.com/lelang/buatlelang:14299
[ 1863074ms] [LOG] Connected @ https://phbidlautdemo.prahu-hub.com/lelang/buatlelang:14299
[ 1863818ms] [LOG] Connected @ https://phbidlautdemo.prahu-hub.com/lelang/buatlelang:14299
[ 1868133ms] [LOG] Connected @ https://phbidlautdemo.prahu-hub.com/lelang/buatlelang:14299
[ 1868351ms] [LOG] Connected @ https://phbidlautdemo.prahu-hub.com/lelang/buatlelang:14299
[ 1872960ms] [LOG] Connected @ https://phbidlautdemo.prahu-hub.com/lelang/buatlelang:14299
[ 1877289ms] [LOG] Connected @ https://phbidlautdemo.prahu-hub.com/lelang/buatlelang:14299
[ 1878648ms] [LOG] Connected @ https://phbidlautdemo.prahu-hub.com/lelang/buatlelang:14299
[ 1882279ms] [LOG] Connected @ https://phbidlautdemo.prahu-hub.com/lelang/buatlelang:14299
[ 1884168ms] [LOG] Connected @ https://phbidlautdemo.prahu-hub.com/lelang/buatlelang:14299
[ 1890093ms] [LOG] Connected @ https://phbidlautdemo.prahu-hub.com/lelang/buatlelang:14299
[ 1894800ms] [LOG] Connected @ https://phbidlautdemo.prahu-hub.com/lelang/buatlelang:14299
[ 1899410ms] [LOG] Connected @ https://phbidlautdemo.prahu-hub.com/lelang/buatlelang:14299
[ 1903069ms] [LOG] Connected @ https://phbidlautdemo.prahu-hub.com/lelang/buatlelang:14299
[ 1916609ms] [LOG] Connected @ https://phbidlautdemo.prahu-hub.com/lelang/buatlelang:14299
[ 1930371ms] [LOG] Connected @ https://phbidlautdemo.prahu-hub.com/lelang/buatlelang:14299
[ 1934649ms] [LOG] Connected @ https://phbidlautdemo.prahu-hub.com/lelang/buatlelang:14299
[ 1934993ms] [LOG] Connected @ https://phbidlautdemo.prahu-hub.com/lelang/buatlelang:14299
[ 1937090ms] [LOG] Connected @ https://phbidlautdemo.prahu-hub.com/lelang/buatlelang:14299
[ 1941209ms] [LOG] Connected @ https://phbidlautdemo.prahu-hub.com/lelang/buatlelang:14299
[ 1942765ms] [LOG] Connected @ https://phbidlautdemo.prahu-hub.com/lelang/buatlelang:14299
[ 1946127ms] [LOG] Connected @ https://phbidlautdemo.prahu-hub.com/lelang/buatlelang:14299
[ 1948912ms] [LOG] Connected @ https://phbidlautdemo.prahu-hub.com/lelang/buatlelang:14299
[ 1951393ms] [LOG] Connected @ https://phbidlautdemo.prahu-hub.com/lelang/buatlelang:14299
[ 1951925ms] [LOG] Connected @ https://phbidlautdemo.prahu-hub.com/lelang/buatlelang:14299
[ 1953123ms] [LOG] Connected @ https://phbidlautdemo.prahu-hub.com/lelang/buatlelang:14299
[ 1955641ms] [LOG] Connected @ https://phbidlautdemo.prahu-hub.com/lelang/buatlelang:14299
[ 1958224ms] [LOG] notif_badge_show.485-471-460-459-454-451-447-417-385-262-194-192-49-42-18-8-19-1 @ https://phbidlautdemo.prahu-hub.com/lelang/buatlelang:14299
[ 1959193ms] [LOG] Connected @ https://phbidlautdemo.prahu-hub.com/lelang/buatlelang:14299
[ 1959244ms] [LOG] updateNotifDarat.485-471-460-459-454-451-447-417-385-262-194-192-49-42-18-8-19-1 @ https://phbidlautdemo.prahu-hub.com/lelang/buatlelang:14299
[ 1960578ms] [LOG] Connected @ https://phbidlautdemo.prahu-hub.com/lelang/buatlelang:14299
[ 1965317ms] [LOG] Connected @ https://phbidlautdemo.prahu-hub.com/lelang/buatlelang:14299
[ 1967089ms] [LOG] Connected @ https://phbidlautdemo.prahu-hub.com/lelang/buatlelang:14299
[ 1973109ms] [LOG] Connected @ https://phbidlautdemo.prahu-hub.com/lelang/buatlelang:14299
[ 1982938ms] [LOG] Connected @ https://phbidlautdemo.prahu-hub.com/lelang/buatlelang:14299
[ 2003019ms] [LOG] Connected @ https://phbidlautdemo.prahu-hub.com/lelang/buatlelang:14299
[ 2014769ms] [LOG] Connected @ https://phbidlautdemo.prahu-hub.com/lelang/buatlelang:14299
[ 2024398ms] [LOG] Connected @ https://phbidlautdemo.prahu-hub.com/lelang/buatlelang:14299
[ 2041551ms] [LOG] Connected @ https://phbidlautdemo.prahu-hub.com/lelang/buatlelang:14299
[ 2047012ms] [LOG] Connected @ https://phbidlautdemo.prahu-hub.com/lelang/buatlelang:14299
[ 2049260ms] [LOG] Connected @ https://phbidlautdemo.prahu-hub.com/lelang/buatlelang:14299
[ 2053285ms] [LOG] Connected @ https://phbidlautdemo.prahu-hub.com/lelang/buatlelang:14299
[ 2055728ms] [LOG] Connected @ https://phbidlautdemo.prahu-hub.com/lelang/buatlelang:14299
[ 2064345ms] [LOG] Connected @ https://phbidlautdemo.prahu-hub.com/lelang/buatlelang:14299
[ 2116044ms] [LOG] Connected @ https://phbidlautdemo.prahu-hub.com/lelang/buatlelang:14299
[ 2118723ms] [LOG] Connected @ https://phbidlautdemo.prahu-hub.com/lelang/buatlelang:14299
[ 2118938ms] [LOG] Connected @ https://phbidlautdemo.prahu-hub.com/lelang/buatlelang:14299
[ 2121554ms] [LOG] Connected @ https://phbidlautdemo.prahu-hub.com/lelang/buatlelang:14299
[ 2122397ms] [LOG] Connected @ https://phbidlautdemo.prahu-hub.com/lelang/buatlelang:14299
[ 2127777ms] [LOG] Connected @ https://phbidlautdemo.prahu-hub.com/lelang/buatlelang:14299
[ 2128027ms] [LOG] Connected @ https://phbidlautdemo.prahu-hub.com/lelang/buatlelang:14299
[ 2129960ms] [LOG] Connected @ https://phbidlautdemo.prahu-hub.com/lelang/buatlelang:14299
[ 2134396ms] [LOG] Connected @ https://phbidlautdemo.prahu-hub.com/lelang/buatlelang:14299
[ 2135820ms] [LOG] Connected @ https://phbidlautdemo.prahu-hub.com/lelang/buatlelang:14299
[ 2139878ms] [LOG] Connected @ https://phbidlautdemo.prahu-hub.com/lelang/buatlelang:14299
[ 2144032ms] [LOG] Connected @ https://phbidlautdemo.prahu-hub.com/lelang/buatlelang:14299
[ 2145675ms] [LOG] Connected @ https://phbidlautdemo.prahu-hub.com/lelang/buatlelang:14299
[ 2151058ms] [LOG] Connected @ https://phbidlautdemo.prahu-hub.com/lelang/buatlelang:14299
[ 2154401ms] [LOG] Connected @ https://phbidlautdemo.prahu-hub.com/lelang/buatlelang:14299
[ 2159824ms] [LOG] Connected @ https://phbidlautdemo.prahu-hub.com/lelang/buatlelang:14299
[ 2165580ms] [LOG] Connected @ https://phbidlautdemo.prahu-hub.com/lelang/buatlelang:14299
[ 2165959ms] [LOG] Connected @ https://phbidlautdemo.prahu-hub.com/lelang/buatlelang:14299
[ 2169614ms] [LOG] Connected @ https://phbidlautdemo.prahu-hub.com/lelang/buatlelang:14299
[ 2170221ms] [LOG] Connected @ https://phbidlautdemo.prahu-hub.com/lelang/buatlelang:14299
[ 2177976ms] [LOG] Connected @ https://phbidlautdemo.prahu-hub.com/lelang/buatlelang:14299
[ 2179360ms] [LOG] Connected @ https://phbidlautdemo.prahu-hub.com/lelang/buatlelang:14299
[ 2182286ms] [LOG] Connected @ https://phbidlautdemo.prahu-hub.com/lelang/buatlelang:14299
[ 2184327ms] [LOG] Connected @ https://phbidlautdemo.prahu-hub.com/lelang/buatlelang:14299
[ 2188329ms] [LOG] Connected @ https://phbidlautdemo.prahu-hub.com/lelang/buatlelang:14299
[ 2191799ms] [LOG] Connected @ https://phbidlautdemo.prahu-hub.com/lelang/buatlelang:14299
[ 2194953ms] [LOG] Connected @ https://phbidlautdemo.prahu-hub.com/lelang/buatlelang:14299
[ 2200821ms] [LOG] Connected @ https://phbidlautdemo.prahu-hub.com/lelang/buatlelang:14299
[ 2204589ms] [LOG] updateNotifDarat.485-471-460-459-454-451-447-417-385-262-194-192-49-42-18-8-1 @ https://phbidlautdemo.prahu-hub.com/lelang/buatlelang:14299
[ 2204591ms] [LOG] notif_badge_hide.485-471-460-459-454-451-447-417-385-262-194-192-49-42-18-8-1 @ https://phbidlautdemo.prahu-hub.com/lelang/buatlelang:14299
[ 2205961ms] [LOG] Connected @ https://phbidlautdemo.prahu-hub.com/lelang/buatlelang:14299
[ 2206723ms] [LOG] Connected @ https://phbidlautdemo.prahu-hub.com/lelang/buatlelang:14299
[ 2207306ms] [LOG] Connected @ https://phbidlautdemo.prahu-hub.com/lelang/buatlelang:14299
[ 2212542ms] [LOG] Connected @ https://phbidlautdemo.prahu-hub.com/lelang/buatlelang:14299
[ 2216596ms] [LOG] Connected @ https://phbidlautdemo.prahu-hub.com/lelang/buatlelang:14299
[ 2221159ms] [LOG] Connected @ https://phbidlautdemo.prahu-hub.com/lelang/buatlelang:14299
[ 2222750ms] [LOG] Connected @ https://phbidlautdemo.prahu-hub.com/lelang/buatlelang:14299
[ 2225267ms] [LOG] Connected @ https://phbidlautdemo.prahu-hub.com/lelang/buatlelang:14299
[ 2226044ms] [LOG] Connected @ https://phbidlautdemo.prahu-hub.com/lelang/buatlelang:14299
[ 2230455ms] [LOG] Connected @ https://phbidlautdemo.prahu-hub.com/lelang/buatlelang:14299
[ 2232939ms] [LOG] Connected @ https://phbidlautdemo.prahu-hub.com/lelang/buatlelang:14299
[ 2233392ms] [LOG] Connected @ https://phbidlautdemo.prahu-hub.com/lelang/buatlelang:14299
[ 2235736ms] [LOG] Connected @ https://phbidlautdemo.prahu-hub.com/lelang/buatlelang:14299
[ 2237158ms] [LOG] Connected @ https://phbidlautdemo.prahu-hub.com/lelang/buatlelang:14299
[ 2237482ms] [LOG] Connected @ https://phbidlautdemo.prahu-hub.com/lelang/buatlelang:14299
[ 2237665ms] [LOG] Connected @ https://phbidlautdemo.prahu-hub.com/lelang/buatlelang:14299
[ 2241038ms] [LOG] Connected @ https://phbidlautdemo.prahu-hub.com/lelang/buatlelang:14299
[ 2242603ms] [LOG] Connected @ https://phbidlautdemo.prahu-hub.com/lelang/buatlelang:14299
[ 2242742ms] [LOG] Connected @ https://phbidlautdemo.prahu-hub.com/lelang/buatlelang:14299
[ 2244089ms] [LOG] Connected @ https://phbidlautdemo.prahu-hub.com/lelang/buatlelang:14299
[ 2249063ms] [LOG] Connected @ https://phbidlautdemo.prahu-hub.com/lelang/buatlelang:14299
[ 2249270ms] [LOG] Connected @ https://phbidlautdemo.prahu-hub.com/lelang/buatlelang:14299
[ 2249681ms] [LOG] Connected @ https://phbidlautdemo.prahu-hub.com/lelang/buatlelang:14299
[ 2249952ms] [LOG] Connected @ https://phbidlautdemo.prahu-hub.com/lelang/buatlelang:14299
[ 2253397ms] [LOG] Connected @ https://phbidlautdemo.prahu-hub.com/lelang/buatlelang:14299
[ 2255834ms] [LOG] Connected @ https://phbidlautdemo.prahu-hub.com/lelang/buatlelang:14299
[ 2256624ms] [LOG] Connected @ https://phbidlautdemo.prahu-hub.com/lelang/buatlelang:14299
[ 2256745ms] [LOG] Connected @ https://phbidlautdemo.prahu-hub.com/lelang/buatlelang:14299
[ 2258567ms] [LOG] Connected @ https://phbidlautdemo.prahu-hub.com/lelang/buatlelang:14299
[ 2260330ms] [LOG] Connected @ https://phbidlautdemo.prahu-hub.com/lelang/buatlelang:14299
[ 2262779ms] [LOG] Connected @ https://phbidlautdemo.prahu-hub.com/lelang/buatlelang:14299
[ 2263971ms] [LOG] Connected @ https://phbidlautdemo.prahu-hub.com/lelang/buatlelang:14299
[ 2264558ms] [LOG] Connected @ https://phbidlautdemo.prahu-hub.com/lelang/buatlelang:14299
[ 2274951ms] [LOG] Connected @ https://phbidlautdemo.prahu-hub.com/lelang/buatlelang:14299
[ 2274980ms] [LOG] Connected @ https://phbidlautdemo.prahu-hub.com/lelang/buatlelang:14299
[ 2279311ms] [LOG] Connected @ https://phbidlautdemo.prahu-hub.com/lelang/buatlelang:14299
[ 2284201ms] [LOG] Connected @ https://phbidlautdemo.prahu-hub.com/lelang/buatlelang:14299
[ 2284493ms] [LOG] Connected @ https://phbidlautdemo.prahu-hub.com/lelang/buatlelang:14299
[ 2286143ms] [LOG] Connected @ https://phbidlautdemo.prahu-hub.com/lelang/buatlelang:14299
[ 2287111ms] [LOG] Connected @ https://phbidlautdemo.prahu-hub.com/lelang/buatlelang:14299
[ 2290410ms] [LOG] Connected @ https://phbidlautdemo.prahu-hub.com/lelang/buatlelang:14299
[ 2296742ms] [LOG] Connected @ https://phbidlautdemo.prahu-hub.com/lelang/buatlelang:14299
[ 2296801ms] [LOG] Connected @ https://phbidlautdemo.prahu-hub.com/lelang/buatlelang:14299
[ 2300765ms] [LOG] Connected @ https://phbidlautdemo.prahu-hub.com/lelang/buatlelang:14299
[ 2300934ms] [LOG] Connected @ https://phbidlautdemo.prahu-hub.com/lelang/buatlelang:14299
[ 2307686ms] [LOG] Connected @ https://phbidlautdemo.prahu-hub.com/lelang/buatlelang:14299
[ 2309053ms] [LOG] Connected @ https://phbidlautdemo.prahu-hub.com/lelang/buatlelang:14299
[ 2314300ms] [LOG] Connected @ https://phbidlautdemo.prahu-hub.com/lelang/buatlelang:14299
[ 2319056ms] [LOG] Connected @ https://phbidlautdemo.prahu-hub.com/lelang/buatlelang:14299
[ 2322400ms] [LOG] Connected @ https://phbidlautdemo.prahu-hub.com/lelang/buatlelang:14299
[ 2326233ms] [LOG] Connected @ https://phbidlautdemo.prahu-hub.com/lelang/buatlelang:14299
[ 2329693ms] [LOG] Connected @ https://phbidlautdemo.prahu-hub.com/lelang/buatlelang:14299
[ 2331979ms] [LOG] Connected @ https://phbidlautdemo.prahu-hub.com/lelang/buatlelang:14299
[ 2334418ms] [LOG] Connected @ https://phbidlautdemo.prahu-hub.com/lelang/buatlelang:14299
[ 2334592ms] [LOG] Connected @ https://phbidlautdemo.prahu-hub.com/lelang/buatlelang:14299
[ 2337300ms] [LOG] Connected @ https://phbidlautdemo.prahu-hub.com/lelang/buatlelang:14299
[ 2342972ms] [LOG] Connected @ https://phbidlautdemo.prahu-hub.com/lelang/buatlelang:14299
[ 2344157ms] [LOG] Connected @ https://phbidlautdemo.prahu-hub.com/lelang/buatlelang:14299
[ 2352722ms] [LOG] Connected @ https://phbidlautdemo.prahu-hub.com/lelang/buatlelang:14299
[ 2355131ms] [LOG] Connected @ https://phbidlautdemo.prahu-hub.com/lelang/buatlelang:14299
[ 2358174ms] [LOG] Connected @ https://phbidlautdemo.prahu-hub.com/lelang/buatlelang:14299
[ 2360993ms] [LOG] Connected @ https://phbidlautdemo.prahu-hub.com/lelang/buatlelang:14299
[ 2361320ms] [LOG] Connected @ https://phbidlautdemo.prahu-hub.com/lelang/buatlelang:14299
[ 2361935ms] [LOG] Connected @ https://phbidlautdemo.prahu-hub.com/lelang/buatlelang:14299
[ 2365462ms] [LOG] Connected @ https://phbidlautdemo.prahu-hub.com/lelang/buatlelang:14299
[ 2369656ms] [LOG] notif_badge_hide.485-471-460-459-454-451-447-417-385-262-194-192-49-42-18-8-20-1 @ https://phbidlautdemo.prahu-hub.com/lelang/buatlelang:14299
[ 2369661ms] [LOG] updateNotifDarat.485-471-460-459-454-451-447-417-385-262-194-192-49-42-18-8-20-1 @ https://phbidlautdemo.prahu-hub.com/lelang/buatlelang:14299
[ 2394504ms] [LOG] Connected @ https://phbidlautdemo.prahu-hub.com/lelang/buatlelang:14299
[ 2401748ms] [LOG] Connected @ https://phbidlautdemo.prahu-hub.com/lelang/buatlelang:14299
[ 2406782ms] [LOG] Connected @ https://phbidlautdemo.prahu-hub.com/lelang/buatlelang:14299
[ 2413540ms] [LOG] notif_badge_show.485-471-460-459-454-451-447-417-385-262-194-192-49-42-18-8-19-1 @ https://phbidlautdemo.prahu-hub.com/lelang/buatlelang:14299
[ 2413554ms] [LOG] updateNotifDarat.485-471-460-459-454-451-447-417-385-262-194-192-49-42-18-8-19-1 @ https://phbidlautdemo.prahu-hub.com/lelang/buatlelang:14299
[ 2416816ms] [LOG] Connected @ https://phbidlautdemo.prahu-hub.com/lelang/buatlelang:14299
[ 2427094ms] [LOG] Connected @ https://phbidlautdemo.prahu-hub.com/lelang/buatlelang:14299
[ 2456323ms] [LOG] Connected @ https://phbidlautdemo.prahu-hub.com/lelang/buatlelang:14299
[ 2461931ms] [LOG] Connected @ https://phbidlautdemo.prahu-hub.com/lelang/buatlelang:14299
[ 2463232ms] [LOG] Connected @ https://phbidlautdemo.prahu-hub.com/lelang/buatlelang:14299
[ 2468357ms] [LOG] Connected @ https://phbidlautdemo.prahu-hub.com/lelang/buatlelang:14299
[ 2473356ms] [LOG] Connected @ https://phbidlautdemo.prahu-hub.com/lelang/buatlelang:14299
[ 2477378ms] [LOG] Connected @ https://phbidlautdemo.prahu-hub.com/lelang/buatlelang:14299
[ 2481248ms] [LOG] Connected @ https://phbidlautdemo.prahu-hub.com/lelang/buatlelang:14299
[ 2499337ms] [LOG] notif_badge_hide.901-858-787-937-935-914-906-900-876-856-820-796-795-783-764-704-689-688-685-642-641-640-639-638-635-634-633-632-631-629-628-627-626-625-624-623-622-621-614-459-325-23 @ https://phbidlautdemo.prahu-hub.com/lelang/buatlelang:14299
[ 2499409ms] [LOG] update_dashboard_order_laut @ https://phbidlautdemo.prahu-hub.com/lelang/buatlelang:14299
[ 2500455ms] [LOG] updateNotif.901-858-787-937-935-914-906-900-876-856-820-796-795-783-764-704-689-688-685-642-641-640-639-638-635-634-633-632-631-629-628-627-626-625-624-623-622-621-614-459-325-23 @ https://phbidlautdemo.prahu-hub.com/lelang/buatlelang:14299
[ 2504313ms] [LOG] Connected @ https://phbidlautdemo.prahu-hub.com/lelang/buatlelang:14299
[ 2504605ms] [LOG] Connected @ https://phbidlautdemo.prahu-hub.com/lelang/buatlelang:14299
[ 2524123ms] [LOG] Connected @ https://phbidlautdemo.prahu-hub.com/lelang/buatlelang:14299
[ 2527254ms] [LOG] Connected @ https://phbidlautdemo.prahu-hub.com/lelang/buatlelang:14299
[ 2531697ms] [LOG] Connected @ https://phbidlautdemo.prahu-hub.com/lelang/buatlelang:14299
[ 2536409ms] [LOG] Connected @ https://phbidlautdemo.prahu-hub.com/lelang/buatlelang:14299
[ 2540239ms] [LOG] Connected @ https://phbidlautdemo.prahu-hub.com/lelang/buatlelang:14299
[ 2540839ms] [LOG] Connected @ https://phbidlautdemo.prahu-hub.com/lelang/buatlelang:14299
[ 2550313ms] [LOG] notif_badge_hide.312-474-1 @ https://phbidlautdemo.prahu-hub.com/lelang/buatlelang:14299
[ 2550346ms] [LOG] updateNotifDarat.312-474-1 @ https://phbidlautdemo.prahu-hub.com/lelang/buatlelang:14299
[ 2550350ms] [LOG] notif_badge_hide.312-474-1 @ https://phbidlautdemo.prahu-hub.com/lelang/buatlelang:14299
[ 2550959ms] [LOG] notif_badge_hide.312-474-1 @ https://phbidlautdemo.prahu-hub.com/lelang/buatlelang:14299
[ 2551328ms] [LOG] updateNotifDarat.312-474-1 @ https://phbidlautdemo.prahu-hub.com/lelang/buatlelang:14299
[ 2551947ms] [LOG] Connected @ https://phbidlautdemo.prahu-hub.com/lelang/buatlelang:14299
[ 2554222ms] [LOG] updateNotifDarat.312-474-1 @ https://phbidlautdemo.prahu-hub.com/lelang/buatlelang:14299
[ 2555256ms] [LOG] notif_badge_hide.312-474-1 @ https://phbidlautdemo.prahu-hub.com/lelang/buatlelang:14299
[ 2557363ms] [LOG] Connected @ https://phbidlautdemo.prahu-hub.com/lelang/buatlelang:14299
[ 2561657ms] [LOG] notif_badge_hide.312-474-1 @ https://phbidlautdemo.prahu-hub.com/lelang/buatlelang:14299
[ 2570320ms] [LOG] notif_badge_hide.312-474-1 @ https://phbidlautdemo.prahu-hub.com/lelang/buatlelang:14299
[ 2570323ms] [LOG] updateNotifDarat.312-474-1 @ https://phbidlautdemo.prahu-hub.com/lelang/buatlelang:14299
[ 2574014ms] [LOG] updateNotifDarat.312-474-1 @ https://phbidlautdemo.prahu-hub.com/lelang/buatlelang:14299
[ 2574022ms] [LOG] notif_badge_hide.312-474-1 @ https://phbidlautdemo.prahu-hub.com/lelang/buatlelang:14299
[ 2575304ms] [LOG] Connected @ https://phbidlautdemo.prahu-hub.com/lelang/buatlelang:14299
[ 2575354ms] [LOG] Connected @ https://phbidlautdemo.prahu-hub.com/lelang/buatlelang:14299
[ 2577818ms] [LOG] Connected @ https://phbidlautdemo.prahu-hub.com/lelang/buatlelang:14299
[ 2579776ms] [LOG] updateNotifDarat.312-474-1 @ https://phbidlautdemo.prahu-hub.com/lelang/buatlelang:14299
[ 2579779ms] [LOG] notif_badge_hide.312-474-1 @ https://phbidlautdemo.prahu-hub.com/lelang/buatlelang:14299
[ 2581851ms] [LOG] Connected @ https://phbidlautdemo.prahu-hub.com/lelang/buatlelang:14299
[ 2581934ms] [LOG] updateNotif.913-937-935-914-906-900-876-856-820-796-795-783-764-704-689-688-685-642-641-640-639-638-635-634-633-632-631-629-628-627-626-625-624-623-622-621-614-459-123-23 @ https://phbidlautdemo.prahu-hub.com/lelang/buatlelang:14299
[ 2581969ms] [LOG] notif_badge_hide.913-937-935-914-906-900-876-856-820-796-795-783-764-704-689-688-685-642-641-640-639-638-635-634-633-632-631-629-628-627-626-625-624-623-622-621-614-459-123-23 @ https://phbidlautdemo.prahu-hub.com/lelang/buatlelang:14299
[ 2581998ms] [LOG] update_dashboard_order_laut @ https://phbidlautdemo.prahu-hub.com/lelang/buatlelang:14299
[ 2584004ms] [LOG] Connected @ https://phbidlautdemo.prahu-hub.com/lelang/buatlelang:14299
[ 2586525ms] [LOG] Connected @ https://phbidlautdemo.prahu-hub.com/lelang/buatlelang:14299
[ 2586966ms] [LOG] Connected @ https://phbidlautdemo.prahu-hub.com/lelang/buatlelang:14299
[ 2590144ms] [LOG] Connected @ https://phbidlautdemo.prahu-hub.com/lelang/buatlelang:14299
[ 2590427ms] [LOG] Connected @ https://phbidlautdemo.prahu-hub.com/lelang/buatlelang:14299
[ 2590456ms] [LOG] Connected @ https://phbidlautdemo.prahu-hub.com/lelang/buatlelang:14299
[ 2590460ms] [LOG] Connected @ https://phbidlautdemo.prahu-hub.com/lelang/buatlelang:14299
[ 2591050ms] [LOG] Connected @ https://phbidlautdemo.prahu-hub.com/lelang/buatlelang:14299
[ 2593702ms] [LOG] notif_badge_hide.312-474-1 @ https://phbidlautdemo.prahu-hub.com/lelang/buatlelang:14299
[ 2593709ms] [LOG] updateNotifDarat.312-474-1 @ https://phbidlautdemo.prahu-hub.com/lelang/buatlelang:14299
[ 2594564ms] [LOG] Connected @ https://phbidlautdemo.prahu-hub.com/lelang/buatlelang:14299
[ 2597497ms] [LOG] Connected @ https://phbidlautdemo.prahu-hub.com/lelang/buatlelang:14299
[ 2598425ms] [LOG] Connected @ https://phbidlautdemo.prahu-hub.com/lelang/buatlelang:14299
[ 2609265ms] [LOG] Connected @ https://phbidlautdemo.prahu-hub.com/lelang/buatlelang:14299
[ 2614101ms] [LOG] Connected @ https://phbidlautdemo.prahu-hub.com/lelang/buatlelang:14299
[ 2614106ms] [LOG] Connected @ https://phbidlautdemo.prahu-hub.com/lelang/buatlelang:14299
[ 2619113ms] [LOG] Connected @ https://phbidlautdemo.prahu-hub.com/lelang/buatlelang:14299
[ 2627438ms] [LOG] Connected @ https://phbidlautdemo.prahu-hub.com/lelang/buatlelang:14299
[ 2629566ms] [LOG] Connected @ https://phbidlautdemo.prahu-hub.com/lelang/buatlelang:14299
[ 2640273ms] [LOG] Connected @ https://phbidlautdemo.prahu-hub.com/lelang/buatlelang:14299
[ 2640867ms] [LOG] Connected @ https://phbidlautdemo.prahu-hub.com/lelang/buatlelang:14299
[ 2647743ms] [LOG] Connected @ https://phbidlautdemo.prahu-hub.com/lelang/buatlelang:14299
[ 2647940ms] [LOG] Connected @ https://phbidlautdemo.prahu-hub.com/lelang/buatlelang:14299
[ 2655942ms] [LOG] Connected @ https://phbidlautdemo.prahu-hub.com/lelang/buatlelang:14299
[ 2657801ms] [LOG] Connected @ https://phbidlautdemo.prahu-hub.com/lelang/buatlelang:14299
[ 2658092ms] [LOG] updateNotif.913-937-935-914-906-900-876-856-820-796-795-783-764-704-689-688-685-642-641-640-639-638-635-634-633-632-631-629-628-627-626-625-624-623-622-621-614-459-123-23 @ https://phbidlautdemo.prahu-hub.com/lelang/buatlelang:14299
[ 2658110ms] [LOG] notif_badge_hide.913-937-935-914-906-900-876-856-820-796-795-783-764-704-689-688-685-642-641-640-639-638-635-634-633-632-631-629-628-627-626-625-624-623-622-621-614-459-123-23 @ https://phbidlautdemo.prahu-hub.com/lelang/buatlelang:14299
[ 2658127ms] [LOG] update_dashboard_order_laut @ https://phbidlautdemo.prahu-hub.com/lelang/buatlelang:14299
[ 2662723ms] [LOG] Connected @ https://phbidlautdemo.prahu-hub.com/lelang/buatlelang:14299
[ 2676114ms] [LOG] Connected @ https://phbidlautdemo.prahu-hub.com/lelang/buatlelang:14299
[ 2689408ms] [LOG] Connected @ https://phbidlautdemo.prahu-hub.com/lelang/buatlelang:14299
[ 2690015ms] [LOG] Connected @ https://phbidlautdemo.prahu-hub.com/lelang/buatlelang:14299
[ 2694579ms] [LOG] Connected @ https://phbidlautdemo.prahu-hub.com/lelang/buatlelang:14299
[ 2696204ms] [LOG] Connected @ https://phbidlautdemo.prahu-hub.com/lelang/buatlelang:14299
[ 2698061ms] [LOG] Connected @ https://phbidlautdemo.prahu-hub.com/lelang/buatlelang:14299
[ 2701514ms] [LOG] Connected @ https://phbidlautdemo.prahu-hub.com/lelang/buatlelang:14299
[ 2704847ms] [LOG] Connected @ https://phbidlautdemo.prahu-hub.com/lelang/buatlelang:14299
[ 2706653ms] [LOG] Connected @ https://phbidlautdemo.prahu-hub.com/lelang/buatlelang:14299
[ 2712395ms] [LOG] Connected @ https://phbidlautdemo.prahu-hub.com/lelang/buatlelang:14299
[ 2717624ms] [LOG] updateNotif.913-937-935-914-906-900-876-856-820-796-795-783-764-704-689-688-685-642-641-640-639-638-635-634-633-632-631-629-628-627-626-625-624-623-622-621-614-459-123-23 @ https://phbidlautdemo.prahu-hub.com/lelang/buatlelang:14299
[ 2717643ms] [LOG] notif_badge_hide.913-937-935-914-906-900-876-856-820-796-795-783-764-704-689-688-685-642-641-640-639-638-635-634-633-632-631-629-628-627-626-625-624-623-622-621-614-459-123-23 @ https://phbidlautdemo.prahu-hub.com/lelang/buatlelang:14299
[ 2717656ms] [LOG] update_dashboard_order_laut @ https://phbidlautdemo.prahu-hub.com/lelang/buatlelang:14299
[ 2721609ms] [LOG] Connected @ https://phbidlautdemo.prahu-hub.com/lelang/buatlelang:14299
[ 2722079ms] [LOG] Connected @ https://phbidlautdemo.prahu-hub.com/lelang/buatlelang:14299
[ 2728173ms] [LOG] Connected @ https://phbidlautdemo.prahu-hub.com/lelang/buatlelang:14299
[ 2733659ms] [LOG] Connected @ https://phbidlautdemo.prahu-hub.com/lelang/buatlelang:14299
[ 2736191ms] [LOG] updateNotif.913-937-935-914-906-900-876-856-820-796-795-783-764-704-689-688-685-642-641-640-639-638-635-634-633-632-631-629-628-627-626-625-624-623-622-621-614-459-123-23 @ https://phbidlautdemo.prahu-hub.com/lelang/buatlelang:14299
[ 2736227ms] [LOG] update_dashboard_order_laut @ https://phbidlautdemo.prahu-hub.com/lelang/buatlelang:14299
[ 2738901ms] [LOG] notif_badge_hide.913-937-935-914-906-900-876-856-820-796-795-783-764-704-689-688-685-642-641-640-639-638-635-634-633-632-631-629-628-627-626-625-624-623-622-621-614-459-123-23 @ https://phbidlautdemo.prahu-hub.com/lelang/buatlelang:14299
[ 2740446ms] [LOG] Connected @ https://phbidlautdemo.prahu-hub.com/lelang/buatlelang:14299
[ 2741600ms] [LOG] Connected @ https://phbidlautdemo.prahu-hub.com/lelang/buatlelang:14299
[ 2742855ms] [LOG] Connected @ https://phbidlautdemo.prahu-hub.com/lelang/buatlelang:14299
[ 2743051ms] [LOG] Connected @ https://phbidlautdemo.prahu-hub.com/lelang/buatlelang:14299
[ 2748577ms] [LOG] Connected @ https://phbidlautdemo.prahu-hub.com/lelang/buatlelang:14299
[ 2752459ms] [LOG] Connected @ https://phbidlautdemo.prahu-hub.com/lelang/buatlelang:14299
[ 2754804ms] [LOG] Connected @ https://phbidlautdemo.prahu-hub.com/lelang/buatlelang:14299
[ 2760591ms] [LOG] Connected @ https://phbidlautdemo.prahu-hub.com/lelang/buatlelang:14299
[ 2763271ms] [LOG] Connected @ https://phbidlautdemo.prahu-hub.com/lelang/buatlelang:14299
[ 2764219ms] [LOG] Connected @ https://phbidlautdemo.prahu-hub.com/lelang/buatlelang:14299
[ 2768567ms] [LOG] Connected @ https://phbidlautdemo.prahu-hub.com/lelang/buatlelang:14299
[ 2779172ms] [LOG] updateNotif.913-937-935-914-906-900-876-856-820-796-795-783-764-704-689-688-685-642-641-640-639-638-635-634-633-632-631-629-628-627-626-625-624-623-622-621-614-459-123-23 @ https://phbidlautdemo.prahu-hub.com/lelang/buatlelang:14299
[ 2779209ms] [LOG] notif_badge_hide.913-937-935-914-906-900-876-856-820-796-795-783-764-704-689-688-685-642-641-640-639-638-635-634-633-632-631-629-628-627-626-625-624-623-622-621-614-459-123-23 @ https://phbidlautdemo.prahu-hub.com/lelang/buatlelang:14299
[ 2779213ms] [LOG] update_dashboard_order_laut @ https://phbidlautdemo.prahu-hub.com/lelang/buatlelang:14299
[ 2782564ms] [LOG] Connected @ https://phbidlautdemo.prahu-hub.com/lelang/buatlelang:14299
[ 2830123ms] [LOG] Connected @ https://phbidlautdemo.prahu-hub.com/lelang/buatlelang:14299
[ 2830663ms] [LOG] Connected @ https://phbidlautdemo.prahu-hub.com/lelang/buatlelang:14299
[ 2853641ms] [LOG] Connected @ https://phbidlautdemo.prahu-hub.com/lelang/buatlelang:14299
[ 2853669ms] [LOG] Connected @ https://phbidlautdemo.prahu-hub.com/lelang/buatlelang:14299
[ 2855604ms] [LOG] Connected @ https://phbidlautdemo.prahu-hub.com/lelang/buatlelang:14299
[ 2865380ms] [LOG] Connected @ https://phbidlautdemo.prahu-hub.com/lelang/buatlelang:14299
[ 2867530ms] [LOG] Connected @ https://phbidlautdemo.prahu-hub.com/lelang/buatlelang:14299
[ 2868630ms] [LOG] notif_badge_show.293-232-249-274-254-224-163-58-27-66-60-160-34-31-307-23 @ https://phbidlautdemo.prahu-hub.com/lelang/buatlelang:14299
[ 2868631ms] [LOG] updateNotif.293-232-249-274-254-224-163-58-27-66-60-160-34-31-307-23 @ https://phbidlautdemo.prahu-hub.com/lelang/buatlelang:14299
[ 2869820ms] [LOG] Connected @ https://phbidlautdemo.prahu-hub.com/lelang/buatlelang:14299
[ 2872021ms] [LOG] Connected @ https://phbidlautdemo.prahu-hub.com/lelang/buatlelang:14299
[ 2875142ms] [LOG] Connected @ https://phbidlautdemo.prahu-hub.com/lelang/buatlelang:14299
[ 2881054ms] [LOG] Connected @ https://phbidlautdemo.prahu-hub.com/lelang/buatlelang:14299
[ 2885828ms] [LOG] Connected @ https://phbidlautdemo.prahu-hub.com/lelang/buatlelang:14299
[ 2886592ms] [LOG] Connected @ https://phbidlautdemo.prahu-hub.com/lelang/buatlelang:14299
[ 2902868ms] [LOG] Connected @ https://phbidlautdemo.prahu-hub.com/lelang/buatlelang:14299
[ 2914610ms] [LOG] Connected @ https://phbidlautdemo.prahu-hub.com/lelang/buatlelang:14299
[ 2926842ms] [LOG] Connected @ https://phbidlautdemo.prahu-hub.com/lelang/buatlelang:14299
[ 2927898ms] [LOG] Connected @ https://phbidlautdemo.prahu-hub.com/lelang/buatlelang:14299
[ 2936805ms] [LOG] Connected @ https://phbidlautdemo.prahu-hub.com/lelang/buatlelang:14299
[ 2942091ms] [LOG] Connected @ https://phbidlautdemo.prahu-hub.com/lelang/buatlelang:14299
[ 2942423ms] [LOG] Connected @ https://phbidlautdemo.prahu-hub.com/lelang/buatlelang:14299
[ 2952234ms] [LOG] Connected @ https://phbidlautdemo.prahu-hub.com/lelang/buatlelang:14299
[ 2971899ms] [LOG] Connected @ https://phbidlautdemo.prahu-hub.com/lelang/buatlelang:14299
[ 2982622ms] [LOG] Connected @ https://phbidlautdemo.prahu-hub.com/lelang/buatlelang:14299
[ 3000081ms] [LOG] Connected @ https://phbidlautdemo.prahu-hub.com/lelang/buatlelang:14299
[ 3006698ms] [LOG] Connected @ https://phbidlautdemo.prahu-hub.com/lelang/buatlelang:14299
[ 3007277ms] [LOG] Connected @ https://phbidlautdemo.prahu-hub.com/lelang/buatlelang:14299
[ 3008209ms] [LOG] Connected @ https://phbidlautdemo.prahu-hub.com/lelang/buatlelang:14299
[ 3012544ms] [LOG] Connected @ https://phbidlautdemo.prahu-hub.com/lelang/buatlelang:14299
[ 3012656ms] [LOG] Connected @ https://phbidlautdemo.prahu-hub.com/lelang/buatlelang:14299
[ 3017479ms] [LOG] Connected @ https://phbidlautdemo.prahu-hub.com/lelang/buatlelang:14299
[ 3018187ms] [LOG] Connected @ https://phbidlautdemo.prahu-hub.com/lelang/buatlelang:14299
[ 3022891ms] [LOG] Connected @ https://phbidlautdemo.prahu-hub.com/lelang/buatlelang:14299
[ 3024239ms] [LOG] Connected @ https://phbidlautdemo.prahu-hub.com/lelang/buatlelang:14299
[ 3028410ms] [LOG] Connected @ https://phbidlautdemo.prahu-hub.com/lelang/buatlelang:14299
[ 3033352ms] [LOG] Connected @ https://phbidlautdemo.prahu-hub.com/lelang/buatlelang:14299
[ 3035406ms] [LOG] Connected @ https://phbidlautdemo.prahu-hub.com/lelang/buatlelang:14299
[ 3036511ms] [LOG] Connected @ https://phbidlautdemo.prahu-hub.com/lelang/buatlelang:14299
[ 3040514ms] [LOG] Connected @ https://phbidlautdemo.prahu-hub.com/lelang/buatlelang:14299
[ 3043346ms] [LOG] Connected @ https://phbidlautdemo.prahu-hub.com/lelang/buatlelang:14299
[ 3048058ms] [LOG] Connected @ https://phbidlautdemo.prahu-hub.com/lelang/buatlelang:14299
[ 3056794ms] [LOG] Connected @ https://phbidlautdemo.prahu-hub.com/lelang/buatlelang:14299
[ 3060725ms] [LOG] Connected @ https://phbidlautdemo.prahu-hub.com/lelang/buatlelang:14299
[ 3063406ms] [LOG] updateNotif.293-232-249-274-254-224-163-58-27-66-60-160-34-31-307-23 @ https://phbidlautdemo.prahu-hub.com/lelang/buatlelang:14299
[ 3069802ms] [LOG] Connected @ https://phbidlautdemo.prahu-hub.com/lelang/buatlelang:14299
[ 3070303ms] [LOG] Connected @ https://phbidlautdemo.prahu-hub.com/lelang/buatlelang:14299
[ 3078427ms] [LOG] Connected @ https://phbidlautdemo.prahu-hub.com/lelang/buatlelang:14299
[ 3085733ms] [LOG] Connected @ https://phbidlautdemo.prahu-hub.com/lelang/buatlelang:14299
[ 3088042ms] [LOG] Connected @ https://phbidlautdemo.prahu-hub.com/lelang/buatlelang:14299
[ 3088556ms] [LOG] Connected @ https://phbidlautdemo.prahu-hub.com/lelang/buatlelang:14299
[ 3091094ms] [LOG] Connected @ https://phbidlautdemo.prahu-hub.com/lelang/buatlelang:14299
[ 3094365ms] [LOG] Connected @ https://phbidlautdemo.prahu-hub.com/lelang/buatlelang:14299
[ 3095287ms] [LOG] Connected @ https://phbidlautdemo.prahu-hub.com/lelang/buatlelang:14299
[ 3097590ms] [LOG] Connected @ https://phbidlautdemo.prahu-hub.com/lelang/buatlelang:14299
[ 3099816ms] [LOG] Connected @ https://phbidlautdemo.prahu-hub.com/lelang/buatlelang:14299
[ 3101699ms] [LOG] Connected @ https://phbidlautdemo.prahu-hub.com/lelang/buatlelang:14299
[ 3104451ms] [LOG] Connected @ https://phbidlautdemo.prahu-hub.com/lelang/buatlelang:14299
[ 3110737ms] [LOG] Connected @ https://phbidlautdemo.prahu-hub.com/lelang/buatlelang:14299
[ 3117356ms] [LOG] Connected @ https://phbidlautdemo.prahu-hub.com/lelang/buatlelang:14299
[ 3118680ms] [LOG] Connected @ https://phbidlautdemo.prahu-hub.com/lelang/buatlelang:14299
[ 3119665ms] [LOG] Connected @ https://phbidlautdemo.prahu-hub.com/lelang/buatlelang:14299
[ 3119715ms] [LOG] Connected @ https://phbidlautdemo.prahu-hub.com/lelang/buatlelang:14299
[ 3124083ms] [LOG] Connected @ https://phbidlautdemo.prahu-hub.com/lelang/buatlelang:14299
[ 3124729ms] [LOG] Connected @ https://phbidlautdemo.prahu-hub.com/lelang/buatlelang:14299
[ 3125105ms] [LOG] Connected @ https://phbidlautdemo.prahu-hub.com/lelang/buatlelang:14299
[ 3126457ms] [LOG] Connected @ https://phbidlautdemo.prahu-hub.com/lelang/buatlelang:14299
[ 3129442ms] [LOG] Connected @ https://phbidlautdemo.prahu-hub.com/lelang/buatlelang:14299
[ 3129526ms] [LOG] Connected @ https://phbidlautdemo.prahu-hub.com/lelang/buatlelang:14299
[ 3129876ms] [LOG] Connected @ https://phbidlautdemo.prahu-hub.com/lelang/buatlelang:14299
[ 3132985ms] [LOG] Connected @ https://phbidlautdemo.prahu-hub.com/lelang/buatlelang:14299
[ 3135478ms] [LOG] Connected @ https://phbidlautdemo.prahu-hub.com/lelang/buatlelang:14299
[ 3138687ms] [LOG] Connected @ https://phbidlautdemo.prahu-hub.com/lelang/buatlelang:14299
[ 3142623ms] [LOG] Connected @ https://phbidlautdemo.prahu-hub.com/lelang/buatlelang:14299
[ 3142748ms] [LOG] Connected @ https://phbidlautdemo.prahu-hub.com/lelang/buatlelang:14299
[ 3145482ms] [LOG] Connected @ https://phbidlautdemo.prahu-hub.com/lelang/buatlelang:14299
[ 3148053ms] [LOG] Connected @ https://phbidlautdemo.prahu-hub.com/lelang/buatlelang:14299
[ 3148531ms] [LOG] Connected @ https://phbidlautdemo.prahu-hub.com/lelang/buatlelang:14299
[ 3149892ms] [LOG] Connected @ https://phbidlautdemo.prahu-hub.com/lelang/buatlelang:14299
[ 3151417ms] [LOG] Connected @ https://phbidlautdemo.prahu-hub.com/lelang/buatlelang:14299
[ 3153189ms] [LOG] Connected @ https://phbidlautdemo.prahu-hub.com/lelang/buatlelang:14299
[ 3159973ms] [LOG] Connected @ https://phbidlautdemo.prahu-hub.com/lelang/buatlelang:14299
[ 3160953ms] [LOG] Connected @ https://phbidlautdemo.prahu-hub.com/lelang/buatlelang:14299
[ 3168210ms] [LOG] Connected @ https://phbidlautdemo.prahu-hub.com/lelang/buatlelang:14299
[ 3170314ms] [LOG] Connected @ https://phbidlautdemo.prahu-hub.com/lelang/buatlelang:14299
[ 3170431ms] [LOG] Connected @ https://phbidlautdemo.prahu-hub.com/lelang/buatlelang:14299
[ 3174163ms] [LOG] Connected @ https://phbidlautdemo.prahu-hub.com/lelang/buatlelang:14299
[ 3177425ms] [LOG] Connected @ https://phbidlautdemo.prahu-hub.com/lelang/buatlelang:14299
[ 3177532ms] [LOG] Connected @ https://phbidlautdemo.prahu-hub.com/lelang/buatlelang:14299
[ 3180302ms] [LOG] Connected @ https://phbidlautdemo.prahu-hub.com/lelang/buatlelang:14299
[ 3180585ms] [LOG] Connected @ https://phbidlautdemo.prahu-hub.com/lelang/buatlelang:14299
[ 3180878ms] [LOG] Connected @ https://phbidlautdemo.prahu-hub.com/lelang/buatlelang:14299
[ 3180878ms] [LOG] Connected @ https://phbidlautdemo.prahu-hub.com/lelang/buatlelang:14299
[ 3183957ms] [LOG] Connected @ https://phbidlautdemo.prahu-hub.com/lelang/buatlelang:14299
[ 3188990ms] [LOG] Connected @ https://phbidlautdemo.prahu-hub.com/lelang/buatlelang:14299
[ 3190299ms] [LOG] Connected @ https://phbidlautdemo.prahu-hub.com/lelang/buatlelang:14299
[ 3190579ms] [LOG] Connected @ https://phbidlautdemo.prahu-hub.com/lelang/buatlelang:14299
[ 3197357ms] [LOG] Connected @ https://phbidlautdemo.prahu-hub.com/lelang/buatlelang:14299
[ 3201999ms] [LOG] Connected @ https://phbidlautdemo.prahu-hub.com/lelang/buatlelang:14299
[ 3205643ms] [LOG] Connected @ https://phbidlautdemo.prahu-hub.com/lelang/buatlelang:14299
[ 3211062ms] [LOG] Connected @ https://phbidlautdemo.prahu-hub.com/lelang/buatlelang:14299
[ 3220779ms] [LOG] Connected @ https://phbidlautdemo.prahu-hub.com/lelang/buatlelang:14299
[ 3221708ms] [LOG] Connected @ https://phbidlautdemo.prahu-hub.com/lelang/buatlelang:14299
[ 3231747ms] [LOG] Connected @ https://phbidlautdemo.prahu-hub.com/lelang/buatlelang:14299
[ 3235564ms] [LOG] Connected @ https://phbidlautdemo.prahu-hub.com/lelang/buatlelang:14299
[ 3240078ms] [LOG] Connected @ https://phbidlautdemo.prahu-hub.com/lelang/buatlelang:14299
[ 3245415ms] [LOG] Connected @ https://phbidlautdemo.prahu-hub.com/lelang/buatlelang:14299
[ 3246066ms] [LOG] Connected @ https://phbidlautdemo.prahu-hub.com/lelang/buatlelang:14299
[ 3253006ms] [LOG] Connected @ https://phbidlautdemo.prahu-hub.com/lelang/buatlelang:14299
[ 3257406ms] [LOG] Connected @ https://phbidlautdemo.prahu-hub.com/lelang/buatlelang:14299
[ 3262629ms] [LOG] Connected @ https://phbidlautdemo.prahu-hub.com/lelang/buatlelang:14299
[ 3265167ms] [LOG] Connected @ https://phbidlautdemo.prahu-hub.com/lelang/buatlelang:14299
[ 3266485ms] [LOG] Connected @ https://phbidlautdemo.prahu-hub.com/lelang/buatlelang:14299
[ 3272675ms] [LOG] Connected @ https://phbidlautdemo.prahu-hub.com/lelang/buatlelang:14299
[ 3276025ms] [LOG] Connected @ https://phbidlautdemo.prahu-hub.com/lelang/buatlelang:14299
[ 3276153ms] [LOG] Connected @ https://phbidlautdemo.prahu-hub.com/lelang/buatlelang:14299
[ 3276681ms] [LOG] Connected @ https://phbidlautdemo.prahu-hub.com/lelang/buatlelang:14299
[ 3282831ms] [LOG] Connected @ https://phbidlautdemo.prahu-hub.com/lelang/buatlelang:14299
[ 3296431ms] [LOG] Connected @ https://phbidlautdemo.prahu-hub.com/lelang/buatlelang:14299
[ 3346313ms] [LOG] Connected @ https://phbidlautdemo.prahu-hub.com/lelang/buatlelang:14299
[ 3346651ms] [LOG] Connected @ https://phbidlautdemo.prahu-hub.com/lelang/buatlelang:14299
[ 3353435ms] [LOG] Connected @ https://phbidlautdemo.prahu-hub.com/lelang/buatlelang:14299
[ 3377570ms] [LOG] Connected @ https://phbidlautdemo.prahu-hub.com/lelang/buatlelang:14299
[ 3407143ms] [LOG] Connected @ https://phbidlautdemo.prahu-hub.com/lelang/buatlelang:14299
[ 3407630ms] [LOG] Connected @ https://phbidlautdemo.prahu-hub.com/lelang/buatlelang:14299
[ 3430472ms] [LOG] Connected @ https://phbidlautdemo.prahu-hub.com/lelang/buatlelang:14299
[ 3436413ms] [LOG] Connected @ https://phbidlautdemo.prahu-hub.com/lelang/buatlelang:14299
[ 3498018ms] [LOG] Connected @ https://phbidlautdemo.prahu-hub.com/lelang/buatlelang:14299
[ 3498627ms] [LOG] Connected @ https://phbidlautdemo.prahu-hub.com/lelang/buatlelang:14299
[ 3524494ms] [LOG] Connected @ https://phbidlautdemo.prahu-hub.com/lelang/buatlelang:14299
[ 3539772ms] [LOG] Connected @ https://phbidlautdemo.prahu-hub.com/lelang/buatlelang:14299
[ 3540424ms] [LOG] Connected @ https://phbidlautdemo.prahu-hub.com/lelang/buatlelang:14299
[ 3564954ms] [LOG] Connected @ https://phbidlautdemo.prahu-hub.com/lelang/buatlelang:14299
[ 3578383ms] [LOG] Connected @ https://phbidlautdemo.prahu-hub.com/lelang/buatlelang:14299
[ 3622156ms] [LOG] Connected @ https://phbidlautdemo.prahu-hub.com/lelang/buatlelang:14299
[ 3640347ms] [LOG] Connected @ https://phbidlautdemo.prahu-hub.com/lelang/buatlelang:14299
[ 3645814ms] [LOG] Connected @ https://phbidlautdemo.prahu-hub.com/lelang/buatlelang:14299
[ 3655003ms] [LOG] notif_badge_hide.542-543-544-937-935-914-906-900-876-856-820-796-795-783-764-704-689-688-685-642-641-640-639-638-635-634-633-632-631-629-628-627-626-625-624-623-622-621-614-459-536-23 @ https://phbidlautdemo.prahu-hub.com/lelang/buatlelang:14299
[ 3655022ms] [LOG] updateNotif.542-543-544-937-935-914-906-900-876-856-820-796-795-783-764-704-689-688-685-642-641-640-639-638-635-634-633-632-631-629-628-627-626-625-624-623-622-621-614-459-536-23 @ https://phbidlautdemo.prahu-hub.com/lelang/buatlelang:14299
[ 3655032ms] [LOG] update_dashboard_order_laut @ https://phbidlautdemo.prahu-hub.com/lelang/buatlelang:14299
[ 3655987ms] [LOG] Connected @ https://phbidlautdemo.prahu-hub.com/lelang/buatlelang:14299
[ 3656726ms] [LOG] Connected @ https://phbidlautdemo.prahu-hub.com/lelang/buatlelang:14299
[ 3657814ms] [LOG] Connected @ https://phbidlautdemo.prahu-hub.com/lelang/buatlelang:14299
[ 3663392ms] [LOG] notif_badge_hide.485-471-460-459-454-451-447-417-385-262-194-192-49-42-18-8-20-1 @ https://phbidlautdemo.prahu-hub.com/lelang/buatlelang:14299
[ 3665263ms] [LOG] notif_badge_hide.542-543-544-937-935-914-906-900-876-856-820-796-795-783-764-704-689-688-685-642-641-640-639-638-635-634-633-632-631-629-628-627-626-625-624-623-622-621-614-459-536-23 @ https://phbidlautdemo.prahu-hub.com/lelang/buatlelang:14299
[ 3665301ms] [LOG] update_dashboard_order_laut @ https://phbidlautdemo.prahu-hub.com/lelang/buatlelang:14299
[ 3666845ms] [LOG] updateNotif.542-543-544-937-935-914-906-900-876-856-820-796-795-783-764-704-689-688-685-642-641-640-639-638-635-634-633-632-631-629-628-627-626-625-624-623-622-621-614-459-536-23 @ https://phbidlautdemo.prahu-hub.com/lelang/buatlelang:14299
[ 3678638ms] [LOG] Connected @ https://phbidlautdemo.prahu-hub.com/lelang/buatlelang:14299
[ 3750183ms] [LOG] Connected @ https://phbidlautdemo.prahu-hub.com/lelang/buatlelang:14299
[ 3767296ms] [LOG] Connected @ https://phbidlautdemo.prahu-hub.com/lelang/buatlelang:14299
[ 3787977ms] [LOG] Connected @ https://phbidlautdemo.prahu-hub.com/lelang/buatlelang:14299
[ 3788641ms] [LOG] Connected @ https://phbidlautdemo.prahu-hub.com/lelang/buatlelang:14299
[ 3880947ms] [LOG] Connected @ https://phbidlautdemo.prahu-hub.com/lelang/buatlelang:14299
[ 3885462ms] [LOG] Connected @ https://phbidlautdemo.prahu-hub.com/lelang/buatlelang:14299
[ 3895330ms] [LOG] Connected @ https://phbidlautdemo.prahu-hub.com/lelang/buatlelang:14299
[ 3898530ms] [LOG] Connected @ https://phbidlautdemo.prahu-hub.com/lelang/buatlelang:14299
[ 3962713ms] [LOG] Connected @ https://phbidlautdemo.prahu-hub.com/lelang/buatlelang:14299
[ 3963428ms] [LOG] Connected @ https://phbidlautdemo.prahu-hub.com/lelang/buatlelang:14299
[ 4032644ms] [LOG] Connected @ https://phbidlautdemo.prahu-hub.com/lelang/buatlelang:14299
[ 4049829ms] [LOG] Connected @ https://phbidlautdemo.prahu-hub.com/lelang/buatlelang:14299
[ 4061228ms] [LOG] Connected @ https://phbidlautdemo.prahu-hub.com/lelang/buatlelang:14299
[ 4061280ms] [LOG] Connected @ https://phbidlautdemo.prahu-hub.com/lelang/buatlelang:14299
[ 4073598ms] [LOG] Connected @ https://phbidlautdemo.prahu-hub.com/lelang/buatlelang:14299
[ 4077564ms] [LOG] Connected @ https://phbidlautdemo.prahu-hub.com/lelang/buatlelang:14299
[ 4077706ms] [LOG] Connected @ https://phbidlautdemo.prahu-hub.com/lelang/buatlelang:14299
[ 4082948ms] [LOG] Connected @ https://phbidlautdemo.prahu-hub.com/lelang/buatlelang:14299
[ 4086532ms] [LOG] Connected @ https://phbidlautdemo.prahu-hub.com/lelang/buatlelang:14299
[ 4137471ms] [LOG] Connected @ https://phbidlautdemo.prahu-hub.com/lelang/buatlelang:14299
[ 4145887ms] [LOG] Connected @ https://phbidlautdemo.prahu-hub.com/lelang/buatlelang:14299
[ 4150911ms] [LOG] Connected @ https://phbidlautdemo.prahu-hub.com/lelang/buatlelang:14299
[ 4156634ms] [LOG] Connected @ https://phbidlautdemo.prahu-hub.com/lelang/buatlelang:14299
[ 4157645ms] [LOG] Connected @ https://phbidlautdemo.prahu-hub.com/lelang/buatlelang:14299
[ 4200946ms] [LOG] Connected @ https://phbidlautdemo.prahu-hub.com/lelang/buatlelang:14299
[ 4229080ms] [LOG] Connected @ https://phbidlautdemo.prahu-hub.com/lelang/buatlelang:14299
[ 4242296ms] [LOG] Connected @ https://phbidlautdemo.prahu-hub.com/lelang/buatlelang:14299
[ 4249788ms] [LOG] Connected @ https://phbidlautdemo.prahu-hub.com/lelang/buatlelang:14299
[ 4260184ms] [LOG] Connected @ https://phbidlautdemo.prahu-hub.com/lelang/buatlelang:14299
[ 4265232ms] [LOG] Connected @ https://phbidlautdemo.prahu-hub.com/lelang/buatlelang:14299
[ 4265964ms] [LOG] Connected @ https://phbidlautdemo.prahu-hub.com/lelang/buatlelang:14299
[ 4274427ms] [LOG] Connected @ https://phbidlautdemo.prahu-hub.com/lelang/buatlelang:14299
[ 4307758ms] [LOG] Connected @ https://phbidlautdemo.prahu-hub.com/lelang/buatlelang:14299
[ 4314013ms] [LOG] Connected @ https://phbidlautdemo.prahu-hub.com/lelang/buatlelang:14299
[ 4321701ms] [LOG] Connected @ https://phbidlautdemo.prahu-hub.com/lelang/buatlelang:14299
[ 4321961ms] [LOG] Connected @ https://phbidlautdemo.prahu-hub.com/lelang/buatlelang:14299
[ 4346408ms] [LOG] Connected @ https://phbidlautdemo.prahu-hub.com/lelang/buatlelang:14299
[ 4349534ms] [LOG] updateNotif.901-858-787-937-935-914-906-900-876-856-820-796-795-783-764-704-689-688-685-642-641-640-639-638-635-634-633-632-631-629-628-627-626-625-624-623-622-621-614-459-325-23 @ https://phbidlautdemo.prahu-hub.com/lelang/buatlelang:14299
[ 4349553ms] [LOG] notif_badge_hide.901-858-787-937-935-914-906-900-876-856-820-796-795-783-764-704-689-688-685-642-641-640-639-638-635-634-633-632-631-629-628-627-626-625-624-623-622-621-614-459-325-23 @ https://phbidlautdemo.prahu-hub.com/lelang/buatlelang:14299
[ 4349569ms] [LOG] update_dashboard_order_laut @ https://phbidlautdemo.prahu-hub.com/lelang/buatlelang:14299
[ 4351790ms] [LOG] Connected @ https://phbidlautdemo.prahu-hub.com/lelang/buatlelang:14299
[ 4351914ms] [LOG] Connected @ https://phbidlautdemo.prahu-hub.com/lelang/buatlelang:14299
[ 4364283ms] [LOG] Connected @ https://phbidlautdemo.prahu-hub.com/lelang/buatlelang:14299
[ 4379923ms] [LOG] Connected @ https://phbidlautdemo.prahu-hub.com/lelang/buatlelang:14299
[ 4380372ms] [LOG] Connected @ https://phbidlautdemo.prahu-hub.com/lelang/buatlelang:14299
[ 4407525ms] [LOG] Connected @ https://phbidlautdemo.prahu-hub.com/lelang/buatlelang:14299
[ 4414700ms] [LOG] Connected @ https://phbidlautdemo.prahu-hub.com/lelang/buatlelang:14299
[ 4414917ms] [LOG] Connected @ https://phbidlautdemo.prahu-hub.com/lelang/buatlelang:14299
[ 4429995ms] [LOG] Connected @ https://phbidlautdemo.prahu-hub.com/lelang/buatlelang:14299
[ 4431482ms] [LOG] Connected @ https://phbidlautdemo.prahu-hub.com/lelang/buatlelang:14299
[ 4435169ms] [LOG] Connected @ https://phbidlautdemo.prahu-hub.com/lelang/buatlelang:14299
[ 4438458ms] [LOG] Connected @ https://phbidlautdemo.prahu-hub.com/lelang/buatlelang:14299
[ 4446428ms] [LOG] Connected @ https://phbidlautdemo.prahu-hub.com/lelang/buatlelang:14299
[ 4480203ms] [LOG] Connected @ https://phbidlautdemo.prahu-hub.com/lelang/buatlelang:14299
[ 4485484ms] [LOG] Connected @ https://phbidlautdemo.prahu-hub.com/lelang/buatlelang:14299
[ 4485894ms] [LOG] Connected @ https://phbidlautdemo.prahu-hub.com/lelang/buatlelang:14299
[ 4489533ms] [LOG] Connected @ https://phbidlautdemo.prahu-hub.com/lelang/buatlelang:14299
[ 4492358ms] [LOG] Connected @ https://phbidlautdemo.prahu-hub.com/lelang/buatlelang:14299
[ 4496451ms] [LOG] Connected @ https://phbidlautdemo.prahu-hub.com/lelang/buatlelang:14299
[ 4499904ms] [LOG] Connected @ https://phbidlautdemo.prahu-hub.com/lelang/buatlelang:14299
[ 4500158ms] [LOG] Connected @ https://phbidlautdemo.prahu-hub.com/lelang/buatlelang:14299
[ 4547968ms] [LOG] Connected @ https://phbidlautdemo.prahu-hub.com/lelang/buatlelang:14299
[ 4549119ms] [LOG] Connected @ https://phbidlautdemo.prahu-hub.com/lelang/buatlelang:14299
[ 4553541ms] [LOG] Connected @ https://phbidlautdemo.prahu-hub.com/lelang/buatlelang:14299
[ 4561930ms] [LOG] Connected @ https://phbidlautdemo.prahu-hub.com/lelang/buatlelang:14299
[ 4565217ms] [LOG] Connected @ https://phbidlautdemo.prahu-hub.com/lelang/buatlelang:14299
[ 4572746ms] [LOG] Connected @ https://phbidlautdemo.prahu-hub.com/lelang/buatlelang:14299
[ 4587926ms] [LOG] Connected @ https://phbidlautdemo.prahu-hub.com/lelang/buatlelang:14299
[ 4599692ms] [LOG] Connected @ https://phbidlautdemo.prahu-hub.com/lelang/buatlelang:14299
[ 4603595ms] [LOG] Connected @ https://phbidlautdemo.prahu-hub.com/lelang/buatlelang:14299
[ 4642015ms] [LOG] Connected @ https://phbidlautdemo.prahu-hub.com/lelang/buatlelang:14299
[ 4654188ms] [LOG] Connected @ https://phbidlautdemo.prahu-hub.com/lelang/buatlelang:14299
[ 4667813ms] [LOG] Connected @ https://phbidlautdemo.prahu-hub.com/lelang/buatlelang:14299
[ 4681911ms] [LOG] Connected @ https://phbidlautdemo.prahu-hub.com/lelang/buatlelang:14299
[ 4688093ms] [LOG] Connected @ https://phbidlautdemo.prahu-hub.com/lelang/buatlelang:14299
[ 4703820ms] [LOG] Connected @ https://phbidlautdemo.prahu-hub.com/lelang/buatlelang:14299
[ 4714787ms] [LOG] Connected @ https://phbidlautdemo.prahu-hub.com/lelang/buatlelang:14299
[ 4725176ms] [LOG] Connected @ https://phbidlautdemo.prahu-hub.com/lelang/buatlelang:14299
[ 4725497ms] [LOG] Connected @ https://phbidlautdemo.prahu-hub.com/lelang/buatlelang:14299
[ 4727600ms] [LOG] Connected @ https://phbidlautdemo.prahu-hub.com/lelang/buatlelang:14299
[ 4727994ms] [LOG] Connected @ https://phbidlautdemo.prahu-hub.com/lelang/buatlelang:14299
[ 4728747ms] [LOG] Connected @ https://phbidlautdemo.prahu-hub.com/lelang/buatlelang:14299
[ 4744838ms] [LOG] Connected @ https://phbidlautdemo.prahu-hub.com/lelang/buatlelang:14299
[ 4752843ms] [LOG] Connected @ https://phbidlautdemo.prahu-hub.com/lelang/buatlelang:14299
[ 4754779ms] [LOG] Connected @ https://phbidlautdemo.prahu-hub.com/lelang/buatlelang:14299
[ 4757153ms] [LOG] Connected @ https://phbidlautdemo.prahu-hub.com/lelang/buatlelang:14299
[ 4764147ms] [LOG] Connected @ https://phbidlautdemo.prahu-hub.com/lelang/buatlelang:14299
[ 4769770ms] [LOG] Connected @ https://phbidlautdemo.prahu-hub.com/lelang/buatlelang:14299
[ 4771518ms] [LOG] Connected @ https://phbidlautdemo.prahu-hub.com/lelang/buatlelang:14299
[ 4772176ms] [LOG] Connected @ https://phbidlautdemo.prahu-hub.com/lelang/buatlelang:14299
[ 4804535ms] [LOG] Connected @ https://phbidlautdemo.prahu-hub.com/lelang/buatlelang:14299
[ 4806426ms] [LOG] Connected @ https://phbidlautdemo.prahu-hub.com/lelang/buatlelang:14299
[ 4815251ms] [LOG] Connected @ https://phbidlautdemo.prahu-hub.com/lelang/buatlelang:14299
[ 4824383ms] [LOG] Connected @ https://phbidlautdemo.prahu-hub.com/lelang/buatlelang:14299
[ 4832263ms] [LOG] Connected @ https://phbidlautdemo.prahu-hub.com/lelang/buatlelang:14299
[ 4832874ms] [LOG] Connected @ https://phbidlautdemo.prahu-hub.com/lelang/buatlelang:14299
[ 4857820ms] [LOG] Connected @ https://phbidlautdemo.prahu-hub.com/lelang/buatlelang:14299
[ 4865865ms] [LOG] Connected @ https://phbidlautdemo.prahu-hub.com/lelang/buatlelang:14299
[ 4890077ms] [LOG] Connected @ https://phbidlautdemo.prahu-hub.com/lelang/buatlelang:14299
[ 4895754ms] [LOG] Connected @ https://phbidlautdemo.prahu-hub.com/lelang/buatlelang:14299
[ 4949977ms] [LOG] Connected @ https://phbidlautdemo.prahu-hub.com/lelang/buatlelang:14299
[ 4962730ms] [LOG] Connected @ https://phbidlautdemo.prahu-hub.com/lelang/buatlelang:14299
[ 5006051ms] [LOG] Connected @ https://phbidlautdemo.prahu-hub.com/lelang/buatlelang:14299
[ 5006611ms] [LOG] Connected @ https://phbidlautdemo.prahu-hub.com/lelang/buatlelang:14299
[ 5010968ms] [LOG] Connected @ https://phbidlautdemo.prahu-hub.com/lelang/buatlelang:14299
[ 5011091ms] [LOG] Connected @ https://phbidlautdemo.prahu-hub.com/lelang/buatlelang:14299
[ 5011602ms] [LOG] Connected @ https://phbidlautdemo.prahu-hub.com/lelang/buatlelang:14299
[ 5012756ms] [LOG] Connected @ https://phbidlautdemo.prahu-hub.com/lelang/buatlelang:14299
[ 5024890ms] [LOG] Connected @ https://phbidlautdemo.prahu-hub.com/lelang/buatlelang:14299
[ 5052722ms] [LOG] Connected @ https://phbidlautdemo.prahu-hub.com/lelang/buatlelang:14299
[ 5074036ms] [LOG] Connected @ https://phbidlautdemo.prahu-hub.com/lelang/buatlelang:14299
[ 5152213ms] [LOG] Connected @ https://phbidlautdemo.prahu-hub.com/lelang/buatlelang:14299
[ 5196805ms] [LOG] Connected @ https://phbidlautdemo.prahu-hub.com/lelang/buatlelang:14299
[ 5227622ms] [LOG] Connected @ https://phbidlautdemo.prahu-hub.com/lelang/buatlelang:14299
[ 5244938ms] [LOG] Connected @ https://phbidlautdemo.prahu-hub.com/lelang/buatlelang:14299
[ 5247895ms] [LOG] Connected @ https://phbidlautdemo.prahu-hub.com/lelang/buatlelang:14299
[ 5285321ms] [LOG] Connected @ https://phbidlautdemo.prahu-hub.com/lelang/buatlelang:14299
[ 5300166ms] [LOG] Connected @ https://phbidlautdemo.prahu-hub.com/lelang/buatlelang:14299
[ 5322129ms] [LOG] Connected @ https://phbidlautdemo.prahu-hub.com/lelang/buatlelang:14299
[ 5372038ms] [LOG] Connected @ https://phbidlautdemo.prahu-hub.com/lelang/buatlelang:14299
[ 5416729ms] [LOG] Connected @ https://phbidlautdemo.prahu-hub.com/lelang/buatlelang:14299
[ 5425924ms] [LOG] Connected @ https://phbidlautdemo.prahu-hub.com/lelang/buatlelang:14299
[ 5446729ms] [LOG] Connected @ https://phbidlautdemo.prahu-hub.com/lelang/buatlelang:14299
[ 5446846ms] [LOG] Connected @ https://phbidlautdemo.prahu-hub.com/lelang/buatlelang:14299
[ 5508941ms] [LOG] Connected @ https://phbidlautdemo.prahu-hub.com/lelang/buatlelang:14299
[ 5524750ms] [LOG] Connected @ https://phbidlautdemo.prahu-hub.com/lelang/buatlelang:14299
[ 5532814ms] [LOG] Connected @ https://phbidlautdemo.prahu-hub.com/lelang/buatlelang:14299
[ 5547189ms] [LOG] Connected @ https://phbidlautdemo.prahu-hub.com/lelang/buatlelang:14299
[ 5553684ms] [LOG] Connected @ https://phbidlautdemo.prahu-hub.com/lelang/buatlelang:14299
[ 5554082ms] [LOG] Connected @ https://phbidlautdemo.prahu-hub.com/lelang/buatlelang:14299
[ 5568352ms] [LOG] Connected @ https://phbidlautdemo.prahu-hub.com/lelang/buatlelang:14299
[ 5614442ms] [LOG] Connected @ https://phbidlautdemo.prahu-hub.com/lelang/buatlelang:14299
[ 5623894ms] [LOG] Connected @ https://phbidlautdemo.prahu-hub.com/lelang/buatlelang:14299
[ 5624922ms] [LOG] updateNotif.542-543-544-937-935-914-906-900-876-856-820-796-795-783-764-704-689-688-685-642-641-640-639-638-635-634-633-632-631-628-625-624-623-622-621-614-613-459-536-23 @ https://phbidlautdemo.prahu-hub.com/lelang/buatlelang:14299
[ 5624930ms] [LOG] notif_badge_show.542-543-544-937-935-914-906-900-876-856-820-796-795-783-764-704-689-688-685-642-641-640-639-638-635-634-633-632-631-628-625-624-623-622-621-614-613-459-536-23 @ https://phbidlautdemo.prahu-hub.com/lelang/buatlelang:14299
[ 5626732ms] [LOG] Connected @ https://phbidlautdemo.prahu-hub.com/lelang/buatlelang:14299
[ 5629184ms] [LOG] Connected @ https://phbidlautdemo.prahu-hub.com/lelang/buatlelang:14299
[ 5707091ms] [LOG] Connected @ https://phbidlautdemo.prahu-hub.com/lelang/buatlelang:14299
[ 5751801ms] [LOG] Connected @ https://phbidlautdemo.prahu-hub.com/lelang/buatlelang:14299
[ 5803306ms] [LOG] Connected @ https://phbidlautdemo.prahu-hub.com/lelang/buatlelang:14299
[ 5805223ms] [LOG] Connected @ https://phbidlautdemo.prahu-hub.com/lelang/buatlelang:14299
[ 5812072ms] [LOG] Connected @ https://phbidlautdemo.prahu-hub.com/lelang/buatlelang:14299
[ 5813085ms] [LOG] Connected @ https://phbidlautdemo.prahu-hub.com/lelang/buatlelang:14299
[ 5816918ms] [LOG] Connected @ https://phbidlautdemo.prahu-hub.com/lelang/buatlelang:14299
[ 5825491ms] [LOG] Connected @ https://phbidlautdemo.prahu-hub.com/lelang/buatlelang:14299
[ 5841319ms] [LOG] Connected @ https://phbidlautdemo.prahu-hub.com/lelang/buatlelang:14299
[ 5843599ms] [LOG] Connected @ https://phbidlautdemo.prahu-hub.com/lelang/buatlelang:14299
[ 5846599ms] [LOG] Connected @ https://phbidlautdemo.prahu-hub.com/lelang/buatlelang:14299
[ 5849223ms] [LOG] Connected @ https://phbidlautdemo.prahu-hub.com/lelang/buatlelang:14299
[ 5855952ms] [LOG] Connected @ https://phbidlautdemo.prahu-hub.com/lelang/buatlelang:14299
[ 5860016ms] [LOG] Connected @ https://phbidlautdemo.prahu-hub.com/lelang/buatlelang:14299
[ 5862062ms] [LOG] Connected @ https://phbidlautdemo.prahu-hub.com/lelang/buatlelang:14299
[ 5878636ms] [LOG] updateNotif.913-937-935-914-906-900-876-856-820-796-795-783-764-704-689-688-685-642-641-640-639-638-635-634-633-632-631-629-628-627-626-625-624-623-622-621-614-459-123-23 @ https://phbidlautdemo.prahu-hub.com/lelang/buatlelang:14299
[ 5878662ms] [LOG] notif_badge_hide.913-937-935-914-906-900-876-856-820-796-795-783-764-704-689-688-685-642-641-640-639-638-635-634-633-632-631-629-628-627-626-625-624-623-622-621-614-459-123-23 @ https://phbidlautdemo.prahu-hub.com/lelang/buatlelang:14299
[ 5878669ms] [LOG] update_dashboard_order_laut @ https://phbidlautdemo.prahu-hub.com/lelang/buatlelang:14299
[ 5881152ms] [LOG] Connected @ https://phbidlautdemo.prahu-hub.com/lelang/buatlelang:14299
[ 5886203ms] [LOG] Connected @ https://phbidlautdemo.prahu-hub.com/lelang/buatlelang:14299
[ 5886491ms] [LOG] Connected @ https://phbidlautdemo.prahu-hub.com/lelang/buatlelang:14299
[ 5886868ms] [LOG] Connected @ https://phbidlautdemo.prahu-hub.com/lelang/buatlelang:14299
[ 5889938ms] [LOG] Connected @ https://phbidlautdemo.prahu-hub.com/lelang/buatlelang:14299
[ 5892917ms] [LOG] Connected @ https://phbidlautdemo.prahu-hub.com/lelang/buatlelang:14299
[ 5895242ms] [LOG] Connected @ https://phbidlautdemo.prahu-hub.com/lelang/buatlelang:14299
[ 5895257ms] [LOG] Connected @ https://phbidlautdemo.prahu-hub.com/lelang/buatlelang:14299
[ 5908427ms] [LOG] Connected @ https://phbidlautdemo.prahu-hub.com/lelang/buatlelang:14299
[ 5966271ms] [LOG] Connected @ https://phbidlautdemo.prahu-hub.com/lelang/buatlelang:14299
[ 6006177ms] [LOG] Connected @ https://phbidlautdemo.prahu-hub.com/lelang/buatlelang:14299
[ 6018621ms] [LOG] Connected @ https://phbidlautdemo.prahu-hub.com/lelang/buatlelang:14299
[ 6028930ms] [LOG] Connected @ https://phbidlautdemo.prahu-hub.com/lelang/buatlelang:14299
[ 6038862ms] [LOG] Connected @ https://phbidlautdemo.prahu-hub.com/lelang/buatlelang:14299
[ 6044478ms] [LOG] Connected @ https://phbidlautdemo.prahu-hub.com/lelang/buatlelang:14299
[ 6066860ms] [LOG] Connected @ https://phbidlautdemo.prahu-hub.com/lelang/buatlelang:14299
[ 6078128ms] [LOG] Connected @ https://phbidlautdemo.prahu-hub.com/lelang/buatlelang:14299
[ 6085092ms] [LOG] Connected @ https://phbidlautdemo.prahu-hub.com/lelang/buatlelang:14299
[ 6085599ms] [LOG] Connected @ https://phbidlautdemo.prahu-hub.com/lelang/buatlelang:14299
[ 6092621ms] [LOG] Connected @ https://phbidlautdemo.prahu-hub.com/lelang/buatlelang:14299
[ 6102702ms] [LOG] Connected @ https://phbidlautdemo.prahu-hub.com/lelang/buatlelang:14299
[ 6106957ms] [LOG] Connected @ https://phbidlautdemo.prahu-hub.com/lelang/buatlelang:14299
[ 6130106ms] [LOG] Connected @ https://phbidlautdemo.prahu-hub.com/lelang/buatlelang:14299
[ 6134675ms] [LOG] Connected @ https://phbidlautdemo.prahu-hub.com/lelang/buatlelang:14299
[ 6135509ms] [LOG] Connected @ https://phbidlautdemo.prahu-hub.com/lelang/buatlelang:14299
[ 6142540ms] [LOG] Connected @ https://phbidlautdemo.prahu-hub.com/lelang/buatlelang:14299
[ 6142652ms] [LOG] Connected @ https://phbidlautdemo.prahu-hub.com/lelang/buatlelang:14299
[ 6147075ms] [LOG] Connected @ https://phbidlautdemo.prahu-hub.com/lelang/buatlelang:14299
[ 6147118ms] [LOG] Connected @ https://phbidlautdemo.prahu-hub.com/lelang/buatlelang:14299
[ 6155691ms] [LOG] Connected @ https://phbidlautdemo.prahu-hub.com/lelang/buatlelang:14299
[ 6159704ms] [LOG] notif_badge_hide.1 @ https://phbidlautdemo.prahu-hub.com/lelang/buatlelang:14299
[ 6162241ms] [LOG] Connected @ https://phbidlautdemo.prahu-hub.com/lelang/buatlelang:14299
[ 6183466ms] [LOG] Connected @ https://phbidlautdemo.prahu-hub.com/lelang/buatlelang:14299
[ 6187056ms] [LOG] Connected @ https://phbidlautdemo.prahu-hub.com/lelang/buatlelang:14299
[ 6188277ms] [LOG] Connected @ https://phbidlautdemo.prahu-hub.com/lelang/buatlelang:14299
[ 6199480ms] [LOG] Connected @ https://phbidlautdemo.prahu-hub.com/lelang/buatlelang:14299
[ 6209965ms] [LOG] Connected @ https://phbidlautdemo.prahu-hub.com/lelang/buatlelang:14299
[ 6211625ms] [LOG] Connected @ https://phbidlautdemo.prahu-hub.com/lelang/buatlelang:14299
[ 6212232ms] [LOG] Connected @ https://phbidlautdemo.prahu-hub.com/lelang/buatlelang:14299
[ 6214944ms] [LOG] Connected @ https://phbidlautdemo.prahu-hub.com/lelang/buatlelang:14299
[ 6219532ms] [LOG] Connected @ https://phbidlautdemo.prahu-hub.com/lelang/buatlelang:14299
[ 6220216ms] [LOG] Connected @ https://phbidlautdemo.prahu-hub.com/lelang/buatlelang:14299
[ 6222423ms] [LOG] Connected @ https://phbidlautdemo.prahu-hub.com/lelang/buatlelang:14299
[ 6227031ms] [LOG] Connected @ https://phbidlautdemo.prahu-hub.com/lelang/buatlelang:14299
[ 6231469ms] [LOG] Connected @ https://phbidlautdemo.prahu-hub.com/lelang/buatlelang:14299
[ 6243277ms] [LOG] Connected @ https://phbidlautdemo.prahu-hub.com/lelang/buatlelang:14299
[ 6252999ms] [LOG] Connected @ https://phbidlautdemo.prahu-hub.com/lelang/buatlelang:14299
[ 6253039ms] [LOG] Connected @ https://phbidlautdemo.prahu-hub.com/lelang/buatlelang:14299
[ 6265855ms] [LOG] Connected @ https://phbidlautdemo.prahu-hub.com/lelang/buatlelang:14299
[ 6279833ms] [LOG] Connected @ https://phbidlautdemo.prahu-hub.com/lelang/buatlelang:14299
[ 6286491ms] [LOG] Connected @ https://phbidlautdemo.prahu-hub.com/lelang/buatlelang:14299
[ 6311660ms] [LOG] Connected @ https://phbidlautdemo.prahu-hub.com/lelang/buatlelang:14299
[ 6314149ms] [LOG] Connected @ https://phbidlautdemo.prahu-hub.com/lelang/buatlelang:14299
[ 6322082ms] [LOG] Connected @ https://phbidlautdemo.prahu-hub.com/lelang/buatlelang:14299
[ 6356688ms] [LOG] Connected @ https://phbidlautdemo.prahu-hub.com/lelang/buatlelang:14299
[ 6369823ms] [LOG] Connected @ https://phbidlautdemo.prahu-hub.com/lelang/buatlelang:14299
[ 6384762ms] [LOG] Connected @ https://phbidlautdemo.prahu-hub.com/lelang/buatlelang:14299
[ 6384889ms] [LOG] Connected @ https://phbidlautdemo.prahu-hub.com/lelang/buatlelang:14299
[ 6385750ms] [LOG] Connected @ https://phbidlautdemo.prahu-hub.com/lelang/buatlelang:14299
[ 6396573ms] [LOG] Connected @ https://phbidlautdemo.prahu-hub.com/lelang/buatlelang:14299
[ 6399608ms] [LOG] Connected @ https://phbidlautdemo.prahu-hub.com/lelang/buatlelang:14299
[ 6405920ms] [LOG] Connected @ https://phbidlautdemo.prahu-hub.com/lelang/buatlelang:14299
[ 6409184ms] [LOG] Connected @ https://phbidlautdemo.prahu-hub.com/lelang/buatlelang:14299
[ 6410153ms] [LOG] Connected @ https://phbidlautdemo.prahu-hub.com/lelang/buatlelang:14299
[ 6415644ms] [LOG] Connected @ https://phbidlautdemo.prahu-hub.com/lelang/buatlelang:14299
[ 6417092ms] [LOG] Connected @ https://phbidlautdemo.prahu-hub.com/lelang/buatlelang:14299
[ 6418950ms] [LOG] Connected @ https://phbidlautdemo.prahu-hub.com/lelang/buatlelang:14299
[ 6436393ms] [LOG] notif_badge_hide.901-858-787-937-935-914-906-900-876-856-820-796-795-783-764-704-689-688-685-642-641-640-639-638-635-634-633-632-631-629-628-627-626-625-624-623-622-621-614-459-325-23 @ https://phbidlautdemo.prahu-hub.com/lelang/buatlelang:14299
[ 6436435ms] [LOG] update_dashboard_order_laut @ https://phbidlautdemo.prahu-hub.com/lelang/buatlelang:14299
[ 6436581ms] [LOG] updateNotif.901-858-787-937-935-914-906-900-876-856-820-796-795-783-764-704-689-688-685-642-641-640-639-638-635-634-633-632-631-629-628-627-626-625-624-623-622-621-614-459-325-23 @ https://phbidlautdemo.prahu-hub.com/lelang/buatlelang:14299
[ 6438941ms] [LOG] Connected @ https://phbidlautdemo.prahu-hub.com/lelang/buatlelang:14299
[ 6440145ms] [LOG] Connected @ https://phbidlautdemo.prahu-hub.com/lelang/buatlelang:14299
[ 6445878ms] [LOG] Connected @ https://phbidlautdemo.prahu-hub.com/lelang/buatlelang:14299
[ 6453344ms] [LOG] Connected @ https://phbidlautdemo.prahu-hub.com/lelang/buatlelang:14299
[ 6457152ms] [LOG] updateNotif.542-543-544-937-935-914-906-900-876-856-820-796-795-783-764-704-689-688-685-642-641-640-639-638-635-634-633-632-631-628-625-624-623-622-621-614-459-536-23 @ https://phbidlautdemo.prahu-hub.com/lelang/buatlelang:14299
[ 6457171ms] [LOG] notif_badge_show.542-543-544-937-935-914-906-900-876-856-820-796-795-783-764-704-689-688-685-642-641-640-639-638-635-634-633-632-631-628-625-624-623-622-621-614-459-536-23 @ https://phbidlautdemo.prahu-hub.com/lelang/buatlelang:14299
[ 6459381ms] [LOG] Connected @ https://phbidlautdemo.prahu-hub.com/lelang/buatlelang:14299
[ 6472739ms] [LOG] Connected @ https://phbidlautdemo.prahu-hub.com/lelang/buatlelang:14299
[ 6482188ms] [LOG] updateNotif.901-858-787-937-935-914-906-900-876-856-820-796-795-783-764-704-689-688-685-642-641-640-639-638-635-634-633-632-631-629-628-627-626-625-624-623-622-621-614-459-325-23 @ https://phbidlautdemo.prahu-hub.com/lelang/buatlelang:14299
[ 6482281ms] [LOG] update_dashboard_order_laut @ https://phbidlautdemo.prahu-hub.com/lelang/buatlelang:14299
[ 6483123ms] [LOG] notif_badge_hide.901-858-787-937-935-914-906-900-876-856-820-796-795-783-764-704-689-688-685-642-641-640-639-638-635-634-633-632-631-629-628-627-626-625-624-623-622-621-614-459-325-23 @ https://phbidlautdemo.prahu-hub.com/lelang/buatlelang:14299
[ 6488684ms] [LOG] Connected @ https://phbidlautdemo.prahu-hub.com/lelang/buatlelang:14299
[ 6489132ms] [LOG] Connected @ https://phbidlautdemo.prahu-hub.com/lelang/buatlelang:14299
[ 6489936ms] [LOG] Connected @ https://phbidlautdemo.prahu-hub.com/lelang/buatlelang:14299
[ 6494322ms] [LOG] Connected @ https://phbidlautdemo.prahu-hub.com/lelang/buatlelang:14299
[ 6521831ms] [LOG] Connected @ https://phbidlautdemo.prahu-hub.com/lelang/buatlelang:14299
[ 6524723ms] [LOG] Connected @ https://phbidlautdemo.prahu-hub.com/lelang/buatlelang:14299
[ 6544056ms] [LOG] updateNotif.913-937-935-914-906-900-876-856-820-796-795-783-764-704-689-688-685-642-641-640-639-638-635-634-633-632-631-629-628-627-626-625-624-623-622-621-614-459-123-23 @ https://phbidlautdemo.prahu-hub.com/lelang/buatlelang:14299
[ 6544057ms] [LOG] notif_badge_hide.913-937-935-914-906-900-876-856-820-796-795-783-764-704-689-688-685-642-641-640-639-638-635-634-633-632-631-629-628-627-626-625-624-623-622-621-614-459-123-23 @ https://phbidlautdemo.prahu-hub.com/lelang/buatlelang:14299
[ 6544149ms] [LOG] update_dashboard_order_laut @ https://phbidlautdemo.prahu-hub.com/lelang/buatlelang:14299
[ 6547386ms] [LOG] Connected @ https://phbidlautdemo.prahu-hub.com/lelang/buatlelang:14299
[ 6550890ms] [LOG] Connected @ https://phbidlautdemo.prahu-hub.com/lelang/buatlelang:14299
[ 6554218ms] [LOG] Connected @ https://phbidlautdemo.prahu-hub.com/lelang/buatlelang:14299
[ 6566220ms] [LOG] updateNotifDarat.485-471-460-459-454-451-447-417-385-262-194-192-49-42-18-8-352-1 @ https://phbidlautdemo.prahu-hub.com/lelang/buatlelang:14299
[ 6566239ms] [LOG] notif_badge_show.485-471-460-459-454-451-447-417-385-262-194-192-49-42-18-8-352-1 @ https://phbidlautdemo.prahu-hub.com/lelang/buatlelang:14299
[ 6566322ms] [LOG] Connected @ https://phbidlautdemo.prahu-hub.com/lelang/buatlelang:14299
[ 6569650ms] [LOG] Connected @ https://phbidlautdemo.prahu-hub.com/lelang/buatlelang:14299
[ 6569708ms] [LOG] Connected @ https://phbidlautdemo.prahu-hub.com/lelang/buatlelang:14299
[ 6573967ms] [LOG] Connected @ https://phbidlautdemo.prahu-hub.com/lelang/buatlelang:14299
[ 6576586ms] [LOG] Connected @ https://phbidlautdemo.prahu-hub.com/lelang/buatlelang:14299
[ 6579365ms] [LOG] notif_badge_show.485-471-460-459-454-451-447-417-385-262-194-192-49-42-18-8-352-1 @ https://phbidlautdemo.prahu-hub.com/lelang/buatlelang:14299
[ 6579366ms] [LOG] updateNotifDarat.485-471-460-459-454-451-447-417-385-262-194-192-49-42-18-8-352-1 @ https://phbidlautdemo.prahu-hub.com/lelang/buatlelang:14299
[ 6580444ms] [LOG] notif_badge_hide.1 @ https://phbidlautdemo.prahu-hub.com/lelang/buatlelang:14299
[ 6580923ms] [LOG] Connected @ https://phbidlautdemo.prahu-hub.com/lelang/buatlelang:14299
[ 6589413ms] [LOG] notif_badge_show.485-471-460-459-454-451-447-417-385-262-194-192-49-42-18-8-352-1 @ https://phbidlautdemo.prahu-hub.com/lelang/buatlelang:14299
[ 6589418ms] [LOG] updateNotifDarat.485-471-460-459-454-451-447-417-385-262-194-192-49-42-18-8-352-1 @ https://phbidlautdemo.prahu-hub.com/lelang/buatlelang:14299
[ 6590941ms] [LOG] Connected @ https://phbidlautdemo.prahu-hub.com/lelang/buatlelang:14299
[ 6596331ms] [LOG] updateNotif.913-937-935-914-906-900-876-856-820-796-795-783-764-704-689-688-685-642-641-640-639-638-635-634-633-632-631-629-628-627-626-625-624-623-622-621-614-459-123-23 @ https://phbidlautdemo.prahu-hub.com/lelang/buatlelang:14299
[ 6596358ms] [LOG] update_dashboard_order_laut @ https://phbidlautdemo.prahu-hub.com/lelang/buatlelang:14299
[ 6596394ms] [LOG] notif_badge_hide.913-937-935-914-906-900-876-856-820-796-795-783-764-704-689-688-685-642-641-640-639-638-635-634-633-632-631-629-628-627-626-625-624-623-622-621-614-459-123-23 @ https://phbidlautdemo.prahu-hub.com/lelang/buatlelang:14299
[ 6598645ms] [LOG] Connected @ https://phbidlautdemo.prahu-hub.com/lelang/buatlelang:14299
[ 6598718ms] [LOG] Connected @ https://phbidlautdemo.prahu-hub.com/lelang/buatlelang:14299
[ 6603721ms] [LOG] Connected @ https://phbidlautdemo.prahu-hub.com/lelang/buatlelang:14299
[ 6604155ms] [LOG] updateNotifDarat.485-471-460-459-454-451-447-417-385-262-194-192-49-42-18-8-352-1 @ https://phbidlautdemo.prahu-hub.com/lelang/buatlelang:14299
[ 6605040ms] [LOG] notif_badge_show.485-471-460-459-454-451-447-417-385-262-194-192-49-42-18-8-352-1 @ https://phbidlautdemo.prahu-hub.com/lelang/buatlelang:14299
[ 6606554ms] [LOG] Connected @ https://phbidlautdemo.prahu-hub.com/lelang/buatlelang:14299
[ 6625167ms] [LOG] Connected @ https://phbidlautdemo.prahu-hub.com/lelang/buatlelang:14299
[ 6652845ms] [LOG] Connected @ https://phbidlautdemo.prahu-hub.com/lelang/buatlelang:14299
[ 6655497ms] [LOG] Connected @ https://phbidlautdemo.prahu-hub.com/lelang/buatlelang:14299
[ 6657301ms] [LOG] notif_badge_show.913-937-935-914-906-900-876-856-820-796-795-783-764-704-689-688-685-642-641-640-639-638-635-634-633-632-631-629-628-627-626-625-624-623-622-621-614-613-459-123-23 @ https://phbidlautdemo.prahu-hub.com/lelang/buatlelang:14299
[ 6658143ms] [LOG] update_dashboard_order_laut @ https://phbidlautdemo.prahu-hub.com/lelang/buatlelang:14299
[ 6658852ms] [LOG] updateNotif.913-937-935-914-906-900-876-856-820-796-795-783-764-704-689-688-685-642-641-640-639-638-635-634-633-632-631-629-628-627-626-625-624-623-622-621-614-613-459-123-23 @ https://phbidlautdemo.prahu-hub.com/lelang/buatlelang:14299
[ 6661136ms] [LOG] Connected @ https://phbidlautdemo.prahu-hub.com/lelang/buatlelang:14299
[ 6661266ms] [LOG] Connected @ https://phbidlautdemo.prahu-hub.com/lelang/buatlelang:14299
[ 6664068ms] [LOG] Connected @ https://phbidlautdemo.prahu-hub.com/lelang/buatlelang:14299
[ 6664140ms] [LOG] Connected @ https://phbidlautdemo.prahu-hub.com/lelang/buatlelang:14299
[ 6688543ms] [LOG] Connected @ https://phbidlautdemo.prahu-hub.com/lelang/buatlelang:14299
[ 6690396ms] [LOG] Connected @ https://phbidlautdemo.prahu-hub.com/lelang/buatlelang:14299
[ 6695015ms] [LOG] Connected @ https://phbidlautdemo.prahu-hub.com/lelang/buatlelang:14299
[ 6695152ms] [LOG] Connected @ https://phbidlautdemo.prahu-hub.com/lelang/buatlelang:14299
[ 6715132ms] [LOG] Connected @ https://phbidlautdemo.prahu-hub.com/lelang/buatlelang:14299
[ 6724024ms] [LOG] Connected @ https://phbidlautdemo.prahu-hub.com/lelang/buatlelang:14299
[ 6767627ms] [LOG] Connected @ https://phbidlautdemo.prahu-hub.com/lelang/buatlelang:14299
[ 6771213ms] [LOG] Connected @ https://phbidlautdemo.prahu-hub.com/lelang/buatlelang:14299
[ 6781861ms] [LOG] Connected @ https://phbidlautdemo.prahu-hub.com/lelang/buatlelang:14299
[ 6791083ms] [LOG] Connected @ https://phbidlautdemo.prahu-hub.com/lelang/buatlelang:14299
[ 6826603ms] [LOG] Connected @ https://phbidlautdemo.prahu-hub.com/lelang/buatlelang:14299
[ 6852885ms] [LOG] Connected @ https://phbidlautdemo.prahu-hub.com/lelang/buatlelang:14299
[ 6866854ms] [LOG] Connected @ https://phbidlautdemo.prahu-hub.com/lelang/buatlelang:14299
[ 6875704ms] [LOG] Connected @ https://phbidlautdemo.prahu-hub.com/lelang/buatlelang:14299
[ 6893300ms] [LOG] Connected @ https://phbidlautdemo.prahu-hub.com/lelang/buatlelang:14299
[ 6897273ms] [LOG] Connected @ https://phbidlautdemo.prahu-hub.com/lelang/buatlelang:14299
[ 6898539ms] [LOG] Connected @ https://phbidlautdemo.prahu-hub.com/lelang/buatlelang:14299
[ 6913674ms] [LOG] Connected @ https://phbidlautdemo.prahu-hub.com/lelang/buatlelang:14299
[ 6914673ms] [LOG] Connected @ https://phbidlautdemo.prahu-hub.com/lelang/buatlelang:14299
[ 6920111ms] [LOG] Connected @ https://phbidlautdemo.prahu-hub.com/lelang/buatlelang:14299
[ 6920187ms] [LOG] Connected @ https://phbidlautdemo.prahu-hub.com/lelang/buatlelang:14299
[ 6920776ms] [LOG] Connected @ https://phbidlautdemo.prahu-hub.com/lelang/buatlelang:14299
[ 6930061ms] [LOG] Connected @ https://phbidlautdemo.prahu-hub.com/lelang/buatlelang:14299
[ 6933113ms] [LOG] Connected @ https://phbidlautdemo.prahu-hub.com/lelang/buatlelang:14299
[ 6934221ms] [LOG] Connected @ https://phbidlautdemo.prahu-hub.com/lelang/buatlelang:14299
[ 6941092ms] [LOG] updateNotif.913-937-935-914-906-900-876-856-820-796-795-783-764-704-689-688-685-642-641-640-639-638-635-634-633-632-631-629-628-627-626-625-624-623-622-621-614-613-459-123-23 @ https://phbidlautdemo.prahu-hub.com/lelang/buatlelang:14299
[ 6941132ms] [LOG] notif_badge_show.913-937-935-914-906-900-876-856-820-796-795-783-764-704-689-688-685-642-641-640-639-638-635-634-633-632-631-629-628-627-626-625-624-623-622-621-614-613-459-123-23 @ https://phbidlautdemo.prahu-hub.com/lelang/buatlelang:14299
[ 6941136ms] [LOG] update_dashboard_order_laut @ https://phbidlautdemo.prahu-hub.com/lelang/buatlelang:14299
[ 6942907ms] [LOG] Connected @ https://phbidlautdemo.prahu-hub.com/lelang/buatlelang:14299
[ 6943940ms] [LOG] Connected @ https://phbidlautdemo.prahu-hub.com/lelang/buatlelang:14299
[ 6944170ms] [LOG] Connected @ https://phbidlautdemo.prahu-hub.com/lelang/buatlelang:14299
[ 6954371ms] [LOG] Connected @ https://phbidlautdemo.prahu-hub.com/lelang/buatlelang:14299
[ 6954812ms] [LOG] Connected @ https://phbidlautdemo.prahu-hub.com/lelang/buatlelang:14299
[ 6958072ms] [LOG] Connected @ https://phbidlautdemo.prahu-hub.com/lelang/buatlelang:14299
[ 6960017ms] [LOG] Connected @ https://phbidlautdemo.prahu-hub.com/lelang/buatlelang:14299
[ 6973034ms] [LOG] Connected @ https://phbidlautdemo.prahu-hub.com/lelang/buatlelang:14299
[ 6975745ms] [LOG] Connected @ https://phbidlautdemo.prahu-hub.com/lelang/buatlelang:14299
[ 6978799ms] [LOG] Connected @ https://phbidlautdemo.prahu-hub.com/lelang/buatlelang:14299
[ 6980225ms] [LOG] Connected @ https://phbidlautdemo.prahu-hub.com/lelang/buatlelang:14299
[ 6982232ms] [LOG] Connected @ https://phbidlautdemo.prahu-hub.com/lelang/buatlelang:14299
[ 6982632ms] [LOG] updateNotifDarat.416-1 @ https://phbidlautdemo.prahu-hub.com/lelang/buatlelang:14299
[ 6982637ms] [LOG] notif_badge_show.373-1 @ https://phbidlautdemo.prahu-hub.com/lelang/buatlelang:14299
[ 6982653ms] [LOG] notif_badge_show.416-1 @ https://phbidlautdemo.prahu-hub.com/lelang/buatlelang:14299
[ 6982670ms] [LOG] updateNotifDarat.373-1 @ https://phbidlautdemo.prahu-hub.com/lelang/buatlelang:14299
[ 6986377ms] [LOG] updateNotifDarat.373-1 @ https://phbidlautdemo.prahu-hub.com/lelang/buatlelang:14299
[ 6986383ms] [LOG] notif_badge_show.373-1 @ https://phbidlautdemo.prahu-hub.com/lelang/buatlelang:14299
[ 6986384ms] [LOG] updateNotifDarat.416-1 @ https://phbidlautdemo.prahu-hub.com/lelang/buatlelang:14299
[ 6986394ms] [LOG] notif_badge_show.416-1 @ https://phbidlautdemo.prahu-hub.com/lelang/buatlelang:14299
[ 6987771ms] [LOG] Connected @ https://phbidlautdemo.prahu-hub.com/lelang/buatlelang:14299
[ 6989572ms] [LOG] Connected @ https://phbidlautdemo.prahu-hub.com/lelang/buatlelang:14299
[ 6990382ms] [LOG] Connected @ https://phbidlautdemo.prahu-hub.com/lelang/buatlelang:14299
[ 6991505ms] [LOG] Connected @ https://phbidlautdemo.prahu-hub.com/lelang/buatlelang:14299
[ 6994807ms] [LOG] Connected @ https://phbidlautdemo.prahu-hub.com/lelang/buatlelang:14299
[ 6996231ms] [LOG] Connected @ https://phbidlautdemo.prahu-hub.com/lelang/buatlelang:14299
[ 7002758ms] [LOG] Connected @ https://phbidlautdemo.prahu-hub.com/lelang/buatlelang:14299
[ 7007908ms] [LOG] Connected @ https://phbidlautdemo.prahu-hub.com/lelang/buatlelang:14299
[ 7019462ms] [LOG] updateNotifDarat.1 @ https://phbidlautdemo.prahu-hub.com/lelang/buatlelang:14299
[ 7019468ms] [LOG] notif_badge_show.373-1 @ https://phbidlautdemo.prahu-hub.com/lelang/buatlelang:14299
[ 7019492ms] [LOG] updateNotifDarat.373-1 @ https://phbidlautdemo.prahu-hub.com/lelang/buatlelang:14299
[ 7020848ms] [LOG] notif_badge_show.1 @ https://phbidlautdemo.prahu-hub.com/lelang/buatlelang:14299
[ 7025046ms] [LOG] Connected @ https://phbidlautdemo.prahu-hub.com/lelang/buatlelang:14299
[ 7035505ms] [LOG] notif_badge_show.373-1 @ https://phbidlautdemo.prahu-hub.com/lelang/buatlelang:14299
[ 7035513ms] [LOG] updateNotifDarat.373-1 @ https://phbidlautdemo.prahu-hub.com/lelang/buatlelang:14299
[ 7035535ms] [LOG] updateNotifDarat.1 @ https://phbidlautdemo.prahu-hub.com/lelang/buatlelang:14299
[ 7035541ms] [LOG] notif_badge_show.1 @ https://phbidlautdemo.prahu-hub.com/lelang/buatlelang:14299
[ 7037780ms] [LOG] Connected @ https://phbidlautdemo.prahu-hub.com/lelang/buatlelang:14299
[ 7041467ms] [LOG] Connected @ https://phbidlautdemo.prahu-hub.com/lelang/buatlelang:14299
[ 7055325ms] [LOG] Connected @ https://phbidlautdemo.prahu-hub.com/lelang/buatlelang:14299
[ 7057092ms] [LOG] Connected @ https://phbidlautdemo.prahu-hub.com/lelang/buatlelang:14299
[ 7057286ms] [LOG] Connected @ https://phbidlautdemo.prahu-hub.com/lelang/buatlelang:14299
[ 7059396ms] [LOG] Connected @ https://phbidlautdemo.prahu-hub.com/lelang/buatlelang:14299
[ 7061578ms] [LOG] Connected @ https://phbidlautdemo.prahu-hub.com/lelang/buatlelang:14299
[ 7070333ms] [LOG] Connected @ https://phbidlautdemo.prahu-hub.com/lelang/buatlelang:14299
[ 7070837ms] [LOG] updateNotifDarat.485-471-460-459-454-451-447-417-385-262-194-192-49-42-18-8-373-1 @ https://phbidlautdemo.prahu-hub.com/lelang/buatlelang:14299
[ 7070842ms] [LOG] notif_badge_hide.485-471-460-459-454-451-447-417-385-262-194-192-49-42-18-8-373-1 @ https://phbidlautdemo.prahu-hub.com/lelang/buatlelang:14299
[ 7078459ms] [LOG] Connected @ https://phbidlautdemo.prahu-hub.com/lelang/buatlelang:14299
[ 7079137ms] [LOG] Connected @ https://phbidlautdemo.prahu-hub.com/lelang/buatlelang:14299
[ 7079917ms] [LOG] Connected @ https://phbidlautdemo.prahu-hub.com/lelang/buatlelang:14299
[ 7088510ms] [LOG] Connected @ https://phbidlautdemo.prahu-hub.com/lelang/buatlelang:14299
[ 7091895ms] [LOG] Connected @ https://phbidlautdemo.prahu-hub.com/lelang/buatlelang:14299
[ 7097020ms] [LOG] Connected @ https://phbidlautdemo.prahu-hub.com/lelang/buatlelang:14299
[ 7103489ms] [LOG] Connected @ https://phbidlautdemo.prahu-hub.com/lelang/buatlelang:14299
[ 7107597ms] [LOG] Connected @ https://phbidlautdemo.prahu-hub.com/lelang/buatlelang:14299
[ 7113188ms] [LOG] Connected @ https://phbidlautdemo.prahu-hub.com/lelang/buatlelang:14299
[ 7125098ms] [LOG] Connected @ https://phbidlautdemo.prahu-hub.com/lelang/buatlelang:14299
[ 7135310ms] [LOG] Connected @ https://phbidlautdemo.prahu-hub.com/lelang/buatlelang:14299
[ 7162193ms] [LOG] Connected @ https://phbidlautdemo.prahu-hub.com/lelang/buatlelang:14299
[ 7175863ms] [LOG] Connected @ https://phbidlautdemo.prahu-hub.com/lelang/buatlelang:14299
[ 7176393ms] [LOG] Connected @ https://phbidlautdemo.prahu-hub.com/lelang/buatlelang:14299
[ 7181329ms] [LOG] Connected @ https://phbidlautdemo.prahu-hub.com/lelang/buatlelang:14299
[ 7183005ms] [LOG] Connected @ https://phbidlautdemo.prahu-hub.com/lelang/buatlelang:14299
[ 7186483ms] [LOG] Connected @ https://phbidlautdemo.prahu-hub.com/lelang/buatlelang:14299
[ 7191872ms] [LOG] Connected @ https://phbidlautdemo.prahu-hub.com/lelang/buatlelang:14299
[ 7196354ms] [LOG] Connected @ https://phbidlautdemo.prahu-hub.com/lelang/buatlelang:14299
[ 7206641ms] [LOG] Connected @ https://phbidlautdemo.prahu-hub.com/lelang/buatlelang:14299
[ 7206805ms] [LOG] Connected @ https://phbidlautdemo.prahu-hub.com/lelang/buatlelang:14299
[ 7209090ms] [LOG] updateNotif.23 @ https://phbidlautdemo.prahu-hub.com/lelang/buatlelang:14299
[ 7212894ms] [LOG] notif_badge_show.23 @ https://phbidlautdemo.prahu-hub.com/lelang/buatlelang:14299
[ 7212900ms] [LOG] updateNotif.23 @ https://phbidlautdemo.prahu-hub.com/lelang/buatlelang:14299
[ 7213415ms] [LOG] Connected @ https://phbidlautdemo.prahu-hub.com/lelang/buatlelang:14299
[ 7213736ms] [LOG] Connected @ https://phbidlautdemo.prahu-hub.com/lelang/buatlelang:14299
[ 7220853ms] [LOG] Connected @ https://phbidlautdemo.prahu-hub.com/lelang/buatlelang:14299
[ 7225020ms] [LOG] updateNotif.913-937-935-914-906-900-876-856-820-796-795-783-764-704-689-688-685-642-641-640-639-638-635-634-633-632-631-629-628-627-626-625-624-623-622-621-614-459-123-23 @ https://phbidlautdemo.prahu-hub.com/lelang/buatlelang:14299
[ 7225081ms] [LOG] update_dashboard_order_laut @ https://phbidlautdemo.prahu-hub.com/lelang/buatlelang:14299
[ 7226118ms] [LOG] notif_badge_show.913-937-935-914-906-900-876-856-820-796-795-783-764-704-689-688-685-642-641-640-639-638-635-634-633-632-631-629-628-627-626-625-624-623-622-621-614-459-123-23 @ https://phbidlautdemo.prahu-hub.com/lelang/buatlelang:14299
[ 7229463ms] [LOG] Connected @ https://phbidlautdemo.prahu-hub.com/lelang/buatlelang:14299
[ 7234815ms] [LOG] Connected @ https://phbidlautdemo.prahu-hub.com/lelang/buatlelang:14299
[ 7242697ms] [LOG] Connected @ https://phbidlautdemo.prahu-hub.com/lelang/buatlelang:14299
[ 7246568ms] [LOG] Connected @ https://phbidlautdemo.prahu-hub.com/lelang/buatlelang:14299
[ 7252617ms] [LOG] Connected @ https://phbidlautdemo.prahu-hub.com/lelang/buatlelang:14299
[ 7256241ms] [LOG] Connected @ https://phbidlautdemo.prahu-hub.com/lelang/buatlelang:14299
[ 7258248ms] [LOG] Connected @ https://phbidlautdemo.prahu-hub.com/lelang/buatlelang:14299
[ 7278714ms] [LOG] Connected @ https://phbidlautdemo.prahu-hub.com/lelang/buatlelang:14299
[ 7279050ms] [LOG] Connected @ https://phbidlautdemo.prahu-hub.com/lelang/buatlelang:14299
[ 7281335ms] [LOG] Connected @ https://phbidlautdemo.prahu-hub.com/lelang/buatlelang:14299
[ 7289276ms] [LOG] notif_badge_show.937-935-914-900-876-820-796-795-783-764-704-689-688-685-642-641-640-639-638-631-629-628-625-624-623-622-621-459-395-23 @ https://phbidlautdemo.prahu-hub.com/lelang/buatlelang:14299
[ 7289280ms] [LOG] updateNotif.937-935-914-900-876-820-796-795-783-764-704-689-688-685-642-641-640-639-638-631-629-628-625-624-623-622-621-459-395-23 @ https://phbidlautdemo.prahu-hub.com/lelang/buatlelang:14299
[ 7289340ms] [LOG] updateNotif.906-876-856-796-704-641-640-639-638-635-634-633-632-631-628-614-459-490-23 @ https://phbidlautdemo.prahu-hub.com/lelang/buatlelang:14299
[ 7289344ms] [LOG] notif_badge_show.906-876-856-796-704-641-640-639-638-635-634-633-632-631-628-614-459-490-23 @ https://phbidlautdemo.prahu-hub.com/lelang/buatlelang:14299
[ 7294521ms] [LOG] notif_badge_show.937-935-914-900-876-820-796-795-783-764-704-689-688-685-642-641-640-639-638-631-629-628-625-624-623-622-621-459-778-23 @ https://phbidlautdemo.prahu-hub.com/lelang/buatlelang:14299
[ 7294524ms] [LOG] updateNotif.937-935-914-900-876-820-796-795-783-764-704-689-688-685-642-641-640-639-638-631-629-628-625-624-623-622-621-459-778-23 @ https://phbidlautdemo.prahu-hub.com/lelang/buatlelang:14299
[ 7294591ms] [LOG] notif_badge_show.906-876-856-796-704-641-640-639-638-635-634-633-632-631-628-614-459-490-23 @ https://phbidlautdemo.prahu-hub.com/lelang/buatlelang:14299
[ 7294594ms] [LOG] updateNotif.906-876-856-796-704-641-640-639-638-635-634-633-632-631-628-614-459-490-23 @ https://phbidlautdemo.prahu-hub.com/lelang/buatlelang:14299
[ 7297769ms] [LOG] Connected @ https://phbidlautdemo.prahu-hub.com/lelang/buatlelang:14299
[ 7298011ms] [LOG] Connected @ https://phbidlautdemo.prahu-hub.com/lelang/buatlelang:14299
[ 7298116ms] [LOG] Connected @ https://phbidlautdemo.prahu-hub.com/lelang/buatlelang:14299
[ 7305574ms] [LOG] Connected @ https://phbidlautdemo.prahu-hub.com/lelang/buatlelang:14299
[ 7317251ms] [LOG] Connected @ https://phbidlautdemo.prahu-hub.com/lelang/buatlelang:14299
[ 7339731ms] [LOG] Connected @ https://phbidlautdemo.prahu-hub.com/lelang/buatlelang:14299
[ 7343949ms] [LOG] Connected @ https://phbidlautdemo.prahu-hub.com/lelang/buatlelang:14299
[ 7345950ms] [LOG] Connected @ https://phbidlautdemo.prahu-hub.com/lelang/buatlelang:14299
[ 7386613ms] [LOG] Connected @ https://phbidlautdemo.prahu-hub.com/lelang/buatlelang:14299
[ 7394717ms] [LOG] Connected @ https://phbidlautdemo.prahu-hub.com/lelang/buatlelang:14299
[ 7399110ms] [LOG] Connected @ https://phbidlautdemo.prahu-hub.com/lelang/buatlelang:14299
[ 7405486ms] [LOG] Connected @ https://phbidlautdemo.prahu-hub.com/lelang/buatlelang:14299
[ 7407761ms] [LOG] Connected @ https://phbidlautdemo.prahu-hub.com/lelang/buatlelang:14299
[ 7414296ms] [LOG] Connected @ https://phbidlautdemo.prahu-hub.com/lelang/buatlelang:14299
[ 7416636ms] [LOG] Connected @ https://phbidlautdemo.prahu-hub.com/lelang/buatlelang:14299
[ 7423357ms] [LOG] Connected @ https://phbidlautdemo.prahu-hub.com/lelang/buatlelang:14299
[ 7444336ms] [LOG] Connected @ https://phbidlautdemo.prahu-hub.com/lelang/buatlelang:14299
[ 7446909ms] [LOG] Connected @ https://phbidlautdemo.prahu-hub.com/lelang/buatlelang:14299
[ 7449307ms] [LOG] Connected @ https://phbidlautdemo.prahu-hub.com/lelang/buatlelang:14299
[ 7450709ms] [LOG] Connected @ https://phbidlautdemo.prahu-hub.com/lelang/buatlelang:14299
[ 7475617ms] [LOG] Connected @ https://phbidlautdemo.prahu-hub.com/lelang/buatlelang:14299
[ 7482618ms] [LOG] Connected @ https://phbidlautdemo.prahu-hub.com/lelang/buatlelang:14299
[ 7513282ms] [LOG] Connected @ https://phbidlautdemo.prahu-hub.com/lelang/buatlelang:14299
[ 7515604ms] [LOG] Connected @ https://phbidlautdemo.prahu-hub.com/lelang/buatlelang:14299
[ 7518607ms] [LOG] Connected @ https://phbidlautdemo.prahu-hub.com/lelang/buatlelang:14299
[ 7527046ms] [LOG] Connected @ https://phbidlautdemo.prahu-hub.com/lelang/buatlelang:14299
[ 7539233ms] [LOG] Connected @ https://phbidlautdemo.prahu-hub.com/lelang/buatlelang:14299
[ 7567821ms] [LOG] Connected @ https://phbidlautdemo.prahu-hub.com/lelang/buatlelang:14299
[ 7575480ms] [LOG] Connected @ https://phbidlautdemo.prahu-hub.com/lelang/buatlelang:14299
[ 7579796ms] [LOG] Connected @ https://phbidlautdemo.prahu-hub.com/lelang/buatlelang:14299
[ 7580748ms] [LOG] Connected @ https://phbidlautdemo.prahu-hub.com/lelang/buatlelang:14299
[ 7583080ms] [LOG] Connected @ https://phbidlautdemo.prahu-hub.com/lelang/buatlelang:14299
[ 7585979ms] [LOG] Connected @ https://phbidlautdemo.prahu-hub.com/lelang/buatlelang:14299
[ 7612693ms] [LOG] Connected @ https://phbidlautdemo.prahu-hub.com/lelang/buatlelang:14299
[ 7623133ms] [LOG] Connected @ https://phbidlautdemo.prahu-hub.com/lelang/buatlelang:14299
[ 7629237ms] [LOG] Connected @ https://phbidlautdemo.prahu-hub.com/lelang/buatlelang:14299
[ 7658809ms] [LOG] Connected @ https://phbidlautdemo.prahu-hub.com/lelang/buatlelang:14299
[ 7694313ms] [LOG] Connected @ https://phbidlautdemo.prahu-hub.com/lelang/buatlelang:14299
[ 7704735ms] [LOG] Connected @ https://phbidlautdemo.prahu-hub.com/lelang/buatlelang:14299
[ 7770823ms] [LOG] Connected @ https://phbidlautdemo.prahu-hub.com/lelang/buatlelang:14299
[ 7770876ms] [LOG] Connected @ https://phbidlautdemo.prahu-hub.com/lelang/buatlelang:14299
[ 7782696ms] [LOG] Connected @ https://phbidlautdemo.prahu-hub.com/lelang/buatlelang:14299
[ 7790897ms] [LOG] Connected @ https://phbidlautdemo.prahu-hub.com/lelang/buatlelang:14299
[ 7796105ms] [LOG] Connected @ https://phbidlautdemo.prahu-hub.com/lelang/buatlelang:14299
[ 7803830ms] [LOG] Connected @ https://phbidlautdemo.prahu-hub.com/lelang/buatlelang:14299
[ 7808773ms] [LOG] Connected @ https://phbidlautdemo.prahu-hub.com/lelang/buatlelang:14299
[ 7818954ms] [LOG] Connected @ https://phbidlautdemo.prahu-hub.com/lelang/buatlelang:14299
[ 7823445ms] [LOG] Connected @ https://phbidlautdemo.prahu-hub.com/lelang/buatlelang:14299
[ 7831068ms] [LOG] Connected @ https://phbidlautdemo.prahu-hub.com/lelang/buatlelang:14299
[ 7834445ms] [LOG] Connected @ https://phbidlautdemo.prahu-hub.com/lelang/buatlelang:14299
[ 7839998ms] [LOG] Connected @ https://phbidlautdemo.prahu-hub.com/lelang/buatlelang:14299
[ 7847283ms] [LOG] Connected @ https://phbidlautdemo.prahu-hub.com/lelang/buatlelang:14299
[ 7860995ms] [LOG] Connected @ https://phbidlautdemo.prahu-hub.com/lelang/buatlelang:14299
[ 7861153ms] [LOG] Connected @ https://phbidlautdemo.prahu-hub.com/lelang/buatlelang:14299
[ 7866364ms] [LOG] Connected @ https://phbidlautdemo.prahu-hub.com/lelang/buatlelang:14299
[ 7889153ms] [LOG] Connected @ https://phbidlautdemo.prahu-hub.com/lelang/buatlelang:14299
[ 7904851ms] [LOG] Connected @ https://phbidlautdemo.prahu-hub.com/lelang/buatlelang:14299
[ 7909615ms] [LOG] Connected @ https://phbidlautdemo.prahu-hub.com/lelang/buatlelang:14299
[ 7912793ms] [LOG] Connected @ https://phbidlautdemo.prahu-hub.com/lelang/buatlelang:14299
[ 7912942ms] [LOG] Connected @ https://phbidlautdemo.prahu-hub.com/lelang/buatlelang:14299
[ 7917384ms] [LOG] Connected @ https://phbidlautdemo.prahu-hub.com/lelang/buatlelang:14299
[ 7924622ms] [LOG] Connected @ https://phbidlautdemo.prahu-hub.com/lelang/buatlelang:14299
[ 7927107ms] [LOG] Connected @ https://phbidlautdemo.prahu-hub.com/lelang/buatlelang:14299
[ 7931519ms] [LOG] Connected @ https://phbidlautdemo.prahu-hub.com/lelang/buatlelang:14299
[ 7939041ms] [LOG] Connected @ https://phbidlautdemo.prahu-hub.com/lelang/buatlelang:14299
[ 7945435ms] [LOG] Connected @ https://phbidlautdemo.prahu-hub.com/lelang/buatlelang:14299
[ 7945472ms] [LOG] Connected @ https://phbidlautdemo.prahu-hub.com/lelang/buatlelang:14299
[ 7954932ms] [LOG] Connected @ https://phbidlautdemo.prahu-hub.com/lelang/buatlelang:14299
[ 7965295ms] [LOG] Connected @ https://phbidlautdemo.prahu-hub.com/lelang/buatlelang:14299
[ 8000151ms] [LOG] Connected @ https://phbidlautdemo.prahu-hub.com/lelang/buatlelang:14299
[ 8044003ms] [LOG] Connected @ https://phbidlautdemo.prahu-hub.com/lelang/buatlelang:14299
[ 8060577ms] [LOG] Connected @ https://phbidlautdemo.prahu-hub.com/lelang/buatlelang:14299
[ 8060970ms] [LOG] Connected @ https://phbidlautdemo.prahu-hub.com/lelang/buatlelang:14299
[ 8065944ms] [LOG] Connected @ https://phbidlautdemo.prahu-hub.com/lelang/buatlelang:14299
[ 8073564ms] [LOG] Connected @ https://phbidlautdemo.prahu-hub.com/lelang/buatlelang:14299
[ 8083003ms] [LOG] Connected @ https://phbidlautdemo.prahu-hub.com/lelang/buatlelang:14299
[ 8114609ms] [LOG] Connected @ https://phbidlautdemo.prahu-hub.com/lelang/buatlelang:14299
[ 8119418ms] [LOG] Connected @ https://phbidlautdemo.prahu-hub.com/lelang/buatlelang:14299
[ 8143257ms] [LOG] Connected @ https://phbidlautdemo.prahu-hub.com/lelang/buatlelang:14299
[ 8146387ms] [LOG] Connected @ https://phbidlautdemo.prahu-hub.com/lelang/buatlelang:14299
[ 8159351ms] [LOG] Connected @ https://phbidlautdemo.prahu-hub.com/lelang/buatlelang:14299
[ 8165643ms] [LOG] Connected @ https://phbidlautdemo.prahu-hub.com/lelang/buatlelang:14299
[ 8167174ms] [LOG] Connected @ https://phbidlautdemo.prahu-hub.com/lelang/buatlelang:14299
[ 8173763ms] [LOG] Connected @ https://phbidlautdemo.prahu-hub.com/lelang/buatlelang:14299
[ 8175093ms] [LOG] Connected @ https://phbidlautdemo.prahu-hub.com/lelang/buatlelang:14299
[ 8181375ms] [LOG] Connected @ https://phbidlautdemo.prahu-hub.com/lelang/buatlelang:14299
[ 8192223ms] [LOG] Connected @ https://phbidlautdemo.prahu-hub.com/lelang/buatlelang:14299
[ 8199647ms] [LOG] Connected @ https://phbidlautdemo.prahu-hub.com/lelang/buatlelang:14299
[ 8213676ms] [LOG] update_dashboard_order_laut @ https://phbidlautdemo.prahu-hub.com/lelang/buatlelang:14299
[ 8215148ms] [LOG] Connected @ https://phbidlautdemo.prahu-hub.com/lelang/buatlelang:14299
[ 8215425ms] [LOG] Connected @ https://phbidlautdemo.prahu-hub.com/lelang/buatlelang:14299
[ 8216177ms] [LOG] Connected @ https://phbidlautdemo.prahu-hub.com/lelang/buatlelang:14299
[ 8225420ms] [LOG] Connected @ https://phbidlautdemo.prahu-hub.com/lelang/buatlelang:14299
[ 8231975ms] [LOG] Connected @ https://phbidlautdemo.prahu-hub.com/lelang/buatlelang:14299
[ 8244512ms] [LOG] Connected @ https://phbidlautdemo.prahu-hub.com/lelang/buatlelang:14299
[ 8250742ms] [LOG] Connected @ https://phbidlautdemo.prahu-hub.com/lelang/buatlelang:14299
[ 8251592ms] [LOG] Connected @ https://phbidlautdemo.prahu-hub.com/lelang/buatlelang:14299
[ 8255773ms] [LOG] Connected @ https://phbidlautdemo.prahu-hub.com/lelang/buatlelang:14299
[ 8261892ms] [LOG] Connected @ https://phbidlautdemo.prahu-hub.com/lelang/buatlelang:14299
[ 8265091ms] [LOG] Connected @ https://phbidlautdemo.prahu-hub.com/lelang/buatlelang:14299
[ 8266768ms] [LOG] Connected @ https://phbidlautdemo.prahu-hub.com/lelang/buatlelang:14299
[ 8267355ms] [LOG] Connected @ https://phbidlautdemo.prahu-hub.com/lelang/buatlelang:14299
[ 8271302ms] [LOG] Connected @ https://phbidlautdemo.prahu-hub.com/lelang/buatlelang:14299
[ 8307942ms] [LOG] Connected @ https://phbidlautdemo.prahu-hub.com/lelang/buatlelang:14299
[ 8308370ms] [LOG] Connected @ https://phbidlautdemo.prahu-hub.com/lelang/buatlelang:14299
[ 8317036ms] [LOG] Connected @ https://phbidlautdemo.prahu-hub.com/lelang/buatlelang:14299
[ 8322768ms] [LOG] Connected @ https://phbidlautdemo.prahu-hub.com/lelang/buatlelang:14299
[ 8339974ms] [LOG] Connected @ https://phbidlautdemo.prahu-hub.com/lelang/buatlelang:14299
[ 8342704ms] [LOG] Connected @ https://phbidlautdemo.prahu-hub.com/lelang/buatlelang:14299
[ 8347220ms] [LOG] Connected @ https://phbidlautdemo.prahu-hub.com/lelang/buatlelang:14299
[ 8349300ms] [LOG] Connected @ https://phbidlautdemo.prahu-hub.com/lelang/buatlelang:14299
[ 8355895ms] [LOG] Connected @ https://phbidlautdemo.prahu-hub.com/lelang/buatlelang:14299
[ 8356583ms] [LOG] Connected @ https://phbidlautdemo.prahu-hub.com/lelang/buatlelang:14299
[ 8356743ms] [LOG] Connected @ https://phbidlautdemo.prahu-hub.com/lelang/buatlelang:14299
[ 8363596ms] [LOG] Connected @ https://phbidlautdemo.prahu-hub.com/lelang/buatlelang:14299
[ 8366716ms] [LOG] Connected @ https://phbidlautdemo.prahu-hub.com/lelang/buatlelang:14299
[ 8368764ms] [LOG] Connected @ https://phbidlautdemo.prahu-hub.com/lelang/buatlelang:14299
[ 8368947ms] [LOG] Connected @ https://phbidlautdemo.prahu-hub.com/lelang/buatlelang:14299
[ 8374159ms] [LOG] updateNotif.937-935-914-900-876-820-796-795-783-764-704-689-688-685-642-641-640-639-638-631-629-628-625-624-623-622-621-459-537-23 @ https://phbidlautdemo.prahu-hub.com/lelang/buatlelang:14299
[ 8374161ms] [LOG] notif_badge_show.937-935-914-900-876-820-796-795-783-764-704-689-688-685-642-641-640-639-638-631-629-628-625-624-623-622-621-459-537-23 @ https://phbidlautdemo.prahu-hub.com/lelang/buatlelang:14299
[ 8375821ms] [LOG] Connected @ https://phbidlautdemo.prahu-hub.com/lelang/buatlelang:14299
[ 8376363ms] [LOG] Connected @ https://phbidlautdemo.prahu-hub.com/lelang/buatlelang:14299
[ 8385557ms] [LOG] Connected @ https://phbidlautdemo.prahu-hub.com/lelang/buatlelang:14299
[ 8387831ms] [LOG] Connected @ https://phbidlautdemo.prahu-hub.com/lelang/buatlelang:14299
[ 8394377ms] [LOG] Connected @ https://phbidlautdemo.prahu-hub.com/lelang/buatlelang:14299
[ 8400912ms] [LOG] Connected @ https://phbidlautdemo.prahu-hub.com/lelang/buatlelang:14299
[ 8402846ms] [LOG] Connected @ https://phbidlautdemo.prahu-hub.com/lelang/buatlelang:14299
[ 8405456ms] [LOG] Connected @ https://phbidlautdemo.prahu-hub.com/lelang/buatlelang:14299
[ 8409453ms] [LOG] Connected @ https://phbidlautdemo.prahu-hub.com/lelang/buatlelang:14299
[ 8411642ms] [LOG] Connected @ https://phbidlautdemo.prahu-hub.com/lelang/buatlelang:14299
[ 8418588ms] [LOG] Connected @ https://phbidlautdemo.prahu-hub.com/lelang/buatlelang:14299
[ 8429190ms] [LOG] Connected @ https://phbidlautdemo.prahu-hub.com/lelang/buatlelang:14299
[ 8429263ms] [LOG] Connected @ https://phbidlautdemo.prahu-hub.com/lelang/buatlelang:14299
[ 8431018ms] [LOG] Connected @ https://phbidlautdemo.prahu-hub.com/lelang/buatlelang:14299
[ 8432082ms] [LOG] Connected @ https://phbidlautdemo.prahu-hub.com/lelang/buatlelang:14299
[ 8432384ms] [LOG] Connected @ https://phbidlautdemo.prahu-hub.com/lelang/buatlelang:14299
[ 8443650ms] [LOG] Connected @ https://phbidlautdemo.prahu-hub.com/lelang/buatlelang:14299
[ 8450243ms] [LOG] Connected @ https://phbidlautdemo.prahu-hub.com/lelang/buatlelang:14299
[ 8451035ms] [LOG] Connected @ https://phbidlautdemo.prahu-hub.com/lelang/buatlelang:14299
[ 8456455ms] [LOG] Connected @ https://phbidlautdemo.prahu-hub.com/lelang/buatlelang:14299
[ 8476335ms] [LOG] Connected @ https://phbidlautdemo.prahu-hub.com/lelang/buatlelang:14299
[ 8484894ms] [LOG] Connected @ https://phbidlautdemo.prahu-hub.com/lelang/buatlelang:14299
[ 8488167ms] [LOG] Connected @ https://phbidlautdemo.prahu-hub.com/lelang/buatlelang:14299
[ 8493264ms] [LOG] Connected @ https://phbidlautdemo.prahu-hub.com/lelang/buatlelang:14299
[ 8507014ms] [LOG] Connected @ https://phbidlautdemo.prahu-hub.com/lelang/buatlelang:14299
[ 8507438ms] [LOG] Connected @ https://phbidlautdemo.prahu-hub.com/lelang/buatlelang:14299
[ 8510539ms] [LOG] Connected @ https://phbidlautdemo.prahu-hub.com/lelang/buatlelang:14299
[ 8524620ms] [LOG] Connected @ https://phbidlautdemo.prahu-hub.com/lelang/buatlelang:14299
[ 8525147ms] [LOG] Connected @ https://phbidlautdemo.prahu-hub.com/lelang/buatlelang:14299
[ 8528736ms] [LOG] Connected @ https://phbidlautdemo.prahu-hub.com/lelang/buatlelang:14299
[ 8531397ms] [LOG] updateNotif.882-644-937-935-914-900-876-820-796-795-783-764-704-689-688-685-642-641-640-639-638-631-629-628-625-624-623-622-621-459-326-23 @ https://phbidlautdemo.prahu-hub.com/lelang/buatlelang:14299
[ 8531400ms] [LOG] notif_badge_show.882-644-937-935-914-900-876-820-796-795-783-764-704-689-688-685-642-641-640-639-638-631-629-628-625-624-623-622-621-459-326-23 @ https://phbidlautdemo.prahu-hub.com/lelang/buatlelang:14299
[ 8534394ms] [LOG] Connected @ https://phbidlautdemo.prahu-hub.com/lelang/buatlelang:14299
[ 8538880ms] [LOG] Connected @ https://phbidlautdemo.prahu-hub.com/lelang/buatlelang:14299
[ 8543501ms] [LOG] Connected @ https://phbidlautdemo.prahu-hub.com/lelang/buatlelang:14299
[ 8556030ms] [LOG] Connected @ https://phbidlautdemo.prahu-hub.com/lelang/buatlelang:14299
[ 8565078ms] [LOG] Connected @ https://phbidlautdemo.prahu-hub.com/lelang/buatlelang:14299
[ 8569416ms] [LOG] Connected @ https://phbidlautdemo.prahu-hub.com/lelang/buatlelang:14299
[ 8585925ms] [LOG] Connected @ https://phbidlautdemo.prahu-hub.com/lelang/buatlelang:14299
[ 8593194ms] [LOG] Connected @ https://phbidlautdemo.prahu-hub.com/lelang/buatlelang:14299
[ 8597567ms] [LOG] Connected @ https://phbidlautdemo.prahu-hub.com/lelang/buatlelang:14299
[ 8598391ms] [LOG] Connected @ https://phbidlautdemo.prahu-hub.com/lelang/buatlelang:14299
[ 8614824ms] [LOG] Connected @ https://phbidlautdemo.prahu-hub.com/lelang/buatlelang:14299
[ 8615241ms] [LOG] Connected @ https://phbidlautdemo.prahu-hub.com/lelang/buatlelang:14299
[ 8617666ms] [LOG] Connected @ https://phbidlautdemo.prahu-hub.com/lelang/buatlelang:14299
[ 8626816ms] [LOG] Connected @ https://phbidlautdemo.prahu-hub.com/lelang/buatlelang:14299
[ 8629592ms] [LOG] Connected @ https://phbidlautdemo.prahu-hub.com/lelang/buatlelang:14299
[ 8632616ms] [LOG] Connected @ https://phbidlautdemo.prahu-hub.com/lelang/buatlelang:14299
[ 8639645ms] [LOG] Connected @ https://phbidlautdemo.prahu-hub.com/lelang/buatlelang:14299
[ 8650878ms] [LOG] Connected @ https://phbidlautdemo.prahu-hub.com/lelang/buatlelang:14299
[ 8657389ms] [LOG] Connected @ https://phbidlautdemo.prahu-hub.com/lelang/buatlelang:14299
[ 8665831ms] [LOG] Connected @ https://phbidlautdemo.prahu-hub.com/lelang/buatlelang:14299
[ 8668353ms] [LOG] Connected @ https://phbidlautdemo.prahu-hub.com/lelang/buatlelang:14299
[ 8692313ms] [LOG] Connected @ https://phbidlautdemo.prahu-hub.com/lelang/buatlelang:14299
[ 8695500ms] [LOG] Connected @ https://phbidlautdemo.prahu-hub.com/lelang/buatlelang:14299
[ 8698455ms] [LOG] Connected @ https://phbidlautdemo.prahu-hub.com/lelang/buatlelang:14299
[ 8706602ms] [LOG] Connected @ https://phbidlautdemo.prahu-hub.com/lelang/buatlelang:14299
[ 8719598ms] [LOG] Connected @ https://phbidlautdemo.prahu-hub.com/lelang/buatlelang:14299
[ 8735713ms] [LOG] Connected @ https://phbidlautdemo.prahu-hub.com/lelang/buatlelang:14299
[ 8762207ms] [LOG] Connected @ https://phbidlautdemo.prahu-hub.com/lelang/buatlelang:14299
[ 8803962ms] [LOG] Connected @ https://phbidlautdemo.prahu-hub.com/lelang/buatlelang:14299
[ 8808794ms] [LOG] Connected @ https://phbidlautdemo.prahu-hub.com/lelang/buatlelang:14299
[ 8815986ms] [LOG] Connected @ https://phbidlautdemo.prahu-hub.com/lelang/buatlelang:14299
[ 8832210ms] [LOG] Connected @ https://phbidlautdemo.prahu-hub.com/lelang/buatlelang:14299
[ 8845230ms] [LOG] Connected @ https://phbidlautdemo.prahu-hub.com/lelang/buatlelang:14299
[ 8928249ms] [LOG] Connected @ https://phbidlautdemo.prahu-hub.com/lelang/buatlelang:14299
[ 8932453ms] [LOG] Connected @ https://phbidlautdemo.prahu-hub.com/lelang/buatlelang:14299
[ 8951049ms] [LOG] Connected @ https://phbidlautdemo.prahu-hub.com/lelang/buatlelang:14299
[ 8953676ms] [LOG] Connected @ https://phbidlautdemo.prahu-hub.com/lelang/buatlelang:14299
[ 8956921ms] [LOG] Connected @ https://phbidlautdemo.prahu-hub.com/lelang/buatlelang:14299
[ 8967623ms] [LOG] notif_badge_show.326 @ https://phbidlautdemo.prahu-hub.com/lelang/buatlelang:14299
[ 8967625ms] [LOG] notif_badge_show.882-644-937-935-914-900-876-820-796-795-783-764-704-689-688-685-642-641-640-639-638-631-629-628-625-624-623-622-621-459-23 @ https://phbidlautdemo.prahu-hub.com/lelang/buatlelang:14299
[ 8967636ms] [LOG] updateNotif.882-644-937-935-914-900-876-820-796-795-783-764-704-689-688-685-642-641-640-639-638-631-629-628-625-624-623-622-621-459-23 @ https://phbidlautdemo.prahu-hub.com/lelang/buatlelang:14299
[ 8967912ms] [LOG] updateNotif.326 @ https://phbidlautdemo.prahu-hub.com/lelang/buatlelang:14299
[ 8969652ms] [LOG] Connected @ https://phbidlautdemo.prahu-hub.com/lelang/buatlelang:14299
[ 8980592ms] [LOG] Connected @ https://phbidlautdemo.prahu-hub.com/lelang/buatlelang:14299
[ 8985659ms] [LOG] Connected @ https://phbidlautdemo.prahu-hub.com/lelang/buatlelang:14299
[ 8998171ms] [LOG] Connected @ https://phbidlautdemo.prahu-hub.com/lelang/buatlelang:14299
[ 9002706ms] [LOG] Connected @ https://phbidlautdemo.prahu-hub.com/lelang/buatlelang:14299
[ 9020103ms] [LOG] Connected @ https://phbidlautdemo.prahu-hub.com/lelang/buatlelang:14299
[ 9043487ms] [LOG] Connected @ https://phbidlautdemo.prahu-hub.com/lelang/buatlelang:14299
[ 9048726ms] [LOG] Connected @ https://phbidlautdemo.prahu-hub.com/lelang/buatlelang:14299
[ 9055767ms] [LOG] Connected @ https://phbidlautdemo.prahu-hub.com/lelang/buatlelang:14299
[ 9056072ms] [LOG] Connected @ https://phbidlautdemo.prahu-hub.com/lelang/buatlelang:14299
[ 9059321ms] [LOG] Connected @ https://phbidlautdemo.prahu-hub.com/lelang/buatlelang:14299
[ 9066541ms] [LOG] Connected @ https://phbidlautdemo.prahu-hub.com/lelang/buatlelang:14299
[ 9145991ms] [LOG] Connected @ https://phbidlautdemo.prahu-hub.com/lelang/buatlelang:14299
[ 9146361ms] [LOG] Connected @ https://phbidlautdemo.prahu-hub.com/lelang/buatlelang:14299
[ 9151697ms] [LOG] Connected @ https://phbidlautdemo.prahu-hub.com/lelang/buatlelang:14299
[ 9159374ms] [LOG] Connected @ https://phbidlautdemo.prahu-hub.com/lelang/buatlelang:14299
[ 9181949ms] [LOG] Connected @ https://phbidlautdemo.prahu-hub.com/lelang/buatlelang:14299
[ 9197711ms] [LOG] Connected @ https://phbidlautdemo.prahu-hub.com/lelang/buatlelang:14299
[ 9218228ms] [LOG] Connected @ https://phbidlautdemo.prahu-hub.com/lelang/buatlelang:14299
[ 9226049ms] [LOG] updateNotif.916-374-846-881-721-462-838-882-644-926-887-886-675-937-935-914-900-876-820-796-795-783-764-704-689-688-685-642-641-640-639-638-631-628-627-626-625-624-623-622-621-613-459-366-778-905-836-890-322-713-862-904-909-395-754-133-129-537-176-398-789-919-869-784-326-356-158-808-786-371-291-860-157-481-612-844-878-898-908-933-23 @ https://phbidlautdemo.prahu-hub.com/lelang/buatlelang:14299
[ 9226063ms] [LOG] notif_badge_show.916-374-846-881-721-462-838-882-644-926-887-886-675-937-935-914-900-876-820-796-795-783-764-704-689-688-685-642-641-640-639-638-631-628-627-626-625-624-623-622-621-613-459-366-778-905-836-890-322-713-862-904-909-395-754-133-129-537-176-398-789-919-869-784-326-356-158-808-786-371-291-860-157-481-612-844-878-898-908-933-23 @ https://phbidlautdemo.prahu-hub.com/lelang/buatlelang:14299
[ 9228104ms] [LOG] Connected @ https://phbidlautdemo.prahu-hub.com/lelang/buatlelang:14299
[ 9243956ms] [LOG] Connected @ https://phbidlautdemo.prahu-hub.com/lelang/buatlelang:14299
[ 9254651ms] [LOG] Connected @ https://phbidlautdemo.prahu-hub.com/lelang/buatlelang:14299
[ 9274557ms] [LOG] Connected @ https://phbidlautdemo.prahu-hub.com/lelang/buatlelang:14299
[ 9278859ms] [LOG] Connected @ https://phbidlautdemo.prahu-hub.com/lelang/buatlelang:14299
[ 9290675ms] [LOG] notif_badge_show.916-374-846-881-721-462-838-882-644-926-887-886-675-937-935-914-900-876-820-796-795-783-764-704-689-688-685-642-641-640-639-638-631-629-628-625-624-623-622-621-459-905-904-537-23 @ https://phbidlautdemo.prahu-hub.com/lelang/buatlelang:14299
[ 9290678ms] [LOG] updateNotif.916-374-846-881-721-462-838-882-644-926-887-886-675-937-935-914-900-876-820-796-795-783-764-704-689-688-685-642-641-640-639-638-631-629-628-625-624-623-622-621-459-905-904-537-23 @ https://phbidlautdemo.prahu-hub.com/lelang/buatlelang:14299
[ 9290737ms] [LOG] updateNotif.366-778-485-836-890-322-713-465-772-862-395-720-407-133-100-701-129-176-398-789-784-326-356-158-808-833-786-371-291-860-157-481-124-919-386-505-506-612-731-844-878-898 @ https://phbidlautdemo.prahu-hub.com/lelang/buatlelang:14299
[ 9292832ms] [LOG] notif_badge_show.366-778-485-836-890-322-713-465-772-862-395-720-407-133-100-701-129-176-398-789-784-326-356-158-808-833-786-371-291-860-157-481-124-919-386-505-506-612-731-844-878-898 @ https://phbidlautdemo.prahu-hub.com/lelang/buatlelang:14299
[ 9297671ms] [LOG] notif_badge_show.366-778-905-836-890-322-713-862-904-909-395-754-133-129-537-176-398-789-919-869-784-326-356-158-808-786-371-291-860-157-481-612-844-878-898-908-933 @ https://phbidlautdemo.prahu-hub.com/lelang/buatlelang:14299
[ 9297674ms] [LOG] updateNotif.366-778-905-836-890-322-713-862-904-909-395-754-133-129-537-176-398-789-919-869-784-326-356-158-808-786-371-291-860-157-481-612-844-878-898-908-933 @ https://phbidlautdemo.prahu-hub.com/lelang/buatlelang:14299
[ 9297689ms] [LOG] updateNotif.916-374-846-881-721-462-838-882-644-926-887-886-675-937-935-914-900-876-820-796-795-783-764-704-689-688-685-642-641-640-639-638-631-629-628-625-624-623-622-621-459-23 @ https://phbidlautdemo.prahu-hub.com/lelang/buatlelang:14299
[ 9298939ms] [LOG] Connected @ https://phbidlautdemo.prahu-hub.com/lelang/buatlelang:14299
[ 9304901ms] [LOG] Connected @ https://phbidlautdemo.prahu-hub.com/lelang/buatlelang:14299
[ 9309646ms] [LOG] Connected @ https://phbidlautdemo.prahu-hub.com/lelang/buatlelang:14299
[ 9313748ms] [LOG] Connected @ https://phbidlautdemo.prahu-hub.com/lelang/buatlelang:14299
[ 9377584ms] [LOG] Connected @ https://phbidlautdemo.prahu-hub.com/lelang/buatlelang:14299
[ 9392079ms] [LOG] Connected @ https://phbidlautdemo.prahu-hub.com/lelang/buatlelang:14299
[ 9394284ms] [LOG] Connected @ https://phbidlautdemo.prahu-hub.com/lelang/buatlelang:14299
[ 9401566ms] [LOG] Connected @ https://phbidlautdemo.prahu-hub.com/lelang/buatlelang:14299
[ 9404846ms] [LOG] Connected @ https://phbidlautdemo.prahu-hub.com/lelang/buatlelang:14299
[ 9411383ms] [LOG] Connected @ https://phbidlautdemo.prahu-hub.com/lelang/buatlelang:14299
[ 9428092ms] [LOG] notif_badge_show.778-485-836-322-713-465-772-862-724-407-395-754-100-720-701-728-398-537-133-869-784-129-356-176-158-188-789-808-833-786-371-291-860-481-157-124-386-478-505-506-612-674-731-844-855-878-890-366-905-919-898 @ https://phbidlautdemo.prahu-hub.com/lelang/buatlelang:14299
[ 9428097ms] [LOG] notif_badge_show.846-881-721-462-838-882-644-926-887-886-675-866-916-374-937-935-914-900-876-820-796-795-783-764-704-689-688-685-642-641-640-639-638-631-629-628-625-624-623-622-621-459-326-23 @ https://phbidlautdemo.prahu-hub.com/lelang/buatlelang:14299
[ 9428109ms] [LOG] updateNotif.846-881-721-462-838-882-644-926-887-886-675-866-916-374-937-935-914-900-876-820-796-795-783-764-704-689-688-685-642-641-640-639-638-631-629-628-625-624-623-622-621-459-326-23 @ https://phbidlautdemo.prahu-hub.com/lelang/buatlelang:14299
[ 9429154ms] [LOG] Connected @ https://phbidlautdemo.prahu-hub.com/lelang/buatlelang:14299
[ 9436618ms] [LOG] updateNotif.778-485-836-322-713-465-772-862-724-407-395-754-100-720-701-728-398-537-133-869-784-129-356-176-158-188-789-808-833-786-371-291-860-481-157-124-386-478-505-506-612-674-731-844-855-878-890-366-905-919-898 @ https://phbidlautdemo.prahu-hub.com/lelang/buatlelang:14299
[ 9438293ms] [LOG] Connected @ https://phbidlautdemo.prahu-hub.com/lelang/buatlelang:14299
[ 9441327ms] [LOG] Connected @ https://phbidlautdemo.prahu-hub.com/lelang/buatlelang:14299
[ 9445289ms] [LOG] Connected @ https://phbidlautdemo.prahu-hub.com/lelang/buatlelang:14299
[ 9455353ms] [LOG] Connected @ https://phbidlautdemo.prahu-hub.com/lelang/buatlelang:14299
[ 9466694ms] [LOG] notif_badge_hide.485-471-460-459-454-451-447-417-385-262-194-192-49-42-18-8-20-1 @ https://phbidlautdemo.prahu-hub.com/lelang/buatlelang:14299
[ 9466764ms] [LOG] updateNotifDarat.485-471-460-459-454-451-447-417-385-262-194-192-49-42-18-8-20-1 @ https://phbidlautdemo.prahu-hub.com/lelang/buatlelang:14299
[ 9478313ms] [LOG] Connected @ https://phbidlautdemo.prahu-hub.com/lelang/buatlelang:14299
[ 9479610ms] [LOG] Connected @ https://phbidlautdemo.prahu-hub.com/lelang/buatlelang:14299
[ 9480487ms] [LOG] Connected @ https://phbidlautdemo.prahu-hub.com/lelang/buatlelang:14299
[ 9489108ms] [LOG] Connected @ https://phbidlautdemo.prahu-hub.com/lelang/buatlelang:14299
[ 9521118ms] [LOG] Connected @ https://phbidlautdemo.prahu-hub.com/lelang/buatlelang:14299
[ 9580912ms] [LOG] Connected @ https://phbidlautdemo.prahu-hub.com/lelang/buatlelang:14299
[ 9582976ms] [LOG] Connected @ https://phbidlautdemo.prahu-hub.com/lelang/buatlelang:14299
[ 9590398ms] [LOG] Connected @ https://phbidlautdemo.prahu-hub.com/lelang/buatlelang:14299
[ 9598399ms] [LOG] Connected @ https://phbidlautdemo.prahu-hub.com/lelang/buatlelang:14299
[ 9606196ms] [LOG] Connected @ https://phbidlautdemo.prahu-hub.com/lelang/buatlelang:14299
[ 9623883ms] [LOG] notif_badge_show.916-374-846-881-721-462-838-882-644-926-887-886-675-937-935-914-900-876-820-796-795-783-764-704-689-688-685-642-641-640-639-638-631-628-627-626-625-624-623-622-621-613-459-366-778-905-836-890-322-713-862-904-909-395-754-133-129-537-176-398-789-919-869-784-326-356-158-808-786-371-291-860-157-481-612-844-878-898-908-933-23 @ https://phbidlautdemo.prahu-hub.com/lelang/buatlelang:14299
[ 9623883ms] [LOG] updateNotif.916-374-846-881-721-462-838-882-644-926-887-886-675-937-935-914-900-876-820-796-795-783-764-704-689-688-685-642-641-640-639-638-631-628-627-626-625-624-623-622-621-613-459-366-778-905-836-890-322-713-862-904-909-395-754-133-129-537-176-398-789-919-869-784-326-356-158-808-786-371-291-860-157-481-612-844-878-898-908-933-23 @ https://phbidlautdemo.prahu-hub.com/lelang/buatlelang:14299
[ 9625920ms] [LOG] Connected @ https://phbidlautdemo.prahu-hub.com/lelang/buatlelang:14299
[ 9627088ms] [LOG] Connected @ https://phbidlautdemo.prahu-hub.com/lelang/buatlelang:14299
[ 9638095ms] [LOG] Connected @ https://phbidlautdemo.prahu-hub.com/lelang/buatlelang:14299
[ 9639872ms] [LOG] Connected @ https://phbidlautdemo.prahu-hub.com/lelang/buatlelang:14299
[ 9645374ms] [LOG] Connected @ https://phbidlautdemo.prahu-hub.com/lelang/buatlelang:14299
[ 9665626ms] [LOG] notif_badge_show.366-778-905-836-890-322-713-862-904-909-395-754-133-129-537-176-398-789-919-869-784-326-356-158-808-786-371-291-860-157-481-612-844-878-898-908-933 @ https://phbidlautdemo.prahu-hub.com/lelang/buatlelang:14299
[ 9665632ms] [LOG] updateNotif.916-374-846-881-721-462-838-882-644-926-887-886-675-937-935-914-900-876-820-796-795-783-764-704-689-688-685-642-641-640-639-638-631-629-628-625-624-623-622-621-459-23 @ https://phbidlautdemo.prahu-hub.com/lelang/buatlelang:14299
[ 9665642ms] [LOG] notif_badge_show.916-374-846-881-721-462-838-882-644-926-887-886-675-937-935-914-900-876-820-796-795-783-764-704-689-688-685-642-641-640-639-638-631-629-628-625-624-623-622-621-459-23 @ https://phbidlautdemo.prahu-hub.com/lelang/buatlelang:14299
[ 9667333ms] [LOG] Connected @ https://phbidlautdemo.prahu-hub.com/lelang/buatlelang:14299
[ 9674761ms] [LOG] Connected @ https://phbidlautdemo.prahu-hub.com/lelang/buatlelang:14299
[ 9676950ms] [LOG] updateNotif.901-858-787-937-935-914-906-900-876-856-820-796-795-783-764-704-689-688-685-642-641-640-639-638-635-634-633-632-631-629-628-627-626-625-624-623-622-621-614-613-459-325-23 @ https://phbidlautdemo.prahu-hub.com/lelang/buatlelang:14299
[ 9676984ms] [LOG] update_dashboard_order_laut @ https://phbidlautdemo.prahu-hub.com/lelang/buatlelang:14299
[ 9677824ms] [LOG] notif_badge_show.901-858-787-937-935-914-906-900-876-856-820-796-795-783-764-704-689-688-685-642-641-640-639-638-635-634-633-632-631-629-628-627-626-625-624-623-622-621-614-613-459-325-23 @ https://phbidlautdemo.prahu-hub.com/lelang/buatlelang:14299
[ 9680242ms] [LOG] Connected @ https://phbidlautdemo.prahu-hub.com/lelang/buatlelang:14299
[ 9680799ms] [LOG] Connected @ https://phbidlautdemo.prahu-hub.com/lelang/buatlelang:14299
[ 9683126ms] [LOG] Connected @ https://phbidlautdemo.prahu-hub.com/lelang/buatlelang:14299
[ 9684153ms] [LOG] Connected @ https://phbidlautdemo.prahu-hub.com/lelang/buatlelang:14299
[ 9684632ms] [LOG] Connected @ https://phbidlautdemo.prahu-hub.com/lelang/buatlelang:14299
[ 9689982ms] [LOG] Connected @ https://phbidlautdemo.prahu-hub.com/lelang/buatlelang:14299
[ 9695627ms] [LOG] Connected @ https://phbidlautdemo.prahu-hub.com/lelang/buatlelang:14299
[ 9703836ms] [LOG] Connected @ https://phbidlautdemo.prahu-hub.com/lelang/buatlelang:14299
[ 9714851ms] [LOG] Connected @ https://phbidlautdemo.prahu-hub.com/lelang/buatlelang:14299
[ 9722542ms] [LOG] Connected @ https://phbidlautdemo.prahu-hub.com/lelang/buatlelang:14299
[ 9725605ms] [LOG] Connected @ https://phbidlautdemo.prahu-hub.com/lelang/buatlelang:14299
[ 9732441ms] [LOG] Connected @ https://phbidlautdemo.prahu-hub.com/lelang/buatlelang:14299
[ 9738115ms] [LOG] Connected @ https://phbidlautdemo.prahu-hub.com/lelang/buatlelang:14299
[ 9744693ms] [LOG] Connected @ https://phbidlautdemo.prahu-hub.com/lelang/buatlelang:14299
[ 9751097ms] [LOG] Connected @ https://phbidlautdemo.prahu-hub.com/lelang/buatlelang:14299
[ 9764296ms] [LOG] Connected @ https://phbidlautdemo.prahu-hub.com/lelang/buatlelang:14299
[ 9792759ms] [LOG] Connected @ https://phbidlautdemo.prahu-hub.com/lelang/buatlelang:14299
[ 9810383ms] [LOG] Connected @ https://phbidlautdemo.prahu-hub.com/lelang/buatlelang:14299
[ 9817964ms] [LOG] Connected @ https://phbidlautdemo.prahu-hub.com/lelang/buatlelang:14299
[ 9832010ms] [LOG] Connected @ https://phbidlautdemo.prahu-hub.com/lelang/buatlelang:14299
[ 9834713ms] [LOG] Connected @ https://phbidlautdemo.prahu-hub.com/lelang/buatlelang:14299
[ 9837186ms] [LOG] Connected @ https://phbidlautdemo.prahu-hub.com/lelang/buatlelang:14299
[ 9841977ms] [LOG] Connected @ https://phbidlautdemo.prahu-hub.com/lelang/buatlelang:14299
[ 9844796ms] [LOG] Connected @ https://phbidlautdemo.prahu-hub.com/lelang/buatlelang:14299
[ 9847889ms] [LOG] Connected @ https://phbidlautdemo.prahu-hub.com/lelang/buatlelang:14299
[ 9852070ms] [LOG] Connected @ https://phbidlautdemo.prahu-hub.com/lelang/buatlelang:14299
[ 9860547ms] [LOG] Connected @ https://phbidlautdemo.prahu-hub.com/lelang/buatlelang:14299
[ 9880521ms] [LOG] Connected @ https://phbidlautdemo.prahu-hub.com/lelang/buatlelang:14299
[ 9892455ms] [LOG] Connected @ https://phbidlautdemo.prahu-hub.com/lelang/buatlelang:14299
[ 9898784ms] [LOG] notif_badge_show.937-935-914-900-876-820-796-795-783-764-704-689-688-685-642-641-640-639-638-631-629-628-625-624-623-622-621-459-356-23 @ https://phbidlautdemo.prahu-hub.com/lelang/buatlelang:14299
[ 9898787ms] [LOG] updateNotif.937-935-914-900-876-820-796-795-783-764-704-689-688-685-642-641-640-639-638-631-629-628-625-624-623-622-621-459-356-23 @ https://phbidlautdemo.prahu-hub.com/lelang/buatlelang:14299
[ 9901197ms] [LOG] Connected @ https://phbidlautdemo.prahu-hub.com/lelang/buatlelang:14299
[ 9914453ms] [LOG] Connected @ https://phbidlautdemo.prahu-hub.com/lelang/buatlelang:14299
[ 9924914ms] [LOG] Connected @ https://phbidlautdemo.prahu-hub.com/lelang/buatlelang:14299
[ 9927227ms] [LOG] updateNotifDarat.485-471-460-459-454-451-447-417-385-262-194-192-49-42-18-8-373-1 @ https://phbidlautdemo.prahu-hub.com/lelang/buatlelang:14299
[ 9927243ms] [LOG] notif_badge_hide.485-471-460-459-454-451-447-417-385-262-194-192-49-42-18-8-373-1 @ https://phbidlautdemo.prahu-hub.com/lelang/buatlelang:14299
[ 9943597ms] [LOG] Connected @ https://phbidlautdemo.prahu-hub.com/lelang/buatlelang:14299
[ 9943906ms] [LOG] notif_badge_show.916-374-846-881-721-462-838-882-644-926-887-886-675-937-935-914-900-876-820-796-795-783-764-704-689-688-685-642-641-640-639-638-631-628-627-626-625-624-623-622-621-613-459-366-778-905-836-890-322-713-862-904-909-395-754-133-129-537-176-398-789-919-869-784-326-356-158-808-786-371-291-860-157-481-612-844-878-898-908-933-23 @ https://phbidlautdemo.prahu-hub.com/lelang/buatlelang:14299
[ 9944111ms] [LOG] updateNotif.916-374-846-881-721-462-838-882-644-926-887-886-675-937-935-914-900-876-820-796-795-783-764-704-689-688-685-642-641-640-639-638-631-628-627-626-625-624-623-622-621-613-459-366-778-905-836-890-322-713-862-904-909-395-754-133-129-537-176-398-789-919-869-784-326-356-158-808-786-371-291-860-157-481-612-844-878-898-908-933-23 @ https://phbidlautdemo.prahu-hub.com/lelang/buatlelang:14299
[ 9945990ms] [LOG] Connected @ https://phbidlautdemo.prahu-hub.com/lelang/buatlelang:14299
[ 9953855ms] [LOG] Connected @ https://phbidlautdemo.prahu-hub.com/lelang/buatlelang:14299
[ 9965895ms] [LOG] Connected @ https://phbidlautdemo.prahu-hub.com/lelang/buatlelang:14299
[ 9968255ms] [LOG] updateNotifDarat.485-471-460-459-454-451-447-417-385-262-194-192-49-42-18-8-373-1 @ https://phbidlautdemo.prahu-hub.com/lelang/buatlelang:14299
[ 9969100ms] [LOG] notif_badge_hide.485-471-460-459-454-451-447-417-385-262-194-192-49-42-18-8-373-1 @ https://phbidlautdemo.prahu-hub.com/lelang/buatlelang:14299
[ 9973391ms] [LOG] notif_badge_hide.485-471-460-459-454-451-447-417-385-262-194-192-49-42-18-8-373-1 @ https://phbidlautdemo.prahu-hub.com/lelang/buatlelang:14299
[ 9973409ms] [LOG] updateNotifDarat.485-471-460-459-454-451-447-417-385-262-194-192-49-42-18-8-373-1 @ https://phbidlautdemo.prahu-hub.com/lelang/buatlelang:14299
[10023562ms] [LOG] Connected @ https://phbidlautdemo.prahu-hub.com/lelang/buatlelang:14299
[10026910ms] [LOG] Connected @ https://phbidlautdemo.prahu-hub.com/lelang/buatlelang:14299
[10027398ms] [LOG] Connected @ https://phbidlautdemo.prahu-hub.com/lelang/buatlelang:14299
[10029981ms] [LOG] Connected @ https://phbidlautdemo.prahu-hub.com/lelang/buatlelang:14299
[10030293ms] [LOG] Connected @ https://phbidlautdemo.prahu-hub.com/lelang/buatlelang:14299
[10031019ms] [LOG] Connected @ https://phbidlautdemo.prahu-hub.com/lelang/buatlelang:14299
[10038022ms] [LOG] Connected @ https://phbidlautdemo.prahu-hub.com/lelang/buatlelang:14299
[10038460ms] [LOG] notif_badge_show.901-858-787-937-935-914-906-900-876-856-820-796-795-783-764-704-689-688-685-642-641-640-639-638-635-634-633-632-631-629-628-627-626-625-624-623-622-621-614-613-459-325-23 @ https://phbidlautdemo.prahu-hub.com/lelang/buatlelang:14299
[10038488ms] [LOG] updateNotif.901-858-787-937-935-914-906-900-876-856-820-796-795-783-764-704-689-688-685-642-641-640-639-638-635-634-633-632-631-629-628-627-626-625-624-623-622-621-614-613-459-325-23 @ https://phbidlautdemo.prahu-hub.com/lelang/buatlelang:14299
[10038503ms] [LOG] update_dashboard_order_laut @ https://phbidlautdemo.prahu-hub.com/lelang/buatlelang:14299
[10040436ms] [LOG] updateNotif.778-485-862-836-713-465-772-724-395-754-407-100-720-701-398-176-537-133-869-784-129-356-158-188-789-808-833-786-371-291-860-157-481-124-386-890-478-505-506-612-674-731-844-855-878-898-366-905-919 @ https://phbidlautdemo.prahu-hub.com/lelang/buatlelang:14299
[10040467ms] [LOG] notif_badge_show.778-485-862-836-713-465-772-724-395-754-407-100-720-701-398-176-537-133-869-784-129-356-158-188-789-808-833-786-371-291-860-157-481-124-386-890-478-505-506-612-674-731-844-855-878-898-366-905-919 @ https://phbidlautdemo.prahu-hub.com/lelang/buatlelang:14299
[10040474ms] [LOG] updateNotif.846-881-721-462-838-882-644-926-887-886-675-866-916-374-937-935-914-900-876-820-796-795-783-764-704-689-688-685-642-641-640-639-638-631-629-628-625-624-623-622-621-459-322-326-23 @ https://phbidlautdemo.prahu-hub.com/lelang/buatlelang:14299
[10040830ms] [LOG] Connected @ https://phbidlautdemo.prahu-hub.com/lelang/buatlelang:14299
[10041046ms] [LOG] notif_badge_show.846-881-721-462-838-882-644-926-887-886-675-866-916-374-937-935-914-900-876-820-796-795-783-764-704-689-688-685-642-641-640-639-638-631-629-628-625-624-623-622-621-459-322-326-23 @ https://phbidlautdemo.prahu-hub.com/lelang/buatlelang:14299
[10042628ms] [LOG] Connected @ https://phbidlautdemo.prahu-hub.com/lelang/buatlelang:14299
[10044863ms] [LOG] Connected @ https://phbidlautdemo.prahu-hub.com/lelang/buatlelang:14299
[10048962ms] [LOG] updateNotif.366-778-905-836-890-322-713-862-904-909-395-754-133-129-537-176-398-789-919-869-784-326-356-158-808-786-371-291-860-157-481-612-844-878-898-908-933 @ https://phbidlautdemo.prahu-hub.com/lelang/buatlelang:14299
[10048972ms] [LOG] notif_badge_show.366-778-905-836-890-322-713-862-904-909-395-754-133-129-537-176-398-789-919-869-784-326-356-158-808-786-371-291-860-157-481-612-844-878-898-908-933 @ https://phbidlautdemo.prahu-hub.com/lelang/buatlelang:14299
[10048975ms] [LOG] updateNotif.916-374-846-881-721-462-838-882-644-926-887-886-675-937-935-914-900-876-820-796-795-783-764-704-689-688-685-642-641-640-639-638-631-629-628-625-624-623-622-621-459-23 @ https://phbidlautdemo.prahu-hub.com/lelang/buatlelang:14299
[10048979ms] [LOG] notif_badge_show.916-374-846-881-721-462-838-882-644-926-887-886-675-937-935-914-900-876-820-796-795-783-764-704-689-688-685-642-641-640-639-638-631-629-628-625-624-623-622-621-459-23 @ https://phbidlautdemo.prahu-hub.com/lelang/buatlelang:14299
[10056633ms] [LOG] Connected @ https://phbidlautdemo.prahu-hub.com/lelang/buatlelang:14299
[10057279ms] [LOG] Connected @ https://phbidlautdemo.prahu-hub.com/lelang/buatlelang:14299
[10057628ms] [LOG] Connected @ https://phbidlautdemo.prahu-hub.com/lelang/buatlelang:14299
[10060420ms] [LOG] Connected @ https://phbidlautdemo.prahu-hub.com/lelang/buatlelang:14299
[10062562ms] [LOG] Connected @ https://phbidlautdemo.prahu-hub.com/lelang/buatlelang:14299
[10070362ms] [LOG] Connected @ https://phbidlautdemo.prahu-hub.com/lelang/buatlelang:14299
[10084977ms] [LOG] Connected @ https://phbidlautdemo.prahu-hub.com/lelang/buatlelang:14299
[10099390ms] [LOG] Connected @ https://phbidlautdemo.prahu-hub.com/lelang/buatlelang:14299
[10107854ms] [LOG] Connected @ https://phbidlautdemo.prahu-hub.com/lelang/buatlelang:14299
[10113337ms] [LOG] Connected @ https://phbidlautdemo.prahu-hub.com/lelang/buatlelang:14299
[10118583ms] [LOG] Connected @ https://phbidlautdemo.prahu-hub.com/lelang/buatlelang:14299
[10138718ms] [LOG] Connected @ https://phbidlautdemo.prahu-hub.com/lelang/buatlelang:14299
[10168111ms] [LOG] updateNotif.901-858-787-937-935-914-906-900-876-856-820-796-795-783-764-704-689-688-685-642-641-640-639-638-635-634-633-632-631-629-628-627-626-625-624-623-622-621-614-459-325-23 @ https://phbidlautdemo.prahu-hub.com/lelang/buatlelang:14299
[10168143ms] [LOG] notif_badge_show.901-858-787-937-935-914-906-900-876-856-820-796-795-783-764-704-689-688-685-642-641-640-639-638-635-634-633-632-631-629-628-627-626-625-624-623-622-621-614-459-325-23 @ https://phbidlautdemo.prahu-hub.com/lelang/buatlelang:14299
[10168156ms] [LOG] update_dashboard_order_laut @ https://phbidlautdemo.prahu-hub.com/lelang/buatlelang:14299
[10170591ms] [LOG] Connected @ https://phbidlautdemo.prahu-hub.com/lelang/buatlelang:14299
[10170631ms] [LOG] Connected @ https://phbidlautdemo.prahu-hub.com/lelang/buatlelang:14299
[10170667ms] [LOG] Connected @ https://phbidlautdemo.prahu-hub.com/lelang/buatlelang:14299
[10220811ms] [LOG] Connected @ https://phbidlautdemo.prahu-hub.com/lelang/buatlelang:14299
[10231464ms] [LOG] Connected @ https://phbidlautdemo.prahu-hub.com/lelang/buatlelang:14299
[10268298ms] [LOG] Connected @ https://phbidlautdemo.prahu-hub.com/lelang/buatlelang:14299
[10273805ms] [LOG] Connected @ https://phbidlautdemo.prahu-hub.com/lelang/buatlelang:14299
[10285759ms] [LOG] Connected @ https://phbidlautdemo.prahu-hub.com/lelang/buatlelang:14299
[10295372ms] [LOG] Connected @ https://phbidlautdemo.prahu-hub.com/lelang/buatlelang:14299
[10295515ms] [LOG] Connected @ https://phbidlautdemo.prahu-hub.com/lelang/buatlelang:14299
[10295662ms] [LOG] Connected @ https://phbidlautdemo.prahu-hub.com/lelang/buatlelang:14299
[10295709ms] [LOG] Connected @ https://phbidlautdemo.prahu-hub.com/lelang/buatlelang:14299
[10300590ms] [LOG] Connected @ https://phbidlautdemo.prahu-hub.com/lelang/buatlelang:14299
[10305139ms] [LOG] Connected @ https://phbidlautdemo.prahu-hub.com/lelang/buatlelang:14299
[10315660ms] [LOG] Connected @ https://phbidlautdemo.prahu-hub.com/lelang/buatlelang:14299
[10320227ms] [LOG] Connected @ https://phbidlautdemo.prahu-hub.com/lelang/buatlelang:14299
[10320431ms] [LOG] Connected @ https://phbidlautdemo.prahu-hub.com/lelang/buatlelang:14299
[10320494ms] [LOG] Connected @ https://phbidlautdemo.prahu-hub.com/lelang/buatlelang:14299
[10327058ms] [LOG] Connected @ https://phbidlautdemo.prahu-hub.com/lelang/buatlelang:14299
[10329412ms] [LOG] Connected @ https://phbidlautdemo.prahu-hub.com/lelang/buatlelang:14299
[10339148ms] [LOG] Connected @ https://phbidlautdemo.prahu-hub.com/lelang/buatlelang:14299
[10345146ms] [LOG] Connected @ https://phbidlautdemo.prahu-hub.com/lelang/buatlelang:14299
