[    2060ms] ReferenceError: dete is not defined
    at https://phbidlautdemo.prahu-hub.com/user/login:1465:5
[    3157ms] TypeError: Failed to execute 'observe' on 'IntersectionObserver': parameter 1 is not of type 'Element'.
    at https://phbidlautdemo.prahu-hub.com/user/login:1932:14
[    3172ms] [VERBOSE] [DOM] Input elements should have autocomplete attributes (suggested: "current-password"): (More info: https://goo.gl/9p2vKq) %o @ https://phbidlautdemo.prahu-hub.com/user/login:0
[    3176ms] [LOG] 0 @ https://phbidlautdemo.prahu-hub.com/user/login:1426
[    3176ms] [LOG] undefined scr @ https://phbidlautdemo.prahu-hub.com/user/login:1430
[    6715ms] [LOG] ddd @ https://phbidlautdemo.prahu-hub.com/user/login:1525
[    7174ms] [LOG] {pesan: OPERATOR, status: 1, user_aktif: 1, ParentID: 0, redirect: } @ https://phbidlautdemo.prahu-hub.com/user/login:1558
[    7174ms] [LOG] {pesan: OPERATOR, status: 1, user_aktif: 1, ParentID: 0, redirect: } a @ https://phbidlautdemo.prahu-hub.com/user/login:1560
[    9069ms] Cannot use import statement outside a module
[    9099ms] ReferenceError: Chart is not defined
    at https://phbidlautdemo.prahu-hub.com/_resources/themes/prahutheme/js/scripts-init/charts/chartjs.js:8:13
[    9182ms] Unexpected token '<'
[   11308ms] Unexpected token '<'
[   11368ms] Uncaught TypeError: expect element to be DOM Element, but got null
    at n.init (https://cdnjs.cloudflare.com/ajax/libs/smooth-scrollbar/8.5.2/smooth-scrollbar.js:24:264)
    at <anonymous> (https://phbidlautdemo.prahu-hub.com/lelang/listlelang?tab=semua-lelang:5630:14)
[   11418ms] [LOG] Pengajuan Lelangnamanya @ https://phbidlautdemo.prahu-hub.com/lelang/listlelang?tab=semua-lelang:1756
[   11428ms] [LOG] undefined @ https://phbidlautdemo.prahu-hub.com/lelang/listlelang?tab=semua-lelang:5983
[   11428ms] [LOG] undefined @ https://phbidlautdemo.prahu-hub.com/lelang/listlelang?tab=semua-lelang:5983
[   11428ms] [LOG] Masukkan Nama Shipper @ https://phbidlautdemo.prahu-hub.com/lelang/listlelang?tab=semua-lelang:5983
[   11428ms] [LOG] Masukkan Nomor Lelang @ https://phbidlautdemo.prahu-hub.com/lelang/listlelang?tab=semua-lelang:5983
[   11428ms] [LOG] DD/MM/YYYY @ https://phbidlautdemo.prahu-hub.com/lelang/listlelang?tab=semua-lelang:5983
[   11428ms] [LOG] DD/MM/YYYY @ https://phbidlautdemo.prahu-hub.com/lelang/listlelang?tab=semua-lelang:5983
[   11428ms] [LOG] DD/MM/YYYY @ https://phbidlautdemo.prahu-hub.com/lelang/listlelang?tab=semua-lelang:5983
[   11429ms] [LOG] DD/MM/YYYY @ https://phbidlautdemo.prahu-hub.com/lelang/listlelang?tab=semua-lelang:5983
[   11429ms] [LOG] Masukkan Nama Shipper @ https://phbidlautdemo.prahu-hub.com/lelang/listlelang?tab=semua-lelang:5983
[   11429ms] [LOG] undefined @ https://phbidlautdemo.prahu-hub.com/lelang/listlelang?tab=semua-lelang:5983
[   11429ms] [LOG] undefined @ https://phbidlautdemo.prahu-hub.com/lelang/listlelang?tab=semua-lelang:5983
[   11429ms] [LOG] Masukkan Nama Bank @ https://phbidlautdemo.prahu-hub.com/lelang/listlelang?tab=semua-lelang:5983
[   11429ms] [LOG] undefined @ https://phbidlautdemo.prahu-hub.com/lelang/listlelang?tab=semua-lelang:5983
[   11430ms] [LOG] WebSocket connection @ https://phbidlautdemo.prahu-hub.com/lelang/listlelang?tab=semua-lelang:6026
[   11431ms] [LOG] WebSocket connection attempting... @ https://phbidlautdemo.prahu-hub.com/lelang/listlelang?tab=semua-lelang:6104
[   12548ms] [LOG] WebSocket connected @ https://phbidlautdemo.prahu-hub.com/lelang/listlelang?tab=semua-lelang:6035
[   12549ms] [LOG] update_dashboard_order_laut @ https://phbidlautdemo.prahu-hub.com/lelang/listlelang?tab=semua-lelang:6076
[   12575ms] [LOG] Connected @ https://phbidlautdemo.prahu-hub.com/lelang/listlelang?tab=semua-lelang:6076
[   13431ms] TypeError: $(...).DataTable is not a function
    at https://phbidlautdemo.prahu-hub.com/_resources/themes/prahutheme/js/scripts-init/tables.js:7:23
[   13774ms] [LOG] [Object, Object, Object, Object, Object, Object, Object, Object, Object, Object, Object, Object, Object, Object, Object, Object, Object, Object, Object, Object] @ https://phbidlautdemo.prahu-hub.com/_resources/themes/prahutheme/javascript/custom/listLelang.js?m=1787970752:14
[   13781ms] [LOG] 388 @ https://phbidlautdemo.prahu-hub.com/_resources/themes/prahutheme/javascript/custom/listLelang.js?m=1787970752:818
[   13781ms] [LOG] 388 countView1 1 pageNow 20 limitView1 @ https://phbidlautdemo.prahu-hub.com/_resources/themes/prahutheme/javascript/custom/listLelang.js?m=1787970752:820
[   13781ms] [LOG] 20 @ https://phbidlautdemo.prahu-hub.com/_resources/themes/prahutheme/javascript/custom/listLelang.js?m=1787970752:826
[   13782ms] [LOG] 388 jumlah data @ https://phbidlautdemo.prahu-hub.com/_resources/themes/prahutheme/javascript/custom/listLelang.js?m=1787970752:779
[   13782ms] [LOG] 20 @ https://phbidlautdemo.prahu-hub.com/_resources/themes/prahutheme/javascript/custom/listLelang.js?m=1787970752:781
[   13783ms] [LOG] 20 1 pageCount & pageNow @ https://phbidlautdemo.prahu-hub.com/_resources/themes/prahutheme/javascript/custom/listLelang.js?m=1787970752:704
[   13787ms] [LOG] 200 xhrglobal @ https://phbidlautdemo.prahu-hub.com/lelang/listlelang?tab=semua-lelang:5957
[   13805ms] ReferenceError: renderTooltipHarga is not defined
    at https://phbidlautdemo.prahu-hub.com/_resources/themes/prahutheme/javascript/custom/listLelang.js?m=1787970752:1049:9
[   13906ms] [LOG] Connected @ https://phbidlautdemo.prahu-hub.com/lelang/listlelang?tab=semua-lelang:6076
[   13945ms] [LOG] 200 xhrglobal @ https://phbidlautdemo.prahu-hub.com/lelang/listlelang?tab=semua-lelang:5957
[   14026ms] [LOG] 200 xhrglobal @ https://phbidlautdemo.prahu-hub.com/lelang/listlelang?tab=semua-lelang:5957
[   15998ms] [LOG] Connected @ https://phbidlautdemo.prahu-hub.com/lelang/listlelang?tab=semua-lelang:6076
[   17951ms] [LOG] Connected @ https://phbidlautdemo.prahu-hub.com/lelang/listlelang?tab=semua-lelang:6076
[   19472ms] Cannot use import statement outside a module
[   19503ms] ReferenceError: Chart is not defined
    at https://phbidlautdemo.prahu-hub.com/_resources/themes/prahutheme/js/scripts-init/charts/chartjs.js:8:13
[   19707ms] Unexpected token '<'
[   19707ms] Unexpected token '<'
[   19784ms] Uncaught TypeError: expect element to be DOM Element, but got null
    at n.init (https://cdnjs.cloudflare.com/ajax/libs/smooth-scrollbar/8.5.2/smooth-scrollbar.js:24:264)
    at <anonymous> (https://phbidlautdemo.prahu-hub.com/lelang/listlelang?tab=semua-lelang:5630:14)
[   19825ms] [LOG] Pengajuan Lelangnamanya @ https://phbidlautdemo.prahu-hub.com/lelang/listlelang?tab=semua-lelang:1756
[   19829ms] [LOG] undefined @ https://phbidlautdemo.prahu-hub.com/lelang/listlelang?tab=semua-lelang:5983
[   19829ms] [LOG] undefined @ https://phbidlautdemo.prahu-hub.com/lelang/listlelang?tab=semua-lelang:5983
[   19830ms] [LOG] Masukkan Nama Shipper @ https://phbidlautdemo.prahu-hub.com/lelang/listlelang?tab=semua-lelang:5983
[   19830ms] [LOG] Masukkan Nomor Lelang @ https://phbidlautdemo.prahu-hub.com/lelang/listlelang?tab=semua-lelang:5983
[   19830ms] [LOG] DD/MM/YYYY @ https://phbidlautdemo.prahu-hub.com/lelang/listlelang?tab=semua-lelang:5983
[   19830ms] [LOG] DD/MM/YYYY @ https://phbidlautdemo.prahu-hub.com/lelang/listlelang?tab=semua-lelang:5983
[   19830ms] [LOG] DD/MM/YYYY @ https://phbidlautdemo.prahu-hub.com/lelang/listlelang?tab=semua-lelang:5983
[   19830ms] [LOG] DD/MM/YYYY @ https://phbidlautdemo.prahu-hub.com/lelang/listlelang?tab=semua-lelang:5983
[   19830ms] [LOG] Masukkan Nama Shipper @ https://phbidlautdemo.prahu-hub.com/lelang/listlelang?tab=semua-lelang:5983
[   19830ms] [LOG] undefined @ https://phbidlautdemo.prahu-hub.com/lelang/listlelang?tab=semua-lelang:5983
[   19830ms] [LOG] undefined @ https://phbidlautdemo.prahu-hub.com/lelang/listlelang?tab=semua-lelang:5983
[   19830ms] [LOG] Masukkan Nama Bank @ https://phbidlautdemo.prahu-hub.com/lelang/listlelang?tab=semua-lelang:5983
[   19830ms] [LOG] undefined @ https://phbidlautdemo.prahu-hub.com/lelang/listlelang?tab=semua-lelang:5983
[   19831ms] [LOG] WebSocket connection @ https://phbidlautdemo.prahu-hub.com/lelang/listlelang?tab=semua-lelang:6026
[   19831ms] [LOG] WebSocket connection attempting... @ https://phbidlautdemo.prahu-hub.com/lelang/listlelang?tab=semua-lelang:6104
[   19931ms] [LOG] WebSocket connected @ https://phbidlautdemo.prahu-hub.com/lelang/listlelang?tab=semua-lelang:6035
[   19936ms] [LOG] update_dashboard_order_laut @ https://phbidlautdemo.prahu-hub.com/lelang/listlelang?tab=semua-lelang:6076
[   19938ms] [LOG] Connected @ https://phbidlautdemo.prahu-hub.com/lelang/listlelang?tab=semua-lelang:6076
[   19958ms] [LOG] Connected @ https://phbidlautdemo.prahu-hub.com/lelang/listlelang?tab=semua-lelang:6076
[   21442ms] [LOG] [Object, Object, Object, Object, Object, Object, Object, Object, Object, Object, Object, Object, Object, Object, Object, Object, Object, Object, Object, Object] @ https://phbidlautdemo.prahu-hub.com/_resources/themes/prahutheme/javascript/custom/listLelang.js?m=1787970752:14
[   21447ms] [LOG] 388 @ https://phbidlautdemo.prahu-hub.com/_resources/themes/prahutheme/javascript/custom/listLelang.js?m=1787970752:818
[   21447ms] [LOG] 388 countView1 1 pageNow 20 limitView1 @ https://phbidlautdemo.prahu-hub.com/_resources/themes/prahutheme/javascript/custom/listLelang.js?m=1787970752:820
[   21447ms] [LOG] 20 @ https://phbidlautdemo.prahu-hub.com/_resources/themes/prahutheme/javascript/custom/listLelang.js?m=1787970752:826
[   21448ms] [LOG] 388 jumlah data @ https://phbidlautdemo.prahu-hub.com/_resources/themes/prahutheme/javascript/custom/listLelang.js?m=1787970752:779
[   21448ms] [LOG] 20 @ https://phbidlautdemo.prahu-hub.com/_resources/themes/prahutheme/javascript/custom/listLelang.js?m=1787970752:781
[   21448ms] [LOG] 20 1 pageCount & pageNow @ https://phbidlautdemo.prahu-hub.com/_resources/themes/prahutheme/javascript/custom/listLelang.js?m=1787970752:704
[   21451ms] [LOG] 200 xhrglobal @ https://phbidlautdemo.prahu-hub.com/lelang/listlelang?tab=semua-lelang:5957
[   21473ms] ReferenceError: renderTooltipHarga is not defined
    at https://phbidlautdemo.prahu-hub.com/_resources/themes/prahutheme/javascript/custom/listLelang.js?m=1787970752:1049:9
[   21601ms] [LOG] 200 xhrglobal @ https://phbidlautdemo.prahu-hub.com/lelang/listlelang?tab=semua-lelang:5957
[   21681ms] [LOG] 200 xhrglobal @ https://phbidlautdemo.prahu-hub.com/lelang/listlelang?tab=semua-lelang:5957
[   21828ms] TypeError: $(...).DataTable is not a function
    at https://phbidlautdemo.prahu-hub.com/_resources/themes/prahutheme/js/scripts-init/tables.js:7:23
[   22417ms] [LOG] Connected @ https://phbidlautdemo.prahu-hub.com/lelang/listlelang?tab=semua-lelang:6076
[   23195ms] Cannot use import statement outside a module
[   23212ms] ReferenceError: Chart is not defined
    at https://phbidlautdemo.prahu-hub.com/_resources/themes/prahutheme/js/scripts-init/charts/chartjs.js:8:13
[   23336ms] Unexpected token '<'
[   23439ms] Unexpected token '<'
[   23507ms] Uncaught TypeError: expect element to be DOM Element, but got null
    at n.init (https://cdnjs.cloudflare.com/ajax/libs/smooth-scrollbar/8.5.2/smooth-scrollbar.js:24:264)
    at <anonymous> (https://phbidlautdemo.prahu-hub.com/home/notification:5528:14)
[   23540ms] [LOG] unread all @ https://phbidlautdemo.prahu-hub.com/_resources/themes/prahutheme/javascript/custom/notification.js?m=1787970752:299
[   23547ms] [LOG] undefinednamanya @ https://phbidlautdemo.prahu-hub.com/home/notification:1756
[   23555ms] [LOG] undefined @ https://phbidlautdemo.prahu-hub.com/home/notification:5881
[   23556ms] [LOG] undefined @ https://phbidlautdemo.prahu-hub.com/home/notification:5881
[   23557ms] [LOG] WebSocket connection @ https://phbidlautdemo.prahu-hub.com/home/notification:5924
[   23558ms] [LOG] WebSocket connection attempting... @ https://phbidlautdemo.prahu-hub.com/home/notification:6002
[   23656ms] [LOG] WebSocket connected @ https://phbidlautdemo.prahu-hub.com/home/notification:5933
[   23658ms] [LOG] update_dashboard_order_laut @ https://phbidlautdemo.prahu-hub.com/home/notification:5974
[   23683ms] [LOG] Connected @ https://phbidlautdemo.prahu-hub.com/home/notification:5974
[   23706ms] [LOG] dariajax jumlah= 57 @ https://phbidlautdemo.prahu-hub.com/_resources/themes/prahutheme/javascript/custom/notification.js?m=1787970752:336
[   23706ms] [LOG] dariajax countView1 = 57 @ https://phbidlautdemo.prahu-hub.com/_resources/themes/prahutheme/javascript/custom/notification.js?m=1787970752:337
[   23706ms] [LOG] dariajax countView__= 57 @ https://phbidlautdemo.prahu-hub.com/_resources/themes/prahutheme/javascript/custom/notification.js?m=1787970752:340
[   23716ms] [LOG] mobile render ok @ https://phbidlautdemo.prahu-hub.com/_resources/themes/prahutheme/javascript/custom/notification.js?m=1787970752:344
[   23716ms] [LOG] countView1 =  57 @ https://phbidlautdemo.prahu-hub.com/_resources/themes/prahutheme/javascript/custom/notification.js?m=1787970752:272
[   23716ms] [LOG] pageNow Info_1 =  1 @ https://phbidlautdemo.prahu-hub.com/_resources/themes/prahutheme/javascript/custom/notification.js?m=1787970752:273
[   23717ms] [LOG] start Info =  1 @ https://phbidlautdemo.prahu-hub.com/_resources/themes/prahutheme/javascript/custom/notification.js?m=1787970752:283
[   23717ms] [LOG] pageNow Info_2 =  1 @ https://phbidlautdemo.prahu-hub.com/_resources/themes/prahutheme/javascript/custom/notification.js?m=1787970752:284
[   23717ms] [LOG] limitView1 Info =  50 @ https://phbidlautdemo.prahu-hub.com/_resources/themes/prahutheme/javascript/custom/notification.js?m=1787970752:285
[   23717ms] [LOG] total =  57 @ https://phbidlautdemo.prahu-hub.com/_resources/themes/prahutheme/javascript/custom/notification.js?m=1787970752:258
[   23717ms] [LOG] paginate =1 @ https://phbidlautdemo.prahu-hub.com/_resources/themes/prahutheme/javascript/custom/notification.js?m=1787970752:237
[   23717ms] [LOG] pageNow_ =1 @ https://phbidlautdemo.prahu-hub.com/_resources/themes/prahutheme/javascript/custom/notification.js?m=1787970752:238
[   23718ms] [LOG] createPagination=1 @ https://phbidlautdemo.prahu-hub.com/_resources/themes/prahutheme/javascript/custom/notification.js?m=1787970752:183
[   23718ms] [LOG] 200 xhrglobal @ https://phbidlautdemo.prahu-hub.com/home/notification:5855
[   23854ms] [LOG] 200 xhrglobal @ https://phbidlautdemo.prahu-hub.com/home/notification:5855
[   23921ms] [LOG] 200 xhrglobal @ https://phbidlautdemo.prahu-hub.com/home/notification:5855
[   24458ms] [LOG] Connected @ https://phbidlautdemo.prahu-hub.com/home/notification:5974
[   25552ms] TypeError: $(...).DataTable is not a function
    at https://phbidlautdemo.prahu-hub.com/_resources/themes/prahutheme/js/scripts-init/tables.js:7:23
[   26508ms] [LOG] Connected @ https://phbidlautdemo.prahu-hub.com/home/notification:5974
[   27260ms] Cannot use import statement outside a module
[   27272ms] ReferenceError: Chart is not defined
    at https://phbidlautdemo.prahu-hub.com/_resources/themes/prahutheme/js/scripts-init/charts/chartjs.js:8:13
[   27487ms] Unexpected token '<'
[   27487ms] Unexpected token '<'
[   27516ms] Uncaught TypeError: expect element to be DOM Element, but got null
    at n.init (https://cdnjs.cloudflare.com/ajax/libs/smooth-scrollbar/8.5.2/smooth-scrollbar.js:24:264)
    at <anonymous> (https://phbidlautdemo.prahu-hub.com/lelang/listlelang?tab=semua-lelang:5630:14)
[   27546ms] [LOG] Pengajuan Lelangnamanya @ https://phbidlautdemo.prahu-hub.com/lelang/listlelang?tab=semua-lelang:1756
[   27552ms] [LOG] undefined @ https://phbidlautdemo.prahu-hub.com/lelang/listlelang?tab=semua-lelang:5983
[   27552ms] [LOG] undefined @ https://phbidlautdemo.prahu-hub.com/lelang/listlelang?tab=semua-lelang:5983
[   27552ms] [LOG] Masukkan Nama Shipper @ https://phbidlautdemo.prahu-hub.com/lelang/listlelang?tab=semua-lelang:5983
[   27552ms] [LOG] Masukkan Nomor Lelang @ https://phbidlautdemo.prahu-hub.com/lelang/listlelang?tab=semua-lelang:5983
[   27552ms] [LOG] DD/MM/YYYY @ https://phbidlautdemo.prahu-hub.com/lelang/listlelang?tab=semua-lelang:5983
[   27552ms] [LOG] DD/MM/YYYY @ https://phbidlautdemo.prahu-hub.com/lelang/listlelang?tab=semua-lelang:5983
[   27553ms] [LOG] DD/MM/YYYY @ https://phbidlautdemo.prahu-hub.com/lelang/listlelang?tab=semua-lelang:5983
[   27553ms] [LOG] DD/MM/YYYY @ https://phbidlautdemo.prahu-hub.com/lelang/listlelang?tab=semua-lelang:5983
[   27553ms] [LOG] Masukkan Nama Shipper @ https://phbidlautdemo.prahu-hub.com/lelang/listlelang?tab=semua-lelang:5983
[   27553ms] [LOG] undefined @ https://phbidlautdemo.prahu-hub.com/lelang/listlelang?tab=semua-lelang:5983
[   27553ms] [LOG] undefined @ https://phbidlautdemo.prahu-hub.com/lelang/listlelang?tab=semua-lelang:5983
[   27553ms] [LOG] Masukkan Nama Bank @ https://phbidlautdemo.prahu-hub.com/lelang/listlelang?tab=semua-lelang:5983
[   27553ms] [LOG] undefined @ https://phbidlautdemo.prahu-hub.com/lelang/listlelang?tab=semua-lelang:5983
[   27554ms] [LOG] WebSocket connection @ https://phbidlautdemo.prahu-hub.com/lelang/listlelang?tab=semua-lelang:6026
[   27555ms] [LOG] WebSocket connection attempting... @ https://phbidlautdemo.prahu-hub.com/lelang/listlelang?tab=semua-lelang:6104
[   27652ms] [LOG] WebSocket connected @ https://phbidlautdemo.prahu-hub.com/lelang/listlelang?tab=semua-lelang:6035
[   27655ms] [LOG] update_dashboard_order_laut @ https://phbidlautdemo.prahu-hub.com/lelang/listlelang?tab=semua-lelang:6076
[   27681ms] [LOG] Connected @ https://phbidlautdemo.prahu-hub.com/lelang/listlelang?tab=semua-lelang:6076
[   28455ms] [LOG] Connected @ https://phbidlautdemo.prahu-hub.com/lelang/listlelang?tab=semua-lelang:6076
[   29057ms] [LOG] [Object, Object, Object, Object, Object, Object, Object, Object, Object, Object, Object, Object, Object, Object, Object, Object, Object, Object, Object, Object] @ https://phbidlautdemo.prahu-hub.com/_resources/themes/prahutheme/javascript/custom/listLelang.js?m=1787970752:14
[   29070ms] [LOG] 388 @ https://phbidlautdemo.prahu-hub.com/_resources/themes/prahutheme/javascript/custom/listLelang.js?m=1787970752:818
[   29070ms] [LOG] 388 countView1 1 pageNow 20 limitView1 @ https://phbidlautdemo.prahu-hub.com/_resources/themes/prahutheme/javascript/custom/listLelang.js?m=1787970752:820
[   29071ms] [LOG] 20 @ https://phbidlautdemo.prahu-hub.com/_resources/themes/prahutheme/javascript/custom/listLelang.js?m=1787970752:826
[   29071ms] [LOG] 388 jumlah data @ https://phbidlautdemo.prahu-hub.com/_resources/themes/prahutheme/javascript/custom/listLelang.js?m=1787970752:779
[   29071ms] [LOG] 20 @ https://phbidlautdemo.prahu-hub.com/_resources/themes/prahutheme/javascript/custom/listLelang.js?m=1787970752:781
[   29071ms] [LOG] 20 1 pageCount & pageNow @ https://phbidlautdemo.prahu-hub.com/_resources/themes/prahutheme/javascript/custom/listLelang.js?m=1787970752:704
[   29074ms] [LOG] 200 xhrglobal @ https://phbidlautdemo.prahu-hub.com/lelang/listlelang?tab=semua-lelang:5957
[   29101ms] ReferenceError: renderTooltipHarga is not defined
    at https://phbidlautdemo.prahu-hub.com/_resources/themes/prahutheme/javascript/custom/listLelang.js?m=1787970752:1049:9
[   29197ms] [LOG] 200 xhrglobal @ https://phbidlautdemo.prahu-hub.com/lelang/listlelang?tab=semua-lelang:5957
[   29255ms] [LOG] 200 xhrglobal @ https://phbidlautdemo.prahu-hub.com/lelang/listlelang?tab=semua-lelang:5957
[   29553ms] TypeError: $(...).DataTable is not a function
    at https://phbidlautdemo.prahu-hub.com/_resources/themes/prahutheme/js/scripts-init/tables.js:7:23
[   31623ms] Cannot use import statement outside a module
[   31652ms] ReferenceError: Chart is not defined
    at https://phbidlautdemo.prahu-hub.com/_resources/themes/prahutheme/js/scripts-init/charts/chartjs.js:8:13
[   32108ms] Unexpected token '<'
[   32108ms] Unexpected token '<'
[   32130ms] TypeError: $(...).datetimepicker is not a function
    at https://phbidlautdemo.prahu-hub.com/home/hargajadwal?tab=1:5815:16
[   32151ms] Uncaught TypeError: expect element to be DOM Element, but got null
    at n.init (https://cdnjs.cloudflare.com/ajax/libs/smooth-scrollbar/8.5.2/smooth-scrollbar.js:24:264)
    at <anonymous> (https://phbidlautdemo.prahu-hub.com/home/hargajadwal?tab=1:7564:14)
[   32201ms] [LOG] Harganamanya @ https://phbidlautdemo.prahu-hub.com/home/hargajadwal?tab=1:1756
[   32212ms] [LOG] undefined @ https://phbidlautdemo.prahu-hub.com/home/hargajadwal?tab=1:7917
[   32212ms] [LOG] undefined @ https://phbidlautdemo.prahu-hub.com/home/hargajadwal?tab=1:7917
[   32213ms] [LOG] undefined @ https://phbidlautdemo.prahu-hub.com/home/hargajadwal?tab=1:7917
[   32213ms] [LOG] DD/MM/YYYY @ https://phbidlautdemo.prahu-hub.com/home/hargajadwal?tab=1:7917
[   32213ms] [LOG] Masukkan Nomor Lelang @ https://phbidlautdemo.prahu-hub.com/home/hargajadwal?tab=1:7917
[   32213ms] [LOG] Search... @ https://phbidlautdemo.prahu-hub.com/home/hargajadwal?tab=1:7917
[   32213ms] [LOG] Search... @ https://phbidlautdemo.prahu-hub.com/home/hargajadwal?tab=1:7917
[   32213ms] [LOG] Masukkan Jenis @ https://phbidlautdemo.prahu-hub.com/home/hargajadwal?tab=1:7917
[   32214ms] [LOG] Masukkan Harga @ https://phbidlautdemo.prahu-hub.com/home/hargajadwal?tab=1:7917
[   32214ms] [LOG] DD/MM/YYYY @ https://phbidlautdemo.prahu-hub.com/home/hargajadwal?tab=1:7917
[   32214ms] [LOG] undefined @ https://phbidlautdemo.prahu-hub.com/home/hargajadwal?tab=1:7917
[   32214ms] [LOG] undefined @ https://phbidlautdemo.prahu-hub.com/home/hargajadwal?tab=1:7917
[   32214ms] [LOG] Masukkan UN Code @ https://phbidlautdemo.prahu-hub.com/home/hargajadwal?tab=1:7917
[   32214ms] [LOG] undefined @ https://phbidlautdemo.prahu-hub.com/home/hargajadwal?tab=1:7917
[   32214ms] [LOG] undefined @ https://phbidlautdemo.prahu-hub.com/home/hargajadwal?tab=1:7917
[   32214ms] [LOG] Masukkan Nama Pelabuhan @ https://phbidlautdemo.prahu-hub.com/home/hargajadwal?tab=1:7917
[   32216ms] [LOG] WebSocket connection @ https://phbidlautdemo.prahu-hub.com/home/hargajadwal?tab=1:7960
[   32217ms] [LOG] WebSocket connection attempting... @ https://phbidlautdemo.prahu-hub.com/home/hargajadwal?tab=1:8038
[   32313ms] [LOG] WebSocket connected @ https://phbidlautdemo.prahu-hub.com/home/hargajadwal?tab=1:7969
[   32315ms] [LOG] update_dashboard_order_laut @ https://phbidlautdemo.prahu-hub.com/home/hargajadwal?tab=1:8010
[   32341ms] [LOG] Connected @ https://phbidlautdemo.prahu-hub.com/home/hargajadwal?tab=1:8010
[   34092ms] [LOG] Connected @ https://phbidlautdemo.prahu-hub.com/home/hargajadwal?tab=1:8010
[   34150ms] [LOG] Connected @ https://phbidlautdemo.prahu-hub.com/home/hargajadwal?tab=1:8010
[   34211ms] [LOG] [Object, Object, Object, Object, Object, Object, Object, Object, Object, Object, Object, Object, Object, Object, Object, Object, Object, Object, Object, Object] @ https://phbidlautdemo.prahu-hub.com/_resources/themes/prahutheme/javascript/custom/hargajadwal.js?m=1787970752:306
[   34224ms] [LOG] [Object, Object, Object, Object, Object, Object, Object, Object, Object, Object, Object, Object, Object, Object, Object, Object, Object, Object, Object, Object] @ https://phbidlautdemo.prahu-hub.com/_resources/themes/prahutheme/javascript/custom/hargajadwal.js?m=1787970752:69
[   34241ms] [LOG] 279 @ https://phbidlautdemo.prahu-hub.com/_resources/themes/prahutheme/javascript/custom/hargajadwal.js?m=1787970752:1167
[   34241ms] [LOG] 279 jumlah data @ https://phbidlautdemo.prahu-hub.com/_resources/themes/prahutheme/javascript/custom/hargajadwal.js?m=1787970752:1124
[   34242ms] [LOG] 14 1 pageCount & pageNow @ https://phbidlautdemo.prahu-hub.com/_resources/themes/prahutheme/javascript/custom/hargajadwal.js?m=1787970752:1053
[   34244ms] [LOG] 200 xhrglobal @ https://phbidlautdemo.prahu-hub.com/home/hargajadwal?tab=1:7891
[   34244ms] [LOG] ce.fn.init stepItem @ https://phbidlautdemo.prahu-hub.com/_resources/themes/prahutheme/javascript/custom/hargajadwal.js?m=1787970752:1027
[   34295ms] TypeError: $(...).DataTable is not a function
    at https://phbidlautdemo.prahu-hub.com/_resources/themes/prahutheme/js/scripts-init/tables.js:7:23
[   34354ms] [LOG] Connected @ https://phbidlautdemo.prahu-hub.com/home/hargajadwal?tab=1:8010
[   34387ms] [LOG] 200 xhrglobal @ https://phbidlautdemo.prahu-hub.com/home/hargajadwal?tab=1:7891
[   34477ms] [LOG] 200 xhrglobal @ https://phbidlautdemo.prahu-hub.com/home/hargajadwal?tab=1:7891
[   34595ms] [LOG] Connected @ https://phbidlautdemo.prahu-hub.com/home/hargajadwal?tab=1:8010
[   37188ms] Cannot use import statement outside a module
[   37210ms] ReferenceError: Chart is not defined
    at https://phbidlautdemo.prahu-hub.com/_resources/themes/prahutheme/js/scripts-init/charts/chartjs.js:8:13
[   37339ms] Unexpected token '<'
[   37342ms] Unexpected token '<'
[   37453ms] Uncaught TypeError: expect element to be DOM Element, but got null
    at n.init (https://cdnjs.cloudflare.com/ajax/libs/smooth-scrollbar/8.5.2/smooth-scrollbar.js:24:264)
    at <anonymous> (https://phbidlautdemo.prahu-hub.com/lelang/pengajuannego:5562:14)
[   37453ms] [LOG] NEGOnamanya @ https://phbidlautdemo.prahu-hub.com/lelang/pengajuannego:1756
[   37459ms] [LOG] undefined @ https://phbidlautdemo.prahu-hub.com/lelang/pengajuannego:5915
[   37459ms] [LOG] Masukkan Nomor Lelang @ https://phbidlautdemo.prahu-hub.com/lelang/pengajuannego:5915
[   37459ms] [LOG] Masukkan Nama Shipper @ https://phbidlautdemo.prahu-hub.com/lelang/pengajuannego:5915
[   37459ms] [LOG] Harga Awal @ https://phbidlautdemo.prahu-hub.com/lelang/pengajuannego:5915
[   37461ms] [LOG] DD/MM/YYYY @ https://phbidlautdemo.prahu-hub.com/lelang/pengajuannego:5915
[   37462ms] [LOG] DD/MM/YYYY @ https://phbidlautdemo.prahu-hub.com/lelang/pengajuannego:5915
[   37462ms] [LOG] Harga Awal @ https://phbidlautdemo.prahu-hub.com/lelang/pengajuannego:5915
[   37462ms] [LOG] Masukkan Nego Harga @ https://phbidlautdemo.prahu-hub.com/lelang/pengajuannego:5915
[   37462ms] [LOG] Masukkan Harga Baru @ https://phbidlautdemo.prahu-hub.com/lelang/pengajuannego:5915
[   37462ms] [LOG] Masukkan Jumlah Nego @ https://phbidlautdemo.prahu-hub.com/lelang/pengajuannego:5915
[   37463ms] [LOG] WebSocket connection @ https://phbidlautdemo.prahu-hub.com/lelang/pengajuannego:5958
[   37464ms] [LOG] WebSocket connection attempting... @ https://phbidlautdemo.prahu-hub.com/lelang/pengajuannego:6036
[   37568ms] [LOG] WebSocket connected @ https://phbidlautdemo.prahu-hub.com/lelang/pengajuannego:5967
[   37572ms] [LOG] update_dashboard_order_laut @ https://phbidlautdemo.prahu-hub.com/lelang/pengajuannego:6008
[   37599ms] [LOG] Connected @ https://phbidlautdemo.prahu-hub.com/lelang/pengajuannego:6008
[   38042ms] [LOG] Connected @ https://phbidlautdemo.prahu-hub.com/lelang/pengajuannego:6008
[   39493ms] [LOG] 200 xhrglobal @ https://phbidlautdemo.prahu-hub.com/lelang/pengajuannego:5889
[   39539ms] TypeError: $(...).DataTable is not a function
    at https://phbidlautdemo.prahu-hub.com/_resources/themes/prahutheme/js/scripts-init/tables.js:7:23
[   39589ms] [LOG] 200 xhrglobal @ https://phbidlautdemo.prahu-hub.com/lelang/pengajuannego:5889
[   39649ms] [LOG] 200 xhrglobal @ https://phbidlautdemo.prahu-hub.com/lelang/pengajuannego:5889
[   40048ms] [LOG] Connected @ https://phbidlautdemo.prahu-hub.com/lelang/pengajuannego:6008
[   41353ms] Cannot use import statement outside a module
[   41375ms] ReferenceError: Chart is not defined
    at https://phbidlautdemo.prahu-hub.com/_resources/themes/prahutheme/js/scripts-init/charts/chartjs.js:8:13
[   41376ms] Unexpected token '<'
[   41376ms] Unexpected token '<'
[   41418ms] Uncaught TypeError: expect element to be DOM Element, but got null
    at n.init (https://cdnjs.cloudflare.com/ajax/libs/smooth-scrollbar/8.5.2/smooth-scrollbar.js:24:264)
    at <anonymous> (https://phbidlautdemo.prahu-hub.com/order/orderlist:7678:14)
[   41445ms] [LOG] 1 @ https://phbidlautdemo.prahu-hub.com/_resources/themes/prahutheme/javascript/custom/orderList.js?m=1787970752:939
[   41445ms] [LOG] 20 @ https://phbidlautdemo.prahu-hub.com/_resources/themes/prahutheme/javascript/custom/orderList.js?m=1787970752:940
[   41449ms] [LOG] Daftar Ordernamanya @ https://phbidlautdemo.prahu-hub.com/order/orderlist:2024
[   41472ms] [LOG] Masukkan ID Order @ https://phbidlautdemo.prahu-hub.com/order/orderlist:8031
[   41472ms] [LOG] undefined @ https://phbidlautdemo.prahu-hub.com/order/orderlist:8031
[   41472ms] [LOG] Masukkan Nomor Lelang @ https://phbidlautdemo.prahu-hub.com/order/orderlist:8031
[   41473ms] [LOG] Masukkan Nama Shipper @ https://phbidlautdemo.prahu-hub.com/order/orderlist:8031
[   41473ms] [LOG] DD/MM/YYYY - DD/MM/YYYY @ https://phbidlautdemo.prahu-hub.com/order/orderlist:8031
[   41473ms] [LOG] Masukkan No. Kontainer @ https://phbidlautdemo.prahu-hub.com/order/orderlist:8031
[   41473ms] [LOG] DD/MM/YYYY - DD/MM/YYYY @ https://phbidlautdemo.prahu-hub.com/order/orderlist:8031
[   41473ms] [LOG] DD/MM/YYYY -  DD/MM/YYYY @ https://phbidlautdemo.prahu-hub.com/order/orderlist:8031
[   41473ms] [LOG] Search... @ https://phbidlautdemo.prahu-hub.com/order/orderlist:8031
[   41473ms] [LOG] Search... @ https://phbidlautdemo.prahu-hub.com/order/orderlist:8031
[   41473ms] [LOG] undefined @ https://phbidlautdemo.prahu-hub.com/order/orderlist:8031
[   41474ms] [LOG] Masukkan Nama Kapal @ https://phbidlautdemo.prahu-hub.com/order/orderlist:8031
[   41474ms] [LOG] DD/MM/YYYY @ https://phbidlautdemo.prahu-hub.com/order/orderlist:8031
[   41476ms] [LOG] Masukkan Jumlah @ https://phbidlautdemo.prahu-hub.com/order/orderlist:8031
[   41476ms] [LOG] Masukkan Nama Penerima Barang @ https://phbidlautdemo.prahu-hub.com/order/orderlist:8031
[   41476ms] [LOG] Search... @ https://phbidlautdemo.prahu-hub.com/order/orderlist:8031
[   41477ms] [LOG] Masukkan Nomor Referensi @ https://phbidlautdemo.prahu-hub.com/order/orderlist:8031
[   41477ms] [LOG] undefined @ https://phbidlautdemo.prahu-hub.com/order/orderlist:8031
[   41477ms] [LOG] Masukkan Harga Baru @ https://phbidlautdemo.prahu-hub.com/order/orderlist:8031
[   41477ms] [LOG] undefined @ https://phbidlautdemo.prahu-hub.com/order/orderlist:8031
[   41478ms] [LOG] WebSocket connection @ https://phbidlautdemo.prahu-hub.com/order/orderlist:8074
[   41479ms] [LOG] WebSocket connection attempting... @ https://phbidlautdemo.prahu-hub.com/order/orderlist:8152
[   41631ms] [LOG] WebSocket connected @ https://phbidlautdemo.prahu-hub.com/order/orderlist:8083
[   41634ms] [LOG] update_dashboard_order_laut @ https://phbidlautdemo.prahu-hub.com/order/orderlist:8124
[   41665ms] [LOG] Connected @ https://phbidlautdemo.prahu-hub.com/order/orderlist:8124
[   41886ms] [LOG] notif_badge_show.916-374-846-838-926-887-886-675-937-935-914-900-876-820-796-795-783-764-704-689-688-685-642-641-640-639-638-631-628-627-626-625-624-623-622-621-613-459-366-778-485-905-836-890-713-465-862-904-909-395-754-407-133-129-537-176-398-789-869-356-158-371-291-860-481-612-731-23 @ https://phbidlautdemo.prahu-hub.com/order/orderlist:8124
[   41888ms] [LOG] updateNotif.916-374-846-838-926-887-886-675-937-935-914-900-876-820-796-795-783-764-704-689-688-685-642-641-640-639-638-631-628-627-626-625-624-623-622-621-613-459-366-778-485-905-836-890-713-465-862-904-909-395-754-407-133-129-537-176-398-789-869-356-158-371-291-860-481-612-731-23 @ https://phbidlautdemo.prahu-hub.com/order/orderlist:8124
[   42107ms] [LOG] Connected @ https://phbidlautdemo.prahu-hub.com/order/orderlist:8124
[   43455ms] TypeError: $(...).DataTable is not a function
    at https://phbidlautdemo.prahu-hub.com/_resources/themes/prahutheme/js/scripts-init/tables.js:7:23
[   43877ms] [LOG] Connected @ https://phbidlautdemo.prahu-hub.com/order/orderlist:8124
[   43974ms] [LOG] datanya20 @ https://phbidlautdemo.prahu-hub.com/_resources/themes/prahutheme/javascript/custom/orderList.js?m=1787970752:986
[   43977ms] [LOG] [Object, Object, Object, Object, Object, Object, Object, Object, Object, Object, Object, Object, Object, Object, Object, Object, Object, Object, Object, Object] @ https://phbidlautdemo.prahu-hub.com/_resources/themes/prahutheme/javascript/custom/orderList.js?m=1787970752:421
[   43981ms] [LOG] {ID: 1461, status_order: KONFIRMASI_UNIT, JadwalID: 1854, ID_Order: 20260829-06501, dari_api: null} @ https://phbidlautdemo.prahu-hub.com/_resources/themes/prahutheme/javascript/custom/orderList.js?m=1787970752:427
[   43982ms] [LOG] [Manujo] penerima @ https://phbidlautdemo.prahu-hub.com/_resources/themes/prahutheme/javascript/custom/orderList.js?m=1787970752:648
[   43982ms] [LOG] {ID: 1460, status_order: KONFIRMASI_UNIT, JadwalID: 1855, ID_Order: 20260828-06506, dari_api: null} @ https://phbidlautdemo.prahu-hub.com/_resources/themes/prahutheme/javascript/custom/orderList.js?m=1787970752:427
[   43987ms] [LOG] [Manujo] penerima @ https://phbidlautdemo.prahu-hub.com/_resources/themes/prahutheme/javascript/custom/orderList.js?m=1787970752:648
[   43987ms] [LOG] {ID: 1459, status_order: CANCEL, JadwalID: 1846, ID_Order: 20260828-06505, dari_api: null} @ https://phbidlautdemo.prahu-hub.com/_resources/themes/prahutheme/javascript/custom/orderList.js?m=1787970752:427
[   43988ms] [LOG] [Manujo] penerima @ https://phbidlautdemo.prahu-hub.com/_resources/themes/prahutheme/javascript/custom/orderList.js?m=1787970752:648
[   43988ms] [LOG] {ID: 1458, status_order: KONFIRMASI_UNIT, JadwalID: 1846, ID_Order: 20260828-06504, dari_api: null} @ https://phbidlautdemo.prahu-hub.com/_resources/themes/prahutheme/javascript/custom/orderList.js?m=1787970752:427
[   43989ms] [LOG] [Manujo] penerima @ https://phbidlautdemo.prahu-hub.com/_resources/themes/prahutheme/javascript/custom/orderList.js?m=1787970752:648
[   43989ms] [LOG] {ID: 1453, status_order: DONE, JadwalID: 1846, ID_Order: 20260827-06502, dari_api: null} @ https://phbidlautdemo.prahu-hub.com/_resources/themes/prahutheme/javascript/custom/orderList.js?m=1787970752:427
[   43990ms] [LOG] [Manujo] penerima @ https://phbidlautdemo.prahu-hub.com/_resources/themes/prahutheme/javascript/custom/orderList.js?m=1787970752:648
[   43990ms] [LOG] {ID: 1452, status_order: DONE, JadwalID: 1844, ID_Order: 20260827-06501, dari_api: null} @ https://phbidlautdemo.prahu-hub.com/_resources/themes/prahutheme/javascript/custom/orderList.js?m=1787970752:427
[   43990ms] [LOG] [Ik Bitung] penerima @ https://phbidlautdemo.prahu-hub.com/_resources/themes/prahutheme/javascript/custom/orderList.js?m=1787970752:648
[   43991ms] [LOG] {ID: 1451, status_order: DONE, JadwalID: 1845, ID_Order: 20260826-06507, dari_api: null} @ https://phbidlautdemo.prahu-hub.com/_resources/themes/prahutheme/javascript/custom/orderList.js?m=1787970752:427
[   43991ms] [LOG] [Ik Bitung] penerima @ https://phbidlautdemo.prahu-hub.com/_resources/themes/prahutheme/javascript/custom/orderList.js?m=1787970752:648
[   43992ms] [LOG] {ID: 1449, status_order: DONE, JadwalID: 1839, ID_Order: 20260826-06505, dari_api: null} @ https://phbidlautdemo.prahu-hub.com/_resources/themes/prahutheme/javascript/custom/orderList.js?m=1787970752:427
[   43992ms] [LOG] [Ik Bitung] penerima @ https://phbidlautdemo.prahu-hub.com/_resources/themes/prahutheme/javascript/custom/orderList.js?m=1787970752:648
[   43992ms] [LOG] {ID: 1448, status_order: DONE, JadwalID: 1851, ID_Order: 20260826-06504, dari_api: null} @ https://phbidlautdemo.prahu-hub.com/_resources/themes/prahutheme/javascript/custom/orderList.js?m=1787970752:427
[   43993ms] [LOG] [Ik Bitung] penerima @ https://phbidlautdemo.prahu-hub.com/_resources/themes/prahutheme/javascript/custom/orderList.js?m=1787970752:648
[   43993ms] [LOG] {ID: 1447, status_order: DONE, JadwalID: 1839, ID_Order: 20260826-06503, dari_api: null} @ https://phbidlautdemo.prahu-hub.com/_resources/themes/prahutheme/javascript/custom/orderList.js?m=1787970752:427
[   43993ms] [LOG] [Ik Bitung] penerima @ https://phbidlautdemo.prahu-hub.com/_resources/themes/prahutheme/javascript/custom/orderList.js?m=1787970752:648
[   43994ms] [LOG] {ID: 1446, status_order: DONE, JadwalID: 1839, ID_Order: 20260826-06502, dari_api: null} @ https://phbidlautdemo.prahu-hub.com/_resources/themes/prahutheme/javascript/custom/orderList.js?m=1787970752:427
[   43994ms] [LOG] [Ik Bitung] penerima @ https://phbidlautdemo.prahu-hub.com/_resources/themes/prahutheme/javascript/custom/orderList.js?m=1787970752:648
[   43994ms] [LOG] {ID: 1445, status_order: DONE, JadwalID: 1839, ID_Order: 20260826-06501, dari_api: null} @ https://phbidlautdemo.prahu-hub.com/_resources/themes/prahutheme/javascript/custom/orderList.js?m=1787970752:427
[   43995ms] [LOG] [Ik Bitung] penerima @ https://phbidlautdemo.prahu-hub.com/_resources/themes/prahutheme/javascript/custom/orderList.js?m=1787970752:648
[   43995ms] [LOG] {ID: 1435, status_order: DONE, JadwalID: 1828, ID_Order: 20260820-06504, dari_api: null} @ https://phbidlautdemo.prahu-hub.com/_resources/themes/prahutheme/javascript/custom/orderList.js?m=1787970752:427
[   43995ms] [LOG] [Ik Bitung] penerima @ https://phbidlautdemo.prahu-hub.com/_resources/themes/prahutheme/javascript/custom/orderList.js?m=1787970752:648
[   43995ms] [LOG] {ID: 1433, status_order: CANCEL, JadwalID: 1828, ID_Order: 20260820-06502, dari_api: null} @ https://phbidlautdemo.prahu-hub.com/_resources/themes/prahutheme/javascript/custom/orderList.js?m=1787970752:427
[   43996ms] [LOG] [Ik Bitung] penerima @ https://phbidlautdemo.prahu-hub.com/_resources/themes/prahutheme/javascript/custom/orderList.js?m=1787970752:648
[   43996ms] [LOG] {ID: 1432, status_order: CANCEL, JadwalID: 1824, ID_Order: 20260820-06501, dari_api: YES} @ https://phbidlautdemo.prahu-hub.com/_resources/themes/prahutheme/javascript/custom/orderList.js?m=1787970752:427
[   43996ms] [LOG] [Ik Bitung] penerima @ https://phbidlautdemo.prahu-hub.com/_resources/themes/prahutheme/javascript/custom/orderList.js?m=1787970752:648
[   43997ms] [LOG] {ID: 1429, status_order: DONE, JadwalID: 1815, ID_Order: 20260811-06501, dari_api: YES} @ https://phbidlautdemo.prahu-hub.com/_resources/themes/prahutheme/javascript/custom/orderList.js?m=1787970752:427
[   43997ms] [LOG] [IKHSAN JAYA, IKHSAN JAYA, IKHSAN JAYA] penerima @ https://phbidlautdemo.prahu-hub.com/_resources/themes/prahutheme/javascript/custom/orderList.js?m=1787970752:648
[   43997ms] [LOG] {ID: 1428, status_order: DONE, JadwalID: 1814, ID_Order: 20260807-06501, dari_api: YES} @ https://phbidlautdemo.prahu-hub.com/_resources/themes/prahutheme/javascript/custom/orderList.js?m=1787970752:427
[   43997ms] [LOG] [Ik Bitung] penerima @ https://phbidlautdemo.prahu-hub.com/_resources/themes/prahutheme/javascript/custom/orderList.js?m=1787970752:648
[   43998ms] [LOG] {ID: 1421, status_order: DONE, JadwalID: 1795, ID_Order: 20260713-06501, dari_api: null} @ https://phbidlautdemo.prahu-hub.com/_resources/themes/prahutheme/javascript/custom/orderList.js?m=1787970752:427
[   43998ms] [LOG] [Ik Bitung] penerima @ https://phbidlautdemo.prahu-hub.com/_resources/themes/prahutheme/javascript/custom/orderList.js?m=1787970752:648
[   43998ms] [LOG] {ID: 1420, status_order: DONE, JadwalID: 1785, ID_Order: 20260629-06501, dari_api: null} @ https://phbidlautdemo.prahu-hub.com/_resources/themes/prahutheme/javascript/custom/orderList.js?m=1787970752:427
[   43999ms] [LOG] [PT. Perkasa Adi Makmur Sentosa, PT. Tridatu Jaya, PT. Indajaya] penerima @ https://phbidlautdemo.prahu-hub.com/_resources/themes/prahutheme/javascript/custom/orderList.js?m=1787970752:648
[   43999ms] [LOG] {ID: 1419, status_order: KONFIRMASI_UNIT, JadwalID: 1790, ID_Order: 20260627-06504, dari_api: null} @ https://phbidlautdemo.prahu-hub.com/_resources/themes/prahutheme/javascript/custom/orderList.js?m=1787970752:427
[   43999ms] [LOG] [Ik Bitung] penerima @ https://phbidlautdemo.prahu-hub.com/_resources/themes/prahutheme/javascript/custom/orderList.js?m=1787970752:648
[   44021ms] [LOG] [Object, Object, Object, Object, Object, Object, Object, Object, Object, Object, Object, Object, Object, Object, Object, Object, Object, Object, Object, Object] @ https://phbidlautdemo.prahu-hub.com/_resources/themes/prahutheme/javascript/custom/orderList.js?m=1787970752:40
[   44022ms] [LOG] {ID: 1461, status_order: KONFIRMASI_UNIT, JadwalID: 1854, ID_Order: 20260829-06501, dari_api: null} @ https://phbidlautdemo.prahu-hub.com/_resources/themes/prahutheme/javascript/custom/orderList.js?m=1787970752:46
[   44023ms] [LOG] [Manujo] penerima @ https://phbidlautdemo.prahu-hub.com/_resources/themes/prahutheme/javascript/custom/orderList.js?m=1787970752:261
[   44023ms] [LOG] {ID: 1460, status_order: KONFIRMASI_UNIT, JadwalID: 1855, ID_Order: 20260828-06506, dari_api: null} @ https://phbidlautdemo.prahu-hub.com/_resources/themes/prahutheme/javascript/custom/orderList.js?m=1787970752:46
[   44023ms] [LOG] [Manujo] penerima @ https://phbidlautdemo.prahu-hub.com/_resources/themes/prahutheme/javascript/custom/orderList.js?m=1787970752:261
[   44023ms] [LOG] {ID: 1459, status_order: CANCEL, JadwalID: 1846, ID_Order: 20260828-06505, dari_api: null} @ https://phbidlautdemo.prahu-hub.com/_resources/themes/prahutheme/javascript/custom/orderList.js?m=1787970752:46
[   44023ms] [LOG] [Manujo] penerima @ https://phbidlautdemo.prahu-hub.com/_resources/themes/prahutheme/javascript/custom/orderList.js?m=1787970752:261
[   44024ms] [LOG] {ID: 1458, status_order: KONFIRMASI_UNIT, JadwalID: 1846, ID_Order: 20260828-06504, dari_api: null} @ https://phbidlautdemo.prahu-hub.com/_resources/themes/prahutheme/javascript/custom/orderList.js?m=1787970752:46
[   44024ms] [LOG] [Manujo] penerima @ https://phbidlautdemo.prahu-hub.com/_resources/themes/prahutheme/javascript/custom/orderList.js?m=1787970752:261
[   44024ms] [LOG] {ID: 1453, status_order: DONE, JadwalID: 1846, ID_Order: 20260827-06502, dari_api: null} @ https://phbidlautdemo.prahu-hub.com/_resources/themes/prahutheme/javascript/custom/orderList.js?m=1787970752:46
[   44024ms] [LOG] [Manujo] penerima @ https://phbidlautdemo.prahu-hub.com/_resources/themes/prahutheme/javascript/custom/orderList.js?m=1787970752:261
[   44024ms] [LOG] {ID: 1452, status_order: DONE, JadwalID: 1844, ID_Order: 20260827-06501, dari_api: null} @ https://phbidlautdemo.prahu-hub.com/_resources/themes/prahutheme/javascript/custom/orderList.js?m=1787970752:46
[   44024ms] [LOG] [Ik Bitung] penerima @ https://phbidlautdemo.prahu-hub.com/_resources/themes/prahutheme/javascript/custom/orderList.js?m=1787970752:261
[   44025ms] [LOG] {ID: 1451, status_order: DONE, JadwalID: 1845, ID_Order: 20260826-06507, dari_api: null} @ https://phbidlautdemo.prahu-hub.com/_resources/themes/prahutheme/javascript/custom/orderList.js?m=1787970752:46
[   44025ms] [LOG] [Ik Bitung] penerima @ https://phbidlautdemo.prahu-hub.com/_resources/themes/prahutheme/javascript/custom/orderList.js?m=1787970752:261
[   44025ms] [LOG] {ID: 1449, status_order: DONE, JadwalID: 1839, ID_Order: 20260826-06505, dari_api: null} @ https://phbidlautdemo.prahu-hub.com/_resources/themes/prahutheme/javascript/custom/orderList.js?m=1787970752:46
[   44025ms] [LOG] [Ik Bitung] penerima @ https://phbidlautdemo.prahu-hub.com/_resources/themes/prahutheme/javascript/custom/orderList.js?m=1787970752:261
[   44026ms] [LOG] {ID: 1448, status_order: DONE, JadwalID: 1851, ID_Order: 20260826-06504, dari_api: null} @ https://phbidlautdemo.prahu-hub.com/_resources/themes/prahutheme/javascript/custom/orderList.js?m=1787970752:46
[   44026ms] [LOG] [Ik Bitung] penerima @ https://phbidlautdemo.prahu-hub.com/_resources/themes/prahutheme/javascript/custom/orderList.js?m=1787970752:261
[   44026ms] [LOG] {ID: 1447, status_order: DONE, JadwalID: 1839, ID_Order: 20260826-06503, dari_api: null} @ https://phbidlautdemo.prahu-hub.com/_resources/themes/prahutheme/javascript/custom/orderList.js?m=1787970752:46
[   44026ms] [LOG] [Ik Bitung] penerima @ https://phbidlautdemo.prahu-hub.com/_resources/themes/prahutheme/javascript/custom/orderList.js?m=1787970752:261
[   44027ms] [LOG] {ID: 1446, status_order: DONE, JadwalID: 1839, ID_Order: 20260826-06502, dari_api: null} @ https://phbidlautdemo.prahu-hub.com/_resources/themes/prahutheme/javascript/custom/orderList.js?m=1787970752:46
[   44027ms] [LOG] [Ik Bitung] penerima @ https://phbidlautdemo.prahu-hub.com/_resources/themes/prahutheme/javascript/custom/orderList.js?m=1787970752:261
[   44027ms] [LOG] {ID: 1445, status_order: DONE, JadwalID: 1839, ID_Order: 20260826-06501, dari_api: null} @ https://phbidlautdemo.prahu-hub.com/_resources/themes/prahutheme/javascript/custom/orderList.js?m=1787970752:46
[   44027ms] [LOG] [Ik Bitung] penerima @ https://phbidlautdemo.prahu-hub.com/_resources/themes/prahutheme/javascript/custom/orderList.js?m=1787970752:261
[   44028ms] [LOG] {ID: 1435, status_order: DONE, JadwalID: 1828, ID_Order: 20260820-06504, dari_api: null} @ https://phbidlautdemo.prahu-hub.com/_resources/themes/prahutheme/javascript/custom/orderList.js?m=1787970752:46
[   44028ms] [LOG] [Ik Bitung] penerima @ https://phbidlautdemo.prahu-hub.com/_resources/themes/prahutheme/javascript/custom/orderList.js?m=1787970752:261
[   44028ms] [LOG] {ID: 1433, status_order: CANCEL, JadwalID: 1828, ID_Order: 20260820-06502, dari_api: null} @ https://phbidlautdemo.prahu-hub.com/_resources/themes/prahutheme/javascript/custom/orderList.js?m=1787970752:46
[   44028ms] [LOG] [Ik Bitung] penerima @ https://phbidlautdemo.prahu-hub.com/_resources/themes/prahutheme/javascript/custom/orderList.js?m=1787970752:261
[   44028ms] [LOG] {ID: 1432, status_order: CANCEL, JadwalID: 1824, ID_Order: 20260820-06501, dari_api: YES} @ https://phbidlautdemo.prahu-hub.com/_resources/themes/prahutheme/javascript/custom/orderList.js?m=1787970752:46
[   44029ms] [LOG] [Ik Bitung] penerima @ https://phbidlautdemo.prahu-hub.com/_resources/themes/prahutheme/javascript/custom/orderList.js?m=1787970752:261
[   44029ms] [LOG] {ID: 1429, status_order: DONE, JadwalID: 1815, ID_Order: 20260811-06501, dari_api: YES} @ https://phbidlautdemo.prahu-hub.com/_resources/themes/prahutheme/javascript/custom/orderList.js?m=1787970752:46
[   44029ms] [LOG] [IKHSAN JAYA, IKHSAN JAYA, IKHSAN JAYA] penerima @ https://phbidlautdemo.prahu-hub.com/_resources/themes/prahutheme/javascript/custom/orderList.js?m=1787970752:261
[   44029ms] [LOG] {ID: 1428, status_order: DONE, JadwalID: 1814, ID_Order: 20260807-06501, dari_api: YES} @ https://phbidlautdemo.prahu-hub.com/_resources/themes/prahutheme/javascript/custom/orderList.js?m=1787970752:46
[   44029ms] [LOG] [Ik Bitung] penerima @ https://phbidlautdemo.prahu-hub.com/_resources/themes/prahutheme/javascript/custom/orderList.js?m=1787970752:261
[   44030ms] [LOG] {ID: 1421, status_order: DONE, JadwalID: 1795, ID_Order: 20260713-06501, dari_api: null} @ https://phbidlautdemo.prahu-hub.com/_resources/themes/prahutheme/javascript/custom/orderList.js?m=1787970752:46
[   44030ms] [LOG] [Ik Bitung] penerima @ https://phbidlautdemo.prahu-hub.com/_resources/themes/prahutheme/javascript/custom/orderList.js?m=1787970752:261
[   44030ms] [LOG] {ID: 1420, status_order: DONE, JadwalID: 1785, ID_Order: 20260629-06501, dari_api: null} @ https://phbidlautdemo.prahu-hub.com/_resources/themes/prahutheme/javascript/custom/orderList.js?m=1787970752:46
[   44030ms] [LOG] [PT. Perkasa Adi Makmur Sentosa, PT. Tridatu Jaya, PT. Indajaya] penerima @ https://phbidlautdemo.prahu-hub.com/_resources/themes/prahutheme/javascript/custom/orderList.js?m=1787970752:261
[   44030ms] [LOG] {ID: 1419, status_order: KONFIRMASI_UNIT, JadwalID: 1790, ID_Order: 20260627-06504, dari_api: null} @ https://phbidlautdemo.prahu-hub.com/_resources/themes/prahutheme/javascript/custom/orderList.js?m=1787970752:46
[   44031ms] [LOG] [Ik Bitung] penerima @ https://phbidlautdemo.prahu-hub.com/_resources/themes/prahutheme/javascript/custom/orderList.js?m=1787970752:261
[   44043ms] [LOG] 359 @ https://phbidlautdemo.prahu-hub.com/_resources/themes/prahutheme/javascript/custom/orderList.js?m=1787970752:916
[   44043ms] [LOG] 359 countView1 1 pageNow 20 limitView1 @ https://phbidlautdemo.prahu-hub.com/_resources/themes/prahutheme/javascript/custom/orderList.js?m=1787970752:918
[   44043ms] [LOG] 20 @ https://phbidlautdemo.prahu-hub.com/_resources/themes/prahutheme/javascript/custom/orderList.js?m=1787970752:924
[   44044ms] [LOG] 359 jumlah data @ https://phbidlautdemo.prahu-hub.com/_resources/themes/prahutheme/javascript/custom/orderList.js?m=1787970752:879
[   44044ms] [LOG] 18 @ https://phbidlautdemo.prahu-hub.com/_resources/themes/prahutheme/javascript/custom/orderList.js?m=1787970752:881
[   44044ms] [LOG] 18 1 pageCount & pageNow @ https://phbidlautdemo.prahu-hub.com/_resources/themes/prahutheme/javascript/custom/orderList.js?m=1787970752:810
[   44045ms] [LOG] 200 xhrglobal @ https://phbidlautdemo.prahu-hub.com/order/orderlist:8005
[   44125ms] [LOG] 200 xhrglobal @ https://phbidlautdemo.prahu-hub.com/order/orderlist:8005
[   44128ms] [LOG] 200 xhrglobal @ https://phbidlautdemo.prahu-hub.com/order/orderlist:8005
[   44210ms] [LOG] Connected @ https://phbidlautdemo.prahu-hub.com/order/orderlist:8124
[   45371ms] Cannot use import statement outside a module
[   45382ms] ReferenceError: Chart is not defined
    at https://phbidlautdemo.prahu-hub.com/_resources/themes/prahutheme/js/scripts-init/charts/chartjs.js:8:13
[   45483ms] Unexpected token '<'
[   45617ms] Unexpected token '<'
[   45657ms] Uncaught TypeError: expect element to be DOM Element, but got null
    at n.init (https://cdnjs.cloudflare.com/ajax/libs/smooth-scrollbar/8.5.2/smooth-scrollbar.js:24:264)
    at <anonymous> (https://phbidlautdemo.prahu-hub.com/home/penugasantracking:6804:14)
[   45679ms] [LOG] 1 @ https://phbidlautdemo.prahu-hub.com/_resources/themes/prahutheme/javascript/custom/penugasantracking.js?m=1787970752:572
[   45679ms] [LOG] 20 @ https://phbidlautdemo.prahu-hub.com/_resources/themes/prahutheme/javascript/custom/penugasantracking.js?m=1787970752:573
[   45682ms] [LOG] Penugasan Trackingnamanya @ https://phbidlautdemo.prahu-hub.com/home/penugasantracking:1756
[   45695ms] [LOG] Masukkan ID Order @ https://phbidlautdemo.prahu-hub.com/home/penugasantracking:7157
[   45695ms] [LOG] undefined @ https://phbidlautdemo.prahu-hub.com/home/penugasantracking:7157
[   45696ms] [LOG] Masukkan Nama Shipper @ https://phbidlautdemo.prahu-hub.com/home/penugasantracking:7157
[   45696ms] [LOG] DD/MM/YYYY - DD/MM/YYYY @ https://phbidlautdemo.prahu-hub.com/home/penugasantracking:7157
[   45696ms] [LOG] Search... @ https://phbidlautdemo.prahu-hub.com/home/penugasantracking:7157
[   45696ms] [LOG] Search... @ https://phbidlautdemo.prahu-hub.com/home/penugasantracking:7157
[   45696ms] [LOG] DD/MM/YYYY - DD/MM/YYYY @ https://phbidlautdemo.prahu-hub.com/home/penugasantracking:7157
[   45696ms] [LOG] DD/MM/YYYY - DD/MM/YYYY @ https://phbidlautdemo.prahu-hub.com/home/penugasantracking:7157
[   45696ms] [LOG] Search... @ https://phbidlautdemo.prahu-hub.com/home/penugasantracking:7157
[   45697ms] [LOG] undefined @ https://phbidlautdemo.prahu-hub.com/home/penugasantracking:7157
[   45697ms] [LOG] Masukkan Nama Kapal @ https://phbidlautdemo.prahu-hub.com/home/penugasantracking:7157
[   45697ms] [LOG] Masukkan Nomor Kontainer @ https://phbidlautdemo.prahu-hub.com/home/penugasantracking:7157
[   45697ms] [LOG] Masukkan Jumlah @ https://phbidlautdemo.prahu-hub.com/home/penugasantracking:7157
[   45698ms] [LOG] WebSocket connection @ https://phbidlautdemo.prahu-hub.com/home/penugasantracking:7200
[   45698ms] [LOG] WebSocket connection attempting... @ https://phbidlautdemo.prahu-hub.com/home/penugasantracking:7278
[   45816ms] [LOG] WebSocket connected @ https://phbidlautdemo.prahu-hub.com/home/penugasantracking:7209
[   45820ms] [LOG] update_dashboard_order_laut @ https://phbidlautdemo.prahu-hub.com/home/penugasantracking:7250
[   45843ms] [LOG] Connected @ https://phbidlautdemo.prahu-hub.com/home/penugasantracking:7250
[   46384ms] [LOG] datanya20 @ https://phbidlautdemo.prahu-hub.com/_resources/themes/prahutheme/javascript/custom/penugasantracking.js?m=1787970752:610
[   46387ms] [LOG] [Object, Object, Object, Object, Object, Object, Object, Object, Object, Object, Object, Object, Object, Object, Object, Object, Object, Object, Object, Object] @ https://phbidlautdemo.prahu-hub.com/_resources/themes/prahutheme/javascript/custom/penugasantracking.js?m=1787970752:248
[   46390ms] [LOG] {ID: dmVSUnFiaGxwdU9oYjJnZHhEY0cyUT09, Nomor_Order: 20260827-06502, Nomor_Lelang: LELANGFCU/28082026IK, Tgl_Permintaan_Muat: 29/08/2026 09:13, Nama_Kapal: KM. Layar} @ https://phbidlautdemo.prahu-hub.com/_resources/themes/prahutheme/javascript/custom/penugasantracking.js?m=1787970752:254
[   46395ms] [LOG] {ID: ZWFjMCs1amZHTURpT2s5V3ltQWxMZz09, Nomor_Order: 20260827-06501, Nomor_Lelang: LELANGIK/02/2026/NRML#2, Tgl_Permintaan_Muat: 28/08/2026 09:00, Nama_Kapal: KM. Cahaya Mutiara} @ https://phbidlautdemo.prahu-hub.com/_resources/themes/prahutheme/javascript/custom/penugasantracking.js?m=1787970752:254
[   46397ms] [LOG] {ID: bkpnSEZpTnVhQ1p6aDNYOEpYS0krUT09, Nomor_Order: 20260826-06507, Nomor_Lelang: LELANGIK/02/2026/NRML#2, Tgl_Permintaan_Muat: 26/08/2026 13:43, Nama_Kapal: KM. Jaya} @ https://phbidlautdemo.prahu-hub.com/_resources/themes/prahutheme/javascript/custom/penugasantracking.js?m=1787970752:254
[   46398ms] [LOG] {ID: NkZkZjRwa0wxMDdsdGRIZkdhczU2dz09, Nomor_Order: 20260826-06505, Nomor_Lelang: LELANGIK/02/2026/NRML#2, Tgl_Permintaan_Muat: 29/08/2026 10:14, Nama_Kapal: KM. IK} @ https://phbidlautdemo.prahu-hub.com/_resources/themes/prahutheme/javascript/custom/penugasantracking.js?m=1787970752:254
[   46399ms] [LOG] {ID: RE92b0NsejJadUpvWTArZ2FhN0w2QT09, Nomor_Order: 20260826-06504, Nomor_Lelang: LELANGIK/02/2026/NRML#2, Tgl_Permintaan_Muat: 28/08/2026 10:11, Nama_Kapal: KM. IK gggh} @ https://phbidlautdemo.prahu-hub.com/_resources/themes/prahutheme/javascript/custom/penugasantracking.js?m=1787970752:254
[   46400ms] [LOG] {ID: R1pCUEhFZmkxb0toRVk3MEJTbnJWUT09, Nomor_Order: 20260826-06503, Nomor_Lelang: LELANGIK/02/2026/NRML#2, Tgl_Permintaan_Muat: 28/08/2026 10:03, Nama_Kapal: KM. IK} @ https://phbidlautdemo.prahu-hub.com/_resources/themes/prahutheme/javascript/custom/penugasantracking.js?m=1787970752:254
[   46401ms] [LOG] {ID: b2V4ME8rQ1NRZVY1d2ZNMDBCSzhKQT09, Nomor_Order: 20260826-06502, Nomor_Lelang: LELANGIK/02/2026/NRML#2, Tgl_Permintaan_Muat: 27/08/2026 09:23, Nama_Kapal: KM. IK} @ https://phbidlautdemo.prahu-hub.com/_resources/themes/prahutheme/javascript/custom/penugasantracking.js?m=1787970752:254
[   46401ms] [LOG] {ID: djlRUVp6YUU3Qm9FUFhKdFc0eEhpdz09, Nomor_Order: 20260826-06501, Nomor_Lelang: LELANGIK/02/2026/NRML#2, Tgl_Permintaan_Muat: 29/08/2026 09:11, Nama_Kapal: KM. IK} @ https://phbidlautdemo.prahu-hub.com/_resources/themes/prahutheme/javascript/custom/penugasantracking.js?m=1787970752:254
[   46403ms] [LOG] {ID: RU5JcnhCZE54TlhrTEswZEQyU0FEdz09, Nomor_Order: 20260820-06504, Nomor_Lelang: LELANGIK/02/2026/NRML#2, Tgl_Permintaan_Muat: 22/08/2026 10:15, Nama_Kapal: SS} @ https://phbidlautdemo.prahu-hub.com/_resources/themes/prahutheme/javascript/custom/penugasantracking.js?m=1787970752:254
[   46404ms] [LOG] {ID: dUkwK0ZZNEI4OVNoaktnQjZxSFA3QT09, Nomor_Order: 20260811-06501, Nomor_Lelang: LELANGIK/247/2026/MLTD, Tgl_Permintaan_Muat: 27/08/2026 09:05, Nama_Kapal: KM. Jaya} @ https://phbidlautdemo.prahu-hub.com/_resources/themes/prahutheme/javascript/custom/penugasantracking.js?m=1787970752:254
[   46405ms] [LOG] {ID: eEw1RzF5cXQ3dSs0ZGg5Vk1kdThsUT09, Nomor_Order: 20260807-06501, Nomor_Lelang: LELANGIK/02/2026/NRML#2, Tgl_Permintaan_Muat: 20/08/2026 11:02, Nama_Kapal: KM. Love} @ https://phbidlautdemo.prahu-hub.com/_resources/themes/prahutheme/javascript/custom/penugasantracking.js?m=1787970752:254
[   46406ms] [LOG] {ID: S1IxWjM2MUc0cE8xVER1UUtLc2dmQT09, Nomor_Order: 20260713-06501, Nomor_Lelang: LELANGIK/02/2026/NRML#2, Tgl_Permintaan_Muat: 13/07/2026 10:41, Nama_Kapal: KM. Kalimas} @ https://phbidlautdemo.prahu-hub.com/_resources/themes/prahutheme/javascript/custom/penugasantracking.js?m=1787970752:254
[   46407ms] [LOG] {ID: VVpWU1E2WGxjN09xRTJWc0hqeTZDQT09, Nomor_Order: 20260629-06501, Nomor_Lelang: LELANGIK/247/2026/MLTD, Tgl_Permintaan_Muat: 29/06/2026 15:08, Nama_Kapal: KM. Layar} @ https://phbidlautdemo.prahu-hub.com/_resources/themes/prahutheme/javascript/custom/penugasantracking.js?m=1787970752:254
[   46411ms] [LOG] {ID: WnJQWHhhdEx5ZlpaRFVBbkt6bmVVUT09, Nomor_Order: 20260627-06501, Nomor_Lelang: LELANGIK/02/2026/NRML#2, Tgl_Permintaan_Muat: 01/07/2026 09:00, Nama_Kapal: KM. Larantuka} @ https://phbidlautdemo.prahu-hub.com/_resources/themes/prahutheme/javascript/custom/penugasantracking.js?m=1787970752:254
[   46412ms] [LOG] {ID: a2xGMUNUTHdGSjFRMW1aMzN2dVNtUT09, Nomor_Order: 20260624-06501, Nomor_Lelang: LELANG0004, Tgl_Permintaan_Muat: 07/07/2026 15:31, Nama_Kapal: KM. Lamunan} @ https://phbidlautdemo.prahu-hub.com/_resources/themes/prahutheme/javascript/custom/penugasantracking.js?m=1787970752:254
[   46413ms] [LOG] {ID: ZksrQ3oxbm5pOFJON2RSTlZ6cXpGQT09, Nomor_Order: 20260615-06501, Nomor_Lelang: QA/06/26-ORD1, Tgl_Permintaan_Muat: 27/06/2026 10:00, Nama_Kapal: KM QA TEST} @ https://phbidlautdemo.prahu-hub.com/_resources/themes/prahutheme/javascript/custom/penugasantracking.js?m=1787970752:254
[   46413ms] [LOG] {ID: TS9HYVlqaHNUT2ExM2FiNDZzSi9BQT09, Nomor_Order: 20260528-06502, Nomor_Lelang: LELANG0004, Tgl_Permintaan_Muat: 31/05/2026 08:09, Nama_Kapal: KM. Landipan} @ https://phbidlautdemo.prahu-hub.com/_resources/themes/prahutheme/javascript/custom/penugasantracking.js?m=1787970752:254
[   46414ms] [LOG] {ID: RkwxeUJDdU1jVXdCUWtQSkZWMml2dz09, Nomor_Order: 20260427-06502, Nomor_Lelang: LELANGIK/247/2026/MLTD, Tgl_Permintaan_Muat: 30/04/2026 08:53, Nama_Kapal: KM. Linda} @ https://phbidlautdemo.prahu-hub.com/_resources/themes/prahutheme/javascript/custom/penugasantracking.js?m=1787970752:254
[   46415ms] [LOG] {ID: dUpEQkQzV0NUT29yUWZLQVhQeFZGUT09, Nomor_Order: 20260427-06501, Nomor_Lelang: LELANGIK/247/2026/MLTD, Tgl_Permintaan_Muat: 30/04/2026 08:46, Nama_Kapal: KM. Linda} @ https://phbidlautdemo.prahu-hub.com/_resources/themes/prahutheme/javascript/custom/penugasantracking.js?m=1787970752:254
[   46416ms] [LOG] {ID: eER5QUZEUldtMUlaTTNScEJFaXRSQT09, Nomor_Order: 20260421-06503, Nomor_Lelang: LELANGIK/02/2026/NRML#2, Tgl_Permintaan_Muat: 31/08/2026 10:00, Nama_Kapal: KM. Manokwari} @ https://phbidlautdemo.prahu-hub.com/_resources/themes/prahutheme/javascript/custom/penugasantracking.js?m=1787970752:254
[   46431ms] [LOG] [Object, Object, Object, Object, Object, Object, Object, Object, Object, Object, Object, Object, Object, Object, Object, Object, Object, Object, Object, Object] @ https://phbidlautdemo.prahu-hub.com/_resources/themes/prahutheme/javascript/custom/penugasantracking.js?m=1787970752:39
[   46433ms] [LOG] 212 @ https://phbidlautdemo.prahu-hub.com/_resources/themes/prahutheme/javascript/custom/penugasantracking.js?m=1787970752:542
[   46433ms] [LOG] 212 countView1 1 pageNow 20 limitView1 @ https://phbidlautdemo.prahu-hub.com/_resources/themes/prahutheme/javascript/custom/penugasantracking.js?m=1787970752:544
[   46434ms] [LOG] 20 @ https://phbidlautdemo.prahu-hub.com/_resources/themes/prahutheme/javascript/custom/penugasantracking.js?m=1787970752:555
[   46434ms] [LOG] 212 jumlah data @ https://phbidlautdemo.prahu-hub.com/_resources/themes/prahutheme/javascript/custom/penugasantracking.js?m=1787970752:499
[   46434ms] [LOG] 11 @ https://phbidlautdemo.prahu-hub.com/_resources/themes/prahutheme/javascript/custom/penugasantracking.js?m=1787970752:501
[   46435ms] [LOG] 11 1 pageCount & pageNow @ https://phbidlautdemo.prahu-hub.com/_resources/themes/prahutheme/javascript/custom/penugasantracking.js?m=1787970752:426
[   46436ms] [LOG] 200 xhrglobal @ https://phbidlautdemo.prahu-hub.com/home/penugasantracking:7131
[   46511ms] [LOG] 200 xhrglobal @ https://phbidlautdemo.prahu-hub.com/home/penugasantracking:7131
[   46583ms] [LOG] 200 xhrglobal @ https://phbidlautdemo.prahu-hub.com/home/penugasantracking:7131
[   47274ms] [LOG] Connected @ https://phbidlautdemo.prahu-hub.com/home/penugasantracking:7250
[   47697ms] TypeError: $(...).DataTable is not a function
    at https://phbidlautdemo.prahu-hub.com/_resources/themes/prahutheme/js/scripts-init/tables.js:7:23
[   48770ms] CKEditorError: editor-create-initial-data
Read more: https://ckeditor.com/docs/ckeditor5/latest/support/error-codes.html#error-editor-create-initial-data
    at new iC (https://cdn.ckeditor.com/ckeditor5/44.0.0/ckeditor5.umd.js:11:824251)
    at https://cdn.ckeditor.com/ckeditor5/44.0.0/ckeditor5.umd.js:11:824914
    at new Promise (<anonymous>)
    at iC.create (https://cdn.ckeditor.com/ckeditor5/44.0.0/ckeditor5.umd.js:11:824889)
    at https://phbidlautdemo.prahu-hub.com/_resources/themes/prahutheme/css/ckeditor/main.js?m=1772846942:156:15
[   49497ms] Unexpected token '<'
[   49506ms] Cannot use import statement outside a module
[   49524ms] ReferenceError: Chart is not defined
    at https://phbidlautdemo.prahu-hub.com/_resources/themes/prahutheme/js/scripts-init/charts/chartjs.js:8:13
[   49649ms] Unexpected token '<'
[   49651ms] Unexpected token '<'
[   49714ms] Uncaught TypeError: expect element to be DOM Element, but got null
    at n.init (https://cdnjs.cloudflare.com/ajax/libs/smooth-scrollbar/8.5.2/smooth-scrollbar.js:24:264)
    at <anonymous> (https://phbidlautdemo.prahu-hub.com/home/myprofile:5616:14)
[   49729ms] [LOG] Profil1namanya @ https://phbidlautdemo.prahu-hub.com/home/myprofile:1767
[   49735ms] [WARNING] jQuery.Deferred exception: Cannot read properties of undefined (reading 'replaceAll') TypeError: Cannot read properties of undefined (reading 'replaceAll')
    at HTMLDocument.<anonymous> (https://phbidlautdemo.prahu-hub.com/home/myprofile:5103:34)
    at e (https://code.jquery.com/jquery-3.7.1.min.js:2:27028)
    at t (https://code.jquery.com/jquery-3.7.1.min.js:2:27330) undefined @ https://code.jquery.com/jquery-3.7.1.min.js:1
[   49738ms] [LOG] undefined @ https://phbidlautdemo.prahu-hub.com/home/myprofile:5969
[   49738ms] [LOG] undefined @ https://phbidlautdemo.prahu-hub.com/home/myprofile:5969
[   49739ms] [LOG] WebSocket connection @ https://phbidlautdemo.prahu-hub.com/home/myprofile:6012
[   49740ms] [LOG] WebSocket connection attempting... @ https://phbidlautdemo.prahu-hub.com/home/myprofile:6090
[   49747ms] TypeError: Cannot read properties of undefined (reading 'replaceAll')
    at HTMLDocument.<anonymous> (https://phbidlautdemo.prahu-hub.com/home/myprofile:5103:34)
    at e (https://code.jquery.com/jquery-3.7.1.min.js:2:27028)
    at t (https://code.jquery.com/jquery-3.7.1.min.js:2:27330)
[   49846ms] [LOG] WebSocket connected @ https://phbidlautdemo.prahu-hub.com/home/myprofile:6021
[   49849ms] [LOG] update_dashboard_order_laut @ https://phbidlautdemo.prahu-hub.com/home/myprofile:6062
[   49875ms] [LOG] Connected @ https://phbidlautdemo.prahu-hub.com/home/myprofile:6062
[   50812ms] [LOG] Connected @ https://phbidlautdemo.prahu-hub.com/home/myprofile:6062
[   51318ms] [LOG] tes @ https://phbidlautdemo.prahu-hub.com/_resources/themes/prahutheme/javascript/custom/ulasan.js?m=1787970752:42
[   51323ms] [LOG] 4 @ https://phbidlautdemo.prahu-hub.com/_resources/themes/prahutheme/javascript/custom/ulasan.js?m=1787970752:652
[   51323ms] [LOG] 4 countView1 1 pageNow 10 limitView1 @ https://phbidlautdemo.prahu-hub.com/_resources/themes/prahutheme/javascript/custom/ulasan.js?m=1787970752:654
[   51324ms] [LOG] 4 @ https://phbidlautdemo.prahu-hub.com/_resources/themes/prahutheme/javascript/custom/ulasan.js?m=1787970752:660
[   51324ms] [LOG] 4 jumlah data @ https://phbidlautdemo.prahu-hub.com/_resources/themes/prahutheme/javascript/custom/ulasan.js?m=1787970752:629
[   51325ms] [LOG] 1 @ https://phbidlautdemo.prahu-hub.com/_resources/themes/prahutheme/javascript/custom/ulasan.js?m=1787970752:631
[   51328ms] [LOG] 1 1 pageCount & pageNow @ https://phbidlautdemo.prahu-hub.com/_resources/themes/prahutheme/javascript/custom/ulasan.js?m=1787970752:555
[   51331ms] [LOG] 200 xhrglobal @ https://phbidlautdemo.prahu-hub.com/home/myprofile:5943
[   51331ms] [LOG] ce.fn.init stepItem @ https://phbidlautdemo.prahu-hub.com/_resources/themes/prahutheme/javascript/custom/ulasan.js?m=1787970752:529
[   51455ms] [LOG] 200 xhrglobal @ https://phbidlautdemo.prahu-hub.com/home/myprofile:5943
[   51523ms] [LOG] 200 xhrglobal @ https://phbidlautdemo.prahu-hub.com/home/myprofile:5943
[   51732ms] TypeError: $(...).DataTable is not a function
    at https://phbidlautdemo.prahu-hub.com/_resources/themes/prahutheme/js/scripts-init/tables.js:7:23
[   53225ms] Cannot use import statement outside a module
[   53237ms] ReferenceError: Chart is not defined
    at https://phbidlautdemo.prahu-hub.com/_resources/themes/prahutheme/js/scripts-init/charts/chartjs.js:8:13
[   53455ms] Unexpected token '<'
[   53468ms] Unexpected token '<'
[   53494ms] Uncaught TypeError: expect element to be DOM Element, but got null
    at n.init (https://cdnjs.cloudflare.com/ajax/libs/smooth-scrollbar/8.5.2/smooth-scrollbar.js:24:264)
    at <anonymous> (https://phbidlautdemo.prahu-hub.com/home/hakaksesbidder:5061:14)
[   53514ms] [LOG] Pengaturan Akunnamanya @ https://phbidlautdemo.prahu-hub.com/home/hakaksesbidder:1756
[   53520ms] [LOG] Masukkan Nama Hak Akses @ https://phbidlautdemo.prahu-hub.com/home/hakaksesbidder:5414
[   53520ms] [LOG] undefined @ https://phbidlautdemo.prahu-hub.com/home/hakaksesbidder:5414
[   53521ms] [LOG] undefined @ https://phbidlautdemo.prahu-hub.com/home/hakaksesbidder:5414
[   53521ms] [LOG] Masukkan Nama Kemasan @ https://phbidlautdemo.prahu-hub.com/home/hakaksesbidder:5414
[   53521ms] [LOG] undefined @ https://phbidlautdemo.prahu-hub.com/home/hakaksesbidder:5414
[   53521ms] [LOG] WebSocket connection @ https://phbidlautdemo.prahu-hub.com/home/hakaksesbidder:5457
[   53522ms] [LOG] WebSocket connection attempting... @ https://phbidlautdemo.prahu-hub.com/home/hakaksesbidder:5535
[   53619ms] [LOG] WebSocket connected @ https://phbidlautdemo.prahu-hub.com/home/hakaksesbidder:5466
[   53621ms] [LOG] update_dashboard_order_laut @ https://phbidlautdemo.prahu-hub.com/home/hakaksesbidder:5507
[   53647ms] [LOG] Connected @ https://phbidlautdemo.prahu-hub.com/home/hakaksesbidder:5507
[   53652ms] [LOG] [Object, Object, Object] @ https://phbidlautdemo.prahu-hub.com/_resources/themes/prahutheme/javascript/custom/hakaksesbidder.js?m=1787970752:118
[   53654ms] [LOG] 3 @ https://phbidlautdemo.prahu-hub.com/_resources/themes/prahutheme/javascript/custom/hakaksesbidder.js?m=1787970752:787
[   53654ms] [LOG] 3 countView1 1 pageNow 20 limitView1 @ https://phbidlautdemo.prahu-hub.com/_resources/themes/prahutheme/javascript/custom/hakaksesbidder.js?m=1787970752:789
[   53655ms] [LOG] 3 @ https://phbidlautdemo.prahu-hub.com/_resources/themes/prahutheme/javascript/custom/hakaksesbidder.js?m=1787970752:795
[   53655ms] [LOG] 3 jumlah data @ https://phbidlautdemo.prahu-hub.com/_resources/themes/prahutheme/javascript/custom/hakaksesbidder.js?m=1787970752:752
[   53655ms] [LOG] 1 @ https://phbidlautdemo.prahu-hub.com/_resources/themes/prahutheme/javascript/custom/hakaksesbidder.js?m=1787970752:754
[   53656ms] [LOG] 1 1 pageCount & pageNow @ https://phbidlautdemo.prahu-hub.com/_resources/themes/prahutheme/javascript/custom/hakaksesbidder.js?m=1787970752:678
[   53656ms] [LOG] 200 xhrglobal @ https://phbidlautdemo.prahu-hub.com/home/hakaksesbidder:5388
[   53657ms] [LOG] ce.fn.init stepItem @ https://phbidlautdemo.prahu-hub.com/_resources/themes/prahutheme/javascript/custom/hakaksesbidder.js?m=1787970752:652
[   53787ms] [LOG] 200 xhrglobal @ https://phbidlautdemo.prahu-hub.com/home/hakaksesbidder:5388
[   53857ms] [LOG] 200 xhrglobal @ https://phbidlautdemo.prahu-hub.com/home/hakaksesbidder:5388
[   54544ms] [LOG] Connected @ https://phbidlautdemo.prahu-hub.com/home/hakaksesbidder:5507
[   55420ms] [LOG] Connected @ https://phbidlautdemo.prahu-hub.com/home/hakaksesbidder:5507
[   55533ms] TypeError: $(...).DataTable is not a function
    at https://phbidlautdemo.prahu-hub.com/_resources/themes/prahutheme/js/scripts-init/tables.js:7:23
[   56998ms] Cannot use import statement outside a module
[   57012ms] ReferenceError: Chart is not defined
    at https://phbidlautdemo.prahu-hub.com/_resources/themes/prahutheme/js/scripts-init/charts/chartjs.js:8:13
[   57013ms] Unexpected token '<'
[   57086ms] Unexpected token '<'
[   57119ms] Uncaught TypeError: expect element to be DOM Element, but got null
    at n.init (https://cdnjs.cloudflare.com/ajax/libs/smooth-scrollbar/8.5.2/smooth-scrollbar.js:24:264)
    at <anonymous> (https://phbidlautdemo.prahu-hub.com/home/subuserbidder:5039:14)
[   57141ms] [LOG] Pengaturan Akunnamanya @ https://phbidlautdemo.prahu-hub.com/home/subuserbidder:1756
[   57144ms] [LOG] Masukkan Nama Sub User @ https://phbidlautdemo.prahu-hub.com/home/subuserbidder:5392
[   57144ms] [LOG] Masukkan Email @ https://phbidlautdemo.prahu-hub.com/home/subuserbidder:5392
[   57144ms] [LOG] Masukkan Bagian Staff @ https://phbidlautdemo.prahu-hub.com/home/subuserbidder:5392
[   57144ms] [LOG] undefined @ https://phbidlautdemo.prahu-hub.com/home/subuserbidder:5392
[   57145ms] [LOG] undefined @ https://phbidlautdemo.prahu-hub.com/home/subuserbidder:5392
[   57145ms] [LOG] Masukkan Nama Bank @ https://phbidlautdemo.prahu-hub.com/home/subuserbidder:5392
[   57145ms] [LOG] undefined @ https://phbidlautdemo.prahu-hub.com/home/subuserbidder:5392
[   57147ms] [LOG] WebSocket connection @ https://phbidlautdemo.prahu-hub.com/home/subuserbidder:5435
[   57148ms] [LOG] WebSocket connection attempting... @ https://phbidlautdemo.prahu-hub.com/home/subuserbidder:5513
[   57236ms] [LOG] [Object] @ https://phbidlautdemo.prahu-hub.com/_resources/themes/prahutheme/javascript/custom/subuserbidder.js?m=1787970752:15
[   57237ms] [LOG] 1 @ https://phbidlautdemo.prahu-hub.com/_resources/themes/prahutheme/javascript/custom/subuserbidder.js?m=1787970752:528
[   57238ms] [LOG] 1 countView1 1 pageNow 20 limitView1 @ https://phbidlautdemo.prahu-hub.com/_resources/themes/prahutheme/javascript/custom/subuserbidder.js?m=1787970752:530
[   57238ms] [LOG] 1 @ https://phbidlautdemo.prahu-hub.com/_resources/themes/prahutheme/javascript/custom/subuserbidder.js?m=1787970752:536
[   57238ms] [LOG] 1 jumlah data @ https://phbidlautdemo.prahu-hub.com/_resources/themes/prahutheme/javascript/custom/subuserbidder.js?m=1787970752:491
[   57239ms] [LOG] 1 @ https://phbidlautdemo.prahu-hub.com/_resources/themes/prahutheme/javascript/custom/subuserbidder.js?m=1787970752:493
[   57239ms] [LOG] 1 1 pageCount & pageNow @ https://phbidlautdemo.prahu-hub.com/_resources/themes/prahutheme/javascript/custom/subuserbidder.js?m=1787970752:416
[   57241ms] [LOG] 200 xhrglobal @ https://phbidlautdemo.prahu-hub.com/home/subuserbidder:5366
[   57257ms] [LOG] WebSocket connected @ https://phbidlautdemo.prahu-hub.com/home/subuserbidder:5444
[   57259ms] [LOG] update_dashboard_order_laut @ https://phbidlautdemo.prahu-hub.com/home/subuserbidder:5485
[   57288ms] [LOG] Connected @ https://phbidlautdemo.prahu-hub.com/home/subuserbidder:5485
[   57367ms] [LOG] 200 xhrglobal @ https://phbidlautdemo.prahu-hub.com/home/subuserbidder:5366
[   57409ms] [LOG] 200 xhrglobal @ https://phbidlautdemo.prahu-hub.com/home/subuserbidder:5366
[   59155ms] TypeError: $(...).DataTable is not a function
    at https://phbidlautdemo.prahu-hub.com/_resources/themes/prahutheme/js/scripts-init/tables.js:7:23
[   60827ms] Cannot use import statement outside a module
[   60843ms] ReferenceError: Chart is not defined
    at https://phbidlautdemo.prahu-hub.com/_resources/themes/prahutheme/js/scripts-init/charts/chartjs.js:8:13
[   60931ms] Unexpected token '<'
[   61046ms] Unexpected token '<'
[   61081ms] Uncaught TypeError: expect element to be DOM Element, but got null
    at n.init (https://cdnjs.cloudflare.com/ajax/libs/smooth-scrollbar/8.5.2/smooth-scrollbar.js:24:264)
    at <anonymous> (https://phbidlautdemo.prahu-hub.com/home/preferencenotifbidder:5127:14)
[   61091ms] [LOG] Preference Notifnamanya @ https://phbidlautdemo.prahu-hub.com/home/preferencenotifbidder:1755
[   61099ms] [LOG] WebSocket connection @ https://phbidlautdemo.prahu-hub.com/home/preferencenotifbidder:5523
[   61099ms] [LOG] WebSocket connection attempting... @ https://phbidlautdemo.prahu-hub.com/home/preferencenotifbidder:5601
[   61203ms] [LOG] WebSocket connected @ https://phbidlautdemo.prahu-hub.com/home/preferencenotifbidder:5532
[   61205ms] [LOG] update_dashboard_order_laut @ https://phbidlautdemo.prahu-hub.com/home/preferencenotifbidder:5573
[   61233ms] [LOG] Connected @ https://phbidlautdemo.prahu-hub.com/home/preferencenotifbidder:5573
[   61404ms] [LOG] 200 xhrglobal @ https://phbidlautdemo.prahu-hub.com/home/preferencenotifbidder:5454
[   61458ms] [LOG] 200 xhrglobal @ https://phbidlautdemo.prahu-hub.com/home/preferencenotifbidder:5454
[   62227ms] [LOG] Connected @ https://phbidlautdemo.prahu-hub.com/home/preferencenotifbidder:5573
[   63109ms] TypeError: $(...).DataTable is not a function
    at https://phbidlautdemo.prahu-hub.com/_resources/themes/prahutheme/js/scripts-init/tables.js:7:23
[   64827ms] Cannot use import statement outside a module
[   64841ms] ReferenceError: Chart is not defined
    at https://phbidlautdemo.prahu-hub.com/_resources/themes/prahutheme/js/scripts-init/charts/chartjs.js:8:13
[   65119ms] Unexpected token '<'
[   65317ms] Unexpected token '<'
[   65345ms] Uncaught TypeError: expect element to be DOM Element, but got null
    at n.init (https://cdnjs.cloudflare.com/ajax/libs/smooth-scrollbar/8.5.2/smooth-scrollbar.js:24:264)
    at <anonymous> (https://phbidlautdemo.prahu-hub.com/home/akunsaya:5291:14)
[   65354ms] [LOG] Akun Sayanamanya @ https://phbidlautdemo.prahu-hub.com/home/akunsaya:1755
[   65360ms] [LOG] WebSocket connection @ https://phbidlautdemo.prahu-hub.com/home/akunsaya:5687
[   65360ms] [LOG] WebSocket connection attempting... @ https://phbidlautdemo.prahu-hub.com/home/akunsaya:5765
[   65476ms] [LOG] WebSocket connected @ https://phbidlautdemo.prahu-hub.com/home/akunsaya:5696
[   65479ms] [LOG] update_dashboard_order_laut @ https://phbidlautdemo.prahu-hub.com/home/akunsaya:5737
[   65505ms] [LOG] Connected @ https://phbidlautdemo.prahu-hub.com/home/akunsaya:5737
[   65655ms] [LOG] 200 xhrglobal @ https://phbidlautdemo.prahu-hub.com/home/akunsaya:5618
[   65715ms] [LOG] 200 xhrglobal @ https://phbidlautdemo.prahu-hub.com/home/akunsaya:5618
[   66484ms] [LOG] Connected @ https://phbidlautdemo.prahu-hub.com/home/akunsaya:5737
[   67374ms] TypeError: $(...).DataTable is not a function
    at https://phbidlautdemo.prahu-hub.com/_resources/themes/prahutheme/js/scripts-init/tables.js:7:23
[   68791ms] Cannot use import statement outside a module
[   68806ms] ReferenceError: Chart is not defined
    at https://phbidlautdemo.prahu-hub.com/_resources/themes/prahutheme/js/scripts-init/charts/chartjs.js:8:13
[   68893ms] Unexpected token '<'
[   69007ms] Unexpected token '<'
[   69040ms] Uncaught TypeError: expect element to be DOM Element, but got null
    at n.init (https://cdnjs.cloudflare.com/ajax/libs/smooth-scrollbar/8.5.2/smooth-scrollbar.js:24:264)
    at <anonymous> (https://phbidlautdemo.prahu-hub.com/lelang/listlelang?tab=semua-lelang:5630:14)
[   69065ms] [LOG] Pengajuan Lelangnamanya @ https://phbidlautdemo.prahu-hub.com/lelang/listlelang?tab=semua-lelang:1756
[   69070ms] [LOG] undefined @ https://phbidlautdemo.prahu-hub.com/lelang/listlelang?tab=semua-lelang:5983
[   69070ms] [LOG] undefined @ https://phbidlautdemo.prahu-hub.com/lelang/listlelang?tab=semua-lelang:5983
[   69070ms] [LOG] Masukkan Nama Shipper @ https://phbidlautdemo.prahu-hub.com/lelang/listlelang?tab=semua-lelang:5983
[   69070ms] [LOG] Masukkan Nomor Lelang @ https://phbidlautdemo.prahu-hub.com/lelang/listlelang?tab=semua-lelang:5983
[   69070ms] [LOG] DD/MM/YYYY @ https://phbidlautdemo.prahu-hub.com/lelang/listlelang?tab=semua-lelang:5983
[   69070ms] [LOG] DD/MM/YYYY @ https://phbidlautdemo.prahu-hub.com/lelang/listlelang?tab=semua-lelang:5983
[   69072ms] [LOG] DD/MM/YYYY @ https://phbidlautdemo.prahu-hub.com/lelang/listlelang?tab=semua-lelang:5983
[   69072ms] [LOG] DD/MM/YYYY @ https://phbidlautdemo.prahu-hub.com/lelang/listlelang?tab=semua-lelang:5983
[   69072ms] [LOG] Masukkan Nama Shipper @ https://phbidlautdemo.prahu-hub.com/lelang/listlelang?tab=semua-lelang:5983
[   69072ms] [LOG] undefined @ https://phbidlautdemo.prahu-hub.com/lelang/listlelang?tab=semua-lelang:5983
[   69072ms] [LOG] undefined @ https://phbidlautdemo.prahu-hub.com/lelang/listlelang?tab=semua-lelang:5983
[   69073ms] [LOG] Masukkan Nama Bank @ https://phbidlautdemo.prahu-hub.com/lelang/listlelang?tab=semua-lelang:5983
[   69073ms] [LOG] undefined @ https://phbidlautdemo.prahu-hub.com/lelang/listlelang?tab=semua-lelang:5983
[   69073ms] [LOG] WebSocket connection @ https://phbidlautdemo.prahu-hub.com/lelang/listlelang?tab=semua-lelang:6026
[   69073ms] [LOG] WebSocket connection attempting... @ https://phbidlautdemo.prahu-hub.com/lelang/listlelang?tab=semua-lelang:6104
[   69178ms] [LOG] WebSocket connected @ https://phbidlautdemo.prahu-hub.com/lelang/listlelang?tab=semua-lelang:6035
[   69181ms] [LOG] update_dashboard_order_laut @ https://phbidlautdemo.prahu-hub.com/lelang/listlelang?tab=semua-lelang:6076
[   69209ms] [LOG] Connected @ https://phbidlautdemo.prahu-hub.com/lelang/listlelang?tab=semua-lelang:6076
[   70548ms] [LOG] [Object, Object, Object, Object, Object, Object, Object, Object, Object, Object, Object, Object, Object, Object, Object, Object, Object, Object, Object, Object] @ https://phbidlautdemo.prahu-hub.com/_resources/themes/prahutheme/javascript/custom/listLelang.js?m=1787970752:14
[   70552ms] [LOG] 388 @ https://phbidlautdemo.prahu-hub.com/_resources/themes/prahutheme/javascript/custom/listLelang.js?m=1787970752:818
[   70552ms] [LOG] 388 countView1 1 pageNow 20 limitView1 @ https://phbidlautdemo.prahu-hub.com/_resources/themes/prahutheme/javascript/custom/listLelang.js?m=1787970752:820
[   70552ms] [LOG] 20 @ https://phbidlautdemo.prahu-hub.com/_resources/themes/prahutheme/javascript/custom/listLelang.js?m=1787970752:826
[   70552ms] [LOG] 388 jumlah data @ https://phbidlautdemo.prahu-hub.com/_resources/themes/prahutheme/javascript/custom/listLelang.js?m=1787970752:779
[   70552ms] [LOG] 20 @ https://phbidlautdemo.prahu-hub.com/_resources/themes/prahutheme/javascript/custom/listLelang.js?m=1787970752:781
[   70552ms] [LOG] 20 1 pageCount & pageNow @ https://phbidlautdemo.prahu-hub.com/_resources/themes/prahutheme/javascript/custom/listLelang.js?m=1787970752:704
[   70554ms] [LOG] 200 xhrglobal @ https://phbidlautdemo.prahu-hub.com/lelang/listlelang?tab=semua-lelang:5957
[   70569ms] ReferenceError: renderTooltipHarga is not defined
    at https://phbidlautdemo.prahu-hub.com/_resources/themes/prahutheme/javascript/custom/listLelang.js?m=1787970752:1049:9
[   70650ms] [LOG] Connected @ https://phbidlautdemo.prahu-hub.com/lelang/listlelang?tab=semua-lelang:6076
[   70687ms] [LOG] 200 xhrglobal @ https://phbidlautdemo.prahu-hub.com/lelang/listlelang?tab=semua-lelang:5957
[   70748ms] [LOG] 200 xhrglobal @ https://phbidlautdemo.prahu-hub.com/lelang/listlelang?tab=semua-lelang:5957
[   71086ms] TypeError: $(...).DataTable is not a function
    at https://phbidlautdemo.prahu-hub.com/_resources/themes/prahutheme/js/scripts-init/tables.js:7:23
[   72478ms] Cannot use import statement outside a module
[   72492ms] ReferenceError: Chart is not defined
    at https://phbidlautdemo.prahu-hub.com/_resources/themes/prahutheme/js/scripts-init/charts/chartjs.js:8:13
[   72595ms] Unexpected token '<'
[   72688ms] Unexpected token '<'
[   72714ms] Uncaught TypeError: expect element to be DOM Element, but got null
    at n.init (https://cdnjs.cloudflare.com/ajax/libs/smooth-scrollbar/8.5.2/smooth-scrollbar.js:24:264)
    at <anonymous> (https://phbidlautdemo.prahu-hub.com/lelang/listlelang?tab=perlu-input-harga:5630:14)
[   72744ms] [LOG] Pengajuan Lelangnamanya @ https://phbidlautdemo.prahu-hub.com/lelang/listlelang?tab=perlu-input-harga:1756
[   72749ms] [LOG] undefined @ https://phbidlautdemo.prahu-hub.com/lelang/listlelang?tab=perlu-input-harga:5983
[   72749ms] [LOG] undefined @ https://phbidlautdemo.prahu-hub.com/lelang/listlelang?tab=perlu-input-harga:5983
[   72749ms] [LOG] Masukkan Nama Shipper @ https://phbidlautdemo.prahu-hub.com/lelang/listlelang?tab=perlu-input-harga:5983
[   72749ms] [LOG] Masukkan Nomor Lelang @ https://phbidlautdemo.prahu-hub.com/lelang/listlelang?tab=perlu-input-harga:5983
[   72749ms] [LOG] DD/MM/YYYY @ https://phbidlautdemo.prahu-hub.com/lelang/listlelang?tab=perlu-input-harga:5983
[   72749ms] [LOG] DD/MM/YYYY @ https://phbidlautdemo.prahu-hub.com/lelang/listlelang?tab=perlu-input-harga:5983
[   72749ms] [LOG] DD/MM/YYYY @ https://phbidlautdemo.prahu-hub.com/lelang/listlelang?tab=perlu-input-harga:5983
[   72749ms] [LOG] DD/MM/YYYY @ https://phbidlautdemo.prahu-hub.com/lelang/listlelang?tab=perlu-input-harga:5983
[   72749ms] [LOG] Masukkan Nama Shipper @ https://phbidlautdemo.prahu-hub.com/lelang/listlelang?tab=perlu-input-harga:5983
[   72749ms] [LOG] undefined @ https://phbidlautdemo.prahu-hub.com/lelang/listlelang?tab=perlu-input-harga:5983
[   72750ms] [LOG] undefined @ https://phbidlautdemo.prahu-hub.com/lelang/listlelang?tab=perlu-input-harga:5983
[   72750ms] [LOG] Masukkan Nama Bank @ https://phbidlautdemo.prahu-hub.com/lelang/listlelang?tab=perlu-input-harga:5983
[   72750ms] [LOG] undefined @ https://phbidlautdemo.prahu-hub.com/lelang/listlelang?tab=perlu-input-harga:5983
[   72750ms] [LOG] WebSocket connection @ https://phbidlautdemo.prahu-hub.com/lelang/listlelang?tab=perlu-input-harga:6026
[   72751ms] [LOG] WebSocket connection attempting... @ https://phbidlautdemo.prahu-hub.com/lelang/listlelang?tab=perlu-input-harga:6104
[   72844ms] [LOG] WebSocket connected @ https://phbidlautdemo.prahu-hub.com/lelang/listlelang?tab=perlu-input-harga:6035
[   72846ms] [LOG] update_dashboard_order_laut @ https://phbidlautdemo.prahu-hub.com/lelang/listlelang?tab=perlu-input-harga:6076
[   72871ms] [LOG] Connected @ https://phbidlautdemo.prahu-hub.com/lelang/listlelang?tab=perlu-input-harga:6076
[   73396ms] [LOG] [Object, Object, Object, Object, Object, Object] @ https://phbidlautdemo.prahu-hub.com/_resources/themes/prahutheme/javascript/custom/listLelang.js?m=1787970752:14
[   73397ms] [LOG] 6 @ https://phbidlautdemo.prahu-hub.com/_resources/themes/prahutheme/javascript/custom/listLelang.js?m=1787970752:818
[   73397ms] [LOG] 6 countView1 1 pageNow 20 limitView1 @ https://phbidlautdemo.prahu-hub.com/_resources/themes/prahutheme/javascript/custom/listLelang.js?m=1787970752:820
[   73398ms] [LOG] 6 @ https://phbidlautdemo.prahu-hub.com/_resources/themes/prahutheme/javascript/custom/listLelang.js?m=1787970752:826
[   73398ms] [LOG] 6 jumlah data @ https://phbidlautdemo.prahu-hub.com/_resources/themes/prahutheme/javascript/custom/listLelang.js?m=1787970752:779
[   73398ms] [LOG] 1 @ https://phbidlautdemo.prahu-hub.com/_resources/themes/prahutheme/javascript/custom/listLelang.js?m=1787970752:781
[   73398ms] [LOG] 1 1 pageCount & pageNow @ https://phbidlautdemo.prahu-hub.com/_resources/themes/prahutheme/javascript/custom/listLelang.js?m=1787970752:704
[   73400ms] [LOG] 200 xhrglobal @ https://phbidlautdemo.prahu-hub.com/lelang/listlelang?tab=perlu-input-harga:5957
[   73429ms] ReferenceError: renderTooltipHarga is not defined
    at https://phbidlautdemo.prahu-hub.com/_resources/themes/prahutheme/javascript/custom/listLelang.js?m=1787970752:1049:9
[   73508ms] [LOG] 200 xhrglobal @ https://phbidlautdemo.prahu-hub.com/lelang/listlelang?tab=perlu-input-harga:5957
[   73561ms] [LOG] 200 xhrglobal @ https://phbidlautdemo.prahu-hub.com/lelang/listlelang?tab=perlu-input-harga:5957
[   74761ms] TypeError: $(...).DataTable is not a function
    at https://phbidlautdemo.prahu-hub.com/_resources/themes/prahutheme/js/scripts-init/tables.js:7:23
[   75000ms] [LOG] Connected @ https://phbidlautdemo.prahu-hub.com/lelang/listlelang?tab=perlu-input-harga:6076
[   76109ms] Cannot use import statement outside a module
[   76109ms] ReferenceError: Chart is not defined
    at https://phbidlautdemo.prahu-hub.com/_resources/themes/prahutheme/js/scripts-init/charts/chartjs.js:8:13
[   76171ms] Unexpected token '<'
[   76292ms] Unexpected token '<'
[   76332ms] Uncaught TypeError: expect element to be DOM Element, but got null
    at n.init (https://cdnjs.cloudflare.com/ajax/libs/smooth-scrollbar/8.5.2/smooth-scrollbar.js:24:264)
    at <anonymous> (https://phbidlautdemo.prahu-hub.com/lelang/listlelang?tab=perlu-update-harga:5630:14)
[   76360ms] [LOG] Pengajuan Lelangnamanya @ https://phbidlautdemo.prahu-hub.com/lelang/listlelang?tab=perlu-update-harga:1756
[   76367ms] [LOG] undefined @ https://phbidlautdemo.prahu-hub.com/lelang/listlelang?tab=perlu-update-harga:5983
[   76367ms] [LOG] undefined @ https://phbidlautdemo.prahu-hub.com/lelang/listlelang?tab=perlu-update-harga:5983
[   76367ms] [LOG] Masukkan Nama Shipper @ https://phbidlautdemo.prahu-hub.com/lelang/listlelang?tab=perlu-update-harga:5983
[   76367ms] [LOG] Masukkan Nomor Lelang @ https://phbidlautdemo.prahu-hub.com/lelang/listlelang?tab=perlu-update-harga:5983
[   76367ms] [LOG] DD/MM/YYYY @ https://phbidlautdemo.prahu-hub.com/lelang/listlelang?tab=perlu-update-harga:5983
[   76368ms] [LOG] DD/MM/YYYY @ https://phbidlautdemo.prahu-hub.com/lelang/listlelang?tab=perlu-update-harga:5983
[   76368ms] [LOG] DD/MM/YYYY @ https://phbidlautdemo.prahu-hub.com/lelang/listlelang?tab=perlu-update-harga:5983
[   76368ms] [LOG] DD/MM/YYYY @ https://phbidlautdemo.prahu-hub.com/lelang/listlelang?tab=perlu-update-harga:5983
[   76368ms] [LOG] Masukkan Nama Shipper @ https://phbidlautdemo.prahu-hub.com/lelang/listlelang?tab=perlu-update-harga:5983
[   76368ms] [LOG] undefined @ https://phbidlautdemo.prahu-hub.com/lelang/listlelang?tab=perlu-update-harga:5983
[   76368ms] [LOG] undefined @ https://phbidlautdemo.prahu-hub.com/lelang/listlelang?tab=perlu-update-harga:5983
[   76368ms] [LOG] Masukkan Nama Bank @ https://phbidlautdemo.prahu-hub.com/lelang/listlelang?tab=perlu-update-harga:5983
[   76368ms] [LOG] undefined @ https://phbidlautdemo.prahu-hub.com/lelang/listlelang?tab=perlu-update-harga:5983
[   76369ms] [LOG] WebSocket connection @ https://phbidlautdemo.prahu-hub.com/lelang/listlelang?tab=perlu-update-harga:6026
[   76369ms] [LOG] WebSocket connection attempting... @ https://phbidlautdemo.prahu-hub.com/lelang/listlelang?tab=perlu-update-harga:6104
[   76469ms] [LOG] WebSocket connected @ https://phbidlautdemo.prahu-hub.com/lelang/listlelang?tab=perlu-update-harga:6035
[   76470ms] [LOG] update_dashboard_order_laut @ https://phbidlautdemo.prahu-hub.com/lelang/listlelang?tab=perlu-update-harga:6076
[   76475ms] [LOG] [] @ https://phbidlautdemo.prahu-hub.com/_resources/themes/prahutheme/javascript/custom/listLelang.js?m=1787970752:14
[   76476ms] [LOG] 200 xhrglobal @ https://phbidlautdemo.prahu-hub.com/lelang/listlelang?tab=perlu-update-harga:5957
[   76476ms] ReferenceError: renderTooltipHarga is not defined
    at https://phbidlautdemo.prahu-hub.com/_resources/themes/prahutheme/javascript/custom/listLelang.js?m=1787970752:1049:9
[   76495ms] [LOG] Connected @ https://phbidlautdemo.prahu-hub.com/lelang/listlelang?tab=perlu-update-harga:6076
[   76588ms] [LOG] 200 xhrglobal @ https://phbidlautdemo.prahu-hub.com/lelang/listlelang?tab=perlu-update-harga:5957
[   76645ms] [LOG] 200 xhrglobal @ https://phbidlautdemo.prahu-hub.com/lelang/listlelang?tab=perlu-update-harga:5957
[   77843ms] [LOG] Connected @ https://phbidlautdemo.prahu-hub.com/lelang/listlelang?tab=perlu-update-harga:6076
[   78368ms] TypeError: $(...).DataTable is not a function
    at https://phbidlautdemo.prahu-hub.com/_resources/themes/prahutheme/js/scripts-init/tables.js:7:23
[   79796ms] Cannot use import statement outside a module
[   79812ms] ReferenceError: Chart is not defined
    at https://phbidlautdemo.prahu-hub.com/_resources/themes/prahutheme/js/scripts-init/charts/chartjs.js:8:13
[   79997ms] Unexpected token '<'
[   80000ms] Unexpected token '<'
[   80050ms] Uncaught TypeError: expect element to be DOM Element, but got null
    at n.init (https://cdnjs.cloudflare.com/ajax/libs/smooth-scrollbar/8.5.2/smooth-scrollbar.js:24:264)
    at <anonymous> (https://phbidlautdemo.prahu-hub.com/lelang/listlelang?tab=lelang-tutup:5630:14)
[   80082ms] [LOG] Pengajuan Lelangnamanya @ https://phbidlautdemo.prahu-hub.com/lelang/listlelang?tab=lelang-tutup:1756
[   80087ms] [LOG] undefined @ https://phbidlautdemo.prahu-hub.com/lelang/listlelang?tab=lelang-tutup:5983
[   80087ms] [LOG] undefined @ https://phbidlautdemo.prahu-hub.com/lelang/listlelang?tab=lelang-tutup:5983
[   80087ms] [LOG] Masukkan Nama Shipper @ https://phbidlautdemo.prahu-hub.com/lelang/listlelang?tab=lelang-tutup:5983
[   80087ms] [LOG] Masukkan Nomor Lelang @ https://phbidlautdemo.prahu-hub.com/lelang/listlelang?tab=lelang-tutup:5983
[   80087ms] [LOG] DD/MM/YYYY @ https://phbidlautdemo.prahu-hub.com/lelang/listlelang?tab=lelang-tutup:5983
[   80088ms] [LOG] DD/MM/YYYY @ https://phbidlautdemo.prahu-hub.com/lelang/listlelang?tab=lelang-tutup:5983
[   80088ms] [LOG] DD/MM/YYYY @ https://phbidlautdemo.prahu-hub.com/lelang/listlelang?tab=lelang-tutup:5983
[   80088ms] [LOG] DD/MM/YYYY @ https://phbidlautdemo.prahu-hub.com/lelang/listlelang?tab=lelang-tutup:5983
[   80088ms] [LOG] Masukkan Nama Shipper @ https://phbidlautdemo.prahu-hub.com/lelang/listlelang?tab=lelang-tutup:5983
[   80088ms] [LOG] undefined @ https://phbidlautdemo.prahu-hub.com/lelang/listlelang?tab=lelang-tutup:5983
[   80088ms] [LOG] undefined @ https://phbidlautdemo.prahu-hub.com/lelang/listlelang?tab=lelang-tutup:5983
[   80088ms] [LOG] Masukkan Nama Bank @ https://phbidlautdemo.prahu-hub.com/lelang/listlelang?tab=lelang-tutup:5983
[   80088ms] [LOG] undefined @ https://phbidlautdemo.prahu-hub.com/lelang/listlelang?tab=lelang-tutup:5983
[   80089ms] [LOG] WebSocket connection @ https://phbidlautdemo.prahu-hub.com/lelang/listlelang?tab=lelang-tutup:6026
[   80089ms] [LOG] WebSocket connection attempting... @ https://phbidlautdemo.prahu-hub.com/lelang/listlelang?tab=lelang-tutup:6104
[   80201ms] [LOG] WebSocket connected @ https://phbidlautdemo.prahu-hub.com/lelang/listlelang?tab=lelang-tutup:6035
[   80207ms] [LOG] update_dashboard_order_laut @ https://phbidlautdemo.prahu-hub.com/lelang/listlelang?tab=lelang-tutup:6076
[   80234ms] [LOG] Connected @ https://phbidlautdemo.prahu-hub.com/lelang/listlelang?tab=lelang-tutup:6076
[   81670ms] [LOG] [Object, Object, Object, Object, Object, Object, Object, Object, Object, Object, Object, Object, Object, Object, Object, Object, Object, Object, Object, Object] @ https://phbidlautdemo.prahu-hub.com/_resources/themes/prahutheme/javascript/custom/listLelang.js?m=1787970752:14
[   81677ms] [LOG] 44 @ https://phbidlautdemo.prahu-hub.com/_resources/themes/prahutheme/javascript/custom/listLelang.js?m=1787970752:818
[   81677ms] [LOG] 44 countView1 1 pageNow 20 limitView1 @ https://phbidlautdemo.prahu-hub.com/_resources/themes/prahutheme/javascript/custom/listLelang.js?m=1787970752:820
[   81677ms] [LOG] 20 @ https://phbidlautdemo.prahu-hub.com/_resources/themes/prahutheme/javascript/custom/listLelang.js?m=1787970752:826
[   81677ms] [LOG] 44 jumlah data @ https://phbidlautdemo.prahu-hub.com/_resources/themes/prahutheme/javascript/custom/listLelang.js?m=1787970752:779
[   81677ms] [LOG] 3 @ https://phbidlautdemo.prahu-hub.com/_resources/themes/prahutheme/javascript/custom/listLelang.js?m=1787970752:781
[   81678ms] [LOG] 3 1 pageCount & pageNow @ https://phbidlautdemo.prahu-hub.com/_resources/themes/prahutheme/javascript/custom/listLelang.js?m=1787970752:704
[   81681ms] [LOG] 200 xhrglobal @ https://phbidlautdemo.prahu-hub.com/lelang/listlelang?tab=lelang-tutup:5957
[   81703ms] ReferenceError: renderTooltipHarga is not defined
    at https://phbidlautdemo.prahu-hub.com/_resources/themes/prahutheme/javascript/custom/listLelang.js?m=1787970752:1049:9
[   81778ms] [LOG] Connected @ https://phbidlautdemo.prahu-hub.com/lelang/listlelang?tab=lelang-tutup:6076
[   81836ms] [LOG] 200 xhrglobal @ https://phbidlautdemo.prahu-hub.com/lelang/listlelang?tab=lelang-tutup:5957
[   81914ms] [LOG] 200 xhrglobal @ https://phbidlautdemo.prahu-hub.com/lelang/listlelang?tab=lelang-tutup:5957
[   82092ms] TypeError: $(...).DataTable is not a function
    at https://phbidlautdemo.prahu-hub.com/_resources/themes/prahutheme/js/scripts-init/tables.js:7:23
[   82946ms] [LOG] Connected @ https://phbidlautdemo.prahu-hub.com/lelang/listlelang?tab=lelang-tutup:6076
[   84386ms] Cannot use import statement outside a module
[   84408ms] ReferenceError: Chart is not defined
    at https://phbidlautdemo.prahu-hub.com/_resources/themes/prahutheme/js/scripts-init/charts/chartjs.js:8:13
[   84686ms] Unexpected token '<'
[   84686ms] Unexpected token '<'
[   84731ms] Uncaught TypeError: expect element to be DOM Element, but got null
    at n.init (https://cdnjs.cloudflare.com/ajax/libs/smooth-scrollbar/8.5.2/smooth-scrollbar.js:24:264)
    at <anonymous> (https://phbidlautdemo.prahu-hub.com/lelang/listlelang?tab=telah-akhir-kirim:5630:14)
[   84756ms] [LOG] Pengajuan Lelangnamanya @ https://phbidlautdemo.prahu-hub.com/lelang/listlelang?tab=telah-akhir-kirim:1756
[   84768ms] [LOG] undefined @ https://phbidlautdemo.prahu-hub.com/lelang/listlelang?tab=telah-akhir-kirim:5983
[   84768ms] [LOG] undefined @ https://phbidlautdemo.prahu-hub.com/lelang/listlelang?tab=telah-akhir-kirim:5983
[   84768ms] [LOG] Masukkan Nama Shipper @ https://phbidlautdemo.prahu-hub.com/lelang/listlelang?tab=telah-akhir-kirim:5983
[   84768ms] [LOG] Masukkan Nomor Lelang @ https://phbidlautdemo.prahu-hub.com/lelang/listlelang?tab=telah-akhir-kirim:5983
[   84768ms] [LOG] DD/MM/YYYY @ https://phbidlautdemo.prahu-hub.com/lelang/listlelang?tab=telah-akhir-kirim:5983
[   84768ms] [LOG] DD/MM/YYYY @ https://phbidlautdemo.prahu-hub.com/lelang/listlelang?tab=telah-akhir-kirim:5983
[   84768ms] [LOG] DD/MM/YYYY @ https://phbidlautdemo.prahu-hub.com/lelang/listlelang?tab=telah-akhir-kirim:5983
[   84768ms] [LOG] DD/MM/YYYY @ https://phbidlautdemo.prahu-hub.com/lelang/listlelang?tab=telah-akhir-kirim:5983
[   84768ms] [LOG] Masukkan Nama Shipper @ https://phbidlautdemo.prahu-hub.com/lelang/listlelang?tab=telah-akhir-kirim:5983
[   84769ms] [LOG] undefined @ https://phbidlautdemo.prahu-hub.com/lelang/listlelang?tab=telah-akhir-kirim:5983
[   84769ms] [LOG] undefined @ https://phbidlautdemo.prahu-hub.com/lelang/listlelang?tab=telah-akhir-kirim:5983
[   84769ms] [LOG] Masukkan Nama Bank @ https://phbidlautdemo.prahu-hub.com/lelang/listlelang?tab=telah-akhir-kirim:5983
[   84769ms] [LOG] undefined @ https://phbidlautdemo.prahu-hub.com/lelang/listlelang?tab=telah-akhir-kirim:5983
[   84770ms] [LOG] WebSocket connection @ https://phbidlautdemo.prahu-hub.com/lelang/listlelang?tab=telah-akhir-kirim:6026
[   84770ms] [LOG] WebSocket connection attempting... @ https://phbidlautdemo.prahu-hub.com/lelang/listlelang?tab=telah-akhir-kirim:6104
[   84884ms] [LOG] WebSocket connected @ https://phbidlautdemo.prahu-hub.com/lelang/listlelang?tab=telah-akhir-kirim:6035
[   84889ms] [LOG] update_dashboard_order_laut @ https://phbidlautdemo.prahu-hub.com/lelang/listlelang?tab=telah-akhir-kirim:6076
[   84915ms] [LOG] Connected @ https://phbidlautdemo.prahu-hub.com/lelang/listlelang?tab=telah-akhir-kirim:6076
[   85927ms] [LOG] Connected @ https://phbidlautdemo.prahu-hub.com/lelang/listlelang?tab=telah-akhir-kirim:6076
[   86338ms] [LOG] [Object, Object, Object, Object, Object, Object, Object, Object, Object, Object, Object, Object, Object, Object, Object, Object, Object, Object, Object, Object] @ https://phbidlautdemo.prahu-hub.com/_resources/themes/prahutheme/javascript/custom/listLelang.js?m=1787970752:14
[   86340ms] [LOG] 292 @ https://phbidlautdemo.prahu-hub.com/_resources/themes/prahutheme/javascript/custom/listLelang.js?m=1787970752:818
[   86340ms] [LOG] 292 countView1 1 pageNow 20 limitView1 @ https://phbidlautdemo.prahu-hub.com/_resources/themes/prahutheme/javascript/custom/listLelang.js?m=1787970752:820
[   86340ms] [LOG] 20 @ https://phbidlautdemo.prahu-hub.com/_resources/themes/prahutheme/javascript/custom/listLelang.js?m=1787970752:826
[   86341ms] [LOG] 292 jumlah data @ https://phbidlautdemo.prahu-hub.com/_resources/themes/prahutheme/javascript/custom/listLelang.js?m=1787970752:779
[   86341ms] [LOG] 15 @ https://phbidlautdemo.prahu-hub.com/_resources/themes/prahutheme/javascript/custom/listLelang.js?m=1787970752:781
[   86341ms] [LOG] 15 1 pageCount & pageNow @ https://phbidlautdemo.prahu-hub.com/_resources/themes/prahutheme/javascript/custom/listLelang.js?m=1787970752:704
[   86342ms] [LOG] 200 xhrglobal @ https://phbidlautdemo.prahu-hub.com/lelang/listlelang?tab=telah-akhir-kirim:5957
[   86357ms] ReferenceError: renderTooltipHarga is not defined
    at https://phbidlautdemo.prahu-hub.com/_resources/themes/prahutheme/javascript/custom/listLelang.js?m=1787970752:1049:9
[   86511ms] [LOG] 200 xhrglobal @ https://phbidlautdemo.prahu-hub.com/lelang/listlelang?tab=telah-akhir-kirim:5957
[   86757ms] [LOG] 200 xhrglobal @ https://phbidlautdemo.prahu-hub.com/lelang/listlelang?tab=telah-akhir-kirim:5957
[   86775ms] TypeError: $(...).DataTable is not a function
    at https://phbidlautdemo.prahu-hub.com/_resources/themes/prahutheme/js/scripts-init/tables.js:7:23
[   88542ms] Cannot use import statement outside a module
[   88558ms] ReferenceError: Chart is not defined
    at https://phbidlautdemo.prahu-hub.com/_resources/themes/prahutheme/js/scripts-init/charts/chartjs.js:8:13
[   88758ms] Unexpected token '<'
[   88758ms] Unexpected token '<'
[   88784ms] Uncaught TypeError: expect element to be DOM Element, but got null
    at n.init (https://cdnjs.cloudflare.com/ajax/libs/smooth-scrollbar/8.5.2/smooth-scrollbar.js:24:264)
    at <anonymous> (https://phbidlautdemo.prahu-hub.com/lelang/listlelang?tab=lelang-batal:5630:14)
[   88806ms] [LOG] Pengajuan Lelangnamanya @ https://phbidlautdemo.prahu-hub.com/lelang/listlelang?tab=lelang-batal:1756
[   88812ms] [LOG] undefined @ https://phbidlautdemo.prahu-hub.com/lelang/listlelang?tab=lelang-batal:5983
[   88812ms] [LOG] undefined @ https://phbidlautdemo.prahu-hub.com/lelang/listlelang?tab=lelang-batal:5983
[   88812ms] [LOG] Masukkan Nama Shipper @ https://phbidlautdemo.prahu-hub.com/lelang/listlelang?tab=lelang-batal:5983
[   88813ms] [LOG] Masukkan Nomor Lelang @ https://phbidlautdemo.prahu-hub.com/lelang/listlelang?tab=lelang-batal:5983
[   88813ms] [LOG] DD/MM/YYYY @ https://phbidlautdemo.prahu-hub.com/lelang/listlelang?tab=lelang-batal:5983
[   88813ms] [LOG] DD/MM/YYYY @ https://phbidlautdemo.prahu-hub.com/lelang/listlelang?tab=lelang-batal:5983
[   88813ms] [LOG] DD/MM/YYYY @ https://phbidlautdemo.prahu-hub.com/lelang/listlelang?tab=lelang-batal:5983
[   88813ms] [LOG] DD/MM/YYYY @ https://phbidlautdemo.prahu-hub.com/lelang/listlelang?tab=lelang-batal:5983
[   88814ms] [LOG] Masukkan Nama Shipper @ https://phbidlautdemo.prahu-hub.com/lelang/listlelang?tab=lelang-batal:5983
[   88814ms] [LOG] undefined @ https://phbidlautdemo.prahu-hub.com/lelang/listlelang?tab=lelang-batal:5983
[   88814ms] [LOG] undefined @ https://phbidlautdemo.prahu-hub.com/lelang/listlelang?tab=lelang-batal:5983
[   88814ms] [LOG] Masukkan Nama Bank @ https://phbidlautdemo.prahu-hub.com/lelang/listlelang?tab=lelang-batal:5983
[   88814ms] [LOG] undefined @ https://phbidlautdemo.prahu-hub.com/lelang/listlelang?tab=lelang-batal:5983
[   88815ms] [LOG] WebSocket connection @ https://phbidlautdemo.prahu-hub.com/lelang/listlelang?tab=lelang-batal:6026
[   88815ms] [LOG] WebSocket connection attempting... @ https://phbidlautdemo.prahu-hub.com/lelang/listlelang?tab=lelang-batal:6104
[   88927ms] [LOG] WebSocket connected @ https://phbidlautdemo.prahu-hub.com/lelang/listlelang?tab=lelang-batal:6035
[   88934ms] [LOG] update_dashboard_order_laut @ https://phbidlautdemo.prahu-hub.com/lelang/listlelang?tab=lelang-batal:6076
[   88955ms] [LOG] Connected @ https://phbidlautdemo.prahu-hub.com/lelang/listlelang?tab=lelang-batal:6076
[   90190ms] [LOG] [Object, Object, Object, Object, Object, Object, Object, Object, Object, Object, Object, Object, Object, Object, Object, Object, Object, Object, Object, Object] @ https://phbidlautdemo.prahu-hub.com/_resources/themes/prahutheme/javascript/custom/listLelang.js?m=1787970752:14
[   90196ms] [LOG] 46 @ https://phbidlautdemo.prahu-hub.com/_resources/themes/prahutheme/javascript/custom/listLelang.js?m=1787970752:818
[   90197ms] [LOG] 46 countView1 1 pageNow 20 limitView1 @ https://phbidlautdemo.prahu-hub.com/_resources/themes/prahutheme/javascript/custom/listLelang.js?m=1787970752:820
[   90198ms] [LOG] 20 @ https://phbidlautdemo.prahu-hub.com/_resources/themes/prahutheme/javascript/custom/listLelang.js?m=1787970752:826
[   90198ms] [LOG] 46 jumlah data @ https://phbidlautdemo.prahu-hub.com/_resources/themes/prahutheme/javascript/custom/listLelang.js?m=1787970752:779
[   90198ms] [LOG] 3 @ https://phbidlautdemo.prahu-hub.com/_resources/themes/prahutheme/javascript/custom/listLelang.js?m=1787970752:781
[   90199ms] [LOG] 3 1 pageCount & pageNow @ https://phbidlautdemo.prahu-hub.com/_resources/themes/prahutheme/javascript/custom/listLelang.js?m=1787970752:704
[   90201ms] [LOG] 200 xhrglobal @ https://phbidlautdemo.prahu-hub.com/lelang/listlelang?tab=lelang-batal:5957
[   90220ms] ReferenceError: renderTooltipHarga is not defined
    at https://phbidlautdemo.prahu-hub.com/_resources/themes/prahutheme/javascript/custom/listLelang.js?m=1787970752:1049:9
[   90341ms] [LOG] 200 xhrglobal @ https://phbidlautdemo.prahu-hub.com/lelang/listlelang?tab=lelang-batal:5957
[   90368ms] [LOG] Connected @ https://phbidlautdemo.prahu-hub.com/lelang/listlelang?tab=lelang-batal:6076
[   90383ms] [LOG] 200 xhrglobal @ https://phbidlautdemo.prahu-hub.com/lelang/listlelang?tab=lelang-batal:5957
[   90822ms] TypeError: $(...).DataTable is not a function
    at https://phbidlautdemo.prahu-hub.com/_resources/themes/prahutheme/js/scripts-init/tables.js:7:23
[   92724ms] Unexpected token '<'
[   92767ms] Cannot use import statement outside a module
[   92810ms] ReferenceError: Chart is not defined
    at https://phbidlautdemo.prahu-hub.com/_resources/themes/prahutheme/js/scripts-init/charts/chartjs.js:8:13
[   92810ms] Unexpected token '<'
[   92812ms] Unexpected token '<'
[   92847ms] Uncaught TypeError: expect element to be DOM Element, but got null
    at n.init (https://cdnjs.cloudflare.com/ajax/libs/smooth-scrollbar/8.5.2/smooth-scrollbar.js:24:264)
    at <anonymous> (https://phbidlautdemo.prahu-hub.com/lelang/detaillistLelang/1089:6232:14)
[   92864ms] [LOG] Pengajuan Lelangnamanya @ https://phbidlautdemo.prahu-hub.com/lelang/detaillistLelang/1089:1756
[   92868ms] [LOG] undefined @ https://phbidlautdemo.prahu-hub.com/lelang/detaillistLelang/1089:6585
[   92868ms] [LOG] undefined @ https://phbidlautdemo.prahu-hub.com/lelang/detaillistLelang/1089:6585
[   92868ms] [LOG] undefined @ https://phbidlautdemo.prahu-hub.com/lelang/detaillistLelang/1089:6585
[   92868ms] [LOG] undefined @ https://phbidlautdemo.prahu-hub.com/lelang/detaillistLelang/1089:6585
[   92868ms] [LOG] DD/MM/YYYY @ https://phbidlautdemo.prahu-hub.com/lelang/detaillistLelang/1089:6585
[   92869ms] [LOG] DD/MM/YYYY @ https://phbidlautdemo.prahu-hub.com/lelang/detaillistLelang/1089:6585
[   92870ms] [LOG] WebSocket connection @ https://phbidlautdemo.prahu-hub.com/lelang/detaillistLelang/1089:6628
[   92870ms] [LOG] WebSocket connection attempting... @ https://phbidlautdemo.prahu-hub.com/lelang/detaillistLelang/1089:6706
[   93038ms] [LOG] WebSocket connected @ https://phbidlautdemo.prahu-hub.com/lelang/detaillistLelang/1089:6637
[   93041ms] [LOG] update_dashboard_order_laut @ https://phbidlautdemo.prahu-hub.com/lelang/detaillistLelang/1089:6678
[   93093ms] [LOG] Connected @ https://phbidlautdemo.prahu-hub.com/lelang/detaillistLelang/1089:6678
[   93276ms] [LOG] [Object, Object] @ https://phbidlautdemo.prahu-hub.com/_resources/themes/prahutheme/javascript/custom/hasilPenawaran.js?m=1787970752:14
[   93281ms] [LOG] 2 @ https://phbidlautdemo.prahu-hub.com/_resources/themes/prahutheme/javascript/custom/hasilPenawaran.js?m=1787970752:889
[   93281ms] [LOG] 2 countView1 1 pageNow 20 limitView1 @ https://phbidlautdemo.prahu-hub.com/_resources/themes/prahutheme/javascript/custom/hasilPenawaran.js?m=1787970752:891
[   93281ms] [LOG] 2 @ https://phbidlautdemo.prahu-hub.com/_resources/themes/prahutheme/javascript/custom/hasilPenawaran.js?m=1787970752:902
[   93282ms] [LOG] 2 jumlah data @ https://phbidlautdemo.prahu-hub.com/_resources/themes/prahutheme/javascript/custom/hasilPenawaran.js?m=1787970752:867
[   93282ms] [LOG] 1 @ https://phbidlautdemo.prahu-hub.com/_resources/themes/prahutheme/javascript/custom/hasilPenawaran.js?m=1787970752:869
[   93282ms] [LOG] 1 1 pageCount & pageNow @ https://phbidlautdemo.prahu-hub.com/_resources/themes/prahutheme/javascript/custom/hasilPenawaran.js?m=1787970752:795
[   93283ms] [LOG] 200 xhrglobal @ https://phbidlautdemo.prahu-hub.com/lelang/detaillistLelang/1089:6559
[   93286ms] [LOG] 200 xhrglobal @ https://phbidlautdemo.prahu-hub.com/lelang/detaillistLelang/1089:6559
[   93287ms] [LOG] 200 xhrglobal @ https://phbidlautdemo.prahu-hub.com/lelang/detaillistLelang/1089:6559
[   93666ms] [TABLE] {UI version: 8.4.1, Core version: 8.4.0, Build: NC8xMi8yMDIyfDRkZTU3MmExYg==, WebViewer Server: false, Full API: false} @ https://phbidlautdemo.prahu-hub.com/_resources/themes/prahutheme/javascript/PDFView/lib/ui/webviewer-ui.min.js:270
[   93812ms] [VERBOSE] [DOM] Password forms should have (optionally hidden) username fields for accessibility: (More info: https://goo.gl/9p2vKq) %o @ https://phbidlautdemo.prahu-hub.com/_resources/themes/prahutheme/javascript/PDFView/lib/ui/index.html#d=%2Fassets%2Fdokumenaanwijzing%2F65%2FAanwijzing-PT.-Primax-Geo-Sejahtera.pdf&a=1&disabledElements=downloadButton%2CprintButton%2ClanguageButton&filepicker=0&pdfnet=0&enableRedaction=0&enableMeasurement=0&pageHistory=1&notesInLeftPanel=0&singleServerMode=false&selectAnnotationOnCreation=0&autoFocusNoteOnAnnotationSelection=1&id=1&basePath=%2Flelang%2FdetaillistLelang%2F1089:0
[   93944ms] [LOG] Connected @ https://phbidlautdemo.prahu-hub.com/lelang/detaillistLelang/1089:6678
[   95419ms] [LOG] document loaded @ https://phbidlautdemo.prahu-hub.com/lelang/detaillistLelang/1089:5805
[   95441ms] [LOG] Connected @ https://phbidlautdemo.prahu-hub.com/lelang/detaillistLelang/1089:6678
[   95451ms] TypeError: $(...).DataTable is not a function
    at https://phbidlautdemo.prahu-hub.com/_resources/themes/prahutheme/js/scripts-init/tables.js:7:23
[   95523ms] [LOG] Connected @ https://phbidlautdemo.prahu-hub.com/lelang/detaillistLelang/1089:6678
[   96741ms] Unexpected token '<'
[   96762ms] Cannot use import statement outside a module
[   96781ms] ReferenceError: Chart is not defined
    at https://phbidlautdemo.prahu-hub.com/_resources/themes/prahutheme/js/scripts-init/charts/chartjs.js:8:13
[   96782ms] Unexpected token '<'
[   96783ms] Unexpected token '<'
[   96814ms] Uncaught TypeError: expect element to be DOM Element, but got null
    at n.init (https://cdnjs.cloudflare.com/ajax/libs/smooth-scrollbar/8.5.2/smooth-scrollbar.js:24:264)
    at <anonymous> (https://phbidlautdemo.prahu-hub.com/lelang/detaillistLelang/1084:6232:14)
[   96902ms] [LOG] Pengajuan Lelangnamanya @ https://phbidlautdemo.prahu-hub.com/lelang/detaillistLelang/1084:1756
[   96907ms] [LOG] undefined @ https://phbidlautdemo.prahu-hub.com/lelang/detaillistLelang/1084:6585
[   96907ms] [LOG] undefined @ https://phbidlautdemo.prahu-hub.com/lelang/detaillistLelang/1084:6585
[   96907ms] [LOG] undefined @ https://phbidlautdemo.prahu-hub.com/lelang/detaillistLelang/1084:6585
[   96908ms] [LOG] undefined @ https://phbidlautdemo.prahu-hub.com/lelang/detaillistLelang/1084:6585
[   96908ms] [LOG] DD/MM/YYYY @ https://phbidlautdemo.prahu-hub.com/lelang/detaillistLelang/1084:6585
[   96908ms] [LOG] DD/MM/YYYY @ https://phbidlautdemo.prahu-hub.com/lelang/detaillistLelang/1084:6585
[   96908ms] [LOG] WebSocket connection @ https://phbidlautdemo.prahu-hub.com/lelang/detaillistLelang/1084:6628
[   96909ms] [LOG] WebSocket connection attempting... @ https://phbidlautdemo.prahu-hub.com/lelang/detaillistLelang/1084:6706
[   96933ms] [TABLE] {UI version: 8.4.1, Core version: 8.4.0, Build: NC8xMi8yMDIyfDRkZTU3MmExYg==, WebViewer Server: false, Full API: false} @ https://phbidlautdemo.prahu-hub.com/_resources/themes/prahutheme/javascript/PDFView/lib/ui/webviewer-ui.min.js:270
[   97119ms] [VERBOSE] [DOM] Password forms should have (optionally hidden) username fields for accessibility: (More info: https://goo.gl/9p2vKq) %o @ https://phbidlautdemo.prahu-hub.com/_resources/themes/prahutheme/javascript/PDFView/lib/ui/index.html#d=%2Fassets%2Fdokumenaanwijzing%2F65%2FAanwijzing-PT.-Primax-Geo-Sejahtera.pdf&a=1&disabledElements=downloadButton%2CprintButton%2ClanguageButton&filepicker=0&pdfnet=0&enableRedaction=0&enableMeasurement=0&pageHistory=1&notesInLeftPanel=0&singleServerMode=false&selectAnnotationOnCreation=0&autoFocusNoteOnAnnotationSelection=1&id=1&basePath=%2Flelang%2FdetaillistLelang%2F1084:0
[   97125ms] [LOG] [] @ https://phbidlautdemo.prahu-hub.com/_resources/themes/prahutheme/javascript/custom/hasilPenawaran.js?m=1787970752:14
[   97131ms] [LOG] 200 xhrglobal @ https://phbidlautdemo.prahu-hub.com/lelang/detaillistLelang/1084:6559
[   97133ms] [LOG] WebSocket connected @ https://phbidlautdemo.prahu-hub.com/lelang/detaillistLelang/1084:6637
[   97251ms] [LOG] update_dashboard_order_laut @ https://phbidlautdemo.prahu-hub.com/lelang/detaillistLelang/1084:6678
[   97299ms] [LOG] 200 xhrglobal @ https://phbidlautdemo.prahu-hub.com/lelang/detaillistLelang/1084:6559
[   97317ms] [LOG] Connected @ https://phbidlautdemo.prahu-hub.com/lelang/detaillistLelang/1084:6678
[   97319ms] [LOG] 200 xhrglobal @ https://phbidlautdemo.prahu-hub.com/lelang/detaillistLelang/1084:6559
[   97325ms] [LOG] Connected @ https://phbidlautdemo.prahu-hub.com/lelang/detaillistLelang/1084:6678
[   98161ms] [LOG] document loaded @ https://phbidlautdemo.prahu-hub.com/lelang/detaillistLelang/1084:5805
[   98908ms] TypeError: $(...).DataTable is not a function
    at https://phbidlautdemo.prahu-hub.com/_resources/themes/prahutheme/js/scripts-init/tables.js:7:23
[   99055ms] [LOG] Connected @ https://phbidlautdemo.prahu-hub.com/lelang/detaillistLelang/1084:6678
[  100404ms] Unexpected token '<'
[  100428ms] Cannot use import statement outside a module
[  100429ms] ReferenceError: Chart is not defined
    at https://phbidlautdemo.prahu-hub.com/_resources/themes/prahutheme/js/scripts-init/charts/chartjs.js:8:13
[  100507ms] Unexpected token '<'
[  100618ms] Unexpected token '<'
[  100652ms] Uncaught TypeError: expect element to be DOM Element, but got null
    at n.init (https://cdnjs.cloudflare.com/ajax/libs/smooth-scrollbar/8.5.2/smooth-scrollbar.js:24:264)
    at <anonymous> (https://phbidlautdemo.prahu-hub.com/lelang/detaillistLelang/1083:6232:14)
[  100739ms] [LOG] Pengajuan Lelangnamanya @ https://phbidlautdemo.prahu-hub.com/lelang/detaillistLelang/1083:1756
[  100744ms] [LOG] undefined @ https://phbidlautdemo.prahu-hub.com/lelang/detaillistLelang/1083:6585
[  100744ms] [LOG] undefined @ https://phbidlautdemo.prahu-hub.com/lelang/detaillistLelang/1083:6585
[  100744ms] [LOG] undefined @ https://phbidlautdemo.prahu-hub.com/lelang/detaillistLelang/1083:6585
[  100744ms] [LOG] undefined @ https://phbidlautdemo.prahu-hub.com/lelang/detaillistLelang/1083:6585
[  100744ms] [LOG] DD/MM/YYYY @ https://phbidlautdemo.prahu-hub.com/lelang/detaillistLelang/1083:6585
[  100744ms] [LOG] DD/MM/YYYY @ https://phbidlautdemo.prahu-hub.com/lelang/detaillistLelang/1083:6585
[  100745ms] [LOG] WebSocket connection @ https://phbidlautdemo.prahu-hub.com/lelang/detaillistLelang/1083:6628
[  100745ms] [LOG] WebSocket connection attempting... @ https://phbidlautdemo.prahu-hub.com/lelang/detaillistLelang/1083:6706
[  100772ms] [TABLE] {UI version: 8.4.1, Core version: 8.4.0, Build: NC8xMi8yMDIyfDRkZTU3MmExYg==, WebViewer Server: false, Full API: false} @ https://phbidlautdemo.prahu-hub.com/_resources/themes/prahutheme/javascript/PDFView/lib/ui/webviewer-ui.min.js:270
[  100897ms] [VERBOSE] [DOM] Password forms should have (optionally hidden) username fields for accessibility: (More info: https://goo.gl/9p2vKq) %o @ https://phbidlautdemo.prahu-hub.com/_resources/themes/prahutheme/javascript/PDFView/lib/ui/index.html#d=%2Fassets%2Fdokumenaanwijzing%2F65%2FAanwijzing-PT.-Primax-Geo-Sejahtera.pdf&a=1&disabledElements=downloadButton%2CprintButton%2ClanguageButton&filepicker=0&pdfnet=0&enableRedaction=0&enableMeasurement=0&pageHistory=1&notesInLeftPanel=0&singleServerMode=false&selectAnnotationOnCreation=0&autoFocusNoteOnAnnotationSelection=1&id=1&basePath=%2Flelang%2FdetaillistLelang%2F1083:0
[  100903ms] [LOG] [] @ https://phbidlautdemo.prahu-hub.com/_resources/themes/prahutheme/javascript/custom/hasilPenawaran.js?m=1787970752:14
[  100909ms] [LOG] 200 xhrglobal @ https://phbidlautdemo.prahu-hub.com/lelang/detaillistLelang/1083:6559
[  101002ms] [LOG] WebSocket connected @ https://phbidlautdemo.prahu-hub.com/lelang/detaillistLelang/1083:6637
[  101048ms] [LOG] update_dashboard_order_laut @ https://phbidlautdemo.prahu-hub.com/lelang/detaillistLelang/1083:6678
[  101052ms] [LOG] Connected @ https://phbidlautdemo.prahu-hub.com/lelang/detaillistLelang/1083:6678
[  101099ms] [LOG] 200 xhrglobal @ https://phbidlautdemo.prahu-hub.com/lelang/detaillistLelang/1083:6559
[  101165ms] [LOG] 200 xhrglobal @ https://phbidlautdemo.prahu-hub.com/lelang/detaillistLelang/1083:6559
[  101647ms] [LOG] document loaded @ https://phbidlautdemo.prahu-hub.com/lelang/detaillistLelang/1083:5805
[  102759ms] TypeError: $(...).DataTable is not a function
    at https://phbidlautdemo.prahu-hub.com/_resources/themes/prahutheme/js/scripts-init/tables.js:7:23
[  103066ms] [LOG] Connected @ https://phbidlautdemo.prahu-hub.com/lelang/detaillistLelang/1083:6678
[  104268ms] Unexpected token '<'
[  104280ms] Cannot use import statement outside a module
[  104286ms] ReferenceError: Chart is not defined
    at https://phbidlautdemo.prahu-hub.com/_resources/themes/prahutheme/js/scripts-init/charts/chartjs.js:8:13
[  104371ms] Unexpected token '<'
[  104479ms] Unexpected token '<'
[  104508ms] Uncaught TypeError: expect element to be DOM Element, but got null
    at n.init (https://cdnjs.cloudflare.com/ajax/libs/smooth-scrollbar/8.5.2/smooth-scrollbar.js:24:264)
    at <anonymous> (https://phbidlautdemo.prahu-hub.com/lelang/detaillistLelang/1079:6232:14)
[  104580ms] [LOG] Pengajuan Lelangnamanya @ https://phbidlautdemo.prahu-hub.com/lelang/detaillistLelang/1079:1756
[  104585ms] [LOG] undefined @ https://phbidlautdemo.prahu-hub.com/lelang/detaillistLelang/1079:6585
[  104585ms] [LOG] undefined @ https://phbidlautdemo.prahu-hub.com/lelang/detaillistLelang/1079:6585
[  104585ms] [LOG] undefined @ https://phbidlautdemo.prahu-hub.com/lelang/detaillistLelang/1079:6585
[  104585ms] [LOG] undefined @ https://phbidlautdemo.prahu-hub.com/lelang/detaillistLelang/1079:6585
[  104585ms] [LOG] DD/MM/YYYY @ https://phbidlautdemo.prahu-hub.com/lelang/detaillistLelang/1079:6585
[  104585ms] [LOG] DD/MM/YYYY @ https://phbidlautdemo.prahu-hub.com/lelang/detaillistLelang/1079:6585
[  104586ms] [LOG] WebSocket connection @ https://phbidlautdemo.prahu-hub.com/lelang/detaillistLelang/1079:6628
[  104586ms] [LOG] WebSocket connection attempting... @ https://phbidlautdemo.prahu-hub.com/lelang/detaillistLelang/1079:6706
[  104617ms] [TABLE] {UI version: 8.4.1, Core version: 8.4.0, Build: NC8xMi8yMDIyfDRkZTU3MmExYg==, WebViewer Server: false, Full API: false} @ https://phbidlautdemo.prahu-hub.com/_resources/themes/prahutheme/javascript/PDFView/lib/ui/webviewer-ui.min.js:270
[  104737ms] [VERBOSE] [DOM] Password forms should have (optionally hidden) username fields for accessibility: (More info: https://goo.gl/9p2vKq) %o @ https://phbidlautdemo.prahu-hub.com/_resources/themes/prahutheme/javascript/PDFView/lib/ui/index.html#d=%2Fassets%2Fdokumenaanwijzing%2F65%2FAanwijzing-PT.-Primax-Geo-Sejahtera.pdf&a=1&disabledElements=downloadButton%2CprintButton%2ClanguageButton&filepicker=0&pdfnet=0&enableRedaction=0&enableMeasurement=0&pageHistory=1&notesInLeftPanel=0&singleServerMode=false&selectAnnotationOnCreation=0&autoFocusNoteOnAnnotationSelection=1&id=1&basePath=%2Flelang%2FdetaillistLelang%2F1079:0
[  104742ms] [LOG] [] @ https://phbidlautdemo.prahu-hub.com/_resources/themes/prahutheme/javascript/custom/hasilPenawaran.js?m=1787970752:14
[  104750ms] [LOG] 200 xhrglobal @ https://phbidlautdemo.prahu-hub.com/lelang/detaillistLelang/1079:6559
[  104836ms] [LOG] WebSocket connected @ https://phbidlautdemo.prahu-hub.com/lelang/detaillistLelang/1079:6637
[  104879ms] [LOG] update_dashboard_order_laut @ https://phbidlautdemo.prahu-hub.com/lelang/detaillistLelang/1079:6678
[  104883ms] [LOG] Connected @ https://phbidlautdemo.prahu-hub.com/lelang/detaillistLelang/1079:6678
[  104937ms] [LOG] 200 xhrglobal @ https://phbidlautdemo.prahu-hub.com/lelang/detaillistLelang/1079:6559
[  104990ms] [LOG] 200 xhrglobal @ https://phbidlautdemo.prahu-hub.com/lelang/detaillistLelang/1079:6559
[  105595ms] [LOG] document loaded @ https://phbidlautdemo.prahu-hub.com/lelang/detaillistLelang/1079:5805
[  106587ms] TypeError: $(...).DataTable is not a function
    at https://phbidlautdemo.prahu-hub.com/_resources/themes/prahutheme/js/scripts-init/tables.js:7:23
[  108238ms] Unexpected token '<'
[  108286ms] Cannot use import statement outside a module
[  108304ms] ReferenceError: Chart is not defined
    at https://phbidlautdemo.prahu-hub.com/_resources/themes/prahutheme/js/scripts-init/charts/chartjs.js:8:13
[  108305ms] Unexpected token '<'
[  108367ms] Unexpected token '<'
[  108420ms] Uncaught TypeError: expect element to be DOM Element, but got null
    at n.init (https://cdnjs.cloudflare.com/ajax/libs/smooth-scrollbar/8.5.2/smooth-scrollbar.js:24:264)
    at <anonymous> (https://phbidlautdemo.prahu-hub.com/lelang/detaillistLelang/1078:6232:14)
[  108513ms] [TABLE] {UI version: 8.4.1, Core version: 8.4.0, Build: NC8xMi8yMDIyfDRkZTU3MmExYg==, WebViewer Server: false, Full API: false} @ https://phbidlautdemo.prahu-hub.com/_resources/themes/prahutheme/javascript/PDFView/lib/ui/webviewer-ui.min.js:270
[  108525ms] [LOG] Pengajuan Lelangnamanya @ https://phbidlautdemo.prahu-hub.com/lelang/detaillistLelang/1078:1756
[  108531ms] [LOG] undefined @ https://phbidlautdemo.prahu-hub.com/lelang/detaillistLelang/1078:6585
[  108532ms] [LOG] undefined @ https://phbidlautdemo.prahu-hub.com/lelang/detaillistLelang/1078:6585
[  108532ms] [LOG] undefined @ https://phbidlautdemo.prahu-hub.com/lelang/detaillistLelang/1078:6585
[  108532ms] [LOG] undefined @ https://phbidlautdemo.prahu-hub.com/lelang/detaillistLelang/1078:6585
[  108532ms] [LOG] DD/MM/YYYY @ https://phbidlautdemo.prahu-hub.com/lelang/detaillistLelang/1078:6585
[  108532ms] [LOG] DD/MM/YYYY @ https://phbidlautdemo.prahu-hub.com/lelang/detaillistLelang/1078:6585
[  108533ms] [LOG] WebSocket connection @ https://phbidlautdemo.prahu-hub.com/lelang/detaillistLelang/1078:6628
[  108533ms] [LOG] WebSocket connection attempting... @ https://phbidlautdemo.prahu-hub.com/lelang/detaillistLelang/1078:6706
[  108636ms] [VERBOSE] [DOM] Password forms should have (optionally hidden) username fields for accessibility: (More info: https://goo.gl/9p2vKq) %o @ https://phbidlautdemo.prahu-hub.com/_resources/themes/prahutheme/javascript/PDFView/lib/ui/index.html#d=%2Fassets%2Fdokumenaanwijzing%2F65%2FAanwijzing-PT.-Primax-Geo-Sejahtera.pdf&a=1&disabledElements=downloadButton%2CprintButton%2ClanguageButton&filepicker=0&pdfnet=0&enableRedaction=0&enableMeasurement=0&pageHistory=1&notesInLeftPanel=0&singleServerMode=false&selectAnnotationOnCreation=0&autoFocusNoteOnAnnotationSelection=1&id=1&basePath=%2Flelang%2FdetaillistLelang%2F1078:0
[  108685ms] [LOG] [] @ https://phbidlautdemo.prahu-hub.com/_resources/themes/prahutheme/javascript/custom/hasilPenawaran.js?m=1787970752:14
[  108689ms] [LOG] 200 xhrglobal @ https://phbidlautdemo.prahu-hub.com/lelang/detaillistLelang/1078:6559
[  108717ms] [LOG] WebSocket connected @ https://phbidlautdemo.prahu-hub.com/lelang/detaillistLelang/1078:6637
[  108755ms] [LOG] update_dashboard_order_laut @ https://phbidlautdemo.prahu-hub.com/lelang/detaillistLelang/1078:6678
[  108757ms] [LOG] Connected @ https://phbidlautdemo.prahu-hub.com/lelang/detaillistLelang/1078:6678
[  108826ms] [LOG] 200 xhrglobal @ https://phbidlautdemo.prahu-hub.com/lelang/detaillistLelang/1078:6559
[  108860ms] [LOG] 200 xhrglobal @ https://phbidlautdemo.prahu-hub.com/lelang/detaillistLelang/1078:6559
[  109271ms] [LOG] document loaded @ https://phbidlautdemo.prahu-hub.com/lelang/detaillistLelang/1078:5805
[  110538ms] TypeError: $(...).DataTable is not a function
    at https://phbidlautdemo.prahu-hub.com/_resources/themes/prahutheme/js/scripts-init/tables.js:7:23
[  111978ms] Unexpected token '<'
[  111985ms] Cannot use import statement outside a module
[  112002ms] ReferenceError: Chart is not defined
    at https://phbidlautdemo.prahu-hub.com/_resources/themes/prahutheme/js/scripts-init/charts/chartjs.js:8:13
[  112260ms] Unexpected token '<'
[  112261ms] Unexpected token '<'
[  112305ms] Uncaught TypeError: expect element to be DOM Element, but got null
    at n.init (https://cdnjs.cloudflare.com/ajax/libs/smooth-scrollbar/8.5.2/smooth-scrollbar.js:24:264)
    at <anonymous> (https://phbidlautdemo.prahu-hub.com/lelang/detaillistLelang/1077:6232:14)
[  112379ms] [TABLE] {UI version: 8.4.1, Core version: 8.4.0, Build: NC8xMi8yMDIyfDRkZTU3MmExYg==, WebViewer Server: false, Full API: false} @ https://phbidlautdemo.prahu-hub.com/_resources/themes/prahutheme/javascript/PDFView/lib/ui/webviewer-ui.min.js:270
[  112388ms] [LOG] Pengajuan Lelangnamanya @ https://phbidlautdemo.prahu-hub.com/lelang/detaillistLelang/1077:1756
[  112393ms] [LOG] undefined @ https://phbidlautdemo.prahu-hub.com/lelang/detaillistLelang/1077:6585
[  112393ms] [LOG] undefined @ https://phbidlautdemo.prahu-hub.com/lelang/detaillistLelang/1077:6585
[  112393ms] [LOG] undefined @ https://phbidlautdemo.prahu-hub.com/lelang/detaillistLelang/1077:6585
[  112393ms] [LOG] undefined @ https://phbidlautdemo.prahu-hub.com/lelang/detaillistLelang/1077:6585
[  112393ms] [LOG] DD/MM/YYYY @ https://phbidlautdemo.prahu-hub.com/lelang/detaillistLelang/1077:6585
[  112394ms] [LOG] DD/MM/YYYY @ https://phbidlautdemo.prahu-hub.com/lelang/detaillistLelang/1077:6585
[  112394ms] [LOG] WebSocket connection @ https://phbidlautdemo.prahu-hub.com/lelang/detaillistLelang/1077:6628
[  112395ms] [LOG] WebSocket connection attempting... @ https://phbidlautdemo.prahu-hub.com/lelang/detaillistLelang/1077:6706
[  112494ms] [VERBOSE] [DOM] Password forms should have (optionally hidden) username fields for accessibility: (More info: https://goo.gl/9p2vKq) %o @ https://phbidlautdemo.prahu-hub.com/_resources/themes/prahutheme/javascript/PDFView/lib/ui/index.html#d=%2Fassets%2Fdokumenaanwijzing%2F65%2FAanwijzing-PT.-Primax-Geo-Sejahtera.pdf&a=1&disabledElements=downloadButton%2CprintButton%2ClanguageButton&filepicker=0&pdfnet=0&enableRedaction=0&enableMeasurement=0&pageHistory=1&notesInLeftPanel=0&singleServerMode=false&selectAnnotationOnCreation=0&autoFocusNoteOnAnnotationSelection=1&id=1&basePath=%2Flelang%2FdetaillistLelang%2F1077:0
[  112570ms] [LOG] WebSocket connected @ https://phbidlautdemo.prahu-hub.com/lelang/detaillistLelang/1077:6637
[  112602ms] [LOG] [] @ https://phbidlautdemo.prahu-hub.com/_resources/themes/prahutheme/javascript/custom/hasilPenawaran.js?m=1787970752:14
[  112607ms] [LOG] 200 xhrglobal @ https://phbidlautdemo.prahu-hub.com/lelang/detaillistLelang/1077:6559
[  112608ms] [LOG] update_dashboard_order_laut @ https://phbidlautdemo.prahu-hub.com/lelang/detaillistLelang/1077:6678
[  112614ms] [LOG] Connected @ https://phbidlautdemo.prahu-hub.com/lelang/detaillistLelang/1077:6678
[  112677ms] [LOG] 200 xhrglobal @ https://phbidlautdemo.prahu-hub.com/lelang/detaillistLelang/1077:6559
[  112716ms] [LOG] 200 xhrglobal @ https://phbidlautdemo.prahu-hub.com/lelang/detaillistLelang/1077:6559
[  113209ms] [LOG] document loaded @ https://phbidlautdemo.prahu-hub.com/lelang/detaillistLelang/1077:5805
[  114402ms] TypeError: $(...).DataTable is not a function
    at https://phbidlautdemo.prahu-hub.com/_resources/themes/prahutheme/js/scripts-init/tables.js:7:23
[  116172ms] Unexpected token '<'
[  116173ms] Cannot use import statement outside a module
[  116173ms] ReferenceError: Chart is not defined
    at https://phbidlautdemo.prahu-hub.com/_resources/themes/prahutheme/js/scripts-init/charts/chartjs.js:8:13
[  116258ms] Unexpected token '<'
[  116258ms] Unexpected token '<'
[  116291ms] Uncaught TypeError: expect element to be DOM Element, but got null
    at n.init (https://cdnjs.cloudflare.com/ajax/libs/smooth-scrollbar/8.5.2/smooth-scrollbar.js:24:264)
    at <anonymous> (https://phbidlautdemo.prahu-hub.com/lelang/detaillistLelang/1076:6232:14)
[  116368ms] [LOG] Pengajuan Lelangnamanya @ https://phbidlautdemo.prahu-hub.com/lelang/detaillistLelang/1076:1756
[  116375ms] [LOG] undefined @ https://phbidlautdemo.prahu-hub.com/lelang/detaillistLelang/1076:6585
[  116375ms] [LOG] undefined @ https://phbidlautdemo.prahu-hub.com/lelang/detaillistLelang/1076:6585
[  116375ms] [LOG] undefined @ https://phbidlautdemo.prahu-hub.com/lelang/detaillistLelang/1076:6585
[  116375ms] [LOG] undefined @ https://phbidlautdemo.prahu-hub.com/lelang/detaillistLelang/1076:6585
[  116375ms] [LOG] DD/MM/YYYY @ https://phbidlautdemo.prahu-hub.com/lelang/detaillistLelang/1076:6585
[  116375ms] [LOG] DD/MM/YYYY @ https://phbidlautdemo.prahu-hub.com/lelang/detaillistLelang/1076:6585
[  116376ms] [LOG] WebSocket connection @ https://phbidlautdemo.prahu-hub.com/lelang/detaillistLelang/1076:6628
[  116377ms] [LOG] WebSocket connection attempting... @ https://phbidlautdemo.prahu-hub.com/lelang/detaillistLelang/1076:6706
[  116408ms] [TABLE] {UI version: 8.4.1, Core version: 8.4.0, Build: NC8xMi8yMDIyfDRkZTU3MmExYg==, WebViewer Server: false, Full API: false} @ https://phbidlautdemo.prahu-hub.com/_resources/themes/prahutheme/javascript/PDFView/lib/ui/webviewer-ui.min.js:270
[  116535ms] [VERBOSE] [DOM] Password forms should have (optionally hidden) username fields for accessibility: (More info: https://goo.gl/9p2vKq) %o @ https://phbidlautdemo.prahu-hub.com/_resources/themes/prahutheme/javascript/PDFView/lib/ui/index.html#d=%2Fassets%2Fdokumenaanwijzing%2F65%2FAanwijzing-PT.-Primax-Geo-Sejahtera.pdf&a=1&disabledElements=downloadButton%2CprintButton%2ClanguageButton&filepicker=0&pdfnet=0&enableRedaction=0&enableMeasurement=0&pageHistory=1&notesInLeftPanel=0&singleServerMode=false&selectAnnotationOnCreation=0&autoFocusNoteOnAnnotationSelection=1&id=1&basePath=%2Flelang%2FdetaillistLelang%2F1076:0
[  116542ms] [LOG] [] @ https://phbidlautdemo.prahu-hub.com/_resources/themes/prahutheme/javascript/custom/hasilPenawaran.js?m=1787970752:14
[  116549ms] [LOG] 200 xhrglobal @ https://phbidlautdemo.prahu-hub.com/lelang/detaillistLelang/1076:6559
[  116644ms] [LOG] WebSocket connected @ https://phbidlautdemo.prahu-hub.com/lelang/detaillistLelang/1076:6637
[  116691ms] [LOG] update_dashboard_order_laut @ https://phbidlautdemo.prahu-hub.com/lelang/detaillistLelang/1076:6678
[  116711ms] [LOG] Connected @ https://phbidlautdemo.prahu-hub.com/lelang/detaillistLelang/1076:6678
[  116787ms] [LOG] 200 xhrglobal @ https://phbidlautdemo.prahu-hub.com/lelang/detaillistLelang/1076:6559
[  116826ms] [LOG] 200 xhrglobal @ https://phbidlautdemo.prahu-hub.com/lelang/detaillistLelang/1076:6559
[  117291ms] [LOG] document loaded @ https://phbidlautdemo.prahu-hub.com/lelang/detaillistLelang/1076:5805
[  118382ms] TypeError: $(...).DataTable is not a function
    at https://phbidlautdemo.prahu-hub.com/_resources/themes/prahutheme/js/scripts-init/tables.js:7:23
[  119964ms] Unexpected token '<'
[  119970ms] Cannot use import statement outside a module
[  119994ms] ReferenceError: Chart is not defined
    at https://phbidlautdemo.prahu-hub.com/_resources/themes/prahutheme/js/scripts-init/charts/chartjs.js:8:13
[  119994ms] Unexpected token '<'
[  120075ms] Unexpected token '<'
[  120112ms] Uncaught TypeError: expect element to be DOM Element, but got null
    at n.init (https://cdnjs.cloudflare.com/ajax/libs/smooth-scrollbar/8.5.2/smooth-scrollbar.js:24:264)
    at <anonymous> (https://phbidlautdemo.prahu-hub.com/lelang/detaillistLelang/1075:6232:14)
[  120172ms] [LOG] Pengajuan Lelangnamanya @ https://phbidlautdemo.prahu-hub.com/lelang/detaillistLelang/1075:1756
[  120176ms] [LOG] undefined @ https://phbidlautdemo.prahu-hub.com/lelang/detaillistLelang/1075:6585
[  120176ms] [LOG] undefined @ https://phbidlautdemo.prahu-hub.com/lelang/detaillistLelang/1075:6585
[  120176ms] [LOG] undefined @ https://phbidlautdemo.prahu-hub.com/lelang/detaillistLelang/1075:6585
[  120176ms] [LOG] undefined @ https://phbidlautdemo.prahu-hub.com/lelang/detaillistLelang/1075:6585
[  120176ms] [LOG] DD/MM/YYYY @ https://phbidlautdemo.prahu-hub.com/lelang/detaillistLelang/1075:6585
[  120176ms] [LOG] DD/MM/YYYY @ https://phbidlautdemo.prahu-hub.com/lelang/detaillistLelang/1075:6585
[  120177ms] [LOG] WebSocket connection @ https://phbidlautdemo.prahu-hub.com/lelang/detaillistLelang/1075:6628
[  120177ms] [LOG] WebSocket connection attempting... @ https://phbidlautdemo.prahu-hub.com/lelang/detaillistLelang/1075:6706
[  120202ms] [TABLE] {UI version: 8.4.1, Core version: 8.4.0, Build: NC8xMi8yMDIyfDRkZTU3MmExYg==, WebViewer Server: false, Full API: false} @ https://phbidlautdemo.prahu-hub.com/_resources/themes/prahutheme/javascript/PDFView/lib/ui/webviewer-ui.min.js:270
[  120308ms] [VERBOSE] [DOM] Password forms should have (optionally hidden) username fields for accessibility: (More info: https://goo.gl/9p2vKq) %o @ https://phbidlautdemo.prahu-hub.com/_resources/themes/prahutheme/javascript/PDFView/lib/ui/index.html#d=%2Fassets%2Fdokumenaanwijzing%2F65%2FAanwijzing-PT.-Primax-Geo-Sejahtera.pdf&a=1&disabledElements=downloadButton%2CprintButton%2ClanguageButton&filepicker=0&pdfnet=0&enableRedaction=0&enableMeasurement=0&pageHistory=1&notesInLeftPanel=0&singleServerMode=false&selectAnnotationOnCreation=0&autoFocusNoteOnAnnotationSelection=1&id=1&basePath=%2Flelang%2FdetaillistLelang%2F1075:0
[  120315ms] [LOG] [] @ https://phbidlautdemo.prahu-hub.com/_resources/themes/prahutheme/javascript/custom/hasilPenawaran.js?m=1787970752:14
[  120324ms] [LOG] 200 xhrglobal @ https://phbidlautdemo.prahu-hub.com/lelang/detaillistLelang/1075:6559
[  120408ms] [LOG] WebSocket connected @ https://phbidlautdemo.prahu-hub.com/lelang/detaillistLelang/1075:6637
[  120448ms] [LOG] update_dashboard_order_laut @ https://phbidlautdemo.prahu-hub.com/lelang/detaillistLelang/1075:6678
[  120450ms] [LOG] Connected @ https://phbidlautdemo.prahu-hub.com/lelang/detaillistLelang/1075:6678
[  120511ms] [LOG] 200 xhrglobal @ https://phbidlautdemo.prahu-hub.com/lelang/detaillistLelang/1075:6559
[  120562ms] [LOG] 200 xhrglobal @ https://phbidlautdemo.prahu-hub.com/lelang/detaillistLelang/1075:6559
[  121005ms] [LOG] document loaded @ https://phbidlautdemo.prahu-hub.com/lelang/detaillistLelang/1075:5805
[  122195ms] TypeError: $(...).DataTable is not a function
    at https://phbidlautdemo.prahu-hub.com/_resources/themes/prahutheme/js/scripts-init/tables.js:7:23
[  123951ms] Unexpected token '<'
[  123955ms] Cannot use import statement outside a module
[  123971ms] ReferenceError: Chart is not defined
    at https://phbidlautdemo.prahu-hub.com/_resources/themes/prahutheme/js/scripts-init/charts/chartjs.js:8:13
[  124146ms] Unexpected token '<'
[  124396ms] Unexpected token '<'
[  124427ms] Uncaught TypeError: expect element to be DOM Element, but got null
    at n.init (https://cdnjs.cloudflare.com/ajax/libs/smooth-scrollbar/8.5.2/smooth-scrollbar.js:24:264)
    at <anonymous> (https://phbidlautdemo.prahu-hub.com/lelang/detaillistLelang/1074:6232:14)
[  124494ms] [LOG] Pengajuan Lelangnamanya @ https://phbidlautdemo.prahu-hub.com/lelang/detaillistLelang/1074:1756
[  124498ms] [LOG] undefined @ https://phbidlautdemo.prahu-hub.com/lelang/detaillistLelang/1074:6585
[  124498ms] [LOG] undefined @ https://phbidlautdemo.prahu-hub.com/lelang/detaillistLelang/1074:6585
[  124498ms] [LOG] undefined @ https://phbidlautdemo.prahu-hub.com/lelang/detaillistLelang/1074:6585
[  124498ms] [LOG] undefined @ https://phbidlautdemo.prahu-hub.com/lelang/detaillistLelang/1074:6585
[  124498ms] [LOG] DD/MM/YYYY @ https://phbidlautdemo.prahu-hub.com/lelang/detaillistLelang/1074:6585
[  124498ms] [LOG] DD/MM/YYYY @ https://phbidlautdemo.prahu-hub.com/lelang/detaillistLelang/1074:6585
[  124500ms] [LOG] WebSocket connection @ https://phbidlautdemo.prahu-hub.com/lelang/detaillistLelang/1074:6628
[  124500ms] [LOG] WebSocket connection attempting... @ https://phbidlautdemo.prahu-hub.com/lelang/detaillistLelang/1074:6706
[  124528ms] [TABLE] {UI version: 8.4.1, Core version: 8.4.0, Build: NC8xMi8yMDIyfDRkZTU3MmExYg==, WebViewer Server: false, Full API: false} @ https://phbidlautdemo.prahu-hub.com/_resources/themes/prahutheme/javascript/PDFView/lib/ui/webviewer-ui.min.js:270
[  124653ms] [VERBOSE] [DOM] Password forms should have (optionally hidden) username fields for accessibility: (More info: https://goo.gl/9p2vKq) %o @ https://phbidlautdemo.prahu-hub.com/_resources/themes/prahutheme/javascript/PDFView/lib/ui/index.html#d=%2Fassets%2Fdokumenaanwijzing%2F65%2FAanwijzing-PT.-Primax-Geo-Sejahtera.pdf&a=1&disabledElements=downloadButton%2CprintButton%2ClanguageButton&filepicker=0&pdfnet=0&enableRedaction=0&enableMeasurement=0&pageHistory=1&notesInLeftPanel=0&singleServerMode=false&selectAnnotationOnCreation=0&autoFocusNoteOnAnnotationSelection=1&id=1&basePath=%2Flelang%2FdetaillistLelang%2F1074:0
[  124701ms] [LOG] [] @ https://phbidlautdemo.prahu-hub.com/_resources/themes/prahutheme/javascript/custom/hasilPenawaran.js?m=1787970752:14
[  124706ms] [LOG] 200 xhrglobal @ https://phbidlautdemo.prahu-hub.com/lelang/detaillistLelang/1074:6559
[  124737ms] [LOG] WebSocket connected @ https://phbidlautdemo.prahu-hub.com/lelang/detaillistLelang/1074:6637
[  124777ms] [LOG] update_dashboard_order_laut @ https://phbidlautdemo.prahu-hub.com/lelang/detaillistLelang/1074:6678
[  124779ms] [LOG] Connected @ https://phbidlautdemo.prahu-hub.com/lelang/detaillistLelang/1074:6678
[  124973ms] [LOG] 200 xhrglobal @ https://phbidlautdemo.prahu-hub.com/lelang/detaillistLelang/1074:6559
[  125183ms] [LOG] 200 xhrglobal @ https://phbidlautdemo.prahu-hub.com/lelang/detaillistLelang/1074:6559
[  125332ms] [LOG] document loaded @ https://phbidlautdemo.prahu-hub.com/lelang/detaillistLelang/1074:5805
[  126511ms] TypeError: $(...).DataTable is not a function
    at https://phbidlautdemo.prahu-hub.com/_resources/themes/prahutheme/js/scripts-init/tables.js:7:23
[  128229ms] Unexpected token '<'
[  128236ms] Cannot use import statement outside a module
[  128258ms] ReferenceError: Chart is not defined
    at https://phbidlautdemo.prahu-hub.com/_resources/themes/prahutheme/js/scripts-init/charts/chartjs.js:8:13
[  128258ms] Unexpected token '<'
[  128260ms] Unexpected token '<'
[  128300ms] Uncaught TypeError: expect element to be DOM Element, but got null
    at n.init (https://cdnjs.cloudflare.com/ajax/libs/smooth-scrollbar/8.5.2/smooth-scrollbar.js:24:264)
    at <anonymous> (https://phbidlautdemo.prahu-hub.com/lelang/detaillistLelang/1073:6232:14)
[  128386ms] [LOG] Pengajuan Lelangnamanya @ https://phbidlautdemo.prahu-hub.com/lelang/detaillistLelang/1073:1756
[  128389ms] [LOG] undefined @ https://phbidlautdemo.prahu-hub.com/lelang/detaillistLelang/1073:6585
[  128389ms] [LOG] undefined @ https://phbidlautdemo.prahu-hub.com/lelang/detaillistLelang/1073:6585
[  128389ms] [LOG] undefined @ https://phbidlautdemo.prahu-hub.com/lelang/detaillistLelang/1073:6585
[  128389ms] [LOG] undefined @ https://phbidlautdemo.prahu-hub.com/lelang/detaillistLelang/1073:6585
[  128389ms] [LOG] DD/MM/YYYY @ https://phbidlautdemo.prahu-hub.com/lelang/detaillistLelang/1073:6585
[  128390ms] [LOG] DD/MM/YYYY @ https://phbidlautdemo.prahu-hub.com/lelang/detaillistLelang/1073:6585
[  128390ms] [LOG] WebSocket connection @ https://phbidlautdemo.prahu-hub.com/lelang/detaillistLelang/1073:6628
[  128391ms] [LOG] WebSocket connection attempting... @ https://phbidlautdemo.prahu-hub.com/lelang/detaillistLelang/1073:6706
[  128416ms] [TABLE] {UI version: 8.4.1, Core version: 8.4.0, Build: NC8xMi8yMDIyfDRkZTU3MmExYg==, WebViewer Server: false, Full API: false} @ https://phbidlautdemo.prahu-hub.com/_resources/themes/prahutheme/javascript/PDFView/lib/ui/webviewer-ui.min.js:270
[  128523ms] [VERBOSE] [DOM] Password forms should have (optionally hidden) username fields for accessibility: (More info: https://goo.gl/9p2vKq) %o @ https://phbidlautdemo.prahu-hub.com/_resources/themes/prahutheme/javascript/PDFView/lib/ui/index.html#d=%2Fassets%2Fdokumenaanwijzing%2F65%2FAanwijzing-PT.-Primax-Geo-Sejahtera.pdf&a=1&disabledElements=downloadButton%2CprintButton%2ClanguageButton&filepicker=0&pdfnet=0&enableRedaction=0&enableMeasurement=0&pageHistory=1&notesInLeftPanel=0&singleServerMode=false&selectAnnotationOnCreation=0&autoFocusNoteOnAnnotationSelection=1&id=1&basePath=%2Flelang%2FdetaillistLelang%2F1073:0
[  128587ms] [LOG] [] @ https://phbidlautdemo.prahu-hub.com/_resources/themes/prahutheme/javascript/custom/hasilPenawaran.js?m=1787970752:14
[  128598ms] [LOG] 200 xhrglobal @ https://phbidlautdemo.prahu-hub.com/lelang/detaillistLelang/1073:6559
[  128639ms] [LOG] WebSocket connected @ https://phbidlautdemo.prahu-hub.com/lelang/detaillistLelang/1073:6637
[  128695ms] [LOG] update_dashboard_order_laut @ https://phbidlautdemo.prahu-hub.com/lelang/detaillistLelang/1073:6678
[  128723ms] [LOG] Connected @ https://phbidlautdemo.prahu-hub.com/lelang/detaillistLelang/1073:6678
[  128792ms] [LOG] 200 xhrglobal @ https://phbidlautdemo.prahu-hub.com/lelang/detaillistLelang/1073:6559
[  128794ms] [LOG] 200 xhrglobal @ https://phbidlautdemo.prahu-hub.com/lelang/detaillistLelang/1073:6559
[  129621ms] [LOG] document loaded @ https://phbidlautdemo.prahu-hub.com/lelang/detaillistLelang/1073:5805
[  130404ms] TypeError: $(...).DataTable is not a function
    at https://phbidlautdemo.prahu-hub.com/_resources/themes/prahutheme/js/scripts-init/tables.js:7:23
[  131895ms] Unexpected token '<'
[  131900ms] Cannot use import statement outside a module
[  131918ms] ReferenceError: Chart is not defined
    at https://phbidlautdemo.prahu-hub.com/_resources/themes/prahutheme/js/scripts-init/charts/chartjs.js:8:13
[  131918ms] Unexpected token '<'
[  132003ms] Unexpected token '<'
[  132035ms] Uncaught TypeError: expect element to be DOM Element, but got null
    at n.init (https://cdnjs.cloudflare.com/ajax/libs/smooth-scrollbar/8.5.2/smooth-scrollbar.js:24:264)
    at <anonymous> (https://phbidlautdemo.prahu-hub.com/lelang/detaillistLelang/1062:6232:14)
[  132114ms] [LOG] Pengajuan Lelangnamanya @ https://phbidlautdemo.prahu-hub.com/lelang/detaillistLelang/1062:1756
[  132120ms] [LOG] undefined @ https://phbidlautdemo.prahu-hub.com/lelang/detaillistLelang/1062:6585
[  132120ms] [LOG] undefined @ https://phbidlautdemo.prahu-hub.com/lelang/detaillistLelang/1062:6585
[  132120ms] [LOG] undefined @ https://phbidlautdemo.prahu-hub.com/lelang/detaillistLelang/1062:6585
[  132121ms] [LOG] undefined @ https://phbidlautdemo.prahu-hub.com/lelang/detaillistLelang/1062:6585
[  132121ms] [LOG] DD/MM/YYYY @ https://phbidlautdemo.prahu-hub.com/lelang/detaillistLelang/1062:6585
[  132121ms] [LOG] DD/MM/YYYY @ https://phbidlautdemo.prahu-hub.com/lelang/detaillistLelang/1062:6585
[  132121ms] [LOG] WebSocket connection @ https://phbidlautdemo.prahu-hub.com/lelang/detaillistLelang/1062:6628
[  132122ms] [LOG] WebSocket connection attempting... @ https://phbidlautdemo.prahu-hub.com/lelang/detaillistLelang/1062:6706
[  132164ms] [TABLE] {UI version: 8.4.1, Core version: 8.4.0, Build: NC8xMi8yMDIyfDRkZTU3MmExYg==, WebViewer Server: false, Full API: false} @ https://phbidlautdemo.prahu-hub.com/_resources/themes/prahutheme/javascript/PDFView/lib/ui/webviewer-ui.min.js:270
[  132324ms] [VERBOSE] [DOM] Password forms should have (optionally hidden) username fields for accessibility: (More info: https://goo.gl/9p2vKq) %o @ https://phbidlautdemo.prahu-hub.com/_resources/themes/prahutheme/javascript/PDFView/lib/ui/index.html#d=%2Fassets%2Fdokumenaanwijzing%2F65%2FAanwijzing-PT.-Primax-Geo-Sejahtera.pdf&a=1&disabledElements=downloadButton%2CprintButton%2ClanguageButton&filepicker=0&pdfnet=0&enableRedaction=0&enableMeasurement=0&pageHistory=1&notesInLeftPanel=0&singleServerMode=false&selectAnnotationOnCreation=0&autoFocusNoteOnAnnotationSelection=1&id=1&basePath=%2Flelang%2FdetaillistLelang%2F1062:0
[  132329ms] [LOG] [Object] @ https://phbidlautdemo.prahu-hub.com/_resources/themes/prahutheme/javascript/custom/hasilPenawaran.js?m=1787970752:14
[  132337ms] [LOG] 1 @ https://phbidlautdemo.prahu-hub.com/_resources/themes/prahutheme/javascript/custom/hasilPenawaran.js?m=1787970752:889
[  132337ms] [LOG] 1 countView1 1 pageNow 20 limitView1 @ https://phbidlautdemo.prahu-hub.com/_resources/themes/prahutheme/javascript/custom/hasilPenawaran.js?m=1787970752:891
[  132337ms] [LOG] 1 @ https://phbidlautdemo.prahu-hub.com/_resources/themes/prahutheme/javascript/custom/hasilPenawaran.js?m=1787970752:902
[  132337ms] [LOG] 1 jumlah data @ https://phbidlautdemo.prahu-hub.com/_resources/themes/prahutheme/javascript/custom/hasilPenawaran.js?m=1787970752:867
[  132337ms] [LOG] 1 @ https://phbidlautdemo.prahu-hub.com/_resources/themes/prahutheme/javascript/custom/hasilPenawaran.js?m=1787970752:869
[  132337ms] [LOG] 1 1 pageCount & pageNow @ https://phbidlautdemo.prahu-hub.com/_resources/themes/prahutheme/javascript/custom/hasilPenawaran.js?m=1787970752:795
[  132338ms] [LOG] 200 xhrglobal @ https://phbidlautdemo.prahu-hub.com/lelang/detaillistLelang/1062:6559
[  132455ms] [LOG] WebSocket connected @ https://phbidlautdemo.prahu-hub.com/lelang/detaillistLelang/1062:6637
[  132513ms] [LOG] update_dashboard_order_laut @ https://phbidlautdemo.prahu-hub.com/lelang/detaillistLelang/1062:6678
[  132540ms] [LOG] Connected @ https://phbidlautdemo.prahu-hub.com/lelang/detaillistLelang/1062:6678
[  132556ms] [LOG] 200 xhrglobal @ https://phbidlautdemo.prahu-hub.com/lelang/detaillistLelang/1062:6559
[  132616ms] [LOG] 200 xhrglobal @ https://phbidlautdemo.prahu-hub.com/lelang/detaillistLelang/1062:6559
[  133209ms] [LOG] document loaded @ https://phbidlautdemo.prahu-hub.com/lelang/detaillistLelang/1062:5805
[  134122ms] TypeError: $(...).DataTable is not a function
    at https://phbidlautdemo.prahu-hub.com/_resources/themes/prahutheme/js/scripts-init/tables.js:7:23
[  135649ms] Unexpected token '<'
[  135669ms] Cannot use import statement outside a module
[  135681ms] ReferenceError: Chart is not defined
    at https://phbidlautdemo.prahu-hub.com/_resources/themes/prahutheme/js/scripts-init/charts/chartjs.js:8:13
[  135682ms] Unexpected token '<'
[  135760ms] Unexpected token '<'
[  135798ms] Uncaught TypeError: expect element to be DOM Element, but got null
    at n.init (https://cdnjs.cloudflare.com/ajax/libs/smooth-scrollbar/8.5.2/smooth-scrollbar.js:24:264)
    at <anonymous> (https://phbidlautdemo.prahu-hub.com/lelang/detaillistLelang/1061:6285:14)
[  135874ms] [LOG] Pengajuan Lelangnamanya @ https://phbidlautdemo.prahu-hub.com/lelang/detaillistLelang/1061:1756
[  135877ms] [LOG] undefined @ https://phbidlautdemo.prahu-hub.com/lelang/detaillistLelang/1061:6638
[  135877ms] [LOG] undefined @ https://phbidlautdemo.prahu-hub.com/lelang/detaillistLelang/1061:6638
[  135877ms] [LOG] undefined @ https://phbidlautdemo.prahu-hub.com/lelang/detaillistLelang/1061:6638
[  135877ms] [LOG] undefined @ https://phbidlautdemo.prahu-hub.com/lelang/detaillistLelang/1061:6638
[  135878ms] [LOG] DD/MM/YYYY @ https://phbidlautdemo.prahu-hub.com/lelang/detaillistLelang/1061:6638
[  135878ms] [LOG] DD/MM/YYYY @ https://phbidlautdemo.prahu-hub.com/lelang/detaillistLelang/1061:6638
[  135878ms] [LOG] WebSocket connection @ https://phbidlautdemo.prahu-hub.com/lelang/detaillistLelang/1061:6681
[  135879ms] [LOG] WebSocket connection attempting... @ https://phbidlautdemo.prahu-hub.com/lelang/detaillistLelang/1061:6759
[  135907ms] [TABLE] {UI version: 8.4.1, Core version: 8.4.0, Build: NC8xMi8yMDIyfDRkZTU3MmExYg==, WebViewer Server: false, Full API: false} @ https://phbidlautdemo.prahu-hub.com/_resources/themes/prahutheme/javascript/PDFView/lib/ui/webviewer-ui.min.js:270
[  136027ms] [VERBOSE] [DOM] Password forms should have (optionally hidden) username fields for accessibility: (More info: https://goo.gl/9p2vKq) %o @ https://phbidlautdemo.prahu-hub.com/_resources/themes/prahutheme/javascript/PDFView/lib/ui/index.html#d=%2Fassets%2Fdokumenaanwijzing%2F65%2FAanwijzing-PT.-Primax-Geo-Sejahtera.pdf&a=1&disabledElements=downloadButton%2CprintButton%2ClanguageButton&filepicker=0&pdfnet=0&enableRedaction=0&enableMeasurement=0&pageHistory=1&notesInLeftPanel=0&singleServerMode=false&selectAnnotationOnCreation=0&autoFocusNoteOnAnnotationSelection=1&id=1&basePath=%2Flelang%2FdetaillistLelang%2F1061:0
[  136034ms] [LOG] [Object] @ https://phbidlautdemo.prahu-hub.com/_resources/themes/prahutheme/javascript/custom/hasilPenawaran.js?m=1787970752:14
[  136042ms] [LOG] 1 @ https://phbidlautdemo.prahu-hub.com/_resources/themes/prahutheme/javascript/custom/hasilPenawaran.js?m=1787970752:889
[  136042ms] [LOG] 1 countView1 1 pageNow 20 limitView1 @ https://phbidlautdemo.prahu-hub.com/_resources/themes/prahutheme/javascript/custom/hasilPenawaran.js?m=1787970752:891
[  136043ms] [LOG] 1 @ https://phbidlautdemo.prahu-hub.com/_resources/themes/prahutheme/javascript/custom/hasilPenawaran.js?m=1787970752:902
[  136043ms] [LOG] 1 jumlah data @ https://phbidlautdemo.prahu-hub.com/_resources/themes/prahutheme/javascript/custom/hasilPenawaran.js?m=1787970752:867
[  136043ms] [LOG] 1 @ https://phbidlautdemo.prahu-hub.com/_resources/themes/prahutheme/javascript/custom/hasilPenawaran.js?m=1787970752:869
[  136043ms] [LOG] 1 1 pageCount & pageNow @ https://phbidlautdemo.prahu-hub.com/_resources/themes/prahutheme/javascript/custom/hasilPenawaran.js?m=1787970752:795
[  136044ms] [LOG] 200 xhrglobal @ https://phbidlautdemo.prahu-hub.com/lelang/detaillistLelang/1061:6612
[  136113ms] [LOG] WebSocket connected @ https://phbidlautdemo.prahu-hub.com/lelang/detaillistLelang/1061:6690
[  136150ms] [LOG] update_dashboard_order_laut @ https://phbidlautdemo.prahu-hub.com/lelang/detaillistLelang/1061:6731
[  136153ms] [LOG] Connected @ https://phbidlautdemo.prahu-hub.com/lelang/detaillistLelang/1061:6731
[  136221ms] [LOG] 200 xhrglobal @ https://phbidlautdemo.prahu-hub.com/lelang/detaillistLelang/1061:6612
[  136263ms] [LOG] 200 xhrglobal @ https://phbidlautdemo.prahu-hub.com/lelang/detaillistLelang/1061:6612
[  136671ms] [LOG] document loaded @ https://phbidlautdemo.prahu-hub.com/lelang/detaillistLelang/1061:5858
[  137881ms] TypeError: $(...).DataTable is not a function
    at https://phbidlautdemo.prahu-hub.com/_resources/themes/prahutheme/js/scripts-init/tables.js:7:23
[  138636ms] [LOG] Connected @ https://phbidlautdemo.prahu-hub.com/lelang/detaillistLelang/1061:6731
[  139416ms] Unexpected token '<'
[  139458ms] Cannot use import statement outside a module
[  139475ms] ReferenceError: Chart is not defined
    at https://phbidlautdemo.prahu-hub.com/_resources/themes/prahutheme/js/scripts-init/charts/chartjs.js:8:13
[  139545ms] Unexpected token '<'
[  139654ms] Unexpected token '<'
[  139700ms] Uncaught TypeError: expect element to be DOM Element, but got null
    at n.init (https://cdnjs.cloudflare.com/ajax/libs/smooth-scrollbar/8.5.2/smooth-scrollbar.js:24:264)
    at <anonymous> (https://phbidlautdemo.prahu-hub.com/lelang/detaillistLelang/1060:6233:14)
[  139751ms] [LOG] Pengajuan Lelangnamanya @ https://phbidlautdemo.prahu-hub.com/lelang/detaillistLelang/1060:1756
[  139755ms] [LOG] undefined @ https://phbidlautdemo.prahu-hub.com/lelang/detaillistLelang/1060:6586
[  139755ms] [LOG] undefined @ https://phbidlautdemo.prahu-hub.com/lelang/detaillistLelang/1060:6586
[  139755ms] [LOG] undefined @ https://phbidlautdemo.prahu-hub.com/lelang/detaillistLelang/1060:6586
[  139756ms] [LOG] undefined @ https://phbidlautdemo.prahu-hub.com/lelang/detaillistLelang/1060:6586
[  139756ms] [LOG] DD/MM/YYYY @ https://phbidlautdemo.prahu-hub.com/lelang/detaillistLelang/1060:6586
[  139756ms] [LOG] DD/MM/YYYY @ https://phbidlautdemo.prahu-hub.com/lelang/detaillistLelang/1060:6586
[  139756ms] [LOG] WebSocket connection @ https://phbidlautdemo.prahu-hub.com/lelang/detaillistLelang/1060:6629
[  139757ms] [LOG] WebSocket connection attempting... @ https://phbidlautdemo.prahu-hub.com/lelang/detaillistLelang/1060:6707
[  139782ms] [TABLE] {UI version: 8.4.1, Core version: 8.4.0, Build: NC8xMi8yMDIyfDRkZTU3MmExYg==, WebViewer Server: false, Full API: false} @ https://phbidlautdemo.prahu-hub.com/_resources/themes/prahutheme/javascript/PDFView/lib/ui/webviewer-ui.min.js:270
[  139882ms] [VERBOSE] [DOM] Password forms should have (optionally hidden) username fields for accessibility: (More info: https://goo.gl/9p2vKq) %o @ https://phbidlautdemo.prahu-hub.com/_resources/themes/prahutheme/javascript/PDFView/lib/ui/index.html#d=%2Fassets%2Fdokumenaanwijzing%2F65%2FAanwijzing-PT.-Primax-Geo-Sejahtera.pdf&a=1&disabledElements=downloadButton%2CprintButton%2ClanguageButton&filepicker=0&pdfnet=0&enableRedaction=0&enableMeasurement=0&pageHistory=1&notesInLeftPanel=0&singleServerMode=false&selectAnnotationOnCreation=0&autoFocusNoteOnAnnotationSelection=1&id=1&basePath=%2Flelang%2FdetaillistLelang%2F1060:0
[  139887ms] [LOG] [] @ https://phbidlautdemo.prahu-hub.com/_resources/themes/prahutheme/javascript/custom/hasilPenawaran.js?m=1787970752:14
[  139892ms] [LOG] 200 xhrglobal @ https://phbidlautdemo.prahu-hub.com/lelang/detaillistLelang/1060:6560
[  139976ms] [LOG] WebSocket connected @ https://phbidlautdemo.prahu-hub.com/lelang/detaillistLelang/1060:6638
[  140097ms] [LOG] update_dashboard_order_laut @ https://phbidlautdemo.prahu-hub.com/lelang/detaillistLelang/1060:6679
[  140102ms] [LOG] 200 xhrglobal @ https://phbidlautdemo.prahu-hub.com/lelang/detaillistLelang/1060:6560
[  140150ms] [LOG] Connected @ https://phbidlautdemo.prahu-hub.com/lelang/detaillistLelang/1060:6679
[  140168ms] [LOG] 200 xhrglobal @ https://phbidlautdemo.prahu-hub.com/lelang/detaillistLelang/1060:6560
[  140717ms] [LOG] document loaded @ https://phbidlautdemo.prahu-hub.com/lelang/detaillistLelang/1060:5806
[  141766ms] TypeError: $(...).DataTable is not a function
    at https://phbidlautdemo.prahu-hub.com/_resources/themes/prahutheme/js/scripts-init/tables.js:7:23
[  144257ms] Unexpected token '<'
[  144281ms] Cannot use import statement outside a module
[  144302ms] ReferenceError: Chart is not defined
    at https://phbidlautdemo.prahu-hub.com/_resources/themes/prahutheme/js/scripts-init/charts/chartjs.js:8:13
[  144384ms] Unexpected token '<'
[  144507ms] Unexpected token '<'
[  144578ms] Uncaught TypeError: expect element to be DOM Element, but got null
    at n.init (https://cdnjs.cloudflare.com/ajax/libs/smooth-scrollbar/8.5.2/smooth-scrollbar.js:24:264)
    at <anonymous> (https://phbidlautdemo.prahu-hub.com/lelang/detaillistLelang/1057:6286:14)
[  144637ms] [LOG] Pengajuan Lelangnamanya @ https://phbidlautdemo.prahu-hub.com/lelang/detaillistLelang/1057:1756
[  144643ms] [LOG] undefined @ https://phbidlautdemo.prahu-hub.com/lelang/detaillistLelang/1057:6639
[  144643ms] [LOG] undefined @ https://phbidlautdemo.prahu-hub.com/lelang/detaillistLelang/1057:6639
[  144643ms] [LOG] undefined @ https://phbidlautdemo.prahu-hub.com/lelang/detaillistLelang/1057:6639
[  144643ms] [LOG] undefined @ https://phbidlautdemo.prahu-hub.com/lelang/detaillistLelang/1057:6639
[  144643ms] [LOG] DD/MM/YYYY @ https://phbidlautdemo.prahu-hub.com/lelang/detaillistLelang/1057:6639
[  144643ms] [LOG] DD/MM/YYYY @ https://phbidlautdemo.prahu-hub.com/lelang/detaillistLelang/1057:6639
[  144644ms] [LOG] WebSocket connection @ https://phbidlautdemo.prahu-hub.com/lelang/detaillistLelang/1057:6682
[  144644ms] [LOG] WebSocket connection attempting... @ https://phbidlautdemo.prahu-hub.com/lelang/detaillistLelang/1057:6760
[  144680ms] [TABLE] {UI version: 8.4.1, Core version: 8.4.0, Build: NC8xMi8yMDIyfDRkZTU3MmExYg==, WebViewer Server: false, Full API: false} @ https://phbidlautdemo.prahu-hub.com/_resources/themes/prahutheme/javascript/PDFView/lib/ui/webviewer-ui.min.js:270
[  144814ms] [VERBOSE] [DOM] Password forms should have (optionally hidden) username fields for accessibility: (More info: https://goo.gl/9p2vKq) %o @ https://phbidlautdemo.prahu-hub.com/_resources/themes/prahutheme/javascript/PDFView/lib/ui/index.html#d=%2Fassets%2Fdokumenaanwijzing%2F65%2FAanwijzing-PT.-Primax-Geo-Sejahtera.pdf&a=1&disabledElements=downloadButton%2CprintButton%2ClanguageButton&filepicker=0&pdfnet=0&enableRedaction=0&enableMeasurement=0&pageHistory=1&notesInLeftPanel=0&singleServerMode=false&selectAnnotationOnCreation=0&autoFocusNoteOnAnnotationSelection=1&id=1&basePath=%2Flelang%2FdetaillistLelang%2F1057:0
[  144862ms] [LOG] [] @ https://phbidlautdemo.prahu-hub.com/_resources/themes/prahutheme/javascript/custom/hasilPenawaran.js?m=1787970752:14
[  144866ms] [LOG] 200 xhrglobal @ https://phbidlautdemo.prahu-hub.com/lelang/detaillistLelang/1057:6613
[  144896ms] [LOG] WebSocket connected @ https://phbidlautdemo.prahu-hub.com/lelang/detaillistLelang/1057:6691
[  144934ms] [LOG] update_dashboard_order_laut @ https://phbidlautdemo.prahu-hub.com/lelang/detaillistLelang/1057:6732
[  144936ms] [LOG] Connected @ https://phbidlautdemo.prahu-hub.com/lelang/detaillistLelang/1057:6732
[  144936ms] [LOG] Connected @ https://phbidlautdemo.prahu-hub.com/lelang/detaillistLelang/1057:6732
[  145029ms] [LOG] 200 xhrglobal @ https://phbidlautdemo.prahu-hub.com/lelang/detaillistLelang/1057:6613
[  145118ms] [LOG] 200 xhrglobal @ https://phbidlautdemo.prahu-hub.com/lelang/detaillistLelang/1057:6613
[  145481ms] [LOG] document loaded @ https://phbidlautdemo.prahu-hub.com/lelang/detaillistLelang/1057:5859
[  146648ms] TypeError: $(...).DataTable is not a function
    at https://phbidlautdemo.prahu-hub.com/_resources/themes/prahutheme/js/scripts-init/tables.js:7:23
[  148404ms] Unexpected token '<'
[  148410ms] Cannot use import statement outside a module
[  148422ms] ReferenceError: Chart is not defined
    at https://phbidlautdemo.prahu-hub.com/_resources/themes/prahutheme/js/scripts-init/charts/chartjs.js:8:13
[  148526ms] Unexpected token '<'
[  148527ms] Unexpected token '<'
[  148587ms] Uncaught TypeError: expect element to be DOM Element, but got null
    at n.init (https://cdnjs.cloudflare.com/ajax/libs/smooth-scrollbar/8.5.2/smooth-scrollbar.js:24:264)
    at <anonymous> (https://phbidlautdemo.prahu-hub.com/lelang/detaillistLelang/1056:6288:14)
[  148638ms] [LOG] Pengajuan Lelangnamanya @ https://phbidlautdemo.prahu-hub.com/lelang/detaillistLelang/1056:1756
[  148641ms] [LOG] undefined @ https://phbidlautdemo.prahu-hub.com/lelang/detaillistLelang/1056:6641
[  148641ms] [LOG] undefined @ https://phbidlautdemo.prahu-hub.com/lelang/detaillistLelang/1056:6641
[  148641ms] [LOG] undefined @ https://phbidlautdemo.prahu-hub.com/lelang/detaillistLelang/1056:6641
[  148642ms] [LOG] undefined @ https://phbidlautdemo.prahu-hub.com/lelang/detaillistLelang/1056:6641
[  148642ms] [LOG] DD/MM/YYYY @ https://phbidlautdemo.prahu-hub.com/lelang/detaillistLelang/1056:6641
[  148642ms] [LOG] DD/MM/YYYY @ https://phbidlautdemo.prahu-hub.com/lelang/detaillistLelang/1056:6641
[  148642ms] [LOG] WebSocket connection @ https://phbidlautdemo.prahu-hub.com/lelang/detaillistLelang/1056:6684
[  148643ms] [LOG] WebSocket connection attempting... @ https://phbidlautdemo.prahu-hub.com/lelang/detaillistLelang/1056:6762
[  148671ms] [TABLE] {UI version: 8.4.1, Core version: 8.4.0, Build: NC8xMi8yMDIyfDRkZTU3MmExYg==, WebViewer Server: false, Full API: false} @ https://phbidlautdemo.prahu-hub.com/_resources/themes/prahutheme/javascript/PDFView/lib/ui/webviewer-ui.min.js:270
[  148771ms] [VERBOSE] [DOM] Password forms should have (optionally hidden) username fields for accessibility: (More info: https://goo.gl/9p2vKq) %o @ https://phbidlautdemo.prahu-hub.com/_resources/themes/prahutheme/javascript/PDFView/lib/ui/index.html#d=%2Fassets%2Fdokumenaanwijzing%2F65%2FAanwijzing-PT.-Primax-Geo-Sejahtera.pdf&a=1&disabledElements=downloadButton%2CprintButton%2ClanguageButton&filepicker=0&pdfnet=0&enableRedaction=0&enableMeasurement=0&pageHistory=1&notesInLeftPanel=0&singleServerMode=false&selectAnnotationOnCreation=0&autoFocusNoteOnAnnotationSelection=1&id=1&basePath=%2Flelang%2FdetaillistLelang%2F1056:0
[  148835ms] [LOG] WebSocket connected @ https://phbidlautdemo.prahu-hub.com/lelang/detaillistLelang/1056:6693
[  148872ms] [LOG] update_dashboard_order_laut @ https://phbidlautdemo.prahu-hub.com/lelang/detaillistLelang/1056:6734
[  148875ms] [LOG] Connected @ https://phbidlautdemo.prahu-hub.com/lelang/detaillistLelang/1056:6734
[  149041ms] [LOG] [Object, Object, Object, Object, Object, Object] @ https://phbidlautdemo.prahu-hub.com/_resources/themes/prahutheme/javascript/custom/hasilPenawaran.js?m=1787970752:14
[  149048ms] [LOG] 6 @ https://phbidlautdemo.prahu-hub.com/_resources/themes/prahutheme/javascript/custom/hasilPenawaran.js?m=1787970752:889
[  149048ms] [LOG] 6 countView1 1 pageNow 20 limitView1 @ https://phbidlautdemo.prahu-hub.com/_resources/themes/prahutheme/javascript/custom/hasilPenawaran.js?m=1787970752:891
[  149048ms] [LOG] 6 @ https://phbidlautdemo.prahu-hub.com/_resources/themes/prahutheme/javascript/custom/hasilPenawaran.js?m=1787970752:902
[  149048ms] [LOG] 6 jumlah data @ https://phbidlautdemo.prahu-hub.com/_resources/themes/prahutheme/javascript/custom/hasilPenawaran.js?m=1787970752:867
[  149049ms] [LOG] 1 @ https://phbidlautdemo.prahu-hub.com/_resources/themes/prahutheme/javascript/custom/hasilPenawaran.js?m=1787970752:869
[  149049ms] [LOG] 1 1 pageCount & pageNow @ https://phbidlautdemo.prahu-hub.com/_resources/themes/prahutheme/javascript/custom/hasilPenawaran.js?m=1787970752:795
[  149049ms] [LOG] 200 xhrglobal @ https://phbidlautdemo.prahu-hub.com/lelang/detaillistLelang/1056:6615
[  149091ms] [LOG] 200 xhrglobal @ https://phbidlautdemo.prahu-hub.com/lelang/detaillistLelang/1056:6615
[  149385ms] [LOG] document loaded @ https://phbidlautdemo.prahu-hub.com/lelang/detaillistLelang/1056:5861
[  149406ms] [LOG] 200 xhrglobal @ https://phbidlautdemo.prahu-hub.com/lelang/detaillistLelang/1056:6615
[  150648ms] TypeError: $(...).DataTable is not a function
    at https://phbidlautdemo.prahu-hub.com/_resources/themes/prahutheme/js/scripts-init/tables.js:7:23
[  152295ms] Unexpected token '<'
[  152351ms] Cannot use import statement outside a module
[  152368ms] ReferenceError: Chart is not defined
    at https://phbidlautdemo.prahu-hub.com/_resources/themes/prahutheme/js/scripts-init/charts/chartjs.js:8:13
[  152408ms] Unexpected token '<'
[  152410ms] Unexpected token '<'
[  152460ms] Uncaught TypeError: expect element to be DOM Element, but got null
    at n.init (https://cdnjs.cloudflare.com/ajax/libs/smooth-scrollbar/8.5.2/smooth-scrollbar.js:24:264)
    at <anonymous> (https://phbidlautdemo.prahu-hub.com/lelang/detaillistLelang/1055:6286:14)
[  152523ms] [LOG] Pengajuan Lelangnamanya @ https://phbidlautdemo.prahu-hub.com/lelang/detaillistLelang/1055:1756
[  152526ms] [LOG] undefined @ https://phbidlautdemo.prahu-hub.com/lelang/detaillistLelang/1055:6639
[  152526ms] [LOG] undefined @ https://phbidlautdemo.prahu-hub.com/lelang/detaillistLelang/1055:6639
[  152526ms] [LOG] undefined @ https://phbidlautdemo.prahu-hub.com/lelang/detaillistLelang/1055:6639
[  152526ms] [LOG] undefined @ https://phbidlautdemo.prahu-hub.com/lelang/detaillistLelang/1055:6639
[  152526ms] [LOG] DD/MM/YYYY @ https://phbidlautdemo.prahu-hub.com/lelang/detaillistLelang/1055:6639
[  152527ms] [LOG] DD/MM/YYYY @ https://phbidlautdemo.prahu-hub.com/lelang/detaillistLelang/1055:6639
[  152527ms] [LOG] WebSocket connection @ https://phbidlautdemo.prahu-hub.com/lelang/detaillistLelang/1055:6682
[  152528ms] [LOG] WebSocket connection attempting... @ https://phbidlautdemo.prahu-hub.com/lelang/detaillistLelang/1055:6760
[  152552ms] [TABLE] {UI version: 8.4.1, Core version: 8.4.0, Build: NC8xMi8yMDIyfDRkZTU3MmExYg==, WebViewer Server: false, Full API: false} @ https://phbidlautdemo.prahu-hub.com/_resources/themes/prahutheme/javascript/PDFView/lib/ui/webviewer-ui.min.js:270
[  152656ms] [VERBOSE] [DOM] Password forms should have (optionally hidden) username fields for accessibility: (More info: https://goo.gl/9p2vKq) %o @ https://phbidlautdemo.prahu-hub.com/_resources/themes/prahutheme/javascript/PDFView/lib/ui/index.html#d=%2Fassets%2Fdokumenaanwijzing%2F65%2FAanwijzing-PT.-Primax-Geo-Sejahtera.pdf&a=1&disabledElements=downloadButton%2CprintButton%2ClanguageButton&filepicker=0&pdfnet=0&enableRedaction=0&enableMeasurement=0&pageHistory=1&notesInLeftPanel=0&singleServerMode=false&selectAnnotationOnCreation=0&autoFocusNoteOnAnnotationSelection=1&id=1&basePath=%2Flelang%2FdetaillistLelang%2F1055:0
[  152706ms] [LOG] [] @ https://phbidlautdemo.prahu-hub.com/_resources/themes/prahutheme/javascript/custom/hasilPenawaran.js?m=1787970752:14
[  152711ms] [LOG] 200 xhrglobal @ https://phbidlautdemo.prahu-hub.com/lelang/detaillistLelang/1055:6613
[  152739ms] [LOG] WebSocket connected @ https://phbidlautdemo.prahu-hub.com/lelang/detaillistLelang/1055:6691
[  152777ms] [LOG] update_dashboard_order_laut @ https://phbidlautdemo.prahu-hub.com/lelang/detaillistLelang/1055:6732
[  152778ms] [LOG] Connected @ https://phbidlautdemo.prahu-hub.com/lelang/detaillistLelang/1055:6732
[  152778ms] [LOG] Connected @ https://phbidlautdemo.prahu-hub.com/lelang/detaillistLelang/1055:6732
[  152847ms] [LOG] 200 xhrglobal @ https://phbidlautdemo.prahu-hub.com/lelang/detaillistLelang/1055:6613
[  152946ms] [LOG] 200 xhrglobal @ https://phbidlautdemo.prahu-hub.com/lelang/detaillistLelang/1055:6613
[  153372ms] [LOG] document loaded @ https://phbidlautdemo.prahu-hub.com/lelang/detaillistLelang/1055:5859
[  154531ms] TypeError: $(...).DataTable is not a function
    at https://phbidlautdemo.prahu-hub.com/_resources/themes/prahutheme/js/scripts-init/tables.js:7:23
[  156205ms] Unexpected token '<'
[  156214ms] Cannot use import statement outside a module
[  156230ms] ReferenceError: Chart is not defined
    at https://phbidlautdemo.prahu-hub.com/_resources/themes/prahutheme/js/scripts-init/charts/chartjs.js:8:13
[  156231ms] Unexpected token '<'
[  156320ms] Unexpected token '<'
[  156387ms] Uncaught TypeError: expect element to be DOM Element, but got null
    at n.init (https://cdnjs.cloudflare.com/ajax/libs/smooth-scrollbar/8.5.2/smooth-scrollbar.js:24:264)
    at <anonymous> (https://phbidlautdemo.prahu-hub.com/lelang/detaillistLelang/1054:6286:14)
[  156457ms] [LOG] Pengajuan Lelangnamanya @ https://phbidlautdemo.prahu-hub.com/lelang/detaillistLelang/1054:1756
[  156461ms] [LOG] undefined @ https://phbidlautdemo.prahu-hub.com/lelang/detaillistLelang/1054:6639
[  156462ms] [LOG] undefined @ https://phbidlautdemo.prahu-hub.com/lelang/detaillistLelang/1054:6639
[  156462ms] [LOG] undefined @ https://phbidlautdemo.prahu-hub.com/lelang/detaillistLelang/1054:6639
[  156462ms] [LOG] undefined @ https://phbidlautdemo.prahu-hub.com/lelang/detaillistLelang/1054:6639
[  156462ms] [LOG] DD/MM/YYYY @ https://phbidlautdemo.prahu-hub.com/lelang/detaillistLelang/1054:6639
[  156462ms] [LOG] DD/MM/YYYY @ https://phbidlautdemo.prahu-hub.com/lelang/detaillistLelang/1054:6639
[  156463ms] [LOG] WebSocket connection @ https://phbidlautdemo.prahu-hub.com/lelang/detaillistLelang/1054:6682
[  156463ms] [LOG] WebSocket connection attempting... @ https://phbidlautdemo.prahu-hub.com/lelang/detaillistLelang/1054:6760
[  156536ms] [TABLE] {UI version: 8.4.1, Core version: 8.4.0, Build: NC8xMi8yMDIyfDRkZTU3MmExYg==, WebViewer Server: false, Full API: false} @ https://phbidlautdemo.prahu-hub.com/_resources/themes/prahutheme/javascript/PDFView/lib/ui/webviewer-ui.min.js:270
[  156678ms] [VERBOSE] [DOM] Password forms should have (optionally hidden) username fields for accessibility: (More info: https://goo.gl/9p2vKq) %o @ https://phbidlautdemo.prahu-hub.com/_resources/themes/prahutheme/javascript/PDFView/lib/ui/index.html#d=%2Fassets%2Fdokumenaanwijzing%2F65%2FAanwijzing-PT.-Primax-Geo-Sejahtera.pdf&a=1&disabledElements=downloadButton%2CprintButton%2ClanguageButton&filepicker=0&pdfnet=0&enableRedaction=0&enableMeasurement=0&pageHistory=1&notesInLeftPanel=0&singleServerMode=false&selectAnnotationOnCreation=0&autoFocusNoteOnAnnotationSelection=1&id=1&basePath=%2Flelang%2FdetaillistLelang%2F1054:0
[  156681ms] [LOG] WebSocket connected @ https://phbidlautdemo.prahu-hub.com/lelang/detaillistLelang/1054:6691
[  156692ms] [LOG] [Object, Object] @ https://phbidlautdemo.prahu-hub.com/_resources/themes/prahutheme/javascript/custom/hasilPenawaran.js?m=1787970752:14
[  156704ms] [LOG] 2 @ https://phbidlautdemo.prahu-hub.com/_resources/themes/prahutheme/javascript/custom/hasilPenawaran.js?m=1787970752:889
[  156704ms] [LOG] 2 countView1 1 pageNow 20 limitView1 @ https://phbidlautdemo.prahu-hub.com/_resources/themes/prahutheme/javascript/custom/hasilPenawaran.js?m=1787970752:891
[  156704ms] [LOG] 2 @ https://phbidlautdemo.prahu-hub.com/_resources/themes/prahutheme/javascript/custom/hasilPenawaran.js?m=1787970752:902
[  156704ms] [LOG] 2 jumlah data @ https://phbidlautdemo.prahu-hub.com/_resources/themes/prahutheme/javascript/custom/hasilPenawaran.js?m=1787970752:867
[  156704ms] [LOG] 1 @ https://phbidlautdemo.prahu-hub.com/_resources/themes/prahutheme/javascript/custom/hasilPenawaran.js?m=1787970752:869
[  156705ms] [LOG] 1 1 pageCount & pageNow @ https://phbidlautdemo.prahu-hub.com/_resources/themes/prahutheme/javascript/custom/hasilPenawaran.js?m=1787970752:795
[  156705ms] [LOG] 200 xhrglobal @ https://phbidlautdemo.prahu-hub.com/lelang/detaillistLelang/1054:6613
[  156792ms] [LOG] update_dashboard_order_laut @ https://phbidlautdemo.prahu-hub.com/lelang/detaillistLelang/1054:6732
[  156833ms] [LOG] 200 xhrglobal @ https://phbidlautdemo.prahu-hub.com/lelang/detaillistLelang/1054:6613
[  156835ms] [LOG] Connected @ https://phbidlautdemo.prahu-hub.com/lelang/detaillistLelang/1054:6732
[  156838ms] [LOG] 200 xhrglobal @ https://phbidlautdemo.prahu-hub.com/lelang/detaillistLelang/1054:6613
[  157431ms] [LOG] document loaded @ https://phbidlautdemo.prahu-hub.com/lelang/detaillistLelang/1054:5859
[  158478ms] TypeError: $(...).DataTable is not a function
    at https://phbidlautdemo.prahu-hub.com/_resources/themes/prahutheme/js/scripts-init/tables.js:7:23
[  160117ms] Unexpected token '<'
[  160124ms] Cannot use import statement outside a module
[  160145ms] ReferenceError: Chart is not defined
    at https://phbidlautdemo.prahu-hub.com/_resources/themes/prahutheme/js/scripts-init/charts/chartjs.js:8:13
[  160146ms] Unexpected token '<'
[  160245ms] Unexpected token '<'
[  160292ms] Uncaught TypeError: expect element to be DOM Element, but got null
    at n.init (https://cdnjs.cloudflare.com/ajax/libs/smooth-scrollbar/8.5.2/smooth-scrollbar.js:24:264)
    at <anonymous> (https://phbidlautdemo.prahu-hub.com/lelang/detaillistLelang/1053:6286:14)
[  160407ms] [TABLE] {UI version: 8.4.1, Core version: 8.4.0, Build: NC8xMi8yMDIyfDRkZTU3MmExYg==, WebViewer Server: false, Full API: false} @ https://phbidlautdemo.prahu-hub.com/_resources/themes/prahutheme/javascript/PDFView/lib/ui/webviewer-ui.min.js:270
[  160424ms] [LOG] Pengajuan Lelangnamanya @ https://phbidlautdemo.prahu-hub.com/lelang/detaillistLelang/1053:1756
[  160436ms] [LOG] undefined @ https://phbidlautdemo.prahu-hub.com/lelang/detaillistLelang/1053:6639
[  160436ms] [LOG] undefined @ https://phbidlautdemo.prahu-hub.com/lelang/detaillistLelang/1053:6639
[  160438ms] [LOG] undefined @ https://phbidlautdemo.prahu-hub.com/lelang/detaillistLelang/1053:6639
[  160438ms] [LOG] undefined @ https://phbidlautdemo.prahu-hub.com/lelang/detaillistLelang/1053:6639
[  160439ms] [LOG] DD/MM/YYYY @ https://phbidlautdemo.prahu-hub.com/lelang/detaillistLelang/1053:6639
[  160440ms] [LOG] DD/MM/YYYY @ https://phbidlautdemo.prahu-hub.com/lelang/detaillistLelang/1053:6639
[  160447ms] [LOG] WebSocket connection @ https://phbidlautdemo.prahu-hub.com/lelang/detaillistLelang/1053:6682
[  160448ms] [LOG] WebSocket connection attempting... @ https://phbidlautdemo.prahu-hub.com/lelang/detaillistLelang/1053:6760
[  160662ms] [VERBOSE] [DOM] Password forms should have (optionally hidden) username fields for accessibility: (More info: https://goo.gl/9p2vKq) %o @ https://phbidlautdemo.prahu-hub.com/_resources/themes/prahutheme/javascript/PDFView/lib/ui/index.html#d=%2Fassets%2Fdokumenaanwijzing%2F65%2FAanwijzing-PT.-Primax-Geo-Sejahtera.pdf&a=1&disabledElements=downloadButton%2CprintButton%2ClanguageButton&filepicker=0&pdfnet=0&enableRedaction=0&enableMeasurement=0&pageHistory=1&notesInLeftPanel=0&singleServerMode=false&selectAnnotationOnCreation=0&autoFocusNoteOnAnnotationSelection=1&id=1&basePath=%2Flelang%2FdetaillistLelang%2F1053:0
[  160784ms] [LOG] WebSocket connected @ https://phbidlautdemo.prahu-hub.com/lelang/detaillistLelang/1053:6691
[  160859ms] [LOG] update_dashboard_order_laut @ https://phbidlautdemo.prahu-hub.com/lelang/detaillistLelang/1053:6732
[  160885ms] [LOG] Connected @ https://phbidlautdemo.prahu-hub.com/lelang/detaillistLelang/1053:6732
[  161055ms] [LOG] [] @ https://phbidlautdemo.prahu-hub.com/_resources/themes/prahutheme/javascript/custom/hasilPenawaran.js?m=1787970752:14
[  161063ms] [LOG] 200 xhrglobal @ https://phbidlautdemo.prahu-hub.com/lelang/detaillistLelang/1053:6613
[  161343ms] [LOG] 200 xhrglobal @ https://phbidlautdemo.prahu-hub.com/lelang/detaillistLelang/1053:6613
[  161347ms] [LOG] 200 xhrglobal @ https://phbidlautdemo.prahu-hub.com/lelang/detaillistLelang/1053:6613
[  161484ms] [LOG] document loaded @ https://phbidlautdemo.prahu-hub.com/lelang/detaillistLelang/1053:5859
[  162434ms] TypeError: $(...).DataTable is not a function
    at https://phbidlautdemo.prahu-hub.com/_resources/themes/prahutheme/js/scripts-init/tables.js:7:23
[  162698ms] [LOG] Connected @ https://phbidlautdemo.prahu-hub.com/lelang/detaillistLelang/1053:6732
[  163825ms] Unexpected token '<'
[  163830ms] Cannot use import statement outside a module
[  163844ms] ReferenceError: Chart is not defined
    at https://phbidlautdemo.prahu-hub.com/_resources/themes/prahutheme/js/scripts-init/charts/chartjs.js:8:13
[  163934ms] Unexpected token '<'
[  164042ms] Unexpected token '<'
[  164086ms] Uncaught TypeError: expect element to be DOM Element, but got null
    at n.init (https://cdnjs.cloudflare.com/ajax/libs/smooth-scrollbar/8.5.2/smooth-scrollbar.js:24:264)
    at <anonymous> (https://phbidlautdemo.prahu-hub.com/lelang/detaillistLelang/1052:6232:14)
[  164169ms] [TABLE] {UI version: 8.4.1, Core version: 8.4.0, Build: NC8xMi8yMDIyfDRkZTU3MmExYg==, WebViewer Server: false, Full API: false} @ https://phbidlautdemo.prahu-hub.com/_resources/themes/prahutheme/javascript/PDFView/lib/ui/webviewer-ui.min.js:270
[  164180ms] [LOG] Pengajuan Lelangnamanya @ https://phbidlautdemo.prahu-hub.com/lelang/detaillistLelang/1052:1756
[  164185ms] [LOG] undefined @ https://phbidlautdemo.prahu-hub.com/lelang/detaillistLelang/1052:6585
[  164185ms] [LOG] undefined @ https://phbidlautdemo.prahu-hub.com/lelang/detaillistLelang/1052:6585
[  164185ms] [LOG] undefined @ https://phbidlautdemo.prahu-hub.com/lelang/detaillistLelang/1052:6585
[  164186ms] [LOG] undefined @ https://phbidlautdemo.prahu-hub.com/lelang/detaillistLelang/1052:6585
[  164186ms] [LOG] DD/MM/YYYY @ https://phbidlautdemo.prahu-hub.com/lelang/detaillistLelang/1052:6585
[  164186ms] [LOG] DD/MM/YYYY @ https://phbidlautdemo.prahu-hub.com/lelang/detaillistLelang/1052:6585
[  164187ms] [LOG] WebSocket connection @ https://phbidlautdemo.prahu-hub.com/lelang/detaillistLelang/1052:6628
[  164187ms] [LOG] WebSocket connection attempting... @ https://phbidlautdemo.prahu-hub.com/lelang/detaillistLelang/1052:6706
[  164323ms] [VERBOSE] [DOM] Password forms should have (optionally hidden) username fields for accessibility: (More info: https://goo.gl/9p2vKq) %o @ https://phbidlautdemo.prahu-hub.com/_resources/themes/prahutheme/javascript/PDFView/lib/ui/index.html#d=%2Fassets%2Fdokumenaanwijzing%2F65%2FAanwijzing-PT.-Primax-Geo-Sejahtera.pdf&a=1&disabledElements=downloadButton%2CprintButton%2ClanguageButton&filepicker=0&pdfnet=0&enableRedaction=0&enableMeasurement=0&pageHistory=1&notesInLeftPanel=0&singleServerMode=false&selectAnnotationOnCreation=0&autoFocusNoteOnAnnotationSelection=1&id=1&basePath=%2Flelang%2FdetaillistLelang%2F1052:0
[  164332ms] [LOG] [] @ https://phbidlautdemo.prahu-hub.com/_resources/themes/prahutheme/javascript/custom/hasilPenawaran.js?m=1787970752:14
[  164343ms] [LOG] 200 xhrglobal @ https://phbidlautdemo.prahu-hub.com/lelang/detaillistLelang/1052:6559
[  164422ms] [LOG] WebSocket connected @ https://phbidlautdemo.prahu-hub.com/lelang/detaillistLelang/1052:6637
[  164459ms] [LOG] update_dashboard_order_laut @ https://phbidlautdemo.prahu-hub.com/lelang/detaillistLelang/1052:6678
[  164462ms] [LOG] Connected @ https://phbidlautdemo.prahu-hub.com/lelang/detaillistLelang/1052:6678
[  164530ms] [LOG] 200 xhrglobal @ https://phbidlautdemo.prahu-hub.com/lelang/detaillistLelang/1052:6559
[  164568ms] [LOG] 200 xhrglobal @ https://phbidlautdemo.prahu-hub.com/lelang/detaillistLelang/1052:6559
[  164978ms] [LOG] document loaded @ https://phbidlautdemo.prahu-hub.com/lelang/detaillistLelang/1052:5805
[  166200ms] TypeError: $(...).DataTable is not a function
    at https://phbidlautdemo.prahu-hub.com/_resources/themes/prahutheme/js/scripts-init/tables.js:7:23
[  167843ms] Unexpected token '<'
[  167875ms] Cannot use import statement outside a module
[  167883ms] ReferenceError: Chart is not defined
    at https://phbidlautdemo.prahu-hub.com/_resources/themes/prahutheme/js/scripts-init/charts/chartjs.js:8:13
[  167890ms] Unexpected token '<'
[  168093ms] Unexpected token '<'
[  168144ms] Uncaught TypeError: expect element to be DOM Element, but got null
    at n.init (https://cdnjs.cloudflare.com/ajax/libs/smooth-scrollbar/8.5.2/smooth-scrollbar.js:24:264)
    at <anonymous> (https://phbidlautdemo.prahu-hub.com/lelang/detaillistLelang/1051:6232:14)
[  168207ms] [LOG] Pengajuan Lelangnamanya @ https://phbidlautdemo.prahu-hub.com/lelang/detaillistLelang/1051:1756
[  168211ms] [LOG] undefined @ https://phbidlautdemo.prahu-hub.com/lelang/detaillistLelang/1051:6585
[  168211ms] [LOG] undefined @ https://phbidlautdemo.prahu-hub.com/lelang/detaillistLelang/1051:6585
[  168211ms] [LOG] undefined @ https://phbidlautdemo.prahu-hub.com/lelang/detaillistLelang/1051:6585
[  168211ms] [LOG] undefined @ https://phbidlautdemo.prahu-hub.com/lelang/detaillistLelang/1051:6585
[  168211ms] [LOG] DD/MM/YYYY @ https://phbidlautdemo.prahu-hub.com/lelang/detaillistLelang/1051:6585
[  168211ms] [LOG] DD/MM/YYYY @ https://phbidlautdemo.prahu-hub.com/lelang/detaillistLelang/1051:6585
[  168212ms] [LOG] WebSocket connection @ https://phbidlautdemo.prahu-hub.com/lelang/detaillistLelang/1051:6628
[  168212ms] [LOG] WebSocket connection attempting... @ https://phbidlautdemo.prahu-hub.com/lelang/detaillistLelang/1051:6706
[  168235ms] [TABLE] {UI version: 8.4.1, Core version: 8.4.0, Build: NC8xMi8yMDIyfDRkZTU3MmExYg==, WebViewer Server: false, Full API: false} @ https://phbidlautdemo.prahu-hub.com/_resources/themes/prahutheme/javascript/PDFView/lib/ui/webviewer-ui.min.js:270
[  168334ms] [VERBOSE] [DOM] Password forms should have (optionally hidden) username fields for accessibility: (More info: https://goo.gl/9p2vKq) %o @ https://phbidlautdemo.prahu-hub.com/_resources/themes/prahutheme/javascript/PDFView/lib/ui/index.html#d=%2Fassets%2Fdokumenaanwijzing%2F65%2FAanwijzing-PT.-Primax-Geo-Sejahtera.pdf&a=1&disabledElements=downloadButton%2CprintButton%2ClanguageButton&filepicker=0&pdfnet=0&enableRedaction=0&enableMeasurement=0&pageHistory=1&notesInLeftPanel=0&singleServerMode=false&selectAnnotationOnCreation=0&autoFocusNoteOnAnnotationSelection=1&id=1&basePath=%2Flelang%2FdetaillistLelang%2F1051:0
[  168404ms] [LOG] WebSocket connected @ https://phbidlautdemo.prahu-hub.com/lelang/detaillistLelang/1051:6637
[  168440ms] [LOG] update_dashboard_order_laut @ https://phbidlautdemo.prahu-hub.com/lelang/detaillistLelang/1051:6678
[  168443ms] [LOG] Connected @ https://phbidlautdemo.prahu-hub.com/lelang/detaillistLelang/1051:6678
[  168458ms] [LOG] [] @ https://phbidlautdemo.prahu-hub.com/_resources/themes/prahutheme/javascript/custom/hasilPenawaran.js?m=1787970752:14
[  168463ms] [LOG] 200 xhrglobal @ https://phbidlautdemo.prahu-hub.com/lelang/detaillistLelang/1051:6559
[  168945ms] [LOG] document loaded @ https://phbidlautdemo.prahu-hub.com/lelang/detaillistLelang/1051:5805
[  168965ms] [LOG] 200 xhrglobal @ https://phbidlautdemo.prahu-hub.com/lelang/detaillistLelang/1051:6559
[  168976ms] [LOG] 200 xhrglobal @ https://phbidlautdemo.prahu-hub.com/lelang/detaillistLelang/1051:6559
[  170215ms] TypeError: $(...).DataTable is not a function
    at https://phbidlautdemo.prahu-hub.com/_resources/themes/prahutheme/js/scripts-init/tables.js:7:23
[  172647ms] [LOG] Connected @ https://phbidlautdemo.prahu-hub.com/lelang/detaillistLelang/1051:6678
[  172972ms] [LOG] Connected @ https://phbidlautdemo.prahu-hub.com/lelang/detaillistLelang/1051:6678
[  182780ms] [LOG] Connected @ https://phbidlautdemo.prahu-hub.com/lelang/detaillistLelang/1051:6678
[  183419ms] [LOG] Connected @ https://phbidlautdemo.prahu-hub.com/lelang/detaillistLelang/1051:6678
[  192756ms] [LOG] Connected @ https://phbidlautdemo.prahu-hub.com/lelang/detaillistLelang/1051:6678
[  194346ms] [LOG] Connected @ https://phbidlautdemo.prahu-hub.com/lelang/detaillistLelang/1051:6678
[  196583ms] [LOG] Connected @ https://phbidlautdemo.prahu-hub.com/lelang/detaillistLelang/1051:6678
[  201036ms] [LOG] Connected @ https://phbidlautdemo.prahu-hub.com/lelang/detaillistLelang/1051:6678
[  204789ms] [LOG] Connected @ https://phbidlautdemo.prahu-hub.com/lelang/detaillistLelang/1051:6678
[  205621ms] [LOG] Connected @ https://phbidlautdemo.prahu-hub.com/lelang/detaillistLelang/1051:6678
[  210030ms] [LOG] Connected @ https://phbidlautdemo.prahu-hub.com/lelang/detaillistLelang/1051:6678
[  213153ms] [LOG] Connected @ https://phbidlautdemo.prahu-hub.com/lelang/detaillistLelang/1051:6678
[  213506ms] [LOG] Connected @ https://phbidlautdemo.prahu-hub.com/lelang/detaillistLelang/1051:6678
[  217759ms] [LOG] Connected @ https://phbidlautdemo.prahu-hub.com/lelang/detaillistLelang/1051:6678
[  221539ms] [LOG] Connected @ https://phbidlautdemo.prahu-hub.com/lelang/detaillistLelang/1051:6678
[  222103ms] [LOG] Connected @ https://phbidlautdemo.prahu-hub.com/lelang/detaillistLelang/1051:6678
[  223021ms] [LOG] Connected @ https://phbidlautdemo.prahu-hub.com/lelang/detaillistLelang/1051:6678
[  225803ms] [LOG] Connected @ https://phbidlautdemo.prahu-hub.com/lelang/detaillistLelang/1051:6678
[  226049ms] [LOG] Connected @ https://phbidlautdemo.prahu-hub.com/lelang/detaillistLelang/1051:6678
[  226698ms] [LOG] Connected @ https://phbidlautdemo.prahu-hub.com/lelang/detaillistLelang/1051:6678
[  228864ms] [LOG] Connected @ https://phbidlautdemo.prahu-hub.com/lelang/detaillistLelang/1051:6678
[  230719ms] [LOG] Connected @ https://phbidlautdemo.prahu-hub.com/lelang/detaillistLelang/1051:6678
[  232124ms] [LOG] Connected @ https://phbidlautdemo.prahu-hub.com/lelang/detaillistLelang/1051:6678
[  233365ms] [LOG] Connected @ https://phbidlautdemo.prahu-hub.com/lelang/detaillistLelang/1051:6678
[  235798ms] [LOG] Connected @ https://phbidlautdemo.prahu-hub.com/lelang/detaillistLelang/1051:6678
[  235927ms] [LOG] Connected @ https://phbidlautdemo.prahu-hub.com/lelang/detaillistLelang/1051:6678
[  238552ms] [LOG] Connected @ https://phbidlautdemo.prahu-hub.com/lelang/detaillistLelang/1051:6678
[  238976ms] [LOG] Connected @ https://phbidlautdemo.prahu-hub.com/lelang/detaillistLelang/1051:6678
[  239105ms] [LOG] Connected @ https://phbidlautdemo.prahu-hub.com/lelang/detaillistLelang/1051:6678
[  239398ms] [LOG] Connected @ https://phbidlautdemo.prahu-hub.com/lelang/detaillistLelang/1051:6678
[  242328ms] [LOG] Connected @ https://phbidlautdemo.prahu-hub.com/lelang/detaillistLelang/1051:6678
[  244672ms] [LOG] Connected @ https://phbidlautdemo.prahu-hub.com/lelang/detaillistLelang/1051:6678
[  244844ms] [LOG] Connected @ https://phbidlautdemo.prahu-hub.com/lelang/detaillistLelang/1051:6678
[  246721ms] [LOG] Connected @ https://phbidlautdemo.prahu-hub.com/lelang/detaillistLelang/1051:6678
[  250278ms] [LOG] Connected @ https://phbidlautdemo.prahu-hub.com/lelang/detaillistLelang/1051:6678
[  252412ms] [LOG] Connected @ https://phbidlautdemo.prahu-hub.com/lelang/detaillistLelang/1051:6678
[  252495ms] [LOG] Connected @ https://phbidlautdemo.prahu-hub.com/lelang/detaillistLelang/1051:6678
[  253412ms] [LOG] Connected @ https://phbidlautdemo.prahu-hub.com/lelang/detaillistLelang/1051:6678
[  256666ms] [LOG] Connected @ https://phbidlautdemo.prahu-hub.com/lelang/detaillistLelang/1051:6678
[  257890ms] [LOG] Connected @ https://phbidlautdemo.prahu-hub.com/lelang/detaillistLelang/1051:6678
[  259530ms] [LOG] Connected @ https://phbidlautdemo.prahu-hub.com/lelang/detaillistLelang/1051:6678
[  260215ms] [LOG] Connected @ https://phbidlautdemo.prahu-hub.com/lelang/detaillistLelang/1051:6678
[  263811ms] [LOG] Connected @ https://phbidlautdemo.prahu-hub.com/lelang/detaillistLelang/1051:6678
[  263865ms] [LOG] Connected @ https://phbidlautdemo.prahu-hub.com/lelang/detaillistLelang/1051:6678
[  264950ms] [LOG] Connected @ https://phbidlautdemo.prahu-hub.com/lelang/detaillistLelang/1051:6678
[  265454ms] [LOG] notif_badge_hide.485-471-460-459-454-451-447-417-385-262-194-192-49-42-18-8-373-1 @ https://phbidlautdemo.prahu-hub.com/lelang/detaillistLelang/1051:6678
[  265457ms] [LOG] updateNotifDarat.485-471-460-459-454-451-447-417-385-262-194-192-49-42-18-8-373-1 @ https://phbidlautdemo.prahu-hub.com/lelang/detaillistLelang/1051:6678
[  267915ms] [LOG] Connected @ https://phbidlautdemo.prahu-hub.com/lelang/detaillistLelang/1051:6678
[  268930ms] [LOG] notif_badge_hide.901-858-787-937-935-914-906-900-876-856-820-796-795-783-764-704-689-688-685-642-641-640-639-638-635-634-633-632-631-629-628-627-626-625-624-623-622-621-614-459-325-23 @ https://phbidlautdemo.prahu-hub.com/lelang/detaillistLelang/1051:6678
[  268932ms] [LOG] updateNotif.901-858-787-937-935-914-906-900-876-856-820-796-795-783-764-704-689-688-685-642-641-640-639-638-635-634-633-632-631-629-628-627-626-625-624-623-622-621-614-459-325-23 @ https://phbidlautdemo.prahu-hub.com/lelang/detaillistLelang/1051:6678
[  268934ms] [LOG] update_dashboard_order_laut @ https://phbidlautdemo.prahu-hub.com/lelang/detaillistLelang/1051:6678
[  271458ms] [LOG] Connected @ https://phbidlautdemo.prahu-hub.com/lelang/detaillistLelang/1051:6678
[  271490ms] [LOG] Connected @ https://phbidlautdemo.prahu-hub.com/lelang/detaillistLelang/1051:6678
[  272442ms] [LOG] Connected @ https://phbidlautdemo.prahu-hub.com/lelang/detaillistLelang/1051:6678
[  275503ms] [LOG] Connected @ https://phbidlautdemo.prahu-hub.com/lelang/detaillistLelang/1051:6678
[  275605ms] [LOG] Connected @ https://phbidlautdemo.prahu-hub.com/lelang/detaillistLelang/1051:6678
[  275934ms] [LOG] Connected @ https://phbidlautdemo.prahu-hub.com/lelang/detaillistLelang/1051:6678
[  278845ms] [LOG] Connected @ https://phbidlautdemo.prahu-hub.com/lelang/detaillistLelang/1051:6678
[  279888ms] [LOG] Connected @ https://phbidlautdemo.prahu-hub.com/lelang/detaillistLelang/1051:6678
[  281172ms] [LOG] Connected @ https://phbidlautdemo.prahu-hub.com/lelang/detaillistLelang/1051:6678
[  282108ms] [LOG] Connected @ https://phbidlautdemo.prahu-hub.com/lelang/detaillistLelang/1051:6678
[  284451ms] [LOG] Connected @ https://phbidlautdemo.prahu-hub.com/lelang/detaillistLelang/1051:6678
[  285232ms] [LOG] Connected @ https://phbidlautdemo.prahu-hub.com/lelang/detaillistLelang/1051:6678
[  285422ms] [LOG] Connected @ https://phbidlautdemo.prahu-hub.com/lelang/detaillistLelang/1051:6678
[  288410ms] [LOG] Connected @ https://phbidlautdemo.prahu-hub.com/lelang/detaillistLelang/1051:6678
[  290231ms] [LOG] Connected @ https://phbidlautdemo.prahu-hub.com/lelang/detaillistLelang/1051:6678
[  291588ms] [LOG] Connected @ https://phbidlautdemo.prahu-hub.com/lelang/detaillistLelang/1051:6678
[  292969ms] [LOG] Connected @ https://phbidlautdemo.prahu-hub.com/lelang/detaillistLelang/1051:6678
[  294698ms] [LOG] Connected @ https://phbidlautdemo.prahu-hub.com/lelang/detaillistLelang/1051:6678
[  297789ms] [LOG] Connected @ https://phbidlautdemo.prahu-hub.com/lelang/detaillistLelang/1051:6678
[  301937ms] [LOG] Connected @ https://phbidlautdemo.prahu-hub.com/lelang/detaillistLelang/1051:6678
[  303333ms] [LOG] Connected @ https://phbidlautdemo.prahu-hub.com/lelang/detaillistLelang/1051:6678
[  306550ms] [LOG] Connected @ https://phbidlautdemo.prahu-hub.com/lelang/detaillistLelang/1051:6678
[  307160ms] [LOG] Connected @ https://phbidlautdemo.prahu-hub.com/lelang/detaillistLelang/1051:6678
[  309792ms] [LOG] Connected @ https://phbidlautdemo.prahu-hub.com/lelang/detaillistLelang/1051:6678
[  310179ms] [LOG] Connected @ https://phbidlautdemo.prahu-hub.com/lelang/detaillistLelang/1051:6678
[  313743ms] [LOG] Connected @ https://phbidlautdemo.prahu-hub.com/lelang/detaillistLelang/1051:6678
[  317296ms] [LOG] Connected @ https://phbidlautdemo.prahu-hub.com/lelang/detaillistLelang/1051:6678
[  320848ms] [LOG] Connected @ https://phbidlautdemo.prahu-hub.com/lelang/detaillistLelang/1051:6678
[  324498ms] [LOG] Connected @ https://phbidlautdemo.prahu-hub.com/lelang/detaillistLelang/1051:6678
[  328680ms] [LOG] Connected @ https://phbidlautdemo.prahu-hub.com/lelang/detaillistLelang/1051:6678
[  332326ms] [LOG] Connected @ https://phbidlautdemo.prahu-hub.com/lelang/detaillistLelang/1051:6678
[  335968ms] [LOG] Connected @ https://phbidlautdemo.prahu-hub.com/lelang/detaillistLelang/1051:6678
[  336672ms] [LOG] Connected @ https://phbidlautdemo.prahu-hub.com/lelang/detaillistLelang/1051:6678
[  339638ms] [LOG] Connected @ https://phbidlautdemo.prahu-hub.com/lelang/detaillistLelang/1051:6678
[  343244ms] [LOG] Connected @ https://phbidlautdemo.prahu-hub.com/lelang/detaillistLelang/1051:6678
[  346964ms] [LOG] Connected @ https://phbidlautdemo.prahu-hub.com/lelang/detaillistLelang/1051:6678
[  350753ms] [LOG] Connected @ https://phbidlautdemo.prahu-hub.com/lelang/detaillistLelang/1051:6678
[  354235ms] [LOG] Connected @ https://phbidlautdemo.prahu-hub.com/lelang/detaillistLelang/1051:6678
[  357650ms] [LOG] Connected @ https://phbidlautdemo.prahu-hub.com/lelang/detaillistLelang/1051:6678
[  357704ms] [LOG] Connected @ https://phbidlautdemo.prahu-hub.com/lelang/detaillistLelang/1051:6678
[  361161ms] [LOG] Connected @ https://phbidlautdemo.prahu-hub.com/lelang/detaillistLelang/1051:6678
[  366465ms] [LOG] Connected @ https://phbidlautdemo.prahu-hub.com/lelang/detaillistLelang/1051:6678
[  367315ms] [LOG] updateNotif.901-858-787-937-935-914-906-900-876-856-820-796-795-783-764-704-689-688-685-642-641-640-639-638-635-634-633-632-631-629-628-627-626-625-624-623-622-621-614-459-325-23 @ https://phbidlautdemo.prahu-hub.com/lelang/detaillistLelang/1051:6678
[  367335ms] [LOG] update_dashboard_order_laut @ https://phbidlautdemo.prahu-hub.com/lelang/detaillistLelang/1051:6678
[  367351ms] [LOG] notif_badge_hide.901-858-787-937-935-914-906-900-876-856-820-796-795-783-764-704-689-688-685-642-641-640-639-638-635-634-633-632-631-629-628-627-626-625-624-623-622-621-614-459-325-23 @ https://phbidlautdemo.prahu-hub.com/lelang/detaillistLelang/1051:6678
[  370089ms] [LOG] Connected @ https://phbidlautdemo.prahu-hub.com/lelang/detaillistLelang/1051:6678
[  373549ms] [LOG] Connected @ https://phbidlautdemo.prahu-hub.com/lelang/detaillistLelang/1051:6678
[  376970ms] [LOG] Connected @ https://phbidlautdemo.prahu-hub.com/lelang/detaillistLelang/1051:6678
[  380440ms] [LOG] Connected @ https://phbidlautdemo.prahu-hub.com/lelang/detaillistLelang/1051:6678
[  384066ms] [LOG] Connected @ https://phbidlautdemo.prahu-hub.com/lelang/detaillistLelang/1051:6678
[  386451ms] [LOG] Connected @ https://phbidlautdemo.prahu-hub.com/lelang/detaillistLelang/1051:6678
[  387683ms] [LOG] Connected @ https://phbidlautdemo.prahu-hub.com/lelang/detaillistLelang/1051:6678
[  391366ms] [LOG] Connected @ https://phbidlautdemo.prahu-hub.com/lelang/detaillistLelang/1051:6678
[  394939ms] [LOG] Connected @ https://phbidlautdemo.prahu-hub.com/lelang/detaillistLelang/1051:6678
[  398504ms] [LOG] Connected @ https://phbidlautdemo.prahu-hub.com/lelang/detaillistLelang/1051:6678
[  402071ms] [LOG] Connected @ https://phbidlautdemo.prahu-hub.com/lelang/detaillistLelang/1051:6678
[  404743ms] [LOG] Connected @ https://phbidlautdemo.prahu-hub.com/lelang/detaillistLelang/1051:6678
[  405589ms] [LOG] Connected @ https://phbidlautdemo.prahu-hub.com/lelang/detaillistLelang/1051:6678
[  409247ms] [LOG] Connected @ https://phbidlautdemo.prahu-hub.com/lelang/detaillistLelang/1051:6678
[  412822ms] [LOG] Connected @ https://phbidlautdemo.prahu-hub.com/lelang/detaillistLelang/1051:6678
[  416237ms] [LOG] Connected @ https://phbidlautdemo.prahu-hub.com/lelang/detaillistLelang/1051:6678
[  419684ms] [LOG] Connected @ https://phbidlautdemo.prahu-hub.com/lelang/detaillistLelang/1051:6678
[  422832ms] [LOG] Connected @ https://phbidlautdemo.prahu-hub.com/lelang/detaillistLelang/1051:6678
[  426933ms] [LOG] Connected @ https://phbidlautdemo.prahu-hub.com/lelang/detaillistLelang/1051:6678
[  429107ms] [LOG] Connected @ https://phbidlautdemo.prahu-hub.com/lelang/detaillistLelang/1051:6678
[  430040ms] [LOG] Connected @ https://phbidlautdemo.prahu-hub.com/lelang/detaillistLelang/1051:6678
[  430958ms] [LOG] Connected @ https://phbidlautdemo.prahu-hub.com/lelang/detaillistLelang/1051:6678
[  434351ms] [LOG] Connected @ https://phbidlautdemo.prahu-hub.com/lelang/detaillistLelang/1051:6678
[  437664ms] [LOG] Connected @ https://phbidlautdemo.prahu-hub.com/lelang/detaillistLelang/1051:6678
[  440822ms] [LOG] Connected @ https://phbidlautdemo.prahu-hub.com/lelang/detaillistLelang/1051:6678
[  444253ms] [LOG] Connected @ https://phbidlautdemo.prahu-hub.com/lelang/detaillistLelang/1051:6678
[  447284ms] [LOG] Connected @ https://phbidlautdemo.prahu-hub.com/lelang/detaillistLelang/1051:6678
[  448788ms] [LOG] Connected @ https://phbidlautdemo.prahu-hub.com/lelang/detaillistLelang/1051:6678
[  449658ms] [LOG] Connected @ https://phbidlautdemo.prahu-hub.com/lelang/detaillistLelang/1051:6678
[  450806ms] [LOG] Connected @ https://phbidlautdemo.prahu-hub.com/lelang/detaillistLelang/1051:6678
[  451872ms] [LOG] Connected @ https://phbidlautdemo.prahu-hub.com/lelang/detaillistLelang/1051:6678
[  451975ms] [LOG] Connected @ https://phbidlautdemo.prahu-hub.com/lelang/detaillistLelang/1051:6678
[  453169ms] [LOG] Connected @ https://phbidlautdemo.prahu-hub.com/lelang/detaillistLelang/1051:6678
[  453300ms] [LOG] Connected @ https://phbidlautdemo.prahu-hub.com/lelang/detaillistLelang/1051:6678
[  454357ms] [LOG] Connected @ https://phbidlautdemo.prahu-hub.com/lelang/detaillistLelang/1051:6678
[  455663ms] [LOG] Connected @ https://phbidlautdemo.prahu-hub.com/lelang/detaillistLelang/1051:6678
[  456819ms] [LOG] Connected @ https://phbidlautdemo.prahu-hub.com/lelang/detaillistLelang/1051:6678
[  458173ms] [LOG] Connected @ https://phbidlautdemo.prahu-hub.com/lelang/detaillistLelang/1051:6678
[  459416ms] [LOG] Connected @ https://phbidlautdemo.prahu-hub.com/lelang/detaillistLelang/1051:6678
[  460767ms] [LOG] Connected @ https://phbidlautdemo.prahu-hub.com/lelang/detaillistLelang/1051:6678
[  461909ms] [LOG] Connected @ https://phbidlautdemo.prahu-hub.com/lelang/detaillistLelang/1051:6678
[  463435ms] [LOG] Connected @ https://phbidlautdemo.prahu-hub.com/lelang/detaillistLelang/1051:6678
[  464734ms] [LOG] Connected @ https://phbidlautdemo.prahu-hub.com/lelang/detaillistLelang/1051:6678
[  465772ms] [LOG] Connected @ https://phbidlautdemo.prahu-hub.com/lelang/detaillistLelang/1051:6678
[  466872ms] [LOG] Connected @ https://phbidlautdemo.prahu-hub.com/lelang/detaillistLelang/1051:6678
[  467982ms] [LOG] Connected @ https://phbidlautdemo.prahu-hub.com/lelang/detaillistLelang/1051:6678
[  468388ms] [LOG] Connected @ https://phbidlautdemo.prahu-hub.com/lelang/detaillistLelang/1051:6678
[  469193ms] [LOG] Connected @ https://phbidlautdemo.prahu-hub.com/lelang/detaillistLelang/1051:6678
[  470254ms] [LOG] Connected @ https://phbidlautdemo.prahu-hub.com/lelang/detaillistLelang/1051:6678
[  471336ms] [LOG] Connected @ https://phbidlautdemo.prahu-hub.com/lelang/detaillistLelang/1051:6678
[  473582ms] [LOG] Connected @ https://phbidlautdemo.prahu-hub.com/lelang/detaillistLelang/1051:6678
[  487383ms] [LOG] Connected @ https://phbidlautdemo.prahu-hub.com/lelang/detaillistLelang/1051:6678
[  498791ms] [LOG] Connected @ https://phbidlautdemo.prahu-hub.com/lelang/detaillistLelang/1051:6678
[  499282ms] [LOG] Connected @ https://phbidlautdemo.prahu-hub.com/lelang/detaillistLelang/1051:6678
[  503277ms] [LOG] Connected @ https://phbidlautdemo.prahu-hub.com/lelang/detaillistLelang/1051:6678
[  520167ms] [LOG] Connected @ https://phbidlautdemo.prahu-hub.com/lelang/detaillistLelang/1051:6678
[  530494ms] [LOG] Connected @ https://phbidlautdemo.prahu-hub.com/lelang/detaillistLelang/1051:6678
[  535516ms] [LOG] Connected @ https://phbidlautdemo.prahu-hub.com/lelang/detaillistLelang/1051:6678
[  581565ms] [LOG] Connected @ https://phbidlautdemo.prahu-hub.com/lelang/detaillistLelang/1051:6678
[  584310ms] [LOG] Connected @ https://phbidlautdemo.prahu-hub.com/lelang/detaillistLelang/1051:6678
[  588436ms] [LOG] Connected @ https://phbidlautdemo.prahu-hub.com/lelang/detaillistLelang/1051:6678
[  597414ms] [LOG] Connected @ https://phbidlautdemo.prahu-hub.com/lelang/detaillistLelang/1051:6678
[  607481ms] [LOG] Connected @ https://phbidlautdemo.prahu-hub.com/lelang/detaillistLelang/1051:6678
[  611419ms] [LOG] Connected @ https://phbidlautdemo.prahu-hub.com/lelang/detaillistLelang/1051:6678
[  634977ms] Unexpected token '<'
[  634997ms] Cannot use import statement outside a module
[  635005ms] ReferenceError: Chart is not defined
    at https://phbidlautdemo.prahu-hub.com/_resources/themes/prahutheme/js/scripts-init/charts/chartjs.js:8:13
[  635006ms] Unexpected token '<'
[  635006ms] Unexpected token '<'
[  635081ms] Uncaught TypeError: expect element to be DOM Element, but got null
    at n.init (https://cdnjs.cloudflare.com/ajax/libs/smooth-scrollbar/8.5.2/smooth-scrollbar.js:24:264)
    at <anonymous> (https://phbidlautdemo.prahu-hub.com/lelang/detaillistLelang/1089:6232:14)
[  635197ms] [TABLE] {UI version: 8.4.1, Core version: 8.4.0, Build: NC8xMi8yMDIyfDRkZTU3MmExYg==, WebViewer Server: false, Full API: false} @ https://phbidlautdemo.prahu-hub.com/_resources/themes/prahutheme/javascript/PDFView/lib/ui/webviewer-ui.min.js:270
[  635219ms] [LOG] Pengajuan Lelangnamanya @ https://phbidlautdemo.prahu-hub.com/lelang/detaillistLelang/1089:1756
[  635229ms] [LOG] undefined @ https://phbidlautdemo.prahu-hub.com/lelang/detaillistLelang/1089:6585
[  635229ms] [LOG] undefined @ https://phbidlautdemo.prahu-hub.com/lelang/detaillistLelang/1089:6585
[  635229ms] [LOG] undefined @ https://phbidlautdemo.prahu-hub.com/lelang/detaillistLelang/1089:6585
[  635229ms] [LOG] undefined @ https://phbidlautdemo.prahu-hub.com/lelang/detaillistLelang/1089:6585
[  635229ms] [LOG] DD/MM/YYYY @ https://phbidlautdemo.prahu-hub.com/lelang/detaillistLelang/1089:6585
[  635229ms] [LOG] DD/MM/YYYY @ https://phbidlautdemo.prahu-hub.com/lelang/detaillistLelang/1089:6585
[  635230ms] [LOG] WebSocket connection @ https://phbidlautdemo.prahu-hub.com/lelang/detaillistLelang/1089:6628
[  635231ms] [LOG] WebSocket connection attempting... @ https://phbidlautdemo.prahu-hub.com/lelang/detaillistLelang/1089:6706
[  635383ms] [VERBOSE] [DOM] Password forms should have (optionally hidden) username fields for accessibility: (More info: https://goo.gl/9p2vKq) %o @ https://phbidlautdemo.prahu-hub.com/_resources/themes/prahutheme/javascript/PDFView/lib/ui/index.html#d=%2Fassets%2Fdokumenaanwijzing%2F65%2FAanwijzing-PT.-Primax-Geo-Sejahtera.pdf&a=1&disabledElements=downloadButton%2CprintButton%2ClanguageButton&filepicker=0&pdfnet=0&enableRedaction=0&enableMeasurement=0&pageHistory=1&notesInLeftPanel=0&singleServerMode=false&selectAnnotationOnCreation=0&autoFocusNoteOnAnnotationSelection=1&id=1&basePath=%2Flelang%2FdetaillistLelang%2F1089:0
[  635482ms] [LOG] WebSocket connected @ https://phbidlautdemo.prahu-hub.com/lelang/detaillistLelang/1089:6637
[  635522ms] [LOG] [Object, Object] @ https://phbidlautdemo.prahu-hub.com/_resources/themes/prahutheme/javascript/custom/hasilPenawaran.js?m=1787971551:14
[  635533ms] [LOG] 2 @ https://phbidlautdemo.prahu-hub.com/_resources/themes/prahutheme/javascript/custom/hasilPenawaran.js?m=1787971551:889
[  635533ms] [LOG] 2 countView1 1 pageNow 20 limitView1 @ https://phbidlautdemo.prahu-hub.com/_resources/themes/prahutheme/javascript/custom/hasilPenawaran.js?m=1787971551:891
[  635533ms] [LOG] 2 @ https://phbidlautdemo.prahu-hub.com/_resources/themes/prahutheme/javascript/custom/hasilPenawaran.js?m=1787971551:902
[  635533ms] [LOG] 2 jumlah data @ https://phbidlautdemo.prahu-hub.com/_resources/themes/prahutheme/javascript/custom/hasilPenawaran.js?m=1787971551:867
[  635533ms] [LOG] 1 @ https://phbidlautdemo.prahu-hub.com/_resources/themes/prahutheme/javascript/custom/hasilPenawaran.js?m=1787971551:869
[  635534ms] [LOG] 1 1 pageCount & pageNow @ https://phbidlautdemo.prahu-hub.com/_resources/themes/prahutheme/javascript/custom/hasilPenawaran.js?m=1787971551:795
[  635534ms] [LOG] 200 xhrglobal @ https://phbidlautdemo.prahu-hub.com/lelang/detaillistLelang/1089:6559
[  635541ms] [LOG] update_dashboard_order_laut @ https://phbidlautdemo.prahu-hub.com/lelang/detaillistLelang/1089:6678
[  635581ms] [LOG] Connected @ https://phbidlautdemo.prahu-hub.com/lelang/detaillistLelang/1089:6678
[  635584ms] [LOG] 200 xhrglobal @ https://phbidlautdemo.prahu-hub.com/lelang/detaillistLelang/1089:6559
[  635626ms] [LOG] 200 xhrglobal @ https://phbidlautdemo.prahu-hub.com/lelang/detaillistLelang/1089:6559
[  637236ms] TypeError: $(...).DataTable is not a function
    at https://phbidlautdemo.prahu-hub.com/_resources/themes/prahutheme/js/scripts-init/tables.js:7:23
[  638702ms] [LOG] document loaded @ https://phbidlautdemo.prahu-hub.com/lelang/detaillistLelang/1089:5805
[  649498ms] [LOG] Connected @ https://phbidlautdemo.prahu-hub.com/lelang/detaillistLelang/1089:6678
[  655864ms] [LOG] Connected @ https://phbidlautdemo.prahu-hub.com/lelang/detaillistLelang/1089:6678
[  658228ms] [LOG] Connected @ https://phbidlautdemo.prahu-hub.com/lelang/detaillistLelang/1089:6678
[  660755ms] [LOG] Connected @ https://phbidlautdemo.prahu-hub.com/lelang/detaillistLelang/1089:6678
[  670112ms] [LOG] Connected @ https://phbidlautdemo.prahu-hub.com/lelang/detaillistLelang/1089:6678
[  678966ms] [LOG] Connected @ https://phbidlautdemo.prahu-hub.com/lelang/detaillistLelang/1089:6678
[  681260ms] [LOG] Connected @ https://phbidlautdemo.prahu-hub.com/lelang/detaillistLelang/1089:6678
[  698827ms] [LOG] Connected @ https://phbidlautdemo.prahu-hub.com/lelang/detaillistLelang/1089:6678
[  712387ms] [LOG] Connected @ https://phbidlautdemo.prahu-hub.com/lelang/detaillistLelang/1089:6678
[  727905ms] [LOG] Connected @ https://phbidlautdemo.prahu-hub.com/lelang/detaillistLelang/1089:6678
[  740568ms] [LOG] updateNotif.901-858-787-937-935-914-906-900-876-856-820-796-795-783-764-704-689-688-685-642-641-640-639-638-635-634-633-632-631-628-627-626-625-624-623-622-621-614-459-325-23 @ https://phbidlautdemo.prahu-hub.com/lelang/detaillistLelang/1089:6678
[  740592ms] [LOG] notif_badge_show.901-858-787-937-935-914-906-900-876-856-820-796-795-783-764-704-689-688-685-642-641-640-639-638-635-634-633-632-631-628-627-626-625-624-623-622-621-614-459-325-23 @ https://phbidlautdemo.prahu-hub.com/lelang/detaillistLelang/1089:6678
[  740593ms] [LOG] update_dashboard_order_laut @ https://phbidlautdemo.prahu-hub.com/lelang/detaillistLelang/1089:6678
[  742162ms] [LOG] Connected @ https://phbidlautdemo.prahu-hub.com/lelang/detaillistLelang/1089:6678
[  746089ms] [LOG] Connected @ https://phbidlautdemo.prahu-hub.com/lelang/detaillistLelang/1089:6678
[  749610ms] [LOG] Connected @ https://phbidlautdemo.prahu-hub.com/lelang/detaillistLelang/1089:6678
[  749634ms] [LOG] Connected @ https://phbidlautdemo.prahu-hub.com/lelang/detaillistLelang/1089:6678
[  749732ms] [LOG] Connected @ https://phbidlautdemo.prahu-hub.com/lelang/detaillistLelang/1089:6678
[  752831ms] [LOG] Connected @ https://phbidlautdemo.prahu-hub.com/lelang/detaillistLelang/1089:6678
[  760039ms] [LOG] Connected @ https://phbidlautdemo.prahu-hub.com/lelang/detaillistLelang/1089:6678
[  766142ms] [LOG] Connected @ https://phbidlautdemo.prahu-hub.com/lelang/detaillistLelang/1089:6678
[  772908ms] [LOG] Connected @ https://phbidlautdemo.prahu-hub.com/lelang/detaillistLelang/1089:6678
[  779642ms] Cannot use import statement outside a module
[  779655ms] ReferenceError: Chart is not defined
    at https://phbidlautdemo.prahu-hub.com/_resources/themes/prahutheme/js/scripts-init/charts/chartjs.js:8:13
[  779754ms] Unexpected token '<'
[  779892ms] Unexpected token '<'
[  779926ms] TypeError: $(...).datetimepicker is not a function
    at https://phbidlautdemo.prahu-hub.com/home/hargajadwal?tab=1:5815:16
[  779940ms] Uncaught TypeError: expect element to be DOM Element, but got null
    at n.init (https://cdnjs.cloudflare.com/ajax/libs/smooth-scrollbar/8.5.2/smooth-scrollbar.js:24:264)
    at <anonymous> (https://phbidlautdemo.prahu-hub.com/home/hargajadwal?tab=1:7564:14)
[  779975ms] [LOG] Harganamanya @ https://phbidlautdemo.prahu-hub.com/home/hargajadwal?tab=1:1756
[  779981ms] [LOG] undefined @ https://phbidlautdemo.prahu-hub.com/home/hargajadwal?tab=1:7917
[  779981ms] [LOG] undefined @ https://phbidlautdemo.prahu-hub.com/home/hargajadwal?tab=1:7917
[  779981ms] [LOG] undefined @ https://phbidlautdemo.prahu-hub.com/home/hargajadwal?tab=1:7917
[  779981ms] [LOG] DD/MM/YYYY @ https://phbidlautdemo.prahu-hub.com/home/hargajadwal?tab=1:7917
[  779981ms] [LOG] Masukkan Nomor Lelang @ https://phbidlautdemo.prahu-hub.com/home/hargajadwal?tab=1:7917
[  779981ms] [LOG] Search... @ https://phbidlautdemo.prahu-hub.com/home/hargajadwal?tab=1:7917
[  779981ms] [LOG] Search... @ https://phbidlautdemo.prahu-hub.com/home/hargajadwal?tab=1:7917
[  779982ms] [LOG] Masukkan Jenis @ https://phbidlautdemo.prahu-hub.com/home/hargajadwal?tab=1:7917
[  779982ms] [LOG] Masukkan Harga @ https://phbidlautdemo.prahu-hub.com/home/hargajadwal?tab=1:7917
[  779982ms] [LOG] DD/MM/YYYY @ https://phbidlautdemo.prahu-hub.com/home/hargajadwal?tab=1:7917
[  779982ms] [LOG] undefined @ https://phbidlautdemo.prahu-hub.com/home/hargajadwal?tab=1:7917
[  779982ms] [LOG] undefined @ https://phbidlautdemo.prahu-hub.com/home/hargajadwal?tab=1:7917
[  779982ms] [LOG] Masukkan UN Code @ https://phbidlautdemo.prahu-hub.com/home/hargajadwal?tab=1:7917
[  779983ms] [LOG] undefined @ https://phbidlautdemo.prahu-hub.com/home/hargajadwal?tab=1:7917
[  779983ms] [LOG] undefined @ https://phbidlautdemo.prahu-hub.com/home/hargajadwal?tab=1:7917
[  779983ms] [LOG] Masukkan Nama Pelabuhan @ https://phbidlautdemo.prahu-hub.com/home/hargajadwal?tab=1:7917
[  779984ms] [LOG] WebSocket connection @ https://phbidlautdemo.prahu-hub.com/home/hargajadwal?tab=1:7960
[  779986ms] [LOG] WebSocket connection attempting... @ https://phbidlautdemo.prahu-hub.com/home/hargajadwal?tab=1:8038
[  780080ms] [LOG] WebSocket connected @ https://phbidlautdemo.prahu-hub.com/home/hargajadwal?tab=1:7969
[  780081ms] [LOG] update_dashboard_order_laut @ https://phbidlautdemo.prahu-hub.com/home/hargajadwal?tab=1:8010
[  780127ms] [LOG] Connected @ https://phbidlautdemo.prahu-hub.com/home/hargajadwal?tab=1:8010
[  781772ms] [LOG] [Object, Object, Object, Object, Object, Object, Object, Object, Object, Object, Object, Object, Object, Object, Object, Object, Object, Object, Object, Object] @ https://phbidlautdemo.prahu-hub.com/_resources/themes/prahutheme/javascript/custom/hargajadwal.js?m=1787971551:306
[  781790ms] [LOG] [Object, Object, Object, Object, Object, Object, Object, Object, Object, Object, Object, Object, Object, Object, Object, Object, Object, Object, Object, Object] @ https://phbidlautdemo.prahu-hub.com/_resources/themes/prahutheme/javascript/custom/hargajadwal.js?m=1787971551:69
[  781802ms] [LOG] 279 @ https://phbidlautdemo.prahu-hub.com/_resources/themes/prahutheme/javascript/custom/hargajadwal.js?m=1787971551:1167
[  781802ms] [LOG] 279 jumlah data @ https://phbidlautdemo.prahu-hub.com/_resources/themes/prahutheme/javascript/custom/hargajadwal.js?m=1787971551:1124
[  781803ms] [LOG] 14 1 pageCount & pageNow @ https://phbidlautdemo.prahu-hub.com/_resources/themes/prahutheme/javascript/custom/hargajadwal.js?m=1787971551:1053
[  781806ms] [LOG] 200 xhrglobal @ https://phbidlautdemo.prahu-hub.com/home/hargajadwal?tab=1:7891
[  781806ms] [LOG] ce.fn.init stepItem @ https://phbidlautdemo.prahu-hub.com/_resources/themes/prahutheme/javascript/custom/hargajadwal.js?m=1787971551:1027
[  781869ms] [LOG] 200 xhrglobal @ https://phbidlautdemo.prahu-hub.com/home/hargajadwal?tab=1:7891
[  781955ms] [LOG] 200 xhrglobal @ https://phbidlautdemo.prahu-hub.com/home/hargajadwal?tab=1:7891
[  781993ms] TypeError: $(...).DataTable is not a function
    at https://phbidlautdemo.prahu-hub.com/_resources/themes/prahutheme/js/scripts-init/tables.js:7:23
[  783844ms] Cannot use import statement outside a module
[  783854ms] ReferenceError: Chart is not defined
    at https://phbidlautdemo.prahu-hub.com/_resources/themes/prahutheme/js/scripts-init/charts/chartjs.js:8:13
[  783955ms] Unexpected token '<'
[  784114ms] Unexpected token '<'
[  784137ms] TypeError: $(...).datetimepicker is not a function
    at https://phbidlautdemo.prahu-hub.com/home/hargajadwal?tab=2:5815:16
[  784152ms] Uncaught TypeError: expect element to be DOM Element, but got null
    at n.init (https://cdnjs.cloudflare.com/ajax/libs/smooth-scrollbar/8.5.2/smooth-scrollbar.js:24:264)
    at <anonymous> (https://phbidlautdemo.prahu-hub.com/home/hargajadwal?tab=2:7564:14)
[  784185ms] [LOG] Harganamanya @ https://phbidlautdemo.prahu-hub.com/home/hargajadwal?tab=2:1756
[  784192ms] [LOG] undefined @ https://phbidlautdemo.prahu-hub.com/home/hargajadwal?tab=2:7917
[  784193ms] [LOG] undefined @ https://phbidlautdemo.prahu-hub.com/home/hargajadwal?tab=2:7917
[  784193ms] [LOG] undefined @ https://phbidlautdemo.prahu-hub.com/home/hargajadwal?tab=2:7917
[  784193ms] [LOG] DD/MM/YYYY @ https://phbidlautdemo.prahu-hub.com/home/hargajadwal?tab=2:7917
[  784193ms] [LOG] Masukkan Nomor Lelang @ https://phbidlautdemo.prahu-hub.com/home/hargajadwal?tab=2:7917
[  784193ms] [LOG] Search... @ https://phbidlautdemo.prahu-hub.com/home/hargajadwal?tab=2:7917
[  784193ms] [LOG] Search... @ https://phbidlautdemo.prahu-hub.com/home/hargajadwal?tab=2:7917
[  784193ms] [LOG] Masukkan Jenis @ https://phbidlautdemo.prahu-hub.com/home/hargajadwal?tab=2:7917
[  784194ms] [LOG] Masukkan Harga @ https://phbidlautdemo.prahu-hub.com/home/hargajadwal?tab=2:7917
[  784194ms] [LOG] DD/MM/YYYY @ https://phbidlautdemo.prahu-hub.com/home/hargajadwal?tab=2:7917
[  784194ms] [LOG] undefined @ https://phbidlautdemo.prahu-hub.com/home/hargajadwal?tab=2:7917
[  784194ms] [LOG] undefined @ https://phbidlautdemo.prahu-hub.com/home/hargajadwal?tab=2:7917
[  784194ms] [LOG] Masukkan UN Code @ https://phbidlautdemo.prahu-hub.com/home/hargajadwal?tab=2:7917
[  784194ms] [LOG] undefined @ https://phbidlautdemo.prahu-hub.com/home/hargajadwal?tab=2:7917
[  784194ms] [LOG] undefined @ https://phbidlautdemo.prahu-hub.com/home/hargajadwal?tab=2:7917
[  784194ms] [LOG] Masukkan Nama Pelabuhan @ https://phbidlautdemo.prahu-hub.com/home/hargajadwal?tab=2:7917
[  784195ms] [LOG] WebSocket connection @ https://phbidlautdemo.prahu-hub.com/home/hargajadwal?tab=2:7960
[  784196ms] [LOG] WebSocket connection attempting... @ https://phbidlautdemo.prahu-hub.com/home/hargajadwal?tab=2:8038
[  784290ms] [LOG] WebSocket connected @ https://phbidlautdemo.prahu-hub.com/home/hargajadwal?tab=2:7969
[  784293ms] [LOG] update_dashboard_order_laut @ https://phbidlautdemo.prahu-hub.com/home/hargajadwal?tab=2:8010
[  784320ms] [LOG] Connected @ https://phbidlautdemo.prahu-hub.com/home/hargajadwal?tab=2:8010
[  786049ms] [LOG] Connected @ https://phbidlautdemo.prahu-hub.com/home/hargajadwal?tab=2:8010
[  786192ms] TypeError: $(...).DataTable is not a function
    at https://phbidlautdemo.prahu-hub.com/_resources/themes/prahutheme/js/scripts-init/tables.js:7:23
[  787262ms] [LOG] [Object, Object, Object, Object, Object, Object, Object, Object, Object, Object, Object, Object, Object, Object, Object, Object, Object, Object, Object, Object] @ https://phbidlautdemo.prahu-hub.com/_resources/themes/prahutheme/javascript/custom/hargajadwal.js?m=1787971551:306
[  787273ms] [LOG] [Object, Object, Object, Object, Object, Object, Object, Object, Object, Object, Object, Object, Object, Object, Object, Object, Object, Object, Object, Object] @ https://phbidlautdemo.prahu-hub.com/_resources/themes/prahutheme/javascript/custom/hargajadwal.js?m=1787971551:69
[  787285ms] [LOG] 97 @ https://phbidlautdemo.prahu-hub.com/_resources/themes/prahutheme/javascript/custom/hargajadwal.js?m=1787971551:1167
[  787285ms] [LOG] 97 jumlah data @ https://phbidlautdemo.prahu-hub.com/_resources/themes/prahutheme/javascript/custom/hargajadwal.js?m=1787971551:1124
[  787285ms] [LOG] 5 1 pageCount & pageNow @ https://phbidlautdemo.prahu-hub.com/_resources/themes/prahutheme/javascript/custom/hargajadwal.js?m=1787971551:1053
[  787287ms] [LOG] 200 xhrglobal @ https://phbidlautdemo.prahu-hub.com/home/hargajadwal?tab=2:7891
[  787287ms] [LOG] ce.fn.init stepItem @ https://phbidlautdemo.prahu-hub.com/_resources/themes/prahutheme/javascript/custom/hargajadwal.js?m=1787971551:1027
[  787389ms] [LOG] 200 xhrglobal @ https://phbidlautdemo.prahu-hub.com/home/hargajadwal?tab=2:7891
[  787450ms] [LOG] 200 xhrglobal @ https://phbidlautdemo.prahu-hub.com/home/hargajadwal?tab=2:7891
[  788422ms] Cannot use import statement outside a module
[  788422ms] ReferenceError: Chart is not defined
    at https://phbidlautdemo.prahu-hub.com/_resources/themes/prahutheme/js/scripts-init/charts/chartjs.js:8:13
[  788505ms] Unexpected token '<'
[  788619ms] Unexpected token '<'
[  788642ms] TypeError: $(...).datetimepicker is not a function
    at https://phbidlautdemo.prahu-hub.com/home/hargajadwal?tab=3:5815:16
[  788660ms] Uncaught TypeError: expect element to be DOM Element, but got null
    at n.init (https://cdnjs.cloudflare.com/ajax/libs/smooth-scrollbar/8.5.2/smooth-scrollbar.js:24:264)
    at <anonymous> (https://phbidlautdemo.prahu-hub.com/home/hargajadwal?tab=3:7564:14)
[  788695ms] [LOG] Harganamanya @ https://phbidlautdemo.prahu-hub.com/home/hargajadwal?tab=3:1756
[  788707ms] [LOG] undefined @ https://phbidlautdemo.prahu-hub.com/home/hargajadwal?tab=3:7917
[  788707ms] [LOG] undefined @ https://phbidlautdemo.prahu-hub.com/home/hargajadwal?tab=3:7917
[  788708ms] [LOG] undefined @ https://phbidlautdemo.prahu-hub.com/home/hargajadwal?tab=3:7917
[  788708ms] [LOG] DD/MM/YYYY @ https://phbidlautdemo.prahu-hub.com/home/hargajadwal?tab=3:7917
[  788708ms] [LOG] Masukkan Nomor Lelang @ https://phbidlautdemo.prahu-hub.com/home/hargajadwal?tab=3:7917
[  788708ms] [LOG] Search... @ https://phbidlautdemo.prahu-hub.com/home/hargajadwal?tab=3:7917
[  788708ms] [LOG] Search... @ https://phbidlautdemo.prahu-hub.com/home/hargajadwal?tab=3:7917
[  788708ms] [LOG] Masukkan Jenis @ https://phbidlautdemo.prahu-hub.com/home/hargajadwal?tab=3:7917
[  788708ms] [LOG] Masukkan Harga @ https://phbidlautdemo.prahu-hub.com/home/hargajadwal?tab=3:7917
[  788709ms] [LOG] DD/MM/YYYY @ https://phbidlautdemo.prahu-hub.com/home/hargajadwal?tab=3:7917
[  788709ms] [LOG] undefined @ https://phbidlautdemo.prahu-hub.com/home/hargajadwal?tab=3:7917
[  788709ms] [LOG] undefined @ https://phbidlautdemo.prahu-hub.com/home/hargajadwal?tab=3:7917
[  788709ms] [LOG] Masukkan UN Code @ https://phbidlautdemo.prahu-hub.com/home/hargajadwal?tab=3:7917
[  788709ms] [LOG] undefined @ https://phbidlautdemo.prahu-hub.com/home/hargajadwal?tab=3:7917
[  788709ms] [LOG] undefined @ https://phbidlautdemo.prahu-hub.com/home/hargajadwal?tab=3:7917
[  788709ms] [LOG] Masukkan Nama Pelabuhan @ https://phbidlautdemo.prahu-hub.com/home/hargajadwal?tab=3:7917
[  788711ms] [LOG] WebSocket connection @ https://phbidlautdemo.prahu-hub.com/home/hargajadwal?tab=3:7960
[  788711ms] [LOG] WebSocket connection attempting... @ https://phbidlautdemo.prahu-hub.com/home/hargajadwal?tab=3:8038
[  788793ms] [LOG] [] @ https://phbidlautdemo.prahu-hub.com/_resources/themes/prahutheme/javascript/custom/hargajadwal.js?m=1787971551:306
[  788794ms] [LOG] [] @ https://phbidlautdemo.prahu-hub.com/_resources/themes/prahutheme/javascript/custom/hargajadwal.js?m=1787971551:69
[  788796ms] [LOG] 200 xhrglobal @ https://phbidlautdemo.prahu-hub.com/home/hargajadwal?tab=3:7891
[  788796ms] [LOG] ce.fn.init stepItem @ https://phbidlautdemo.prahu-hub.com/_resources/themes/prahutheme/javascript/custom/hargajadwal.js?m=1787971551:1027
[  788809ms] [LOG] WebSocket connected @ https://phbidlautdemo.prahu-hub.com/home/hargajadwal?tab=3:7969
[  788812ms] [LOG] update_dashboard_order_laut @ https://phbidlautdemo.prahu-hub.com/home/hargajadwal?tab=3:8010
[  788836ms] [LOG] Connected @ https://phbidlautdemo.prahu-hub.com/home/hargajadwal?tab=3:8010
[  788915ms] [LOG] 200 xhrglobal @ https://phbidlautdemo.prahu-hub.com/home/hargajadwal?tab=3:7891
[  788969ms] [LOG] 200 xhrglobal @ https://phbidlautdemo.prahu-hub.com/home/hargajadwal?tab=3:7891
[  790716ms] TypeError: $(...).DataTable is not a function
    at https://phbidlautdemo.prahu-hub.com/_resources/themes/prahutheme/js/scripts-init/tables.js:7:23
[  792135ms] Cannot use import statement outside a module
[  792149ms] ReferenceError: Chart is not defined
    at https://phbidlautdemo.prahu-hub.com/_resources/themes/prahutheme/js/scripts-init/charts/chartjs.js:8:13
[  792375ms] Unexpected token '<'
[  792376ms] Unexpected token '<'
[  792401ms] TypeError: $(...).datetimepicker is not a function
    at https://phbidlautdemo.prahu-hub.com/home/hargajadwal?tab=4:5815:16
[  792418ms] Uncaught TypeError: expect element to be DOM Element, but got null
    at n.init (https://cdnjs.cloudflare.com/ajax/libs/smooth-scrollbar/8.5.2/smooth-scrollbar.js:24:264)
    at <anonymous> (https://phbidlautdemo.prahu-hub.com/home/hargajadwal?tab=4:7564:14)
[  792456ms] [LOG] Harganamanya @ https://phbidlautdemo.prahu-hub.com/home/hargajadwal?tab=4:1756
[  792467ms] [LOG] undefined @ https://phbidlautdemo.prahu-hub.com/home/hargajadwal?tab=4:7917
[  792467ms] [LOG] undefined @ https://phbidlautdemo.prahu-hub.com/home/hargajadwal?tab=4:7917
[  792467ms] [LOG] undefined @ https://phbidlautdemo.prahu-hub.com/home/hargajadwal?tab=4:7917
[  792467ms] [LOG] DD/MM/YYYY @ https://phbidlautdemo.prahu-hub.com/home/hargajadwal?tab=4:7917
[  792468ms] [LOG] Masukkan Nomor Lelang @ https://phbidlautdemo.prahu-hub.com/home/hargajadwal?tab=4:7917
[  792468ms] [LOG] Search... @ https://phbidlautdemo.prahu-hub.com/home/hargajadwal?tab=4:7917
[  792468ms] [LOG] Search... @ https://phbidlautdemo.prahu-hub.com/home/hargajadwal?tab=4:7917
[  792468ms] [LOG] Masukkan Jenis @ https://phbidlautdemo.prahu-hub.com/home/hargajadwal?tab=4:7917
[  792468ms] [LOG] Masukkan Harga @ https://phbidlautdemo.prahu-hub.com/home/hargajadwal?tab=4:7917
[  792468ms] [LOG] DD/MM/YYYY @ https://phbidlautdemo.prahu-hub.com/home/hargajadwal?tab=4:7917
[  792468ms] [LOG] undefined @ https://phbidlautdemo.prahu-hub.com/home/hargajadwal?tab=4:7917
[  792468ms] [LOG] undefined @ https://phbidlautdemo.prahu-hub.com/home/hargajadwal?tab=4:7917
[  792468ms] [LOG] Masukkan UN Code @ https://phbidlautdemo.prahu-hub.com/home/hargajadwal?tab=4:7917
[  792468ms] [LOG] undefined @ https://phbidlautdemo.prahu-hub.com/home/hargajadwal?tab=4:7917
[  792468ms] [LOG] undefined @ https://phbidlautdemo.prahu-hub.com/home/hargajadwal?tab=4:7917
[  792469ms] [LOG] Masukkan Nama Pelabuhan @ https://phbidlautdemo.prahu-hub.com/home/hargajadwal?tab=4:7917
[  792469ms] [LOG] WebSocket connection @ https://phbidlautdemo.prahu-hub.com/home/hargajadwal?tab=4:7960
[  792470ms] [LOG] WebSocket connection attempting... @ https://phbidlautdemo.prahu-hub.com/home/hargajadwal?tab=4:8038
[  792582ms] [LOG] WebSocket connected @ https://phbidlautdemo.prahu-hub.com/home/hargajadwal?tab=4:7969
[  792584ms] [LOG] update_dashboard_order_laut @ https://phbidlautdemo.prahu-hub.com/home/hargajadwal?tab=4:8010
[  792610ms] [LOG] Connected @ https://phbidlautdemo.prahu-hub.com/home/hargajadwal?tab=4:8010
[  794293ms] [LOG] [Object, Object, Object, Object, Object, Object, Object, Object, Object, Object, Object, Object, Object, Object, Object, Object, Object, Object, Object, Object] @ https://phbidlautdemo.prahu-hub.com/_resources/themes/prahutheme/javascript/custom/hargajadwal.js?m=1787971551:306
[  794310ms] [LOG] [Object, Object, Object, Object, Object, Object, Object, Object, Object, Object, Object, Object, Object, Object, Object, Object, Object, Object, Object, Object] @ https://phbidlautdemo.prahu-hub.com/_resources/themes/prahutheme/javascript/custom/hargajadwal.js?m=1787971551:69
[  794324ms] [LOG] 182 @ https://phbidlautdemo.prahu-hub.com/_resources/themes/prahutheme/javascript/custom/hargajadwal.js?m=1787971551:1167
[  794324ms] [LOG] 182 jumlah data @ https://phbidlautdemo.prahu-hub.com/_resources/themes/prahutheme/javascript/custom/hargajadwal.js?m=1787971551:1124
[  794324ms] [LOG] 10 1 pageCount & pageNow @ https://phbidlautdemo.prahu-hub.com/_resources/themes/prahutheme/javascript/custom/hargajadwal.js?m=1787971551:1053
[  794327ms] [LOG] 200 xhrglobal @ https://phbidlautdemo.prahu-hub.com/home/hargajadwal?tab=4:7891
[  794327ms] [LOG] ce.fn.init stepItem @ https://phbidlautdemo.prahu-hub.com/_resources/themes/prahutheme/javascript/custom/hargajadwal.js?m=1787971551:1027
[  794446ms] [LOG] 200 xhrglobal @ https://phbidlautdemo.prahu-hub.com/home/hargajadwal?tab=4:7891
[  794508ms] TypeError: $(...).DataTable is not a function
    at https://phbidlautdemo.prahu-hub.com/_resources/themes/prahutheme/js/scripts-init/tables.js:7:23
[  794549ms] [LOG] 200 xhrglobal @ https://phbidlautdemo.prahu-hub.com/home/hargajadwal?tab=4:7891
[  796076ms] Cannot use import statement outside a module
[  796085ms] ReferenceError: Chart is not defined
    at https://phbidlautdemo.prahu-hub.com/_resources/themes/prahutheme/js/scripts-init/charts/chartjs.js:8:13
[  796303ms] Unexpected token '<'
[  796303ms] Unexpected token '<'
[  796331ms] TypeError: $(...).datetimepicker is not a function
    at https://phbidlautdemo.prahu-hub.com/home/hargajadwal?tab=5:5816:16
[  796344ms] Uncaught TypeError: expect element to be DOM Element, but got null
    at n.init (https://cdnjs.cloudflare.com/ajax/libs/smooth-scrollbar/8.5.2/smooth-scrollbar.js:24:264)
    at <anonymous> (https://phbidlautdemo.prahu-hub.com/home/hargajadwal?tab=5:7565:14)
[  796371ms] [LOG] Harganamanya @ https://phbidlautdemo.prahu-hub.com/home/hargajadwal?tab=5:1756
[  796382ms] [LOG] undefined @ https://phbidlautdemo.prahu-hub.com/home/hargajadwal?tab=5:7918
[  796382ms] [LOG] undefined @ https://phbidlautdemo.prahu-hub.com/home/hargajadwal?tab=5:7918
[  796382ms] [LOG] undefined @ https://phbidlautdemo.prahu-hub.com/home/hargajadwal?tab=5:7918
[  796382ms] [LOG] DD/MM/YYYY @ https://phbidlautdemo.prahu-hub.com/home/hargajadwal?tab=5:7918
[  796382ms] [LOG] Masukkan Nomor Lelang @ https://phbidlautdemo.prahu-hub.com/home/hargajadwal?tab=5:7918
[  796382ms] [LOG] Search... @ https://phbidlautdemo.prahu-hub.com/home/hargajadwal?tab=5:7918
[  796382ms] [LOG] Search... @ https://phbidlautdemo.prahu-hub.com/home/hargajadwal?tab=5:7918
[  796383ms] [LOG] Masukkan Jenis @ https://phbidlautdemo.prahu-hub.com/home/hargajadwal?tab=5:7918
[  796383ms] [LOG] Masukkan Harga @ https://phbidlautdemo.prahu-hub.com/home/hargajadwal?tab=5:7918
[  796383ms] [LOG] DD/MM/YYYY @ https://phbidlautdemo.prahu-hub.com/home/hargajadwal?tab=5:7918
[  796383ms] [LOG] undefined @ https://phbidlautdemo.prahu-hub.com/home/hargajadwal?tab=5:7918
[  796383ms] [LOG] undefined @ https://phbidlautdemo.prahu-hub.com/home/hargajadwal?tab=5:7918
[  796384ms] [LOG] Masukkan UN Code @ https://phbidlautdemo.prahu-hub.com/home/hargajadwal?tab=5:7918
[  796384ms] [LOG] undefined @ https://phbidlautdemo.prahu-hub.com/home/hargajadwal?tab=5:7918
[  796384ms] [LOG] undefined @ https://phbidlautdemo.prahu-hub.com/home/hargajadwal?tab=5:7918
[  796384ms] [LOG] Masukkan Nama Pelabuhan @ https://phbidlautdemo.prahu-hub.com/home/hargajadwal?tab=5:7918
[  796385ms] [LOG] WebSocket connection @ https://phbidlautdemo.prahu-hub.com/home/hargajadwal?tab=5:7961
[  796385ms] [LOG] WebSocket connection attempting... @ https://phbidlautdemo.prahu-hub.com/home/hargajadwal?tab=5:8039
[  796492ms] [LOG] WebSocket connected @ https://phbidlautdemo.prahu-hub.com/home/hargajadwal?tab=5:7970
[  796506ms] [LOG] update_dashboard_order_laut @ https://phbidlautdemo.prahu-hub.com/home/hargajadwal?tab=5:8011
[  796520ms] [LOG] Connected @ https://phbidlautdemo.prahu-hub.com/home/hargajadwal?tab=5:8011
[  798242ms] [LOG] [Object, Object, Object, Object, Object, Object, Object, Object, Object, Object, Object, Object, Object, Object, Object, Object, Object, Object, Object, Object] @ https://phbidlautdemo.prahu-hub.com/_resources/themes/prahutheme/javascript/custom/hargajadwal.js?m=1787971551:306
[  798257ms] [LOG] [Object, Object, Object, Object, Object, Object, Object, Object, Object, Object, Object, Object, Object, Object, Object, Object, Object, Object, Object, Object] @ https://phbidlautdemo.prahu-hub.com/_resources/themes/prahutheme/javascript/custom/hargajadwal.js?m=1787971551:69
[  798270ms] [LOG] 99 @ https://phbidlautdemo.prahu-hub.com/_resources/themes/prahutheme/javascript/custom/hargajadwal.js?m=1787971551:1167
[  798270ms] [LOG] 99 jumlah data @ https://phbidlautdemo.prahu-hub.com/_resources/themes/prahutheme/javascript/custom/hargajadwal.js?m=1787971551:1124
[  798270ms] [LOG] 5 1 pageCount & pageNow @ https://phbidlautdemo.prahu-hub.com/_resources/themes/prahutheme/javascript/custom/hargajadwal.js?m=1787971551:1053
[  798273ms] [LOG] 200 xhrglobal @ https://phbidlautdemo.prahu-hub.com/home/hargajadwal?tab=5:7892
[  798273ms] [LOG] ce.fn.init stepItem @ https://phbidlautdemo.prahu-hub.com/_resources/themes/prahutheme/javascript/custom/hargajadwal.js?m=1787971551:1027
[  798365ms] [LOG] 200 xhrglobal @ https://phbidlautdemo.prahu-hub.com/home/hargajadwal?tab=5:7892
[  798386ms] TypeError: $(...).DataTable is not a function
    at https://phbidlautdemo.prahu-hub.com/_resources/themes/prahutheme/js/scripts-init/tables.js:7:23
[  798425ms] [LOG] 200 xhrglobal @ https://phbidlautdemo.prahu-hub.com/home/hargajadwal?tab=5:7892
[  800962ms] Cannot use import statement outside a module
[  800973ms] ReferenceError: Chart is not defined
    at https://phbidlautdemo.prahu-hub.com/_resources/themes/prahutheme/js/scripts-init/charts/chartjs.js:8:13
[  801370ms] Unexpected token '<'
[  801584ms] Unexpected token '<'
[  801728ms] Uncaught TypeError: expect element to be DOM Element, but got null
    at n.init (https://cdnjs.cloudflare.com/ajax/libs/smooth-scrollbar/8.5.2/smooth-scrollbar.js:24:264)
    at <anonymous> (https://phbidlautdemo.prahu-hub.com/order/orderlist:7678:14)
[  801751ms] [LOG] 1 @ https://phbidlautdemo.prahu-hub.com/_resources/themes/prahutheme/javascript/custom/orderList.js?m=1787971551:939
[  801751ms] [LOG] 20 @ https://phbidlautdemo.prahu-hub.com/_resources/themes/prahutheme/javascript/custom/orderList.js?m=1787971551:940
[  801755ms] [LOG] Daftar Ordernamanya @ https://phbidlautdemo.prahu-hub.com/order/orderlist:2024
[  801772ms] [LOG] Masukkan ID Order @ https://phbidlautdemo.prahu-hub.com/order/orderlist:8031
[  801772ms] [LOG] undefined @ https://phbidlautdemo.prahu-hub.com/order/orderlist:8031
[  801773ms] [LOG] Masukkan Nomor Lelang @ https://phbidlautdemo.prahu-hub.com/order/orderlist:8031
[  801773ms] [LOG] Masukkan Nama Shipper @ https://phbidlautdemo.prahu-hub.com/order/orderlist:8031
[  801773ms] [LOG] DD/MM/YYYY - DD/MM/YYYY @ https://phbidlautdemo.prahu-hub.com/order/orderlist:8031
[  801773ms] [LOG] Masukkan No. Kontainer @ https://phbidlautdemo.prahu-hub.com/order/orderlist:8031
[  801773ms] [LOG] DD/MM/YYYY - DD/MM/YYYY @ https://phbidlautdemo.prahu-hub.com/order/orderlist:8031
[  801773ms] [LOG] DD/MM/YYYY -  DD/MM/YYYY @ https://phbidlautdemo.prahu-hub.com/order/orderlist:8031
[  801773ms] [LOG] Search... @ https://phbidlautdemo.prahu-hub.com/order/orderlist:8031
[  801773ms] [LOG] Search... @ https://phbidlautdemo.prahu-hub.com/order/orderlist:8031
[  801774ms] [LOG] undefined @ https://phbidlautdemo.prahu-hub.com/order/orderlist:8031
[  801774ms] [LOG] Masukkan Nama Kapal @ https://phbidlautdemo.prahu-hub.com/order/orderlist:8031
[  801774ms] [LOG] DD/MM/YYYY @ https://phbidlautdemo.prahu-hub.com/order/orderlist:8031
[  801774ms] [LOG] Masukkan Jumlah @ https://phbidlautdemo.prahu-hub.com/order/orderlist:8031
[  801774ms] [LOG] Masukkan Nama Penerima Barang @ https://phbidlautdemo.prahu-hub.com/order/orderlist:8031
[  801775ms] [LOG] Search... @ https://phbidlautdemo.prahu-hub.com/order/orderlist:8031
[  801775ms] [LOG] Masukkan Nomor Referensi @ https://phbidlautdemo.prahu-hub.com/order/orderlist:8031
[  801775ms] [LOG] undefined @ https://phbidlautdemo.prahu-hub.com/order/orderlist:8031
[  801775ms] [LOG] Masukkan Harga Baru @ https://phbidlautdemo.prahu-hub.com/order/orderlist:8031
[  801775ms] [LOG] undefined @ https://phbidlautdemo.prahu-hub.com/order/orderlist:8031
[  801776ms] [LOG] WebSocket connection @ https://phbidlautdemo.prahu-hub.com/order/orderlist:8074
[  801776ms] [LOG] WebSocket connection attempting... @ https://phbidlautdemo.prahu-hub.com/order/orderlist:8152
[  801884ms] [LOG] WebSocket connected @ https://phbidlautdemo.prahu-hub.com/order/orderlist:8083
[  801901ms] [LOG] update_dashboard_order_laut @ https://phbidlautdemo.prahu-hub.com/order/orderlist:8124
[  801915ms] [LOG] Connected @ https://phbidlautdemo.prahu-hub.com/order/orderlist:8124
[  803777ms] TypeError: $(...).DataTable is not a function
    at https://phbidlautdemo.prahu-hub.com/_resources/themes/prahutheme/js/scripts-init/tables.js:7:23
[  804067ms] [LOG] Connected @ https://phbidlautdemo.prahu-hub.com/order/orderlist:8124
[  804661ms] [LOG] datanya20 @ https://phbidlautdemo.prahu-hub.com/_resources/themes/prahutheme/javascript/custom/orderList.js?m=1787971551:986
[  804665ms] [LOG] [Object, Object, Object, Object, Object, Object, Object, Object, Object, Object, Object, Object, Object, Object, Object, Object, Object, Object, Object, Object] @ https://phbidlautdemo.prahu-hub.com/_resources/themes/prahutheme/javascript/custom/orderList.js?m=1787971551:421
[  804669ms] [LOG] {ID: 1461, status_order: KONFIRMASI_UNIT, JadwalID: 1854, ID_Order: 20260829-06501, dari_api: null} @ https://phbidlautdemo.prahu-hub.com/_resources/themes/prahutheme/javascript/custom/orderList.js?m=1787971551:427
[  804669ms] [LOG] [Manujo] penerima @ https://phbidlautdemo.prahu-hub.com/_resources/themes/prahutheme/javascript/custom/orderList.js?m=1787971551:648
[  804670ms] [LOG] {ID: 1460, status_order: KONFIRMASI_UNIT, JadwalID: 1855, ID_Order: 20260828-06506, dari_api: null} @ https://phbidlautdemo.prahu-hub.com/_resources/themes/prahutheme/javascript/custom/orderList.js?m=1787971551:427
[  804670ms] [LOG] [Manujo] penerima @ https://phbidlautdemo.prahu-hub.com/_resources/themes/prahutheme/javascript/custom/orderList.js?m=1787971551:648
[  804673ms] [LOG] {ID: 1459, status_order: CANCEL, JadwalID: 1846, ID_Order: 20260828-06505, dari_api: null} @ https://phbidlautdemo.prahu-hub.com/_resources/themes/prahutheme/javascript/custom/orderList.js?m=1787971551:427
[  804674ms] [LOG] [Manujo] penerima @ https://phbidlautdemo.prahu-hub.com/_resources/themes/prahutheme/javascript/custom/orderList.js?m=1787971551:648
[  804675ms] [LOG] {ID: 1458, status_order: KONFIRMASI_UNIT, JadwalID: 1846, ID_Order: 20260828-06504, dari_api: null} @ https://phbidlautdemo.prahu-hub.com/_resources/themes/prahutheme/javascript/custom/orderList.js?m=1787971551:427
[  804675ms] [LOG] [Manujo] penerima @ https://phbidlautdemo.prahu-hub.com/_resources/themes/prahutheme/javascript/custom/orderList.js?m=1787971551:648
[  804676ms] [LOG] {ID: 1453, status_order: DONE, JadwalID: 1846, ID_Order: 20260827-06502, dari_api: null} @ https://phbidlautdemo.prahu-hub.com/_resources/themes/prahutheme/javascript/custom/orderList.js?m=1787971551:427
[  804676ms] [LOG] [Manujo] penerima @ https://phbidlautdemo.prahu-hub.com/_resources/themes/prahutheme/javascript/custom/orderList.js?m=1787971551:648
[  804677ms] [LOG] {ID: 1452, status_order: DONE, JadwalID: 1844, ID_Order: 20260827-06501, dari_api: null} @ https://phbidlautdemo.prahu-hub.com/_resources/themes/prahutheme/javascript/custom/orderList.js?m=1787971551:427
[  804677ms] [LOG] [Ik Bitung] penerima @ https://phbidlautdemo.prahu-hub.com/_resources/themes/prahutheme/javascript/custom/orderList.js?m=1787971551:648
[  804678ms] [LOG] {ID: 1451, status_order: DONE, JadwalID: 1845, ID_Order: 20260826-06507, dari_api: null} @ https://phbidlautdemo.prahu-hub.com/_resources/themes/prahutheme/javascript/custom/orderList.js?m=1787971551:427
[  804678ms] [LOG] [Ik Bitung] penerima @ https://phbidlautdemo.prahu-hub.com/_resources/themes/prahutheme/javascript/custom/orderList.js?m=1787971551:648
[  804678ms] [LOG] {ID: 1449, status_order: DONE, JadwalID: 1839, ID_Order: 20260826-06505, dari_api: null} @ https://phbidlautdemo.prahu-hub.com/_resources/themes/prahutheme/javascript/custom/orderList.js?m=1787971551:427
[  804679ms] [LOG] [Ik Bitung] penerima @ https://phbidlautdemo.prahu-hub.com/_resources/themes/prahutheme/javascript/custom/orderList.js?m=1787971551:648
[  804679ms] [LOG] {ID: 1448, status_order: DONE, JadwalID: 1851, ID_Order: 20260826-06504, dari_api: null} @ https://phbidlautdemo.prahu-hub.com/_resources/themes/prahutheme/javascript/custom/orderList.js?m=1787971551:427
[  804679ms] [LOG] [Ik Bitung] penerima @ https://phbidlautdemo.prahu-hub.com/_resources/themes/prahutheme/javascript/custom/orderList.js?m=1787971551:648
[  804680ms] [LOG] {ID: 1447, status_order: DONE, JadwalID: 1839, ID_Order: 20260826-06503, dari_api: null} @ https://phbidlautdemo.prahu-hub.com/_resources/themes/prahutheme/javascript/custom/orderList.js?m=1787971551:427
[  804680ms] [LOG] [Ik Bitung] penerima @ https://phbidlautdemo.prahu-hub.com/_resources/themes/prahutheme/javascript/custom/orderList.js?m=1787971551:648
[  804680ms] [LOG] {ID: 1446, status_order: DONE, JadwalID: 1839, ID_Order: 20260826-06502, dari_api: null} @ https://phbidlautdemo.prahu-hub.com/_resources/themes/prahutheme/javascript/custom/orderList.js?m=1787971551:427
[  804681ms] [LOG] [Ik Bitung] penerima @ https://phbidlautdemo.prahu-hub.com/_resources/themes/prahutheme/javascript/custom/orderList.js?m=1787971551:648
[  804681ms] [LOG] {ID: 1445, status_order: DONE, JadwalID: 1839, ID_Order: 20260826-06501, dari_api: null} @ https://phbidlautdemo.prahu-hub.com/_resources/themes/prahutheme/javascript/custom/orderList.js?m=1787971551:427
[  804681ms] [LOG] [Ik Bitung] penerima @ https://phbidlautdemo.prahu-hub.com/_resources/themes/prahutheme/javascript/custom/orderList.js?m=1787971551:648
[  804682ms] [LOG] {ID: 1435, status_order: DONE, JadwalID: 1828, ID_Order: 20260820-06504, dari_api: null} @ https://phbidlautdemo.prahu-hub.com/_resources/themes/prahutheme/javascript/custom/orderList.js?m=1787971551:427
[  804682ms] [LOG] [Ik Bitung] penerima @ https://phbidlautdemo.prahu-hub.com/_resources/themes/prahutheme/javascript/custom/orderList.js?m=1787971551:648
[  804682ms] [LOG] {ID: 1433, status_order: CANCEL, JadwalID: 1828, ID_Order: 20260820-06502, dari_api: null} @ https://phbidlautdemo.prahu-hub.com/_resources/themes/prahutheme/javascript/custom/orderList.js?m=1787971551:427
[  804682ms] [LOG] [Ik Bitung] penerima @ https://phbidlautdemo.prahu-hub.com/_resources/themes/prahutheme/javascript/custom/orderList.js?m=1787971551:648
[  804683ms] [LOG] {ID: 1432, status_order: CANCEL, JadwalID: 1824, ID_Order: 20260820-06501, dari_api: YES} @ https://phbidlautdemo.prahu-hub.com/_resources/themes/prahutheme/javascript/custom/orderList.js?m=1787971551:427
[  804683ms] [LOG] [Ik Bitung] penerima @ https://phbidlautdemo.prahu-hub.com/_resources/themes/prahutheme/javascript/custom/orderList.js?m=1787971551:648
[  804683ms] [LOG] {ID: 1429, status_order: DONE, JadwalID: 1815, ID_Order: 20260811-06501, dari_api: YES} @ https://phbidlautdemo.prahu-hub.com/_resources/themes/prahutheme/javascript/custom/orderList.js?m=1787971551:427
[  804683ms] [LOG] [IKHSAN JAYA, IKHSAN JAYA, IKHSAN JAYA] penerima @ https://phbidlautdemo.prahu-hub.com/_resources/themes/prahutheme/javascript/custom/orderList.js?m=1787971551:648
[  804684ms] [LOG] {ID: 1428, status_order: DONE, JadwalID: 1814, ID_Order: 20260807-06501, dari_api: YES} @ https://phbidlautdemo.prahu-hub.com/_resources/themes/prahutheme/javascript/custom/orderList.js?m=1787971551:427
[  804684ms] [LOG] [Ik Bitung] penerima @ https://phbidlautdemo.prahu-hub.com/_resources/themes/prahutheme/javascript/custom/orderList.js?m=1787971551:648
[  804684ms] [LOG] {ID: 1421, status_order: DONE, JadwalID: 1795, ID_Order: 20260713-06501, dari_api: null} @ https://phbidlautdemo.prahu-hub.com/_resources/themes/prahutheme/javascript/custom/orderList.js?m=1787971551:427
[  804685ms] [LOG] [Ik Bitung] penerima @ https://phbidlautdemo.prahu-hub.com/_resources/themes/prahutheme/javascript/custom/orderList.js?m=1787971551:648
[  804685ms] [LOG] {ID: 1420, status_order: DONE, JadwalID: 1785, ID_Order: 20260629-06501, dari_api: null} @ https://phbidlautdemo.prahu-hub.com/_resources/themes/prahutheme/javascript/custom/orderList.js?m=1787971551:427
[  804685ms] [LOG] [PT. Perkasa Adi Makmur Sentosa, PT. Tridatu Jaya, PT. Indajaya] penerima @ https://phbidlautdemo.prahu-hub.com/_resources/themes/prahutheme/javascript/custom/orderList.js?m=1787971551:648
[  804685ms] [LOG] {ID: 1419, status_order: KONFIRMASI_UNIT, JadwalID: 1790, ID_Order: 20260627-06504, dari_api: null} @ https://phbidlautdemo.prahu-hub.com/_resources/themes/prahutheme/javascript/custom/orderList.js?m=1787971551:427
[  804686ms] [LOG] [Ik Bitung] penerima @ https://phbidlautdemo.prahu-hub.com/_resources/themes/prahutheme/javascript/custom/orderList.js?m=1787971551:648
[  804707ms] [LOG] [Object, Object, Object, Object, Object, Object, Object, Object, Object, Object, Object, Object, Object, Object, Object, Object, Object, Object, Object, Object] @ https://phbidlautdemo.prahu-hub.com/_resources/themes/prahutheme/javascript/custom/orderList.js?m=1787971551:40
[  804708ms] [LOG] {ID: 1461, status_order: KONFIRMASI_UNIT, JadwalID: 1854, ID_Order: 20260829-06501, dari_api: null} @ https://phbidlautdemo.prahu-hub.com/_resources/themes/prahutheme/javascript/custom/orderList.js?m=1787971551:46
[  804709ms] [LOG] [Manujo] penerima @ https://phbidlautdemo.prahu-hub.com/_resources/themes/prahutheme/javascript/custom/orderList.js?m=1787971551:261
[  804709ms] [LOG] {ID: 1460, status_order: KONFIRMASI_UNIT, JadwalID: 1855, ID_Order: 20260828-06506, dari_api: null} @ https://phbidlautdemo.prahu-hub.com/_resources/themes/prahutheme/javascript/custom/orderList.js?m=1787971551:46
[  804709ms] [LOG] [Manujo] penerima @ https://phbidlautdemo.prahu-hub.com/_resources/themes/prahutheme/javascript/custom/orderList.js?m=1787971551:261
[  804709ms] [LOG] {ID: 1459, status_order: CANCEL, JadwalID: 1846, ID_Order: 20260828-06505, dari_api: null} @ https://phbidlautdemo.prahu-hub.com/_resources/themes/prahutheme/javascript/custom/orderList.js?m=1787971551:46
[  804710ms] [LOG] [Manujo] penerima @ https://phbidlautdemo.prahu-hub.com/_resources/themes/prahutheme/javascript/custom/orderList.js?m=1787971551:261
[  804710ms] [LOG] {ID: 1458, status_order: KONFIRMASI_UNIT, JadwalID: 1846, ID_Order: 20260828-06504, dari_api: null} @ https://phbidlautdemo.prahu-hub.com/_resources/themes/prahutheme/javascript/custom/orderList.js?m=1787971551:46
[  804710ms] [LOG] [Manujo] penerima @ https://phbidlautdemo.prahu-hub.com/_resources/themes/prahutheme/javascript/custom/orderList.js?m=1787971551:261
[  804710ms] [LOG] {ID: 1453, status_order: DONE, JadwalID: 1846, ID_Order: 20260827-06502, dari_api: null} @ https://phbidlautdemo.prahu-hub.com/_resources/themes/prahutheme/javascript/custom/orderList.js?m=1787971551:46
[  804711ms] [LOG] [Manujo] penerima @ https://phbidlautdemo.prahu-hub.com/_resources/themes/prahutheme/javascript/custom/orderList.js?m=1787971551:261
[  804711ms] [LOG] {ID: 1452, status_order: DONE, JadwalID: 1844, ID_Order: 20260827-06501, dari_api: null} @ https://phbidlautdemo.prahu-hub.com/_resources/themes/prahutheme/javascript/custom/orderList.js?m=1787971551:46
[  804711ms] [LOG] [Ik Bitung] penerima @ https://phbidlautdemo.prahu-hub.com/_resources/themes/prahutheme/javascript/custom/orderList.js?m=1787971551:261
[  804712ms] [LOG] {ID: 1451, status_order: DONE, JadwalID: 1845, ID_Order: 20260826-06507, dari_api: null} @ https://phbidlautdemo.prahu-hub.com/_resources/themes/prahutheme/javascript/custom/orderList.js?m=1787971551:46
[  804712ms] [LOG] [Ik Bitung] penerima @ https://phbidlautdemo.prahu-hub.com/_resources/themes/prahutheme/javascript/custom/orderList.js?m=1787971551:261
[  804712ms] [LOG] {ID: 1449, status_order: DONE, JadwalID: 1839, ID_Order: 20260826-06505, dari_api: null} @ https://phbidlautdemo.prahu-hub.com/_resources/themes/prahutheme/javascript/custom/orderList.js?m=1787971551:46
[  804712ms] [LOG] [Ik Bitung] penerima @ https://phbidlautdemo.prahu-hub.com/_resources/themes/prahutheme/javascript/custom/orderList.js?m=1787971551:261
[  804713ms] [LOG] {ID: 1448, status_order: DONE, JadwalID: 1851, ID_Order: 20260826-06504, dari_api: null} @ https://phbidlautdemo.prahu-hub.com/_resources/themes/prahutheme/javascript/custom/orderList.js?m=1787971551:46
[  804713ms] [LOG] [Ik Bitung] penerima @ https://phbidlautdemo.prahu-hub.com/_resources/themes/prahutheme/javascript/custom/orderList.js?m=1787971551:261
[  804713ms] [LOG] {ID: 1447, status_order: DONE, JadwalID: 1839, ID_Order: 20260826-06503, dari_api: null} @ https://phbidlautdemo.prahu-hub.com/_resources/themes/prahutheme/javascript/custom/orderList.js?m=1787971551:46
[  804713ms] [LOG] [Ik Bitung] penerima @ https://phbidlautdemo.prahu-hub.com/_resources/themes/prahutheme/javascript/custom/orderList.js?m=1787971551:261
[  804714ms] [LOG] {ID: 1446, status_order: DONE, JadwalID: 1839, ID_Order: 20260826-06502, dari_api: null} @ https://phbidlautdemo.prahu-hub.com/_resources/themes/prahutheme/javascript/custom/orderList.js?m=1787971551:46
[  804714ms] [LOG] [Ik Bitung] penerima @ https://phbidlautdemo.prahu-hub.com/_resources/themes/prahutheme/javascript/custom/orderList.js?m=1787971551:261
[  804714ms] [LOG] {ID: 1445, status_order: DONE, JadwalID: 1839, ID_Order: 20260826-06501, dari_api: null} @ https://phbidlautdemo.prahu-hub.com/_resources/themes/prahutheme/javascript/custom/orderList.js?m=1787971551:46
[  804714ms] [LOG] [Ik Bitung] penerima @ https://phbidlautdemo.prahu-hub.com/_resources/themes/prahutheme/javascript/custom/orderList.js?m=1787971551:261
[  804714ms] [LOG] {ID: 1435, status_order: DONE, JadwalID: 1828, ID_Order: 20260820-06504, dari_api: null} @ https://phbidlautdemo.prahu-hub.com/_resources/themes/prahutheme/javascript/custom/orderList.js?m=1787971551:46
[  804715ms] [LOG] [Ik Bitung] penerima @ https://phbidlautdemo.prahu-hub.com/_resources/themes/prahutheme/javascript/custom/orderList.js?m=1787971551:261
[  804715ms] [LOG] {ID: 1433, status_order: CANCEL, JadwalID: 1828, ID_Order: 20260820-06502, dari_api: null} @ https://phbidlautdemo.prahu-hub.com/_resources/themes/prahutheme/javascript/custom/orderList.js?m=1787971551:46
[  804715ms] [LOG] [Ik Bitung] penerima @ https://phbidlautdemo.prahu-hub.com/_resources/themes/prahutheme/javascript/custom/orderList.js?m=1787971551:261
[  804715ms] [LOG] {ID: 1432, status_order: CANCEL, JadwalID: 1824, ID_Order: 20260820-06501, dari_api: YES} @ https://phbidlautdemo.prahu-hub.com/_resources/themes/prahutheme/javascript/custom/orderList.js?m=1787971551:46
[  804715ms] [LOG] [Ik Bitung] penerima @ https://phbidlautdemo.prahu-hub.com/_resources/themes/prahutheme/javascript/custom/orderList.js?m=1787971551:261
[  804716ms] [LOG] {ID: 1429, status_order: DONE, JadwalID: 1815, ID_Order: 20260811-06501, dari_api: YES} @ https://phbidlautdemo.prahu-hub.com/_resources/themes/prahutheme/javascript/custom/orderList.js?m=1787971551:46
[  804716ms] [LOG] [IKHSAN JAYA, IKHSAN JAYA, IKHSAN JAYA] penerima @ https://phbidlautdemo.prahu-hub.com/_resources/themes/prahutheme/javascript/custom/orderList.js?m=1787971551:261
[  804716ms] [LOG] {ID: 1428, status_order: DONE, JadwalID: 1814, ID_Order: 20260807-06501, dari_api: YES} @ https://phbidlautdemo.prahu-hub.com/_resources/themes/prahutheme/javascript/custom/orderList.js?m=1787971551:46
[  804716ms] [LOG] [Ik Bitung] penerima @ https://phbidlautdemo.prahu-hub.com/_resources/themes/prahutheme/javascript/custom/orderList.js?m=1787971551:261
[  804716ms] [LOG] {ID: 1421, status_order: DONE, JadwalID: 1795, ID_Order: 20260713-06501, dari_api: null} @ https://phbidlautdemo.prahu-hub.com/_resources/themes/prahutheme/javascript/custom/orderList.js?m=1787971551:46
[  804717ms] [LOG] [Ik Bitung] penerima @ https://phbidlautdemo.prahu-hub.com/_resources/themes/prahutheme/javascript/custom/orderList.js?m=1787971551:261
[  804717ms] [LOG] {ID: 1420, status_order: DONE, JadwalID: 1785, ID_Order: 20260629-06501, dari_api: null} @ https://phbidlautdemo.prahu-hub.com/_resources/themes/prahutheme/javascript/custom/orderList.js?m=1787971551:46
[  804717ms] [LOG] [PT. Perkasa Adi Makmur Sentosa, PT. Tridatu Jaya, PT. Indajaya] penerima @ https://phbidlautdemo.prahu-hub.com/_resources/themes/prahutheme/javascript/custom/orderList.js?m=1787971551:261
[  804717ms] [LOG] {ID: 1419, status_order: KONFIRMASI_UNIT, JadwalID: 1790, ID_Order: 20260627-06504, dari_api: null} @ https://phbidlautdemo.prahu-hub.com/_resources/themes/prahutheme/javascript/custom/orderList.js?m=1787971551:46
[  804717ms] [LOG] [Ik Bitung] penerima @ https://phbidlautdemo.prahu-hub.com/_resources/themes/prahutheme/javascript/custom/orderList.js?m=1787971551:261
[  804730ms] [LOG] 359 @ https://phbidlautdemo.prahu-hub.com/_resources/themes/prahutheme/javascript/custom/orderList.js?m=1787971551:916
[  804731ms] [LOG] 359 countView1 1 pageNow 20 limitView1 @ https://phbidlautdemo.prahu-hub.com/_resources/themes/prahutheme/javascript/custom/orderList.js?m=1787971551:918
[  804731ms] [LOG] 20 @ https://phbidlautdemo.prahu-hub.com/_resources/themes/prahutheme/javascript/custom/orderList.js?m=1787971551:924
[  804731ms] [LOG] 359 jumlah data @ https://phbidlautdemo.prahu-hub.com/_resources/themes/prahutheme/javascript/custom/orderList.js?m=1787971551:879
[  804731ms] [LOG] 18 @ https://phbidlautdemo.prahu-hub.com/_resources/themes/prahutheme/javascript/custom/orderList.js?m=1787971551:881
[  804732ms] [LOG] 18 1 pageCount & pageNow @ https://phbidlautdemo.prahu-hub.com/_resources/themes/prahutheme/javascript/custom/orderList.js?m=1787971551:810
[  804733ms] [LOG] 200 xhrglobal @ https://phbidlautdemo.prahu-hub.com/order/orderlist:8005
[  804819ms] [LOG] 200 xhrglobal @ https://phbidlautdemo.prahu-hub.com/order/orderlist:8005
[  804901ms] [LOG] 200 xhrglobal @ https://phbidlautdemo.prahu-hub.com/order/orderlist:8005
[  807993ms] Cannot use import statement outside a module
[  808020ms] ReferenceError: Chart is not defined
    at https://phbidlautdemo.prahu-hub.com/_resources/themes/prahutheme/js/scripts-init/charts/chartjs.js:8:13
[  808022ms] Unexpected token '<'
[  808023ms] Unexpected token '<'
[  808087ms] [LOG] Daftar Ordernamanya @ https://phbidlautdemo.prahu-hub.com/order/orderdetail/WkhBYndCSkRCaEtwajBzTDBoS1l6UT09:1755
[  808105ms] [LOG] undefined @ https://phbidlautdemo.prahu-hub.com/order/orderdetail/WkhBYndCSkRCaEtwajBzTDBoS1l6UT09:7896
[  808105ms] [LOG] undefined @ https://phbidlautdemo.prahu-hub.com/order/orderdetail/WkhBYndCSkRCaEtwajBzTDBoS1l6UT09:7896
[  808105ms] [LOG] undefined @ https://phbidlautdemo.prahu-hub.com/order/orderdetail/WkhBYndCSkRCaEtwajBzTDBoS1l6UT09:7896
[  808106ms] [LOG] undefined @ https://phbidlautdemo.prahu-hub.com/order/orderdetail/WkhBYndCSkRCaEtwajBzTDBoS1l6UT09:7896
[  808107ms] [LOG] WebSocket connection @ https://phbidlautdemo.prahu-hub.com/order/orderdetail/WkhBYndCSkRCaEtwajBzTDBoS1l6UT09:7939
[  808107ms] [LOG] WebSocket connection attempting... @ https://phbidlautdemo.prahu-hub.com/order/orderdetail/WkhBYndCSkRCaEtwajBzTDBoS1l6UT09:8017
[  808216ms] [LOG] WebSocket connected @ https://phbidlautdemo.prahu-hub.com/order/orderdetail/WkhBYndCSkRCaEtwajBzTDBoS1l6UT09:7948
[  808228ms] [LOG] update_dashboard_order_laut @ https://phbidlautdemo.prahu-hub.com/order/orderdetail/WkhBYndCSkRCaEtwajBzTDBoS1l6UT09:7989
[  808242ms] [LOG] Connected @ https://phbidlautdemo.prahu-hub.com/order/orderdetail/WkhBYndCSkRCaEtwajBzTDBoS1l6UT09:7989
[  808346ms] [LOG] 200 xhrglobal @ https://phbidlautdemo.prahu-hub.com/order/orderdetail/WkhBYndCSkRCaEtwajBzTDBoS1l6UT09:7870
[  808397ms] [LOG] Connected @ https://phbidlautdemo.prahu-hub.com/order/orderdetail/WkhBYndCSkRCaEtwajBzTDBoS1l6UT09:7989
[  808430ms] [LOG] 200 xhrglobal @ https://phbidlautdemo.prahu-hub.com/order/orderdetail/WkhBYndCSkRCaEtwajBzTDBoS1l6UT09:7870
[  810100ms] TypeError: $(...).DataTable is not a function
    at https://phbidlautdemo.prahu-hub.com/_resources/themes/prahutheme/js/scripts-init/tables.js:7:23
[  812039ms] Cannot use import statement outside a module
[  812047ms] ReferenceError: Chart is not defined
    at https://phbidlautdemo.prahu-hub.com/_resources/themes/prahutheme/js/scripts-init/charts/chartjs.js:8:13
[  812185ms] Unexpected token '<'
[  812358ms] Unexpected token '<'
[  812422ms] [LOG] Daftar Ordernamanya @ https://phbidlautdemo.prahu-hub.com/order/orderdetail/Y1dzbERFYi9NenVYdHMzQWcrLzArQT09:1755
[  812438ms] [LOG] undefined @ https://phbidlautdemo.prahu-hub.com/order/orderdetail/Y1dzbERFYi9NenVYdHMzQWcrLzArQT09:7896
[  812438ms] [LOG] undefined @ https://phbidlautdemo.prahu-hub.com/order/orderdetail/Y1dzbERFYi9NenVYdHMzQWcrLzArQT09:7896
[  812438ms] [LOG] undefined @ https://phbidlautdemo.prahu-hub.com/order/orderdetail/Y1dzbERFYi9NenVYdHMzQWcrLzArQT09:7896
[  812438ms] [LOG] undefined @ https://phbidlautdemo.prahu-hub.com/order/orderdetail/Y1dzbERFYi9NenVYdHMzQWcrLzArQT09:7896
[  812438ms] [LOG] WebSocket connection @ https://phbidlautdemo.prahu-hub.com/order/orderdetail/Y1dzbERFYi9NenVYdHMzQWcrLzArQT09:7939
[  812439ms] [LOG] WebSocket connection attempting... @ https://phbidlautdemo.prahu-hub.com/order/orderdetail/Y1dzbERFYi9NenVYdHMzQWcrLzArQT09:8017
[  812614ms] [LOG] WebSocket connected @ https://phbidlautdemo.prahu-hub.com/order/orderdetail/Y1dzbERFYi9NenVYdHMzQWcrLzArQT09:7948
[  812622ms] [LOG] update_dashboard_order_laut @ https://phbidlautdemo.prahu-hub.com/order/orderdetail/Y1dzbERFYi9NenVYdHMzQWcrLzArQT09:7989
[  812691ms] [LOG] Connected @ https://phbidlautdemo.prahu-hub.com/order/orderdetail/Y1dzbERFYi9NenVYdHMzQWcrLzArQT09:7989
[  812741ms] [LOG] Connected @ https://phbidlautdemo.prahu-hub.com/order/orderdetail/Y1dzbERFYi9NenVYdHMzQWcrLzArQT09:7989
[  812786ms] [LOG] 200 xhrglobal @ https://phbidlautdemo.prahu-hub.com/order/orderdetail/Y1dzbERFYi9NenVYdHMzQWcrLzArQT09:7870
[  812855ms] [LOG] 200 xhrglobal @ https://phbidlautdemo.prahu-hub.com/order/orderdetail/Y1dzbERFYi9NenVYdHMzQWcrLzArQT09:7870
[  814432ms] TypeError: $(...).DataTable is not a function
    at https://phbidlautdemo.prahu-hub.com/_resources/themes/prahutheme/js/scripts-init/tables.js:7:23
[  816441ms] Cannot use import statement outside a module
[  816466ms] ReferenceError: Chart is not defined
    at https://phbidlautdemo.prahu-hub.com/_resources/themes/prahutheme/js/scripts-init/charts/chartjs.js:8:13
[  816728ms] Unexpected token '<'
[  816732ms] Unexpected token '<'
[  816810ms] [LOG] Daftar Ordernamanya @ https://phbidlautdemo.prahu-hub.com/order/orderdetail/U3M1bzFCejUxTUFqT3R4TUJBdTN5Zz09:1755
[  816823ms] [LOG] undefined @ https://phbidlautdemo.prahu-hub.com/order/orderdetail/U3M1bzFCejUxTUFqT3R4TUJBdTN5Zz09:7910
[  816823ms] [LOG] undefined @ https://phbidlautdemo.prahu-hub.com/order/orderdetail/U3M1bzFCejUxTUFqT3R4TUJBdTN5Zz09:7910
[  816823ms] [LOG] undefined @ https://phbidlautdemo.prahu-hub.com/order/orderdetail/U3M1bzFCejUxTUFqT3R4TUJBdTN5Zz09:7910
[  816823ms] [LOG] undefined @ https://phbidlautdemo.prahu-hub.com/order/orderdetail/U3M1bzFCejUxTUFqT3R4TUJBdTN5Zz09:7910
[  816824ms] [LOG] WebSocket connection @ https://phbidlautdemo.prahu-hub.com/order/orderdetail/U3M1bzFCejUxTUFqT3R4TUJBdTN5Zz09:7953
[  816824ms] [LOG] WebSocket connection attempting... @ https://phbidlautdemo.prahu-hub.com/order/orderdetail/U3M1bzFCejUxTUFqT3R4TUJBdTN5Zz09:8031
[  816937ms] [LOG] WebSocket connected @ https://phbidlautdemo.prahu-hub.com/order/orderdetail/U3M1bzFCejUxTUFqT3R4TUJBdTN5Zz09:7962
[  816945ms] [LOG] update_dashboard_order_laut @ https://phbidlautdemo.prahu-hub.com/order/orderdetail/U3M1bzFCejUxTUFqT3R4TUJBdTN5Zz09:8003
[  816974ms] [LOG] Connected @ https://phbidlautdemo.prahu-hub.com/order/orderdetail/U3M1bzFCejUxTUFqT3R4TUJBdTN5Zz09:8003
[  817050ms] [LOG] 200 xhrglobal @ https://phbidlautdemo.prahu-hub.com/order/orderdetail/U3M1bzFCejUxTUFqT3R4TUJBdTN5Zz09:7884
[  817127ms] [LOG] 200 xhrglobal @ https://phbidlautdemo.prahu-hub.com/order/orderdetail/U3M1bzFCejUxTUFqT3R4TUJBdTN5Zz09:7884
[  818819ms] TypeError: $(...).DataTable is not a function
    at https://phbidlautdemo.prahu-hub.com/_resources/themes/prahutheme/js/scripts-init/tables.js:7:23
[  820049ms] [LOG] Connected @ https://phbidlautdemo.prahu-hub.com/order/orderdetail/U3M1bzFCejUxTUFqT3R4TUJBdTN5Zz09:8003
[  821027ms] Cannot use import statement outside a module
[  821040ms] ReferenceError: Chart is not defined
    at https://phbidlautdemo.prahu-hub.com/_resources/themes/prahutheme/js/scripts-init/charts/chartjs.js:8:13
[  821126ms] Unexpected token '<'
[  821274ms] Unexpected token '<'
[  821307ms] Uncaught TypeError: expect element to be DOM Element, but got null
    at n.init (https://cdnjs.cloudflare.com/ajax/libs/smooth-scrollbar/8.5.2/smooth-scrollbar.js:24:264)
    at <anonymous> (https://phbidlautdemo.prahu-hub.com/lelang/pengajuannego:5562:14)
[  821334ms] [LOG] NEGOnamanya @ https://phbidlautdemo.prahu-hub.com/lelang/pengajuannego:1756
[  821338ms] [LOG] undefined @ https://phbidlautdemo.prahu-hub.com/lelang/pengajuannego:5915
[  821338ms] [LOG] Masukkan Nomor Lelang @ https://phbidlautdemo.prahu-hub.com/lelang/pengajuannego:5915
[  821338ms] [LOG] Masukkan Nama Shipper @ https://phbidlautdemo.prahu-hub.com/lelang/pengajuannego:5915
[  821338ms] [LOG] Harga Awal @ https://phbidlautdemo.prahu-hub.com/lelang/pengajuannego:5915
[  821339ms] [LOG] DD/MM/YYYY @ https://phbidlautdemo.prahu-hub.com/lelang/pengajuannego:5915
[  821339ms] [LOG] DD/MM/YYYY @ https://phbidlautdemo.prahu-hub.com/lelang/pengajuannego:5915
[  821339ms] [LOG] Harga Awal @ https://phbidlautdemo.prahu-hub.com/lelang/pengajuannego:5915
[  821339ms] [LOG] Masukkan Nego Harga @ https://phbidlautdemo.prahu-hub.com/lelang/pengajuannego:5915
[  821339ms] [LOG] Masukkan Harga Baru @ https://phbidlautdemo.prahu-hub.com/lelang/pengajuannego:5915
[  821339ms] [LOG] Masukkan Jumlah Nego @ https://phbidlautdemo.prahu-hub.com/lelang/pengajuannego:5915
[  821340ms] [LOG] WebSocket connection @ https://phbidlautdemo.prahu-hub.com/lelang/pengajuannego:5958
[  821340ms] [LOG] WebSocket connection attempting... @ https://phbidlautdemo.prahu-hub.com/lelang/pengajuannego:6036
[  821451ms] [LOG] WebSocket connected @ https://phbidlautdemo.prahu-hub.com/lelang/pengajuannego:5967
[  821460ms] [LOG] update_dashboard_order_laut @ https://phbidlautdemo.prahu-hub.com/lelang/pengajuannego:6008
[  821487ms] [LOG] Connected @ https://phbidlautdemo.prahu-hub.com/lelang/pengajuannego:6008
[  822040ms] [LOG] Connected @ https://phbidlautdemo.prahu-hub.com/lelang/pengajuannego:6008
[  822158ms] [LOG] Connected @ https://phbidlautdemo.prahu-hub.com/lelang/pengajuannego:6008
[  823132ms] [LOG] 200 xhrglobal @ https://phbidlautdemo.prahu-hub.com/lelang/pengajuannego:5889
[  823213ms] [LOG] 200 xhrglobal @ https://phbidlautdemo.prahu-hub.com/lelang/pengajuannego:5889
[  823284ms] [LOG] 200 xhrglobal @ https://phbidlautdemo.prahu-hub.com/lelang/pengajuannego:5889
[  823344ms] TypeError: $(...).DataTable is not a function
    at https://phbidlautdemo.prahu-hub.com/_resources/themes/prahutheme/js/scripts-init/tables.js:7:23
[  825208ms] Cannot use import statement outside a module
[  825224ms] ReferenceError: Chart is not defined
    at https://phbidlautdemo.prahu-hub.com/_resources/themes/prahutheme/js/scripts-init/charts/chartjs.js:8:13
[  825424ms] Unexpected token '<'
[  825425ms] Unexpected token '<'
[  825464ms] Uncaught TypeError: expect element to be DOM Element, but got null
    at n.init (https://cdnjs.cloudflare.com/ajax/libs/smooth-scrollbar/8.5.2/smooth-scrollbar.js:24:264)
    at <anonymous> (https://phbidlautdemo.prahu-hub.com/lelang/detailnego/eGdLRGxHaCtiV0ppSTA1em84ZjIyQT09:5477:14)
[  825472ms] [LOG] NEGOnamanya @ https://phbidlautdemo.prahu-hub.com/lelang/detailnego/eGdLRGxHaCtiV0ppSTA1em84ZjIyQT09:1755
[  825476ms] [LOG] undefined @ https://phbidlautdemo.prahu-hub.com/lelang/detailnego/eGdLRGxHaCtiV0ppSTA1em84ZjIyQT09:5830
[  825476ms] [LOG] Masukkan Harga @ https://phbidlautdemo.prahu-hub.com/lelang/detailnego/eGdLRGxHaCtiV0ppSTA1em84ZjIyQT09:5830
[  825480ms] [LOG] WebSocket connection @ https://phbidlautdemo.prahu-hub.com/lelang/detailnego/eGdLRGxHaCtiV0ppSTA1em84ZjIyQT09:5873
[  825480ms] [LOG] WebSocket connection attempting... @ https://phbidlautdemo.prahu-hub.com/lelang/detailnego/eGdLRGxHaCtiV0ppSTA1em84ZjIyQT09:5951
[  825589ms] [LOG] WebSocket connected @ https://phbidlautdemo.prahu-hub.com/lelang/detailnego/eGdLRGxHaCtiV0ppSTA1em84ZjIyQT09:5882
[  825599ms] [LOG] update_dashboard_order_laut @ https://phbidlautdemo.prahu-hub.com/lelang/detailnego/eGdLRGxHaCtiV0ppSTA1em84ZjIyQT09:5923
[  825618ms] [LOG] Connected @ https://phbidlautdemo.prahu-hub.com/lelang/detailnego/eGdLRGxHaCtiV0ppSTA1em84ZjIyQT09:5923
[  825760ms] [LOG] 200 xhrglobal @ https://phbidlautdemo.prahu-hub.com/lelang/detailnego/eGdLRGxHaCtiV0ppSTA1em84ZjIyQT09:5804
[  825805ms] [LOG] 200 xhrglobal @ https://phbidlautdemo.prahu-hub.com/lelang/detailnego/eGdLRGxHaCtiV0ppSTA1em84ZjIyQT09:5804
[  827495ms] TypeError: $(...).DataTable is not a function
    at https://phbidlautdemo.prahu-hub.com/_resources/themes/prahutheme/js/scripts-init/tables.js:7:23
[  828803ms] Cannot use import statement outside a module
[  828820ms] ReferenceError: Chart is not defined
    at https://phbidlautdemo.prahu-hub.com/_resources/themes/prahutheme/js/scripts-init/charts/chartjs.js:8:13
[  829042ms] Unexpected token '<'
[  829042ms] Unexpected token '<'
[  829074ms] Uncaught TypeError: expect element to be DOM Element, but got null
    at n.init (https://cdnjs.cloudflare.com/ajax/libs/smooth-scrollbar/8.5.2/smooth-scrollbar.js:24:264)
    at <anonymous> (https://phbidlautdemo.prahu-hub.com/lelang/detailnego/cy8wNHVBQjVEUk5qSFdycWZ4djMzQT09:5472:14)
[  829084ms] [LOG] NEGOnamanya @ https://phbidlautdemo.prahu-hub.com/lelang/detailnego/cy8wNHVBQjVEUk5qSFdycWZ4djMzQT09:1755
[  829092ms] [LOG] undefined @ https://phbidlautdemo.prahu-hub.com/lelang/detailnego/cy8wNHVBQjVEUk5qSFdycWZ4djMzQT09:5825
[  829093ms] [LOG] Masukkan Harga @ https://phbidlautdemo.prahu-hub.com/lelang/detailnego/cy8wNHVBQjVEUk5qSFdycWZ4djMzQT09:5825
[  829094ms] [LOG] WebSocket connection @ https://phbidlautdemo.prahu-hub.com/lelang/detailnego/cy8wNHVBQjVEUk5qSFdycWZ4djMzQT09:5868
[  829094ms] [LOG] WebSocket connection attempting... @ https://phbidlautdemo.prahu-hub.com/lelang/detailnego/cy8wNHVBQjVEUk5qSFdycWZ4djMzQT09:5946
[  829202ms] [LOG] WebSocket connected @ https://phbidlautdemo.prahu-hub.com/lelang/detailnego/cy8wNHVBQjVEUk5qSFdycWZ4djMzQT09:5877
[  829218ms] [LOG] update_dashboard_order_laut @ https://phbidlautdemo.prahu-hub.com/lelang/detailnego/cy8wNHVBQjVEUk5qSFdycWZ4djMzQT09:5918
[  829229ms] [LOG] Connected @ https://phbidlautdemo.prahu-hub.com/lelang/detailnego/cy8wNHVBQjVEUk5qSFdycWZ4djMzQT09:5918
[  829314ms] [LOG] 200 xhrglobal @ https://phbidlautdemo.prahu-hub.com/lelang/detailnego/cy8wNHVBQjVEUk5qSFdycWZ4djMzQT09:5799
[  829363ms] [LOG] 200 xhrglobal @ https://phbidlautdemo.prahu-hub.com/lelang/detailnego/cy8wNHVBQjVEUk5qSFdycWZ4djMzQT09:5799
[  831094ms] TypeError: $(...).DataTable is not a function
    at https://phbidlautdemo.prahu-hub.com/_resources/themes/prahutheme/js/scripts-init/tables.js:7:23
[  832875ms] Cannot use import statement outside a module
[  832891ms] ReferenceError: Chart is not defined
    at https://phbidlautdemo.prahu-hub.com/_resources/themes/prahutheme/js/scripts-init/charts/chartjs.js:8:13
[  832891ms] Unexpected token '<'
[  832978ms] Unexpected token '<'
[  833010ms] Uncaught TypeError: expect element to be DOM Element, but got null
    at n.init (https://cdnjs.cloudflare.com/ajax/libs/smooth-scrollbar/8.5.2/smooth-scrollbar.js:24:264)
    at <anonymous> (https://phbidlautdemo.prahu-hub.com/home/penugasantracking:6804:14)
[  833027ms] [LOG] 1 @ https://phbidlautdemo.prahu-hub.com/_resources/themes/prahutheme/javascript/custom/penugasantracking.js?m=1787971551:572
[  833027ms] [LOG] 20 @ https://phbidlautdemo.prahu-hub.com/_resources/themes/prahutheme/javascript/custom/penugasantracking.js?m=1787971551:573
[  833030ms] [LOG] Penugasan Trackingnamanya @ https://phbidlautdemo.prahu-hub.com/home/penugasantracking:1756
[  833043ms] [LOG] Masukkan ID Order @ https://phbidlautdemo.prahu-hub.com/home/penugasantracking:7157
[  833044ms] [LOG] undefined @ https://phbidlautdemo.prahu-hub.com/home/penugasantracking:7157
[  833044ms] [LOG] Masukkan Nama Shipper @ https://phbidlautdemo.prahu-hub.com/home/penugasantracking:7157
[  833044ms] [LOG] DD/MM/YYYY - DD/MM/YYYY @ https://phbidlautdemo.prahu-hub.com/home/penugasantracking:7157
[  833044ms] [LOG] Search... @ https://phbidlautdemo.prahu-hub.com/home/penugasantracking:7157
[  833044ms] [LOG] Search... @ https://phbidlautdemo.prahu-hub.com/home/penugasantracking:7157
[  833044ms] [LOG] DD/MM/YYYY - DD/MM/YYYY @ https://phbidlautdemo.prahu-hub.com/home/penugasantracking:7157
[  833044ms] [LOG] DD/MM/YYYY - DD/MM/YYYY @ https://phbidlautdemo.prahu-hub.com/home/penugasantracking:7157
[  833044ms] [LOG] Search... @ https://phbidlautdemo.prahu-hub.com/home/penugasantracking:7157
[  833044ms] [LOG] undefined @ https://phbidlautdemo.prahu-hub.com/home/penugasantracking:7157
[  833044ms] [LOG] Masukkan Nama Kapal @ https://phbidlautdemo.prahu-hub.com/home/penugasantracking:7157
[  833045ms] [LOG] Masukkan Nomor Kontainer @ https://phbidlautdemo.prahu-hub.com/home/penugasantracking:7157
[  833045ms] [LOG] Masukkan Jumlah @ https://phbidlautdemo.prahu-hub.com/home/penugasantracking:7157
[  833045ms] [LOG] WebSocket connection @ https://phbidlautdemo.prahu-hub.com/home/penugasantracking:7200
[  833046ms] [LOG] WebSocket connection attempting... @ https://phbidlautdemo.prahu-hub.com/home/penugasantracking:7278
[  833165ms] [LOG] WebSocket connected @ https://phbidlautdemo.prahu-hub.com/home/penugasantracking:7209
[  833167ms] [LOG] update_dashboard_order_laut @ https://phbidlautdemo.prahu-hub.com/home/penugasantracking:7250
[  833202ms] [LOG] Connected @ https://phbidlautdemo.prahu-hub.com/home/penugasantracking:7250
[  833738ms] [LOG] datanya20 @ https://phbidlautdemo.prahu-hub.com/_resources/themes/prahutheme/javascript/custom/penugasantracking.js?m=1787971551:610
[  833745ms] [LOG] [Object, Object, Object, Object, Object, Object, Object, Object, Object, Object, Object, Object, Object, Object, Object, Object, Object, Object, Object, Object] @ https://phbidlautdemo.prahu-hub.com/_resources/themes/prahutheme/javascript/custom/penugasantracking.js?m=1787971551:248
[  833747ms] [LOG] {ID: dmVSUnFiaGxwdU9oYjJnZHhEY0cyUT09, Nomor_Order: 20260827-06502, Nomor_Lelang: LELANGFCU/28082026IK, Tgl_Permintaan_Muat: 29/08/2026 09:13, Nama_Kapal: KM. Layar} @ https://phbidlautdemo.prahu-hub.com/_resources/themes/prahutheme/javascript/custom/penugasantracking.js?m=1787971551:254
[  833748ms] [LOG] {ID: ZWFjMCs1amZHTURpT2s5V3ltQWxMZz09, Nomor_Order: 20260827-06501, Nomor_Lelang: LELANGIK/02/2026/NRML#2, Tgl_Permintaan_Muat: 28/08/2026 09:00, Nama_Kapal: KM. Cahaya Mutiara} @ https://phbidlautdemo.prahu-hub.com/_resources/themes/prahutheme/javascript/custom/penugasantracking.js?m=1787971551:254
[  833748ms] [LOG] {ID: bkpnSEZpTnVhQ1p6aDNYOEpYS0krUT09, Nomor_Order: 20260826-06507, Nomor_Lelang: LELANGIK/02/2026/NRML#2, Tgl_Permintaan_Muat: 26/08/2026 13:43, Nama_Kapal: KM. Jaya} @ https://phbidlautdemo.prahu-hub.com/_resources/themes/prahutheme/javascript/custom/penugasantracking.js?m=1787971551:254
[  833749ms] [LOG] {ID: NkZkZjRwa0wxMDdsdGRIZkdhczU2dz09, Nomor_Order: 20260826-06505, Nomor_Lelang: LELANGIK/02/2026/NRML#2, Tgl_Permintaan_Muat: 29/08/2026 10:14, Nama_Kapal: KM. IK} @ https://phbidlautdemo.prahu-hub.com/_resources/themes/prahutheme/javascript/custom/penugasantracking.js?m=1787971551:254
[  833750ms] [LOG] {ID: RE92b0NsejJadUpvWTArZ2FhN0w2QT09, Nomor_Order: 20260826-06504, Nomor_Lelang: LELANGIK/02/2026/NRML#2, Tgl_Permintaan_Muat: 28/08/2026 10:11, Nama_Kapal: KM. IK gggh} @ https://phbidlautdemo.prahu-hub.com/_resources/themes/prahutheme/javascript/custom/penugasantracking.js?m=1787971551:254
[  833750ms] [LOG] {ID: R1pCUEhFZmkxb0toRVk3MEJTbnJWUT09, Nomor_Order: 20260826-06503, Nomor_Lelang: LELANGIK/02/2026/NRML#2, Tgl_Permintaan_Muat: 28/08/2026 10:03, Nama_Kapal: KM. IK} @ https://phbidlautdemo.prahu-hub.com/_resources/themes/prahutheme/javascript/custom/penugasantracking.js?m=1787971551:254
[  833750ms] [LOG] {ID: b2V4ME8rQ1NRZVY1d2ZNMDBCSzhKQT09, Nomor_Order: 20260826-06502, Nomor_Lelang: LELANGIK/02/2026/NRML#2, Tgl_Permintaan_Muat: 27/08/2026 09:23, Nama_Kapal: KM. IK} @ https://phbidlautdemo.prahu-hub.com/_resources/themes/prahutheme/javascript/custom/penugasantracking.js?m=1787971551:254
[  833751ms] [LOG] {ID: djlRUVp6YUU3Qm9FUFhKdFc0eEhpdz09, Nomor_Order: 20260826-06501, Nomor_Lelang: LELANGIK/02/2026/NRML#2, Tgl_Permintaan_Muat: 29/08/2026 09:11, Nama_Kapal: KM. IK} @ https://phbidlautdemo.prahu-hub.com/_resources/themes/prahutheme/javascript/custom/penugasantracking.js?m=1787971551:254
[  833751ms] [LOG] {ID: RU5JcnhCZE54TlhrTEswZEQyU0FEdz09, Nomor_Order: 20260820-06504, Nomor_Lelang: LELANGIK/02/2026/NRML#2, Tgl_Permintaan_Muat: 22/08/2026 10:15, Nama_Kapal: SS} @ https://phbidlautdemo.prahu-hub.com/_resources/themes/prahutheme/javascript/custom/penugasantracking.js?m=1787971551:254
[  833752ms] [LOG] {ID: dUkwK0ZZNEI4OVNoaktnQjZxSFA3QT09, Nomor_Order: 20260811-06501, Nomor_Lelang: LELANGIK/247/2026/MLTD, Tgl_Permintaan_Muat: 27/08/2026 09:05, Nama_Kapal: KM. Jaya} @ https://phbidlautdemo.prahu-hub.com/_resources/themes/prahutheme/javascript/custom/penugasantracking.js?m=1787971551:254
[  833752ms] [LOG] {ID: eEw1RzF5cXQ3dSs0ZGg5Vk1kdThsUT09, Nomor_Order: 20260807-06501, Nomor_Lelang: LELANGIK/02/2026/NRML#2, Tgl_Permintaan_Muat: 20/08/2026 11:02, Nama_Kapal: KM. Love} @ https://phbidlautdemo.prahu-hub.com/_resources/themes/prahutheme/javascript/custom/penugasantracking.js?m=1787971551:254
[  833752ms] [LOG] {ID: S1IxWjM2MUc0cE8xVER1UUtLc2dmQT09, Nomor_Order: 20260713-06501, Nomor_Lelang: LELANGIK/02/2026/NRML#2, Tgl_Permintaan_Muat: 13/07/2026 10:41, Nama_Kapal: KM. Kalimas} @ https://phbidlautdemo.prahu-hub.com/_resources/themes/prahutheme/javascript/custom/penugasantracking.js?m=1787971551:254
[  833753ms] [LOG] {ID: VVpWU1E2WGxjN09xRTJWc0hqeTZDQT09, Nomor_Order: 20260629-06501, Nomor_Lelang: LELANGIK/247/2026/MLTD, Tgl_Permintaan_Muat: 29/06/2026 15:08, Nama_Kapal: KM. Layar} @ https://phbidlautdemo.prahu-hub.com/_resources/themes/prahutheme/javascript/custom/penugasantracking.js?m=1787971551:254
[  833753ms] [LOG] {ID: WnJQWHhhdEx5ZlpaRFVBbkt6bmVVUT09, Nomor_Order: 20260627-06501, Nomor_Lelang: LELANGIK/02/2026/NRML#2, Tgl_Permintaan_Muat: 01/07/2026 09:00, Nama_Kapal: KM. Larantuka} @ https://phbidlautdemo.prahu-hub.com/_resources/themes/prahutheme/javascript/custom/penugasantracking.js?m=1787971551:254
[  833754ms] [LOG] {ID: a2xGMUNUTHdGSjFRMW1aMzN2dVNtUT09, Nomor_Order: 20260624-06501, Nomor_Lelang: LELANG0004, Tgl_Permintaan_Muat: 07/07/2026 15:31, Nama_Kapal: KM. Lamunan} @ https://phbidlautdemo.prahu-hub.com/_resources/themes/prahutheme/javascript/custom/penugasantracking.js?m=1787971551:254
[  833754ms] [LOG] {ID: ZksrQ3oxbm5pOFJON2RSTlZ6cXpGQT09, Nomor_Order: 20260615-06501, Nomor_Lelang: QA/06/26-ORD1, Tgl_Permintaan_Muat: 27/06/2026 10:00, Nama_Kapal: KM QA TEST} @ https://phbidlautdemo.prahu-hub.com/_resources/themes/prahutheme/javascript/custom/penugasantracking.js?m=1787971551:254
[  833754ms] [LOG] {ID: TS9HYVlqaHNUT2ExM2FiNDZzSi9BQT09, Nomor_Order: 20260528-06502, Nomor_Lelang: LELANG0004, Tgl_Permintaan_Muat: 31/05/2026 08:09, Nama_Kapal: KM. Landipan} @ https://phbidlautdemo.prahu-hub.com/_resources/themes/prahutheme/javascript/custom/penugasantracking.js?m=1787971551:254
[  833755ms] [LOG] {ID: RkwxeUJDdU1jVXdCUWtQSkZWMml2dz09, Nomor_Order: 20260427-06502, Nomor_Lelang: LELANGIK/247/2026/MLTD, Tgl_Permintaan_Muat: 30/04/2026 08:53, Nama_Kapal: KM. Linda} @ https://phbidlautdemo.prahu-hub.com/_resources/themes/prahutheme/javascript/custom/penugasantracking.js?m=1787971551:254
[  833755ms] [LOG] {ID: dUpEQkQzV0NUT29yUWZLQVhQeFZGUT09, Nomor_Order: 20260427-06501, Nomor_Lelang: LELANGIK/247/2026/MLTD, Tgl_Permintaan_Muat: 30/04/2026 08:46, Nama_Kapal: KM. Linda} @ https://phbidlautdemo.prahu-hub.com/_resources/themes/prahutheme/javascript/custom/penugasantracking.js?m=1787971551:254
[  833755ms] [LOG] {ID: eER5QUZEUldtMUlaTTNScEJFaXRSQT09, Nomor_Order: 20260421-06503, Nomor_Lelang: LELANGIK/02/2026/NRML#2, Tgl_Permintaan_Muat: 31/08/2026 10:00, Nama_Kapal: KM. Manokwari} @ https://phbidlautdemo.prahu-hub.com/_resources/themes/prahutheme/javascript/custom/penugasantracking.js?m=1787971551:254
[  833768ms] [LOG] [Object, Object, Object, Object, Object, Object, Object, Object, Object, Object, Object, Object, Object, Object, Object, Object, Object, Object, Object, Object] @ https://phbidlautdemo.prahu-hub.com/_resources/themes/prahutheme/javascript/custom/penugasantracking.js?m=1787971551:39
[  833769ms] [LOG] 212 @ https://phbidlautdemo.prahu-hub.com/_resources/themes/prahutheme/javascript/custom/penugasantracking.js?m=1787971551:542
[  833769ms] [LOG] 212 countView1 1 pageNow 20 limitView1 @ https://phbidlautdemo.prahu-hub.com/_resources/themes/prahutheme/javascript/custom/penugasantracking.js?m=1787971551:544
[  833769ms] [LOG] 20 @ https://phbidlautdemo.prahu-hub.com/_resources/themes/prahutheme/javascript/custom/penugasantracking.js?m=1787971551:555
[  833770ms] [LOG] 212 jumlah data @ https://phbidlautdemo.prahu-hub.com/_resources/themes/prahutheme/javascript/custom/penugasantracking.js?m=1787971551:499
[  833770ms] [LOG] 11 @ https://phbidlautdemo.prahu-hub.com/_resources/themes/prahutheme/javascript/custom/penugasantracking.js?m=1787971551:501
[  833770ms] [LOG] 11 1 pageCount & pageNow @ https://phbidlautdemo.prahu-hub.com/_resources/themes/prahutheme/javascript/custom/penugasantracking.js?m=1787971551:426
[  833771ms] [LOG] 200 xhrglobal @ https://phbidlautdemo.prahu-hub.com/home/penugasantracking:7131
[  833837ms] [LOG] 200 xhrglobal @ https://phbidlautdemo.prahu-hub.com/home/penugasantracking:7131
[  833899ms] [LOG] 200 xhrglobal @ https://phbidlautdemo.prahu-hub.com/home/penugasantracking:7131
[  835055ms] TypeError: $(...).DataTable is not a function
    at https://phbidlautdemo.prahu-hub.com/_resources/themes/prahutheme/js/scripts-init/tables.js:7:23
[  837231ms] Cannot use import statement outside a module
[  837256ms] ReferenceError: Chart is not defined
    at https://phbidlautdemo.prahu-hub.com/_resources/themes/prahutheme/js/scripts-init/charts/chartjs.js:8:13
[  837345ms] Unexpected token '<'
[  837464ms] Unexpected token '<'
[  837543ms] [LOG] BATAS NORMAL POSISI TRACKING CODING EERO DI ATAS DIANGAGGAP GAK ADA  @ https://phbidlautdemo.prahu-hub.com/order/posisitracking/dmVSUnFiaGxwdU9oYjJnZHhEY0cyUT09:7069
[  837566ms] Uncaught TypeError: expect element to be DOM Element, but got null
    at n.init (https://cdnjs.cloudflare.com/ajax/libs/smooth-scrollbar/8.5.2/smooth-scrollbar.js:24:264)
    at <anonymous> (https://phbidlautdemo.prahu-hub.com/order/posisitracking/dmVSUnFiaGxwdU9oYjJnZHhEY0cyUT09:9837:14)
[  837580ms] [LOG] Penugasan Trackingnamanya @ https://phbidlautdemo.prahu-hub.com/order/posisitracking/dmVSUnFiaGxwdU9oYjJnZHhEY0cyUT09:1755
[  837593ms] [LOG] undefined @ https://phbidlautdemo.prahu-hub.com/order/posisitracking/dmVSUnFiaGxwdU9oYjJnZHhEY0cyUT09:10190
[  837593ms] [LOG] undefined @ https://phbidlautdemo.prahu-hub.com/order/posisitracking/dmVSUnFiaGxwdU9oYjJnZHhEY0cyUT09:10190
[  837593ms] [LOG] undefined @ https://phbidlautdemo.prahu-hub.com/order/posisitracking/dmVSUnFiaGxwdU9oYjJnZHhEY0cyUT09:10190
[  837593ms] [LOG] undefined @ https://phbidlautdemo.prahu-hub.com/order/posisitracking/dmVSUnFiaGxwdU9oYjJnZHhEY0cyUT09:10190
[  837593ms] [LOG] 08xxxxxx @ https://phbidlautdemo.prahu-hub.com/order/posisitracking/dmVSUnFiaGxwdU9oYjJnZHhEY0cyUT09:10190
[  837593ms] [LOG] undefined @ https://phbidlautdemo.prahu-hub.com/order/posisitracking/dmVSUnFiaGxwdU9oYjJnZHhEY0cyUT09:10190
[  837593ms] [LOG] 08xxxxxx @ https://phbidlautdemo.prahu-hub.com/order/posisitracking/dmVSUnFiaGxwdU9oYjJnZHhEY0cyUT09:10190
[  837593ms] [LOG] undefined @ https://phbidlautdemo.prahu-hub.com/order/posisitracking/dmVSUnFiaGxwdU9oYjJnZHhEY0cyUT09:10190
[  837593ms] [LOG] 08xxxxxx @ https://phbidlautdemo.prahu-hub.com/order/posisitracking/dmVSUnFiaGxwdU9oYjJnZHhEY0cyUT09:10190
[  837593ms] [LOG] undefined @ https://phbidlautdemo.prahu-hub.com/order/posisitracking/dmVSUnFiaGxwdU9oYjJnZHhEY0cyUT09:10190
[  837594ms] [LOG] 08xxxxxx @ https://phbidlautdemo.prahu-hub.com/order/posisitracking/dmVSUnFiaGxwdU9oYjJnZHhEY0cyUT09:10190
[  837594ms] [LOG] undefined @ https://phbidlautdemo.prahu-hub.com/order/posisitracking/dmVSUnFiaGxwdU9oYjJnZHhEY0cyUT09:10190
[  837594ms] [LOG] 08xxxxxx @ https://phbidlautdemo.prahu-hub.com/order/posisitracking/dmVSUnFiaGxwdU9oYjJnZHhEY0cyUT09:10190
[  837594ms] [LOG] undefined @ https://phbidlautdemo.prahu-hub.com/order/posisitracking/dmVSUnFiaGxwdU9oYjJnZHhEY0cyUT09:10190
[  837594ms] [LOG] 08xxxxxx @ https://phbidlautdemo.prahu-hub.com/order/posisitracking/dmVSUnFiaGxwdU9oYjJnZHhEY0cyUT09:10190
[  837594ms] [LOG] undefined @ https://phbidlautdemo.prahu-hub.com/order/posisitracking/dmVSUnFiaGxwdU9oYjJnZHhEY0cyUT09:10190
[  837594ms] [LOG] undefined @ https://phbidlautdemo.prahu-hub.com/order/posisitracking/dmVSUnFiaGxwdU9oYjJnZHhEY0cyUT09:10190
[  837594ms] [LOG] undefined @ https://phbidlautdemo.prahu-hub.com/order/posisitracking/dmVSUnFiaGxwdU9oYjJnZHhEY0cyUT09:10190
[  837595ms] [LOG] undefined @ https://phbidlautdemo.prahu-hub.com/order/posisitracking/dmVSUnFiaGxwdU9oYjJnZHhEY0cyUT09:10190
[  837595ms] [LOG] undefined @ https://phbidlautdemo.prahu-hub.com/order/posisitracking/dmVSUnFiaGxwdU9oYjJnZHhEY0cyUT09:10190
[  837595ms] [LOG] undefined @ https://phbidlautdemo.prahu-hub.com/order/posisitracking/dmVSUnFiaGxwdU9oYjJnZHhEY0cyUT09:10190
[  837595ms] [LOG] 08xxxxxxx @ https://phbidlautdemo.prahu-hub.com/order/posisitracking/dmVSUnFiaGxwdU9oYjJnZHhEY0cyUT09:10190
[  837596ms] [LOG] WebSocket connection @ https://phbidlautdemo.prahu-hub.com/order/posisitracking/dmVSUnFiaGxwdU9oYjJnZHhEY0cyUT09:10233
[  837596ms] [LOG] WebSocket connection attempting... @ https://phbidlautdemo.prahu-hub.com/order/posisitracking/dmVSUnFiaGxwdU9oYjJnZHhEY0cyUT09:10311
[  837714ms] [LOG] WebSocket connected @ https://phbidlautdemo.prahu-hub.com/order/posisitracking/dmVSUnFiaGxwdU9oYjJnZHhEY0cyUT09:10242
[  837717ms] [LOG] update_dashboard_order_laut @ https://phbidlautdemo.prahu-hub.com/order/posisitracking/dmVSUnFiaGxwdU9oYjJnZHhEY0cyUT09:10283
[  837744ms] [LOG] Connected @ https://phbidlautdemo.prahu-hub.com/order/posisitracking/dmVSUnFiaGxwdU9oYjJnZHhEY0cyUT09:10283
[  837886ms] [LOG] 200 xhrglobal @ https://phbidlautdemo.prahu-hub.com/order/posisitracking/dmVSUnFiaGxwdU9oYjJnZHhEY0cyUT09:10164
[  837959ms] [LOG] 200 xhrglobal @ https://phbidlautdemo.prahu-hub.com/order/posisitracking/dmVSUnFiaGxwdU9oYjJnZHhEY0cyUT09:10164
[  839592ms] TypeError: $(...).DataTable is not a function
    at https://phbidlautdemo.prahu-hub.com/_resources/themes/prahutheme/js/scripts-init/tables.js:7:23
[  840958ms] Cannot use import statement outside a module
[  840974ms] ReferenceError: Chart is not defined
    at https://phbidlautdemo.prahu-hub.com/_resources/themes/prahutheme/js/scripts-init/charts/chartjs.js:8:13
[  841056ms] Unexpected token '<'
[  841172ms] Unexpected token '<'
[  841210ms] Uncaught TypeError: expect element to be DOM Element, but got null
    at n.init (https://cdnjs.cloudflare.com/ajax/libs/smooth-scrollbar/8.5.2/smooth-scrollbar.js:24:264)
    at <anonymous> (https://phbidlautdemo.prahu-hub.com/home/lihatdatatracking/dmVSUnFiaGxwdU9oYjJnZHhEY0cyUT09:6102:14)
[  841221ms] [LOG] Penugasan Trackingnamanya @ https://phbidlautdemo.prahu-hub.com/home/lihatdatatracking/dmVSUnFiaGxwdU9oYjJnZHhEY0cyUT09:1755
[  841225ms] [LOG] WebSocket connection @ https://phbidlautdemo.prahu-hub.com/home/lihatdatatracking/dmVSUnFiaGxwdU9oYjJnZHhEY0cyUT09:6498
[  841225ms] [LOG] WebSocket connection attempting... @ https://phbidlautdemo.prahu-hub.com/home/lihatdatatracking/dmVSUnFiaGxwdU9oYjJnZHhEY0cyUT09:6576
[  841342ms] [LOG] WebSocket connected @ https://phbidlautdemo.prahu-hub.com/home/lihatdatatracking/dmVSUnFiaGxwdU9oYjJnZHhEY0cyUT09:6507
[  841347ms] [LOG] update_dashboard_order_laut @ https://phbidlautdemo.prahu-hub.com/home/lihatdatatracking/dmVSUnFiaGxwdU9oYjJnZHhEY0cyUT09:6548
[  841371ms] [LOG] Connected @ https://phbidlautdemo.prahu-hub.com/home/lihatdatatracking/dmVSUnFiaGxwdU9oYjJnZHhEY0cyUT09:6548
[  841499ms] [LOG] 200 xhrglobal @ https://phbidlautdemo.prahu-hub.com/home/lihatdatatracking/dmVSUnFiaGxwdU9oYjJnZHhEY0cyUT09:6429
[  841543ms] [LOG] 200 xhrglobal @ https://phbidlautdemo.prahu-hub.com/home/lihatdatatracking/dmVSUnFiaGxwdU9oYjJnZHhEY0cyUT09:6429
[  843229ms] TypeError: $(...).DataTable is not a function
    at https://phbidlautdemo.prahu-hub.com/_resources/themes/prahutheme/js/scripts-init/tables.js:7:23
[  849671ms] [LOG] Connected @ https://phbidlautdemo.prahu-hub.com/home/lihatdatatracking/dmVSUnFiaGxwdU9oYjJnZHhEY0cyUT09:6548
[  857807ms] [LOG] Connected @ https://phbidlautdemo.prahu-hub.com/home/lihatdatatracking/dmVSUnFiaGxwdU9oYjJnZHhEY0cyUT09:6548
[  867584ms] [LOG] Connected @ https://phbidlautdemo.prahu-hub.com/home/lihatdatatracking/dmVSUnFiaGxwdU9oYjJnZHhEY0cyUT09:6548
[  868848ms] [LOG] Connected @ https://phbidlautdemo.prahu-hub.com/home/lihatdatatracking/dmVSUnFiaGxwdU9oYjJnZHhEY0cyUT09:6548
[  884314ms] [LOG] Connected @ https://phbidlautdemo.prahu-hub.com/home/lihatdatatracking/dmVSUnFiaGxwdU9oYjJnZHhEY0cyUT09:6548
[  895521ms] [LOG] Connected @ https://phbidlautdemo.prahu-hub.com/home/lihatdatatracking/dmVSUnFiaGxwdU9oYjJnZHhEY0cyUT09:6548
[  908769ms] [LOG] Connected @ https://phbidlautdemo.prahu-hub.com/home/lihatdatatracking/dmVSUnFiaGxwdU9oYjJnZHhEY0cyUT09:6548
[  911720ms] [LOG] updateNotif.901-858-787-937-935-914-906-900-876-856-820-796-795-783-764-704-689-688-685-642-641-640-639-638-635-634-633-632-631-629-628-627-626-625-624-623-622-621-614-459-325-23 @ https://phbidlautdemo.prahu-hub.com/home/lihatdatatracking/dmVSUnFiaGxwdU9oYjJnZHhEY0cyUT09:6548
[  911758ms] [LOG] notif_badge_hide.901-858-787-937-935-914-906-900-876-856-820-796-795-783-764-704-689-688-685-642-641-640-639-638-635-634-633-632-631-629-628-627-626-625-624-623-622-621-614-459-325-23 @ https://phbidlautdemo.prahu-hub.com/home/lihatdatatracking/dmVSUnFiaGxwdU9oYjJnZHhEY0cyUT09:6548
[  911767ms] [LOG] update_dashboard_order_laut @ https://phbidlautdemo.prahu-hub.com/home/lihatdatatracking/dmVSUnFiaGxwdU9oYjJnZHhEY0cyUT09:6548
[  912385ms] [LOG] Connected @ https://phbidlautdemo.prahu-hub.com/home/lihatdatatracking/dmVSUnFiaGxwdU9oYjJnZHhEY0cyUT09:6548
[  912502ms] [LOG] Connected @ https://phbidlautdemo.prahu-hub.com/home/lihatdatatracking/dmVSUnFiaGxwdU9oYjJnZHhEY0cyUT09:6548
[  916156ms] [LOG] Connected @ https://phbidlautdemo.prahu-hub.com/home/lihatdatatracking/dmVSUnFiaGxwdU9oYjJnZHhEY0cyUT09:6548
[  916270ms] [LOG] Connected @ https://phbidlautdemo.prahu-hub.com/home/lihatdatatracking/dmVSUnFiaGxwdU9oYjJnZHhEY0cyUT09:6548
[  920484ms] [LOG] Connected @ https://phbidlautdemo.prahu-hub.com/home/lihatdatatracking/dmVSUnFiaGxwdU9oYjJnZHhEY0cyUT09:6548
[  925475ms] [LOG] Connected @ https://phbidlautdemo.prahu-hub.com/home/lihatdatatracking/dmVSUnFiaGxwdU9oYjJnZHhEY0cyUT09:6548
[  929583ms] [LOG] Connected @ https://phbidlautdemo.prahu-hub.com/home/lihatdatatracking/dmVSUnFiaGxwdU9oYjJnZHhEY0cyUT09:6548
[  933268ms] [LOG] Connected @ https://phbidlautdemo.prahu-hub.com/home/lihatdatatracking/dmVSUnFiaGxwdU9oYjJnZHhEY0cyUT09:6548
[  937083ms] [LOG] Connected @ https://phbidlautdemo.prahu-hub.com/home/lihatdatatracking/dmVSUnFiaGxwdU9oYjJnZHhEY0cyUT09:6548
[  940841ms] [LOG] Connected @ https://phbidlautdemo.prahu-hub.com/home/lihatdatatracking/dmVSUnFiaGxwdU9oYjJnZHhEY0cyUT09:6548
[  944836ms] [LOG] Connected @ https://phbidlautdemo.prahu-hub.com/home/lihatdatatracking/dmVSUnFiaGxwdU9oYjJnZHhEY0cyUT09:6548
[  948855ms] [LOG] Connected @ https://phbidlautdemo.prahu-hub.com/home/lihatdatatracking/dmVSUnFiaGxwdU9oYjJnZHhEY0cyUT09:6548
[  952612ms] [LOG] Connected @ https://phbidlautdemo.prahu-hub.com/home/lihatdatatracking/dmVSUnFiaGxwdU9oYjJnZHhEY0cyUT09:6548
[  956056ms] [LOG] Connected @ https://phbidlautdemo.prahu-hub.com/home/lihatdatatracking/dmVSUnFiaGxwdU9oYjJnZHhEY0cyUT09:6548
[  956507ms] [LOG] Connected @ https://phbidlautdemo.prahu-hub.com/home/lihatdatatracking/dmVSUnFiaGxwdU9oYjJnZHhEY0cyUT09:6548
[  960322ms] [LOG] Connected @ https://phbidlautdemo.prahu-hub.com/home/lihatdatatracking/dmVSUnFiaGxwdU9oYjJnZHhEY0cyUT09:6548
[  964333ms] [LOG] Connected @ https://phbidlautdemo.prahu-hub.com/home/lihatdatatracking/dmVSUnFiaGxwdU9oYjJnZHhEY0cyUT09:6548
[  968256ms] [LOG] Connected @ https://phbidlautdemo.prahu-hub.com/home/lihatdatatracking/dmVSUnFiaGxwdU9oYjJnZHhEY0cyUT09:6548
[  968660ms] [LOG] Connected @ https://phbidlautdemo.prahu-hub.com/home/lihatdatatracking/dmVSUnFiaGxwdU9oYjJnZHhEY0cyUT09:6548
[  971823ms] [LOG] Connected @ https://phbidlautdemo.prahu-hub.com/home/lihatdatatracking/dmVSUnFiaGxwdU9oYjJnZHhEY0cyUT09:6548
[  975834ms] [LOG] Connected @ https://phbidlautdemo.prahu-hub.com/home/lihatdatatracking/dmVSUnFiaGxwdU9oYjJnZHhEY0cyUT09:6548
[  979742ms] [LOG] Connected @ https://phbidlautdemo.prahu-hub.com/home/lihatdatatracking/dmVSUnFiaGxwdU9oYjJnZHhEY0cyUT09:6548
[  983925ms] [LOG] Connected @ https://phbidlautdemo.prahu-hub.com/home/lihatdatatracking/dmVSUnFiaGxwdU9oYjJnZHhEY0cyUT09:6548
[  987756ms] [LOG] Connected @ https://phbidlautdemo.prahu-hub.com/home/lihatdatatracking/dmVSUnFiaGxwdU9oYjJnZHhEY0cyUT09:6548
[  991368ms] [LOG] Connected @ https://phbidlautdemo.prahu-hub.com/home/lihatdatatracking/dmVSUnFiaGxwdU9oYjJnZHhEY0cyUT09:6548
[  993547ms] [LOG] Connected @ https://phbidlautdemo.prahu-hub.com/home/lihatdatatracking/dmVSUnFiaGxwdU9oYjJnZHhEY0cyUT09:6548
[  995049ms] [LOG] Connected @ https://phbidlautdemo.prahu-hub.com/home/lihatdatatracking/dmVSUnFiaGxwdU9oYjJnZHhEY0cyUT09:6548
[  998761ms] [LOG] Connected @ https://phbidlautdemo.prahu-hub.com/home/lihatdatatracking/dmVSUnFiaGxwdU9oYjJnZHhEY0cyUT09:6548
[ 1001013ms] [LOG] Connected @ https://phbidlautdemo.prahu-hub.com/home/lihatdatatracking/dmVSUnFiaGxwdU9oYjJnZHhEY0cyUT09:6548
[ 1002528ms] [LOG] Connected @ https://phbidlautdemo.prahu-hub.com/home/lihatdatatracking/dmVSUnFiaGxwdU9oYjJnZHhEY0cyUT09:6548
[ 1006774ms] [LOG] Connected @ https://phbidlautdemo.prahu-hub.com/home/lihatdatatracking/dmVSUnFiaGxwdU9oYjJnZHhEY0cyUT09:6548
[ 1010799ms] [LOG] Connected @ https://phbidlautdemo.prahu-hub.com/home/lihatdatatracking/dmVSUnFiaGxwdU9oYjJnZHhEY0cyUT09:6548
[ 1018343ms] [LOG] Connected @ https://phbidlautdemo.prahu-hub.com/home/lihatdatatracking/dmVSUnFiaGxwdU9oYjJnZHhEY0cyUT09:6548
[ 1020265ms] [LOG] Connected @ https://phbidlautdemo.prahu-hub.com/home/lihatdatatracking/dmVSUnFiaGxwdU9oYjJnZHhEY0cyUT09:6548
[ 1022363ms] [LOG] Connected @ https://phbidlautdemo.prahu-hub.com/home/lihatdatatracking/dmVSUnFiaGxwdU9oYjJnZHhEY0cyUT09:6548
[ 1025993ms] [LOG] Connected @ https://phbidlautdemo.prahu-hub.com/home/lihatdatatracking/dmVSUnFiaGxwdU9oYjJnZHhEY0cyUT09:6548
[ 1026342ms] [LOG] Connected @ https://phbidlautdemo.prahu-hub.com/home/lihatdatatracking/dmVSUnFiaGxwdU9oYjJnZHhEY0cyUT09:6548
[ 1027272ms] [LOG] Connected @ https://phbidlautdemo.prahu-hub.com/home/lihatdatatracking/dmVSUnFiaGxwdU9oYjJnZHhEY0cyUT09:6548
[ 1033505ms] [LOG] Connected @ https://phbidlautdemo.prahu-hub.com/home/lihatdatatracking/dmVSUnFiaGxwdU9oYjJnZHhEY0cyUT09:6548
[ 1036683ms] [LOG] Connected @ https://phbidlautdemo.prahu-hub.com/home/lihatdatatracking/dmVSUnFiaGxwdU9oYjJnZHhEY0cyUT09:6548
[ 1058914ms] Cannot use import statement outside a module
[ 1058921ms] ReferenceError: Chart is not defined
    at https://phbidlautdemo.prahu-hub.com/_resources/themes/prahutheme/js/scripts-init/charts/chartjs.js:8:13
[ 1058995ms] Unexpected token '<'
[ 1059106ms] Unexpected token '<'
[ 1059157ms] Uncaught TypeError: expect element to be DOM Element, but got null
    at n.init (https://cdnjs.cloudflare.com/ajax/libs/smooth-scrollbar/8.5.2/smooth-scrollbar.js:24:264)
    at <anonymous> (https://phbidlautdemo.prahu-hub.com/lelang/listlelang?tab=perlu-input-harga:5630:14)
[ 1059207ms] [LOG] Pengajuan Lelangnamanya @ https://phbidlautdemo.prahu-hub.com/lelang/listlelang?tab=perlu-input-harga:1756
[ 1059213ms] [LOG] undefined @ https://phbidlautdemo.prahu-hub.com/lelang/listlelang?tab=perlu-input-harga:5983
[ 1059213ms] [LOG] undefined @ https://phbidlautdemo.prahu-hub.com/lelang/listlelang?tab=perlu-input-harga:5983
[ 1059213ms] [LOG] Masukkan Nama Shipper @ https://phbidlautdemo.prahu-hub.com/lelang/listlelang?tab=perlu-input-harga:5983
[ 1059213ms] [LOG] Masukkan Nomor Lelang @ https://phbidlautdemo.prahu-hub.com/lelang/listlelang?tab=perlu-input-harga:5983
[ 1059213ms] [LOG] DD/MM/YYYY @ https://phbidlautdemo.prahu-hub.com/lelang/listlelang?tab=perlu-input-harga:5983
[ 1059213ms] [LOG] DD/MM/YYYY @ https://phbidlautdemo.prahu-hub.com/lelang/listlelang?tab=perlu-input-harga:5983
[ 1059213ms] [LOG] DD/MM/YYYY @ https://phbidlautdemo.prahu-hub.com/lelang/listlelang?tab=perlu-input-harga:5983
[ 1059214ms] [LOG] DD/MM/YYYY @ https://phbidlautdemo.prahu-hub.com/lelang/listlelang?tab=perlu-input-harga:5983
[ 1059214ms] [LOG] Masukkan Nama Shipper @ https://phbidlautdemo.prahu-hub.com/lelang/listlelang?tab=perlu-input-harga:5983
[ 1059214ms] [LOG] undefined @ https://phbidlautdemo.prahu-hub.com/lelang/listlelang?tab=perlu-input-harga:5983
[ 1059214ms] [LOG] undefined @ https://phbidlautdemo.prahu-hub.com/lelang/listlelang?tab=perlu-input-harga:5983
[ 1059214ms] [LOG] Masukkan Nama Bank @ https://phbidlautdemo.prahu-hub.com/lelang/listlelang?tab=perlu-input-harga:5983
[ 1059214ms] [LOG] undefined @ https://phbidlautdemo.prahu-hub.com/lelang/listlelang?tab=perlu-input-harga:5983
[ 1059218ms] [LOG] WebSocket connection @ https://phbidlautdemo.prahu-hub.com/lelang/listlelang?tab=perlu-input-harga:6026
[ 1059218ms] [LOG] WebSocket connection attempting... @ https://phbidlautdemo.prahu-hub.com/lelang/listlelang?tab=perlu-input-harga:6104
[ 1059338ms] [LOG] WebSocket connected @ https://phbidlautdemo.prahu-hub.com/lelang/listlelang?tab=perlu-input-harga:6035
[ 1059341ms] [LOG] update_dashboard_order_laut @ https://phbidlautdemo.prahu-hub.com/lelang/listlelang?tab=perlu-input-harga:6076
[ 1059372ms] [LOG] Connected @ https://phbidlautdemo.prahu-hub.com/lelang/listlelang?tab=perlu-input-harga:6076
[ 1059852ms] [LOG] [Object, Object, Object, Object, Object, Object] @ https://phbidlautdemo.prahu-hub.com/_resources/themes/prahutheme/javascript/custom/listLelang.js?m=1787971551:14
[ 1059855ms] [LOG] 6 @ https://phbidlautdemo.prahu-hub.com/_resources/themes/prahutheme/javascript/custom/listLelang.js?m=1787971551:818
[ 1059855ms] [LOG] 6 countView1 1 pageNow 20 limitView1 @ https://phbidlautdemo.prahu-hub.com/_resources/themes/prahutheme/javascript/custom/listLelang.js?m=1787971551:820
[ 1059855ms] [LOG] 6 @ https://phbidlautdemo.prahu-hub.com/_resources/themes/prahutheme/javascript/custom/listLelang.js?m=1787971551:826
[ 1059855ms] [LOG] 6 jumlah data @ https://phbidlautdemo.prahu-hub.com/_resources/themes/prahutheme/javascript/custom/listLelang.js?m=1787971551:779
[ 1059856ms] [LOG] 1 @ https://phbidlautdemo.prahu-hub.com/_resources/themes/prahutheme/javascript/custom/listLelang.js?m=1787971551:781
[ 1059856ms] [LOG] 1 1 pageCount & pageNow @ https://phbidlautdemo.prahu-hub.com/_resources/themes/prahutheme/javascript/custom/listLelang.js?m=1787971551:704
[ 1059858ms] [LOG] 200 xhrglobal @ https://phbidlautdemo.prahu-hub.com/lelang/listlelang?tab=perlu-input-harga:5957
[ 1059870ms] ReferenceError: renderTooltipHarga is not defined
    at https://phbidlautdemo.prahu-hub.com/_resources/themes/prahutheme/javascript/custom/listLelang.js?m=1787971551:1049:9
[ 1059960ms] [LOG] 200 xhrglobal @ https://phbidlautdemo.prahu-hub.com/lelang/listlelang?tab=perlu-input-harga:5957
[ 1060014ms] [LOG] 200 xhrglobal @ https://phbidlautdemo.prahu-hub.com/lelang/listlelang?tab=perlu-input-harga:5957
[ 1061224ms] TypeError: $(...).DataTable is not a function
    at https://phbidlautdemo.prahu-hub.com/_resources/themes/prahutheme/js/scripts-init/tables.js:7:23
[ 1075345ms] [LOG] Connected @ https://phbidlautdemo.prahu-hub.com/lelang/listlelang?tab=perlu-input-harga:6076
[ 1080048ms] Cannot use import statement outside a module
[ 1080065ms] ReferenceError: Chart is not defined
    at https://phbidlautdemo.prahu-hub.com/_resources/themes/prahutheme/js/scripts-init/charts/chartjs.js:8:13
[ 1080134ms] Unexpected token '<'
[ 1080233ms] Unexpected token '<'
[ 1080254ms] TypeError: $(...).datetimepicker is not a function
    at https://phbidlautdemo.prahu-hub.com/home/hargajadwal?tab=1:5815:16
[ 1080268ms] Uncaught TypeError: expect element to be DOM Element, but got null
    at n.init (https://cdnjs.cloudflare.com/ajax/libs/smooth-scrollbar/8.5.2/smooth-scrollbar.js:24:264)
    at <anonymous> (https://phbidlautdemo.prahu-hub.com/home/hargajadwal?tab=1:7564:14)
[ 1080299ms] [LOG] Harganamanya @ https://phbidlautdemo.prahu-hub.com/home/hargajadwal?tab=1:1756
[ 1080304ms] [LOG] undefined @ https://phbidlautdemo.prahu-hub.com/home/hargajadwal?tab=1:7917
[ 1080305ms] [LOG] undefined @ https://phbidlautdemo.prahu-hub.com/home/hargajadwal?tab=1:7917
[ 1080305ms] [LOG] undefined @ https://phbidlautdemo.prahu-hub.com/home/hargajadwal?tab=1:7917
[ 1080305ms] [LOG] DD/MM/YYYY @ https://phbidlautdemo.prahu-hub.com/home/hargajadwal?tab=1:7917
[ 1080305ms] [LOG] Masukkan Nomor Lelang @ https://phbidlautdemo.prahu-hub.com/home/hargajadwal?tab=1:7917
[ 1080305ms] [LOG] Search... @ https://phbidlautdemo.prahu-hub.com/home/hargajadwal?tab=1:7917
[ 1080305ms] [LOG] Search... @ https://phbidlautdemo.prahu-hub.com/home/hargajadwal?tab=1:7917
[ 1080308ms] [LOG] Masukkan Jenis @ https://phbidlautdemo.prahu-hub.com/home/hargajadwal?tab=1:7917
[ 1080308ms] [LOG] Masukkan Harga @ https://phbidlautdemo.prahu-hub.com/home/hargajadwal?tab=1:7917
[ 1080308ms] [LOG] DD/MM/YYYY @ https://phbidlautdemo.prahu-hub.com/home/hargajadwal?tab=1:7917
[ 1080308ms] [LOG] undefined @ https://phbidlautdemo.prahu-hub.com/home/hargajadwal?tab=1:7917
[ 1080309ms] [LOG] undefined @ https://phbidlautdemo.prahu-hub.com/home/hargajadwal?tab=1:7917
[ 1080309ms] [LOG] Masukkan UN Code @ https://phbidlautdemo.prahu-hub.com/home/hargajadwal?tab=1:7917
[ 1080309ms] [LOG] undefined @ https://phbidlautdemo.prahu-hub.com/home/hargajadwal?tab=1:7917
[ 1080309ms] [LOG] undefined @ https://phbidlautdemo.prahu-hub.com/home/hargajadwal?tab=1:7917
[ 1080309ms] [LOG] Masukkan Nama Pelabuhan @ https://phbidlautdemo.prahu-hub.com/home/hargajadwal?tab=1:7917
[ 1080309ms] [LOG] WebSocket connection @ https://phbidlautdemo.prahu-hub.com/home/hargajadwal?tab=1:7960
[ 1080309ms] [LOG] WebSocket connection attempting... @ https://phbidlautdemo.prahu-hub.com/home/hargajadwal?tab=1:8038
[ 1080433ms] [LOG] WebSocket connected @ https://phbidlautdemo.prahu-hub.com/home/hargajadwal?tab=1:7969
[ 1080438ms] [LOG] update_dashboard_order_laut @ https://phbidlautdemo.prahu-hub.com/home/hargajadwal?tab=1:8010
[ 1080472ms] [LOG] Connected @ https://phbidlautdemo.prahu-hub.com/home/hargajadwal?tab=1:8010
[ 1080701ms] [LOG] Connected @ https://phbidlautdemo.prahu-hub.com/home/hargajadwal?tab=1:8010
[ 1082020ms] [LOG] [Object, Object, Object, Object, Object, Object, Object, Object, Object, Object, Object, Object, Object, Object, Object, Object, Object, Object, Object, Object] @ https://phbidlautdemo.prahu-hub.com/_resources/themes/prahutheme/javascript/custom/hargajadwal.js?m=1787971551:306
[ 1082031ms] [LOG] [Object, Object, Object, Object, Object, Object, Object, Object, Object, Object, Object, Object, Object, Object, Object, Object, Object, Object, Object, Object] @ https://phbidlautdemo.prahu-hub.com/_resources/themes/prahutheme/javascript/custom/hargajadwal.js?m=1787971551:69
[ 1082038ms] [LOG] 279 @ https://phbidlautdemo.prahu-hub.com/_resources/themes/prahutheme/javascript/custom/hargajadwal.js?m=1787971551:1167
[ 1082039ms] [LOG] 279 jumlah data @ https://phbidlautdemo.prahu-hub.com/_resources/themes/prahutheme/javascript/custom/hargajadwal.js?m=1787971551:1124
[ 1082039ms] [LOG] 14 1 pageCount & pageNow @ https://phbidlautdemo.prahu-hub.com/_resources/themes/prahutheme/javascript/custom/hargajadwal.js?m=1787971551:1053
[ 1082041ms] [LOG] 200 xhrglobal @ https://phbidlautdemo.prahu-hub.com/home/hargajadwal?tab=1:7891
[ 1082042ms] [LOG] ce.fn.init stepItem @ https://phbidlautdemo.prahu-hub.com/_resources/themes/prahutheme/javascript/custom/hargajadwal.js?m=1787971551:1027
[ 1082134ms] [LOG] 200 xhrglobal @ https://phbidlautdemo.prahu-hub.com/home/hargajadwal?tab=1:7891
[ 1082220ms] [LOG] 200 xhrglobal @ https://phbidlautdemo.prahu-hub.com/home/hargajadwal?tab=1:7891
[ 1082306ms] TypeError: $(...).DataTable is not a function
    at https://phbidlautdemo.prahu-hub.com/_resources/themes/prahutheme/js/scripts-init/tables.js:7:23
[ 1084813ms] Cannot use import statement outside a module
[ 1084819ms] ReferenceError: Chart is not defined
    at https://phbidlautdemo.prahu-hub.com/_resources/themes/prahutheme/js/scripts-init/charts/chartjs.js:8:13
[ 1085228ms] Unexpected token '<'
[ 1085551ms] Unexpected token '<'
[ 1085572ms] TypeError: $(...).datetimepicker is not a function
    at https://phbidlautdemo.prahu-hub.com/home/hargajadwal?tab=2:5815:16
[ 1085588ms] Uncaught TypeError: expect element to be DOM Element, but got null
    at n.init (https://cdnjs.cloudflare.com/ajax/libs/smooth-scrollbar/8.5.2/smooth-scrollbar.js:24:264)
    at <anonymous> (https://phbidlautdemo.prahu-hub.com/home/hargajadwal?tab=2:7564:14)
[ 1085618ms] [LOG] Harganamanya @ https://phbidlautdemo.prahu-hub.com/home/hargajadwal?tab=2:1756
[ 1085632ms] [LOG] undefined @ https://phbidlautdemo.prahu-hub.com/home/hargajadwal?tab=2:7917
[ 1085633ms] [LOG] undefined @ https://phbidlautdemo.prahu-hub.com/home/hargajadwal?tab=2:7917
[ 1085633ms] [LOG] undefined @ https://phbidlautdemo.prahu-hub.com/home/hargajadwal?tab=2:7917
[ 1085633ms] [LOG] DD/MM/YYYY @ https://phbidlautdemo.prahu-hub.com/home/hargajadwal?tab=2:7917
[ 1085633ms] [LOG] Masukkan Nomor Lelang @ https://phbidlautdemo.prahu-hub.com/home/hargajadwal?tab=2:7917
[ 1085633ms] [LOG] Search... @ https://phbidlautdemo.prahu-hub.com/home/hargajadwal?tab=2:7917
[ 1085633ms] [LOG] Search... @ https://phbidlautdemo.prahu-hub.com/home/hargajadwal?tab=2:7917
[ 1085633ms] [LOG] Masukkan Jenis @ https://phbidlautdemo.prahu-hub.com/home/hargajadwal?tab=2:7917
[ 1085633ms] [LOG] Masukkan Harga @ https://phbidlautdemo.prahu-hub.com/home/hargajadwal?tab=2:7917
[ 1085633ms] [LOG] DD/MM/YYYY @ https://phbidlautdemo.prahu-hub.com/home/hargajadwal?tab=2:7917
[ 1085633ms] [LOG] undefined @ https://phbidlautdemo.prahu-hub.com/home/hargajadwal?tab=2:7917
[ 1085634ms] [LOG] undefined @ https://phbidlautdemo.prahu-hub.com/home/hargajadwal?tab=2:7917
[ 1085634ms] [LOG] Masukkan UN Code @ https://phbidlautdemo.prahu-hub.com/home/hargajadwal?tab=2:7917
[ 1085634ms] [LOG] undefined @ https://phbidlautdemo.prahu-hub.com/home/hargajadwal?tab=2:7917
[ 1085634ms] [LOG] undefined @ https://phbidlautdemo.prahu-hub.com/home/hargajadwal?tab=2:7917
[ 1085634ms] [LOG] Masukkan Nama Pelabuhan @ https://phbidlautdemo.prahu-hub.com/home/hargajadwal?tab=2:7917
[ 1085634ms] [LOG] WebSocket connection @ https://phbidlautdemo.prahu-hub.com/home/hargajadwal?tab=2:7960
[ 1085635ms] [LOG] WebSocket connection attempting... @ https://phbidlautdemo.prahu-hub.com/home/hargajadwal?tab=2:8038
[ 1085736ms] [LOG] WebSocket connected @ https://phbidlautdemo.prahu-hub.com/home/hargajadwal?tab=2:7969
[ 1085737ms] [LOG] update_dashboard_order_laut @ https://phbidlautdemo.prahu-hub.com/home/hargajadwal?tab=2:8010
[ 1085763ms] [LOG] Connected @ https://phbidlautdemo.prahu-hub.com/home/hargajadwal?tab=2:8010
[ 1087639ms] TypeError: $(...).DataTable is not a function
    at https://phbidlautdemo.prahu-hub.com/_resources/themes/prahutheme/js/scripts-init/tables.js:7:23
[ 1088540ms] [LOG] [Object, Object, Object, Object, Object, Object, Object, Object, Object, Object, Object, Object, Object, Object, Object, Object, Object, Object, Object, Object] @ https://phbidlautdemo.prahu-hub.com/_resources/themes/prahutheme/javascript/custom/hargajadwal.js?m=1787971551:306
[ 1088548ms] [LOG] [Object, Object, Object, Object, Object, Object, Object, Object, Object, Object, Object, Object, Object, Object, Object, Object, Object, Object, Object, Object] @ https://phbidlautdemo.prahu-hub.com/_resources/themes/prahutheme/javascript/custom/hargajadwal.js?m=1787971551:69
[ 1088560ms] [LOG] 97 @ https://phbidlautdemo.prahu-hub.com/_resources/themes/prahutheme/javascript/custom/hargajadwal.js?m=1787971551:1167
[ 1088560ms] [LOG] 97 jumlah data @ https://phbidlautdemo.prahu-hub.com/_resources/themes/prahutheme/javascript/custom/hargajadwal.js?m=1787971551:1124
[ 1088560ms] [LOG] 5 1 pageCount & pageNow @ https://phbidlautdemo.prahu-hub.com/_resources/themes/prahutheme/javascript/custom/hargajadwal.js?m=1787971551:1053
[ 1088562ms] [LOG] 200 xhrglobal @ https://phbidlautdemo.prahu-hub.com/home/hargajadwal?tab=2:7891
[ 1088562ms] [LOG] ce.fn.init stepItem @ https://phbidlautdemo.prahu-hub.com/_resources/themes/prahutheme/javascript/custom/hargajadwal.js?m=1787971551:1027
[ 1088665ms] [LOG] 200 xhrglobal @ https://phbidlautdemo.prahu-hub.com/home/hargajadwal?tab=2:7891
[ 1088734ms] [LOG] 200 xhrglobal @ https://phbidlautdemo.prahu-hub.com/home/hargajadwal?tab=2:7891
[ 1089698ms] Cannot use import statement outside a module
[ 1089703ms] ReferenceError: Chart is not defined
    at https://phbidlautdemo.prahu-hub.com/_resources/themes/prahutheme/js/scripts-init/charts/chartjs.js:8:13
[ 1089933ms] Unexpected token '<'
[ 1089934ms] Unexpected token '<'
[ 1089966ms] TypeError: $(...).datetimepicker is not a function
    at https://phbidlautdemo.prahu-hub.com/home/hargajadwal?tab=3:5815:16
[ 1089980ms] Uncaught TypeError: expect element to be DOM Element, but got null
    at n.init (https://cdnjs.cloudflare.com/ajax/libs/smooth-scrollbar/8.5.2/smooth-scrollbar.js:24:264)
    at <anonymous> (https://phbidlautdemo.prahu-hub.com/home/hargajadwal?tab=3:7564:14)
[ 1090011ms] [LOG] Harganamanya @ https://phbidlautdemo.prahu-hub.com/home/hargajadwal?tab=3:1756
[ 1090019ms] [LOG] undefined @ https://phbidlautdemo.prahu-hub.com/home/hargajadwal?tab=3:7917
[ 1090019ms] [LOG] undefined @ https://phbidlautdemo.prahu-hub.com/home/hargajadwal?tab=3:7917
[ 1090019ms] [LOG] undefined @ https://phbidlautdemo.prahu-hub.com/home/hargajadwal?tab=3:7917
[ 1090020ms] [LOG] DD/MM/YYYY @ https://phbidlautdemo.prahu-hub.com/home/hargajadwal?tab=3:7917
[ 1090020ms] [LOG] Masukkan Nomor Lelang @ https://phbidlautdemo.prahu-hub.com/home/hargajadwal?tab=3:7917
[ 1090020ms] [LOG] Search... @ https://phbidlautdemo.prahu-hub.com/home/hargajadwal?tab=3:7917
[ 1090020ms] [LOG] Search... @ https://phbidlautdemo.prahu-hub.com/home/hargajadwal?tab=3:7917
[ 1090020ms] [LOG] Masukkan Jenis @ https://phbidlautdemo.prahu-hub.com/home/hargajadwal?tab=3:7917
[ 1090020ms] [LOG] Masukkan Harga @ https://phbidlautdemo.prahu-hub.com/home/hargajadwal?tab=3:7917
[ 1090020ms] [LOG] DD/MM/YYYY @ https://phbidlautdemo.prahu-hub.com/home/hargajadwal?tab=3:7917
[ 1090021ms] [LOG] undefined @ https://phbidlautdemo.prahu-hub.com/home/hargajadwal?tab=3:7917
[ 1090021ms] [LOG] undefined @ https://phbidlautdemo.prahu-hub.com/home/hargajadwal?tab=3:7917
[ 1090021ms] [LOG] Masukkan UN Code @ https://phbidlautdemo.prahu-hub.com/home/hargajadwal?tab=3:7917
[ 1090021ms] [LOG] undefined @ https://phbidlautdemo.prahu-hub.com/home/hargajadwal?tab=3:7917
[ 1090021ms] [LOG] undefined @ https://phbidlautdemo.prahu-hub.com/home/hargajadwal?tab=3:7917
[ 1090021ms] [LOG] Masukkan Nama Pelabuhan @ https://phbidlautdemo.prahu-hub.com/home/hargajadwal?tab=3:7917
[ 1090022ms] [LOG] WebSocket connection @ https://phbidlautdemo.prahu-hub.com/home/hargajadwal?tab=3:7960
[ 1090024ms] [LOG] WebSocket connection attempting... @ https://phbidlautdemo.prahu-hub.com/home/hargajadwal?tab=3:8038
[ 1090135ms] [LOG] [] @ https://phbidlautdemo.prahu-hub.com/_resources/themes/prahutheme/javascript/custom/hargajadwal.js?m=1787971551:306
[ 1090136ms] [LOG] [] @ https://phbidlautdemo.prahu-hub.com/_resources/themes/prahutheme/javascript/custom/hargajadwal.js?m=1787971551:69
[ 1090149ms] [LOG] 200 xhrglobal @ https://phbidlautdemo.prahu-hub.com/home/hargajadwal?tab=3:7891
[ 1090150ms] [LOG] ce.fn.init stepItem @ https://phbidlautdemo.prahu-hub.com/_resources/themes/prahutheme/javascript/custom/hargajadwal.js?m=1787971551:1027
[ 1090164ms] [LOG] WebSocket connected @ https://phbidlautdemo.prahu-hub.com/home/hargajadwal?tab=3:7969
[ 1090169ms] [LOG] update_dashboard_order_laut @ https://phbidlautdemo.prahu-hub.com/home/hargajadwal?tab=3:8010
[ 1090194ms] [LOG] Connected @ https://phbidlautdemo.prahu-hub.com/home/hargajadwal?tab=3:8010
[ 1090272ms] [LOG] 200 xhrglobal @ https://phbidlautdemo.prahu-hub.com/home/hargajadwal?tab=3:7891
[ 1090320ms] [LOG] 200 xhrglobal @ https://phbidlautdemo.prahu-hub.com/home/hargajadwal?tab=3:7891
[ 1092019ms] TypeError: $(...).DataTable is not a function
    at https://phbidlautdemo.prahu-hub.com/_resources/themes/prahutheme/js/scripts-init/tables.js:7:23
[ 1093934ms] Cannot use import statement outside a module
[ 1093948ms] ReferenceError: Chart is not defined
    at https://phbidlautdemo.prahu-hub.com/_resources/themes/prahutheme/js/scripts-init/charts/chartjs.js:8:13
[ 1094140ms] Unexpected token '<'
[ 1094141ms] Unexpected token '<'
[ 1094164ms] TypeError: $(...).datetimepicker is not a function
    at https://phbidlautdemo.prahu-hub.com/home/hargajadwal?tab=4:5815:16
[ 1094182ms] Uncaught TypeError: expect element to be DOM Element, but got null
    at n.init (https://cdnjs.cloudflare.com/ajax/libs/smooth-scrollbar/8.5.2/smooth-scrollbar.js:24:264)
    at <anonymous> (https://phbidlautdemo.prahu-hub.com/home/hargajadwal?tab=4:7564:14)
[ 1094216ms] [LOG] Harganamanya @ https://phbidlautdemo.prahu-hub.com/home/hargajadwal?tab=4:1756
[ 1094230ms] [LOG] undefined @ https://phbidlautdemo.prahu-hub.com/home/hargajadwal?tab=4:7917
[ 1094230ms] [LOG] undefined @ https://phbidlautdemo.prahu-hub.com/home/hargajadwal?tab=4:7917
[ 1094230ms] [LOG] undefined @ https://phbidlautdemo.prahu-hub.com/home/hargajadwal?tab=4:7917
[ 1094230ms] [LOG] DD/MM/YYYY @ https://phbidlautdemo.prahu-hub.com/home/hargajadwal?tab=4:7917
[ 1094230ms] [LOG] Masukkan Nomor Lelang @ https://phbidlautdemo.prahu-hub.com/home/hargajadwal?tab=4:7917
[ 1094231ms] [LOG] Search... @ https://phbidlautdemo.prahu-hub.com/home/hargajadwal?tab=4:7917
[ 1094231ms] [LOG] Search... @ https://phbidlautdemo.prahu-hub.com/home/hargajadwal?tab=4:7917
[ 1094231ms] [LOG] Masukkan Jenis @ https://phbidlautdemo.prahu-hub.com/home/hargajadwal?tab=4:7917
[ 1094231ms] [LOG] Masukkan Harga @ https://phbidlautdemo.prahu-hub.com/home/hargajadwal?tab=4:7917
[ 1094231ms] [LOG] DD/MM/YYYY @ https://phbidlautdemo.prahu-hub.com/home/hargajadwal?tab=4:7917
[ 1094231ms] [LOG] undefined @ https://phbidlautdemo.prahu-hub.com/home/hargajadwal?tab=4:7917
[ 1094232ms] [LOG] undefined @ https://phbidlautdemo.prahu-hub.com/home/hargajadwal?tab=4:7917
[ 1094232ms] [LOG] Masukkan UN Code @ https://phbidlautdemo.prahu-hub.com/home/hargajadwal?tab=4:7917
[ 1094232ms] [LOG] undefined @ https://phbidlautdemo.prahu-hub.com/home/hargajadwal?tab=4:7917
[ 1094232ms] [LOG] undefined @ https://phbidlautdemo.prahu-hub.com/home/hargajadwal?tab=4:7917
[ 1094232ms] [LOG] Masukkan Nama Pelabuhan @ https://phbidlautdemo.prahu-hub.com/home/hargajadwal?tab=4:7917
[ 1094233ms] [LOG] WebSocket connection @ https://phbidlautdemo.prahu-hub.com/home/hargajadwal?tab=4:7960
[ 1094234ms] [LOG] WebSocket connection attempting... @ https://phbidlautdemo.prahu-hub.com/home/hargajadwal?tab=4:8038
[ 1094330ms] [LOG] WebSocket connected @ https://phbidlautdemo.prahu-hub.com/home/hargajadwal?tab=4:7969
[ 1094333ms] [LOG] update_dashboard_order_laut @ https://phbidlautdemo.prahu-hub.com/home/hargajadwal?tab=4:8010
[ 1094373ms] [LOG] Connected @ https://phbidlautdemo.prahu-hub.com/home/hargajadwal?tab=4:8010
[ 1095968ms] [LOG] [Object, Object, Object, Object, Object, Object, Object, Object, Object, Object, Object, Object, Object, Object, Object, Object, Object, Object, Object, Object] @ https://phbidlautdemo.prahu-hub.com/_resources/themes/prahutheme/javascript/custom/hargajadwal.js?m=1787971551:306
[ 1095980ms] [LOG] [Object, Object, Object, Object, Object, Object, Object, Object, Object, Object, Object, Object, Object, Object, Object, Object, Object, Object, Object, Object] @ https://phbidlautdemo.prahu-hub.com/_resources/themes/prahutheme/javascript/custom/hargajadwal.js?m=1787971551:69
[ 1095997ms] [LOG] 182 @ https://phbidlautdemo.prahu-hub.com/_resources/themes/prahutheme/javascript/custom/hargajadwal.js?m=1787971551:1167
[ 1095997ms] [LOG] 182 jumlah data @ https://phbidlautdemo.prahu-hub.com/_resources/themes/prahutheme/javascript/custom/hargajadwal.js?m=1787971551:1124
[ 1095998ms] [LOG] 10 1 pageCount & pageNow @ https://phbidlautdemo.prahu-hub.com/_resources/themes/prahutheme/javascript/custom/hargajadwal.js?m=1787971551:1053
[ 1096001ms] [LOG] 200 xhrglobal @ https://phbidlautdemo.prahu-hub.com/home/hargajadwal?tab=4:7891
[ 1096001ms] [LOG] ce.fn.init stepItem @ https://phbidlautdemo.prahu-hub.com/_resources/themes/prahutheme/javascript/custom/hargajadwal.js?m=1787971551:1027
[ 1096089ms] [LOG] 200 xhrglobal @ https://phbidlautdemo.prahu-hub.com/home/hargajadwal?tab=4:7891
[ 1096141ms] [LOG] 200 xhrglobal @ https://phbidlautdemo.prahu-hub.com/home/hargajadwal?tab=4:7891
[ 1096234ms] TypeError: $(...).DataTable is not a function
    at https://phbidlautdemo.prahu-hub.com/_resources/themes/prahutheme/js/scripts-init/tables.js:7:23
[ 1098209ms] Cannot use import statement outside a module
[ 1098216ms] ReferenceError: Chart is not defined
    at https://phbidlautdemo.prahu-hub.com/_resources/themes/prahutheme/js/scripts-init/charts/chartjs.js:8:13
[ 1098428ms] Unexpected token '<'
[ 1098429ms] Unexpected token '<'
[ 1098457ms] TypeError: $(...).datetimepicker is not a function
    at https://phbidlautdemo.prahu-hub.com/home/hargajadwal?tab=5:5816:16
[ 1098469ms] Uncaught TypeError: expect element to be DOM Element, but got null
    at n.init (https://cdnjs.cloudflare.com/ajax/libs/smooth-scrollbar/8.5.2/smooth-scrollbar.js:24:264)
    at <anonymous> (https://phbidlautdemo.prahu-hub.com/home/hargajadwal?tab=5:7565:14)
[ 1098500ms] [LOG] Harganamanya @ https://phbidlautdemo.prahu-hub.com/home/hargajadwal?tab=5:1756
[ 1098510ms] [LOG] undefined @ https://phbidlautdemo.prahu-hub.com/home/hargajadwal?tab=5:7918
[ 1098510ms] [LOG] undefined @ https://phbidlautdemo.prahu-hub.com/home/hargajadwal?tab=5:7918
[ 1098510ms] [LOG] undefined @ https://phbidlautdemo.prahu-hub.com/home/hargajadwal?tab=5:7918
[ 1098510ms] [LOG] DD/MM/YYYY @ https://phbidlautdemo.prahu-hub.com/home/hargajadwal?tab=5:7918
[ 1098511ms] [LOG] Masukkan Nomor Lelang @ https://phbidlautdemo.prahu-hub.com/home/hargajadwal?tab=5:7918
[ 1098511ms] [LOG] Search... @ https://phbidlautdemo.prahu-hub.com/home/hargajadwal?tab=5:7918
[ 1098511ms] [LOG] Search... @ https://phbidlautdemo.prahu-hub.com/home/hargajadwal?tab=5:7918
[ 1098511ms] [LOG] Masukkan Jenis @ https://phbidlautdemo.prahu-hub.com/home/hargajadwal?tab=5:7918
[ 1098511ms] [LOG] Masukkan Harga @ https://phbidlautdemo.prahu-hub.com/home/hargajadwal?tab=5:7918
[ 1098511ms] [LOG] DD/MM/YYYY @ https://phbidlautdemo.prahu-hub.com/home/hargajadwal?tab=5:7918
[ 1098511ms] [LOG] undefined @ https://phbidlautdemo.prahu-hub.com/home/hargajadwal?tab=5:7918
[ 1098512ms] [LOG] undefined @ https://phbidlautdemo.prahu-hub.com/home/hargajadwal?tab=5:7918
[ 1098512ms] [LOG] Masukkan UN Code @ https://phbidlautdemo.prahu-hub.com/home/hargajadwal?tab=5:7918
[ 1098512ms] [LOG] undefined @ https://phbidlautdemo.prahu-hub.com/home/hargajadwal?tab=5:7918
[ 1098512ms] [LOG] undefined @ https://phbidlautdemo.prahu-hub.com/home/hargajadwal?tab=5:7918
[ 1098512ms] [LOG] Masukkan Nama Pelabuhan @ https://phbidlautdemo.prahu-hub.com/home/hargajadwal?tab=5:7918
[ 1098513ms] [LOG] WebSocket connection @ https://phbidlautdemo.prahu-hub.com/home/hargajadwal?tab=5:7961
[ 1098514ms] [LOG] WebSocket connection attempting... @ https://phbidlautdemo.prahu-hub.com/home/hargajadwal?tab=5:8039
[ 1098663ms] [LOG] WebSocket connected @ https://phbidlautdemo.prahu-hub.com/home/hargajadwal?tab=5:7970
[ 1098665ms] [LOG] update_dashboard_order_laut @ https://phbidlautdemo.prahu-hub.com/home/hargajadwal?tab=5:8011
[ 1098693ms] [LOG] Connected @ https://phbidlautdemo.prahu-hub.com/home/hargajadwal?tab=5:8011
[ 1100267ms] [LOG] [Object, Object, Object, Object, Object, Object, Object, Object, Object, Object, Object, Object, Object, Object, Object, Object, Object, Object, Object, Object] @ https://phbidlautdemo.prahu-hub.com/_resources/themes/prahutheme/javascript/custom/hargajadwal.js?m=1787971551:306
[ 1100284ms] [LOG] [Object, Object, Object, Object, Object, Object, Object, Object, Object, Object, Object, Object, Object, Object, Object, Object, Object, Object, Object, Object] @ https://phbidlautdemo.prahu-hub.com/_resources/themes/prahutheme/javascript/custom/hargajadwal.js?m=1787971551:69
[ 1100295ms] [LOG] 99 @ https://phbidlautdemo.prahu-hub.com/_resources/themes/prahutheme/javascript/custom/hargajadwal.js?m=1787971551:1167
[ 1100295ms] [LOG] 99 jumlah data @ https://phbidlautdemo.prahu-hub.com/_resources/themes/prahutheme/javascript/custom/hargajadwal.js?m=1787971551:1124
[ 1100295ms] [LOG] 5 1 pageCount & pageNow @ https://phbidlautdemo.prahu-hub.com/_resources/themes/prahutheme/javascript/custom/hargajadwal.js?m=1787971551:1053
[ 1100298ms] [LOG] 200 xhrglobal @ https://phbidlautdemo.prahu-hub.com/home/hargajadwal?tab=5:7892
[ 1100298ms] [LOG] ce.fn.init stepItem @ https://phbidlautdemo.prahu-hub.com/_resources/themes/prahutheme/javascript/custom/hargajadwal.js?m=1787971551:1027
[ 1100354ms] [LOG] 200 xhrglobal @ https://phbidlautdemo.prahu-hub.com/home/hargajadwal?tab=5:7892
[ 1100415ms] [LOG] 200 xhrglobal @ https://phbidlautdemo.prahu-hub.com/home/hargajadwal?tab=5:7892
[ 1100514ms] TypeError: $(...).DataTable is not a function
    at https://phbidlautdemo.prahu-hub.com/_resources/themes/prahutheme/js/scripts-init/tables.js:7:23
[ 1103399ms] [LOG] updateNotif.913-937-935-914-906-900-876-856-820-796-795-783-764-704-689-688-685-642-641-640-639-638-635-634-633-632-631-628-627-626-625-624-623-622-621-614-459-123-23 @ https://phbidlautdemo.prahu-hub.com/home/hargajadwal?tab=5:8011
[ 1103422ms] [LOG] notif_badge_show.913-937-935-914-906-900-876-856-820-796-795-783-764-704-689-688-685-642-641-640-639-638-635-634-633-632-631-628-627-626-625-624-623-622-621-614-459-123-23 @ https://phbidlautdemo.prahu-hub.com/home/hargajadwal?tab=5:8011
[ 1103424ms] [LOG] update_dashboard_order_laut @ https://phbidlautdemo.prahu-hub.com/home/hargajadwal?tab=5:8011
[ 1109037ms] [LOG] Connected @ https://phbidlautdemo.prahu-hub.com/home/hargajadwal?tab=5:8011
[ 1116025ms] Cannot use import statement outside a module
[ 1116038ms] ReferenceError: Chart is not defined
    at https://phbidlautdemo.prahu-hub.com/_resources/themes/prahutheme/js/scripts-init/charts/chartjs.js:8:13
[ 1116126ms] Unexpected token '<'
[ 1116224ms] Unexpected token '<'
[ 1116245ms] TypeError: $(...).datetimepicker is not a function
    at https://phbidlautdemo.prahu-hub.com/home/hargajadwal?tab=1:5815:16
[ 1116258ms] Uncaught TypeError: expect element to be DOM Element, but got null
    at n.init (https://cdnjs.cloudflare.com/ajax/libs/smooth-scrollbar/8.5.2/smooth-scrollbar.js:24:264)
    at <anonymous> (https://phbidlautdemo.prahu-hub.com/home/hargajadwal?tab=1:7564:14)
[ 1116286ms] [LOG] Harganamanya @ https://phbidlautdemo.prahu-hub.com/home/hargajadwal?tab=1:1756
[ 1116292ms] [LOG] undefined @ https://phbidlautdemo.prahu-hub.com/home/hargajadwal?tab=1:7917
[ 1116293ms] [LOG] undefined @ https://phbidlautdemo.prahu-hub.com/home/hargajadwal?tab=1:7917
[ 1116293ms] [LOG] undefined @ https://phbidlautdemo.prahu-hub.com/home/hargajadwal?tab=1:7917
[ 1116293ms] [LOG] DD/MM/YYYY @ https://phbidlautdemo.prahu-hub.com/home/hargajadwal?tab=1:7917
[ 1116293ms] [LOG] Masukkan Nomor Lelang @ https://phbidlautdemo.prahu-hub.com/home/hargajadwal?tab=1:7917
[ 1116293ms] [LOG] Search... @ https://phbidlautdemo.prahu-hub.com/home/hargajadwal?tab=1:7917
[ 1116293ms] [LOG] Search... @ https://phbidlautdemo.prahu-hub.com/home/hargajadwal?tab=1:7917
[ 1116293ms] [LOG] Masukkan Jenis @ https://phbidlautdemo.prahu-hub.com/home/hargajadwal?tab=1:7917
[ 1116293ms] [LOG] Masukkan Harga @ https://phbidlautdemo.prahu-hub.com/home/hargajadwal?tab=1:7917
[ 1116294ms] [LOG] DD/MM/YYYY @ https://phbidlautdemo.prahu-hub.com/home/hargajadwal?tab=1:7917
[ 1116294ms] [LOG] undefined @ https://phbidlautdemo.prahu-hub.com/home/hargajadwal?tab=1:7917
[ 1116294ms] [LOG] undefined @ https://phbidlautdemo.prahu-hub.com/home/hargajadwal?tab=1:7917
[ 1116294ms] [LOG] Masukkan UN Code @ https://phbidlautdemo.prahu-hub.com/home/hargajadwal?tab=1:7917
[ 1116294ms] [LOG] undefined @ https://phbidlautdemo.prahu-hub.com/home/hargajadwal?tab=1:7917
[ 1116294ms] [LOG] undefined @ https://phbidlautdemo.prahu-hub.com/home/hargajadwal?tab=1:7917
[ 1116295ms] [LOG] Masukkan Nama Pelabuhan @ https://phbidlautdemo.prahu-hub.com/home/hargajadwal?tab=1:7917
[ 1116296ms] [LOG] WebSocket connection @ https://phbidlautdemo.prahu-hub.com/home/hargajadwal?tab=1:7960
[ 1116296ms] [LOG] WebSocket connection attempting... @ https://phbidlautdemo.prahu-hub.com/home/hargajadwal?tab=1:8038
[ 1116410ms] [LOG] WebSocket connected @ https://phbidlautdemo.prahu-hub.com/home/hargajadwal?tab=1:7969
[ 1116411ms] [LOG] update_dashboard_order_laut @ https://phbidlautdemo.prahu-hub.com/home/hargajadwal?tab=1:8010
[ 1116438ms] [LOG] Connected @ https://phbidlautdemo.prahu-hub.com/home/hargajadwal?tab=1:8010
[ 1117417ms] [LOG] Connected @ https://phbidlautdemo.prahu-hub.com/home/hargajadwal?tab=1:8010
[ 1117899ms] [LOG] [Object, Object, Object, Object, Object, Object, Object, Object, Object, Object, Object, Object, Object, Object, Object, Object, Object, Object, Object, Object] @ https://phbidlautdemo.prahu-hub.com/_resources/themes/prahutheme/javascript/custom/hargajadwal.js?m=1787971551:306
[ 1117910ms] [LOG] [Object, Object, Object, Object, Object, Object, Object, Object, Object, Object, Object, Object, Object, Object, Object, Object, Object, Object, Object, Object] @ https://phbidlautdemo.prahu-hub.com/_resources/themes/prahutheme/javascript/custom/hargajadwal.js?m=1787971551:69
[ 1117924ms] [LOG] 279 @ https://phbidlautdemo.prahu-hub.com/_resources/themes/prahutheme/javascript/custom/hargajadwal.js?m=1787971551:1167
[ 1117924ms] [LOG] 279 jumlah data @ https://phbidlautdemo.prahu-hub.com/_resources/themes/prahutheme/javascript/custom/hargajadwal.js?m=1787971551:1124
[ 1117924ms] [LOG] 14 1 pageCount & pageNow @ https://phbidlautdemo.prahu-hub.com/_resources/themes/prahutheme/javascript/custom/hargajadwal.js?m=1787971551:1053
[ 1117926ms] [LOG] 200 xhrglobal @ https://phbidlautdemo.prahu-hub.com/home/hargajadwal?tab=1:7891
[ 1117926ms] [LOG] ce.fn.init stepItem @ https://phbidlautdemo.prahu-hub.com/_resources/themes/prahutheme/javascript/custom/hargajadwal.js?m=1787971551:1027
[ 1118012ms] [LOG] 200 xhrglobal @ https://phbidlautdemo.prahu-hub.com/home/hargajadwal?tab=1:7891
[ 1118076ms] [LOG] 200 xhrglobal @ https://phbidlautdemo.prahu-hub.com/home/hargajadwal?tab=1:7891
[ 1118320ms] TypeError: $(...).DataTable is not a function
    at https://phbidlautdemo.prahu-hub.com/_resources/themes/prahutheme/js/scripts-init/tables.js:7:23
[ 1120100ms] Cannot use import statement outside a module
[ 1120119ms] ReferenceError: Chart is not defined
    at https://phbidlautdemo.prahu-hub.com/_resources/themes/prahutheme/js/scripts-init/charts/chartjs.js:8:13
[ 1120204ms] Unexpected token '<'
[ 1120321ms] Unexpected token '<'
[ 1120382ms] Uncaught TypeError: expect element to be DOM Element, but got null
    at n.init (https://cdnjs.cloudflare.com/ajax/libs/smooth-scrollbar/8.5.2/smooth-scrollbar.js:24:264)
    at <anonymous> (https://phbidlautdemo.prahu-hub.com/home/masterjadwal1/cWpYWHBKb3RXWGFZb0RsUURoVlp4Zz09:5753:14)
[ 1120396ms] [LOG] Harganamanya @ https://phbidlautdemo.prahu-hub.com/home/masterjadwal1/cWpYWHBKb3RXWGFZb0RsUURoVlp4Zz09:1756
[ 1120405ms] [LOG] undefined @ https://phbidlautdemo.prahu-hub.com/home/masterjadwal1/cWpYWHBKb3RXWGFZb0RsUURoVlp4Zz09:6106
[ 1120406ms] [LOG] DD/MM/YYYY @ https://phbidlautdemo.prahu-hub.com/home/masterjadwal1/cWpYWHBKb3RXWGFZb0RsUURoVlp4Zz09:6106
[ 1120407ms] [LOG] undefined @ https://phbidlautdemo.prahu-hub.com/home/masterjadwal1/cWpYWHBKb3RXWGFZb0RsUURoVlp4Zz09:6106
[ 1120407ms] [LOG] Masukkan Nama Kapal @ https://phbidlautdemo.prahu-hub.com/home/masterjadwal1/cWpYWHBKb3RXWGFZb0RsUURoVlp4Zz09:6106
[ 1120407ms] [LOG] Masukkan Voyage @ https://phbidlautdemo.prahu-hub.com/home/masterjadwal1/cWpYWHBKb3RXWGFZb0RsUURoVlp4Zz09:6106
[ 1120407ms] [LOG] DD/MM/YYYY hh:mm @ https://phbidlautdemo.prahu-hub.com/home/masterjadwal1/cWpYWHBKb3RXWGFZb0RsUURoVlp4Zz09:6106
[ 1120407ms] [LOG] undefined @ https://phbidlautdemo.prahu-hub.com/home/masterjadwal1/cWpYWHBKb3RXWGFZb0RsUURoVlp4Zz09:6106
[ 1120407ms] [LOG] DD/MM/YYYY @ https://phbidlautdemo.prahu-hub.com/home/masterjadwal1/cWpYWHBKb3RXWGFZb0RsUURoVlp4Zz09:6106
[ 1120408ms] [LOG] undefined @ https://phbidlautdemo.prahu-hub.com/home/masterjadwal1/cWpYWHBKb3RXWGFZb0RsUURoVlp4Zz09:6106
[ 1120408ms] [LOG] DD/MM/YYYY @ https://phbidlautdemo.prahu-hub.com/home/masterjadwal1/cWpYWHBKb3RXWGFZb0RsUURoVlp4Zz09:6106
[ 1120409ms] [LOG] undefined @ https://phbidlautdemo.prahu-hub.com/home/masterjadwal1/cWpYWHBKb3RXWGFZb0RsUURoVlp4Zz09:6106
[ 1120409ms] [LOG] undefined @ https://phbidlautdemo.prahu-hub.com/home/masterjadwal1/cWpYWHBKb3RXWGFZb0RsUURoVlp4Zz09:6106
[ 1120409ms] [LOG] undefined @ https://phbidlautdemo.prahu-hub.com/home/masterjadwal1/cWpYWHBKb3RXWGFZb0RsUURoVlp4Zz09:6106
[ 1120409ms] [LOG] undefined @ https://phbidlautdemo.prahu-hub.com/home/masterjadwal1/cWpYWHBKb3RXWGFZb0RsUURoVlp4Zz09:6106
[ 1120409ms] [LOG] undefined @ https://phbidlautdemo.prahu-hub.com/home/masterjadwal1/cWpYWHBKb3RXWGFZb0RsUURoVlp4Zz09:6106
[ 1120410ms] [LOG] WebSocket connection @ https://phbidlautdemo.prahu-hub.com/home/masterjadwal1/cWpYWHBKb3RXWGFZb0RsUURoVlp4Zz09:6149
[ 1120411ms] [LOG] WebSocket connection attempting... @ https://phbidlautdemo.prahu-hub.com/home/masterjadwal1/cWpYWHBKb3RXWGFZb0RsUURoVlp4Zz09:6227
[ 1120511ms] [LOG] [Object, Object] @ https://phbidlautdemo.prahu-hub.com/_resources/themes/prahutheme/javascript/custom/lihatjadwal.js?m=1787971551:14
[ 1120513ms] [LOG] 2 @ https://phbidlautdemo.prahu-hub.com/_resources/themes/prahutheme/javascript/custom/lihatjadwal.js?m=1787971551:506
[ 1120515ms] [LOG] 2 countView1 1 pageNow 20 limitView1 @ https://phbidlautdemo.prahu-hub.com/_resources/themes/prahutheme/javascript/custom/lihatjadwal.js?m=1787971551:508
[ 1120516ms] [LOG] 2 @ https://phbidlautdemo.prahu-hub.com/_resources/themes/prahutheme/javascript/custom/lihatjadwal.js?m=1787971551:514
[ 1120516ms] [LOG] 2 jumlah data @ https://phbidlautdemo.prahu-hub.com/_resources/themes/prahutheme/javascript/custom/lihatjadwal.js?m=1787971551:481
[ 1120516ms] [LOG] 1 @ https://phbidlautdemo.prahu-hub.com/_resources/themes/prahutheme/javascript/custom/lihatjadwal.js?m=1787971551:483
[ 1120517ms] [LOG] 1 1 pageCount & pageNow @ https://phbidlautdemo.prahu-hub.com/_resources/themes/prahutheme/javascript/custom/lihatjadwal.js?m=1787971551:406
[ 1120519ms] [LOG] 200 xhrglobal @ https://phbidlautdemo.prahu-hub.com/home/masterjadwal1/cWpYWHBKb3RXWGFZb0RsUURoVlp4Zz09:6080
[ 1120526ms] [LOG] WebSocket connected @ https://phbidlautdemo.prahu-hub.com/home/masterjadwal1/cWpYWHBKb3RXWGFZb0RsUURoVlp4Zz09:6158
[ 1120527ms] [LOG] update_dashboard_order_laut @ https://phbidlautdemo.prahu-hub.com/home/masterjadwal1/cWpYWHBKb3RXWGFZb0RsUURoVlp4Zz09:6199
[ 1120553ms] [LOG] Connected @ https://phbidlautdemo.prahu-hub.com/home/masterjadwal1/cWpYWHBKb3RXWGFZb0RsUURoVlp4Zz09:6199
[ 1120622ms] [LOG] 200 xhrglobal @ https://phbidlautdemo.prahu-hub.com/home/masterjadwal1/cWpYWHBKb3RXWGFZb0RsUURoVlp4Zz09:6080
[ 1120673ms] [LOG] 200 xhrglobal @ https://phbidlautdemo.prahu-hub.com/home/masterjadwal1/cWpYWHBKb3RXWGFZb0RsUURoVlp4Zz09:6080
[ 1122415ms] TypeError: $(...).DataTable is not a function
    at https://phbidlautdemo.prahu-hub.com/_resources/themes/prahutheme/js/scripts-init/tables.js:7:23
[ 1124170ms] Cannot use import statement outside a module
[ 1124181ms] ReferenceError: Chart is not defined
    at https://phbidlautdemo.prahu-hub.com/_resources/themes/prahutheme/js/scripts-init/charts/chartjs.js:8:13
[ 1124283ms] Unexpected token '<'
[ 1124394ms] Unexpected token '<'
[ 1124442ms] Uncaught TypeError: expect element to be DOM Element, but got null
    at n.init (https://cdnjs.cloudflare.com/ajax/libs/smooth-scrollbar/8.5.2/smooth-scrollbar.js:24:264)
    at <anonymous> (https://phbidlautdemo.prahu-hub.com/home/masterjadwal1/d3dnSEtvQlRXZXB0bWpuZnBQNE96Zz09:5755:14)
[ 1124469ms] [LOG] Harganamanya @ https://phbidlautdemo.prahu-hub.com/home/masterjadwal1/d3dnSEtvQlRXZXB0bWpuZnBQNE96Zz09:1756
[ 1124475ms] [LOG] undefined @ https://phbidlautdemo.prahu-hub.com/home/masterjadwal1/d3dnSEtvQlRXZXB0bWpuZnBQNE96Zz09:6108
[ 1124475ms] [LOG] DD/MM/YYYY @ https://phbidlautdemo.prahu-hub.com/home/masterjadwal1/d3dnSEtvQlRXZXB0bWpuZnBQNE96Zz09:6108
[ 1124476ms] [LOG] undefined @ https://phbidlautdemo.prahu-hub.com/home/masterjadwal1/d3dnSEtvQlRXZXB0bWpuZnBQNE96Zz09:6108
[ 1124476ms] [LOG] Masukkan Nama Kapal @ https://phbidlautdemo.prahu-hub.com/home/masterjadwal1/d3dnSEtvQlRXZXB0bWpuZnBQNE96Zz09:6108
[ 1124476ms] [LOG] Masukkan Voyage @ https://phbidlautdemo.prahu-hub.com/home/masterjadwal1/d3dnSEtvQlRXZXB0bWpuZnBQNE96Zz09:6108
[ 1124476ms] [LOG] DD/MM/YYYY hh:mm @ https://phbidlautdemo.prahu-hub.com/home/masterjadwal1/d3dnSEtvQlRXZXB0bWpuZnBQNE96Zz09:6108
[ 1124476ms] [LOG] undefined @ https://phbidlautdemo.prahu-hub.com/home/masterjadwal1/d3dnSEtvQlRXZXB0bWpuZnBQNE96Zz09:6108
[ 1124476ms] [LOG] DD/MM/YYYY @ https://phbidlautdemo.prahu-hub.com/home/masterjadwal1/d3dnSEtvQlRXZXB0bWpuZnBQNE96Zz09:6108
[ 1124477ms] [LOG] undefined @ https://phbidlautdemo.prahu-hub.com/home/masterjadwal1/d3dnSEtvQlRXZXB0bWpuZnBQNE96Zz09:6108
[ 1124481ms] [LOG] DD/MM/YYYY @ https://phbidlautdemo.prahu-hub.com/home/masterjadwal1/d3dnSEtvQlRXZXB0bWpuZnBQNE96Zz09:6108
[ 1124482ms] [LOG] undefined @ https://phbidlautdemo.prahu-hub.com/home/masterjadwal1/d3dnSEtvQlRXZXB0bWpuZnBQNE96Zz09:6108
[ 1124482ms] [LOG] undefined @ https://phbidlautdemo.prahu-hub.com/home/masterjadwal1/d3dnSEtvQlRXZXB0bWpuZnBQNE96Zz09:6108
[ 1124482ms] [LOG] undefined @ https://phbidlautdemo.prahu-hub.com/home/masterjadwal1/d3dnSEtvQlRXZXB0bWpuZnBQNE96Zz09:6108
[ 1124483ms] [LOG] undefined @ https://phbidlautdemo.prahu-hub.com/home/masterjadwal1/d3dnSEtvQlRXZXB0bWpuZnBQNE96Zz09:6108
[ 1124483ms] [LOG] undefined @ https://phbidlautdemo.prahu-hub.com/home/masterjadwal1/d3dnSEtvQlRXZXB0bWpuZnBQNE96Zz09:6108
[ 1124484ms] [LOG] WebSocket connection @ https://phbidlautdemo.prahu-hub.com/home/masterjadwal1/d3dnSEtvQlRXZXB0bWpuZnBQNE96Zz09:6151
[ 1124484ms] [LOG] WebSocket connection attempting... @ https://phbidlautdemo.prahu-hub.com/home/masterjadwal1/d3dnSEtvQlRXZXB0bWpuZnBQNE96Zz09:6229
[ 1124568ms] [LOG] [Object] @ https://phbidlautdemo.prahu-hub.com/_resources/themes/prahutheme/javascript/custom/lihatjadwal.js?m=1787971551:14
[ 1124571ms] [LOG] 1 @ https://phbidlautdemo.prahu-hub.com/_resources/themes/prahutheme/javascript/custom/lihatjadwal.js?m=1787971551:506
[ 1124571ms] [LOG] 1 countView1 1 pageNow 20 limitView1 @ https://phbidlautdemo.prahu-hub.com/_resources/themes/prahutheme/javascript/custom/lihatjadwal.js?m=1787971551:508
[ 1124571ms] [LOG] 1 @ https://phbidlautdemo.prahu-hub.com/_resources/themes/prahutheme/javascript/custom/lihatjadwal.js?m=1787971551:514
[ 1124572ms] [LOG] 1 jumlah data @ https://phbidlautdemo.prahu-hub.com/_resources/themes/prahutheme/javascript/custom/lihatjadwal.js?m=1787971551:481
[ 1124572ms] [LOG] 1 @ https://phbidlautdemo.prahu-hub.com/_resources/themes/prahutheme/javascript/custom/lihatjadwal.js?m=1787971551:483
[ 1124572ms] [LOG] 1 1 pageCount & pageNow @ https://phbidlautdemo.prahu-hub.com/_resources/themes/prahutheme/javascript/custom/lihatjadwal.js?m=1787971551:406
[ 1124575ms] [LOG] 200 xhrglobal @ https://phbidlautdemo.prahu-hub.com/home/masterjadwal1/d3dnSEtvQlRXZXB0bWpuZnBQNE96Zz09:6082
[ 1124591ms] [LOG] WebSocket connected @ https://phbidlautdemo.prahu-hub.com/home/masterjadwal1/d3dnSEtvQlRXZXB0bWpuZnBQNE96Zz09:6160
[ 1124593ms] [LOG] update_dashboard_order_laut @ https://phbidlautdemo.prahu-hub.com/home/masterjadwal1/d3dnSEtvQlRXZXB0bWpuZnBQNE96Zz09:6201
[ 1124618ms] [LOG] Connected @ https://phbidlautdemo.prahu-hub.com/home/masterjadwal1/d3dnSEtvQlRXZXB0bWpuZnBQNE96Zz09:6201
[ 1125006ms] [LOG] 200 xhrglobal @ https://phbidlautdemo.prahu-hub.com/home/masterjadwal1/d3dnSEtvQlRXZXB0bWpuZnBQNE96Zz09:6082
[ 1125141ms] [LOG] 200 xhrglobal @ https://phbidlautdemo.prahu-hub.com/home/masterjadwal1/d3dnSEtvQlRXZXB0bWpuZnBQNE96Zz09:6082
[ 1126477ms] TypeError: $(...).DataTable is not a function
    at https://phbidlautdemo.prahu-hub.com/_resources/themes/prahutheme/js/scripts-init/tables.js:7:23
[ 1127405ms] [LOG] Connected @ https://phbidlautdemo.prahu-hub.com/home/masterjadwal1/d3dnSEtvQlRXZXB0bWpuZnBQNE96Zz09:6201
[ 1127576ms] [LOG] Connected @ https://phbidlautdemo.prahu-hub.com/home/masterjadwal1/d3dnSEtvQlRXZXB0bWpuZnBQNE96Zz09:6201
[ 1138211ms] [LOG] Connected @ https://phbidlautdemo.prahu-hub.com/home/masterjadwal1/d3dnSEtvQlRXZXB0bWpuZnBQNE96Zz09:6201
[ 1142066ms] [LOG] updateNotifDarat.20-1 @ https://phbidlautdemo.prahu-hub.com/home/masterjadwal1/d3dnSEtvQlRXZXB0bWpuZnBQNE96Zz09:6201
[ 1142067ms] [LOG] notif_badge_show.20-1 @ https://phbidlautdemo.prahu-hub.com/home/masterjadwal1/d3dnSEtvQlRXZXB0bWpuZnBQNE96Zz09:6201
[ 1142067ms] [LOG] notif_badge_show.1 @ https://phbidlautdemo.prahu-hub.com/home/masterjadwal1/d3dnSEtvQlRXZXB0bWpuZnBQNE96Zz09:6201
[ 1143709ms] Cannot use import statement outside a module
[ 1143734ms] ReferenceError: Chart is not defined
    at https://phbidlautdemo.prahu-hub.com/_resources/themes/prahutheme/js/scripts-init/charts/chartjs.js:8:13
[ 1143815ms] Unexpected token '<'
[ 1144051ms] Unexpected token '<'
[ 1144093ms] Uncaught TypeError: expect element to be DOM Element, but got null
    at n.init (https://cdnjs.cloudflare.com/ajax/libs/smooth-scrollbar/8.5.2/smooth-scrollbar.js:24:264)
    at <anonymous> (https://phbidlautdemo.prahu-hub.com/home/masterjadwal1/cWpYWHBKb3RXWGFZb0RsUURoVlp4Zz09:5753:14)
[ 1144112ms] [LOG] Harganamanya @ https://phbidlautdemo.prahu-hub.com/home/masterjadwal1/cWpYWHBKb3RXWGFZb0RsUURoVlp4Zz09:1756
[ 1144119ms] [LOG] undefined @ https://phbidlautdemo.prahu-hub.com/home/masterjadwal1/cWpYWHBKb3RXWGFZb0RsUURoVlp4Zz09:6106
[ 1144119ms] [LOG] DD/MM/YYYY @ https://phbidlautdemo.prahu-hub.com/home/masterjadwal1/cWpYWHBKb3RXWGFZb0RsUURoVlp4Zz09:6106
[ 1144120ms] [LOG] undefined @ https://phbidlautdemo.prahu-hub.com/home/masterjadwal1/cWpYWHBKb3RXWGFZb0RsUURoVlp4Zz09:6106
[ 1144120ms] [LOG] Masukkan Nama Kapal @ https://phbidlautdemo.prahu-hub.com/home/masterjadwal1/cWpYWHBKb3RXWGFZb0RsUURoVlp4Zz09:6106
[ 1144120ms] [LOG] Masukkan Voyage @ https://phbidlautdemo.prahu-hub.com/home/masterjadwal1/cWpYWHBKb3RXWGFZb0RsUURoVlp4Zz09:6106
[ 1144120ms] [LOG] DD/MM/YYYY hh:mm @ https://phbidlautdemo.prahu-hub.com/home/masterjadwal1/cWpYWHBKb3RXWGFZb0RsUURoVlp4Zz09:6106
[ 1144120ms] [LOG] undefined @ https://phbidlautdemo.prahu-hub.com/home/masterjadwal1/cWpYWHBKb3RXWGFZb0RsUURoVlp4Zz09:6106
[ 1144120ms] [LOG] DD/MM/YYYY @ https://phbidlautdemo.prahu-hub.com/home/masterjadwal1/cWpYWHBKb3RXWGFZb0RsUURoVlp4Zz09:6106
[ 1144121ms] [LOG] undefined @ https://phbidlautdemo.prahu-hub.com/home/masterjadwal1/cWpYWHBKb3RXWGFZb0RsUURoVlp4Zz09:6106
[ 1144121ms] [LOG] DD/MM/YYYY @ https://phbidlautdemo.prahu-hub.com/home/masterjadwal1/cWpYWHBKb3RXWGFZb0RsUURoVlp4Zz09:6106
[ 1144121ms] [LOG] undefined @ https://phbidlautdemo.prahu-hub.com/home/masterjadwal1/cWpYWHBKb3RXWGFZb0RsUURoVlp4Zz09:6106
[ 1144122ms] [LOG] undefined @ https://phbidlautdemo.prahu-hub.com/home/masterjadwal1/cWpYWHBKb3RXWGFZb0RsUURoVlp4Zz09:6106
[ 1144122ms] [LOG] undefined @ https://phbidlautdemo.prahu-hub.com/home/masterjadwal1/cWpYWHBKb3RXWGFZb0RsUURoVlp4Zz09:6106
[ 1144122ms] [LOG] undefined @ https://phbidlautdemo.prahu-hub.com/home/masterjadwal1/cWpYWHBKb3RXWGFZb0RsUURoVlp4Zz09:6106
[ 1144122ms] [LOG] undefined @ https://phbidlautdemo.prahu-hub.com/home/masterjadwal1/cWpYWHBKb3RXWGFZb0RsUURoVlp4Zz09:6106
[ 1144122ms] [LOG] WebSocket connection @ https://phbidlautdemo.prahu-hub.com/home/masterjadwal1/cWpYWHBKb3RXWGFZb0RsUURoVlp4Zz09:6149
[ 1144123ms] [LOG] WebSocket connection attempting... @ https://phbidlautdemo.prahu-hub.com/home/masterjadwal1/cWpYWHBKb3RXWGFZb0RsUURoVlp4Zz09:6227
[ 1144218ms] [LOG] WebSocket connected @ https://phbidlautdemo.prahu-hub.com/home/masterjadwal1/cWpYWHBKb3RXWGFZb0RsUURoVlp4Zz09:6158
[ 1144220ms] [LOG] update_dashboard_order_laut @ https://phbidlautdemo.prahu-hub.com/home/masterjadwal1/cWpYWHBKb3RXWGFZb0RsUURoVlp4Zz09:6199
[ 1144244ms] [LOG] Connected @ https://phbidlautdemo.prahu-hub.com/home/masterjadwal1/cWpYWHBKb3RXWGFZb0RsUURoVlp4Zz09:6199
[ 1144792ms] [LOG] [Object, Object] @ https://phbidlautdemo.prahu-hub.com/_resources/themes/prahutheme/javascript/custom/lihatjadwal.js?m=1787971551:14
[ 1144792ms] [LOG] 2 @ https://phbidlautdemo.prahu-hub.com/_resources/themes/prahutheme/javascript/custom/lihatjadwal.js?m=1787971551:506
[ 1144792ms] [LOG] 2 countView1 1 pageNow 20 limitView1 @ https://phbidlautdemo.prahu-hub.com/_resources/themes/prahutheme/javascript/custom/lihatjadwal.js?m=1787971551:508
[ 1144793ms] [LOG] 2 @ https://phbidlautdemo.prahu-hub.com/_resources/themes/prahutheme/javascript/custom/lihatjadwal.js?m=1787971551:514
[ 1144793ms] [LOG] 2 jumlah data @ https://phbidlautdemo.prahu-hub.com/_resources/themes/prahutheme/javascript/custom/lihatjadwal.js?m=1787971551:481
[ 1144793ms] [LOG] 1 @ https://phbidlautdemo.prahu-hub.com/_resources/themes/prahutheme/javascript/custom/lihatjadwal.js?m=1787971551:483
[ 1144793ms] [LOG] 1 1 pageCount & pageNow @ https://phbidlautdemo.prahu-hub.com/_resources/themes/prahutheme/javascript/custom/lihatjadwal.js?m=1787971551:406
[ 1144794ms] [LOG] 200 xhrglobal @ https://phbidlautdemo.prahu-hub.com/home/masterjadwal1/cWpYWHBKb3RXWGFZb0RsUURoVlp4Zz09:6080
[ 1145029ms] [LOG] 200 xhrglobal @ https://phbidlautdemo.prahu-hub.com/home/masterjadwal1/cWpYWHBKb3RXWGFZb0RsUURoVlp4Zz09:6080
[ 1145382ms] [LOG] 200 xhrglobal @ https://phbidlautdemo.prahu-hub.com/home/masterjadwal1/cWpYWHBKb3RXWGFZb0RsUURoVlp4Zz09:6080
[ 1145952ms] [LOG] Connected @ https://phbidlautdemo.prahu-hub.com/home/masterjadwal1/cWpYWHBKb3RXWGFZb0RsUURoVlp4Zz09:6199
[ 1146122ms] TypeError: $(...).DataTable is not a function
    at https://phbidlautdemo.prahu-hub.com/_resources/themes/prahutheme/js/scripts-init/tables.js:7:23
[ 1147085ms] [LOG] notif_badge_show.913-937-935-914-906-900-876-856-820-796-795-783-764-704-689-688-685-642-641-640-639-638-635-634-633-632-631-628-627-626-625-624-623-622-621-614-459-123-23 @ https://phbidlautdemo.prahu-hub.com/home/masterjadwal1/cWpYWHBKb3RXWGFZb0RsUURoVlp4Zz09:6199
[ 1147113ms] [LOG] updateNotif.913-937-935-914-906-900-876-856-820-796-795-783-764-704-689-688-685-642-641-640-639-638-635-634-633-632-631-628-627-626-625-624-623-622-621-614-459-123-23 @ https://phbidlautdemo.prahu-hub.com/home/masterjadwal1/cWpYWHBKb3RXWGFZb0RsUURoVlp4Zz09:6199
[ 1147116ms] [LOG] update_dashboard_order_laut @ https://phbidlautdemo.prahu-hub.com/home/masterjadwal1/cWpYWHBKb3RXWGFZb0RsUURoVlp4Zz09:6199
[ 1155847ms] [LOG] Connected @ https://phbidlautdemo.prahu-hub.com/home/masterjadwal1/cWpYWHBKb3RXWGFZb0RsUURoVlp4Zz09:6199
[ 1156032ms] [LOG] Connected @ https://phbidlautdemo.prahu-hub.com/home/masterjadwal1/cWpYWHBKb3RXWGFZb0RsUURoVlp4Zz09:6199
[ 1156813ms] [LOG] Connected @ https://phbidlautdemo.prahu-hub.com/home/masterjadwal1/cWpYWHBKb3RXWGFZb0RsUURoVlp4Zz09:6199
[ 1157603ms] [LOG] Connected @ https://phbidlautdemo.prahu-hub.com/home/masterjadwal1/cWpYWHBKb3RXWGFZb0RsUURoVlp4Zz09:6199
[ 1159203ms] [LOG] Connected @ https://phbidlautdemo.prahu-hub.com/home/masterjadwal1/cWpYWHBKb3RXWGFZb0RsUURoVlp4Zz09:6199
[ 1162991ms] [LOG] Connected @ https://phbidlautdemo.prahu-hub.com/home/masterjadwal1/cWpYWHBKb3RXWGFZb0RsUURoVlp4Zz09:6199
[ 1173579ms] [LOG] notif_badge_show.913-937-935-914-906-900-876-856-820-796-795-783-764-704-689-688-685-642-641-640-639-638-635-634-633-632-631-629-628-627-626-625-624-623-622-621-614-459-123-23 @ https://phbidlautdemo.prahu-hub.com/home/masterjadwal1/cWpYWHBKb3RXWGFZb0RsUURoVlp4Zz09:6199
[ 1173579ms] [LOG] update_dashboard_order_laut @ https://phbidlautdemo.prahu-hub.com/home/masterjadwal1/cWpYWHBKb3RXWGFZb0RsUURoVlp4Zz09:6199
[ 1173579ms] [LOG] updateNotif.913-937-935-914-906-900-876-856-820-796-795-783-764-704-689-688-685-642-641-640-639-638-635-634-633-632-631-629-628-627-626-625-624-623-622-621-614-459-123-23 @ https://phbidlautdemo.prahu-hub.com/home/masterjadwal1/cWpYWHBKb3RXWGFZb0RsUURoVlp4Zz09:6199
[ 1175613ms] [LOG] Connected @ https://phbidlautdemo.prahu-hub.com/home/masterjadwal1/cWpYWHBKb3RXWGFZb0RsUURoVlp4Zz09:6199
[ 1176519ms] [LOG] updateNotif.913-937-935-914-906-900-876-856-820-796-795-783-764-704-689-688-685-642-641-640-639-638-635-634-633-632-631-628-627-626-625-624-623-622-621-614-459-123-23 @ https://phbidlautdemo.prahu-hub.com/home/masterjadwal1/cWpYWHBKb3RXWGFZb0RsUURoVlp4Zz09:6199
[ 1176521ms] [LOG] notif_badge_show.913-937-935-914-906-900-876-856-820-796-795-783-764-704-689-688-685-642-641-640-639-638-635-634-633-632-631-628-627-626-625-624-623-622-621-614-459-123-23 @ https://phbidlautdemo.prahu-hub.com/home/masterjadwal1/cWpYWHBKb3RXWGFZb0RsUURoVlp4Zz09:6199
[ 1176522ms] [LOG] update_dashboard_order_laut @ https://phbidlautdemo.prahu-hub.com/home/masterjadwal1/cWpYWHBKb3RXWGFZb0RsUURoVlp4Zz09:6199
[ 1180351ms] [LOG] Connected @ https://phbidlautdemo.prahu-hub.com/home/masterjadwal1/cWpYWHBKb3RXWGFZb0RsUURoVlp4Zz09:6199
[ 1195455ms] [LOG] Connected @ https://phbidlautdemo.prahu-hub.com/home/masterjadwal1/cWpYWHBKb3RXWGFZb0RsUURoVlp4Zz09:6199
[ 1199544ms] [LOG] Connected @ https://phbidlautdemo.prahu-hub.com/home/masterjadwal1/cWpYWHBKb3RXWGFZb0RsUURoVlp4Zz09:6199
[ 1209663ms] [LOG] Connected @ https://phbidlautdemo.prahu-hub.com/home/masterjadwal1/cWpYWHBKb3RXWGFZb0RsUURoVlp4Zz09:6199
[ 1213533ms] [LOG] 200 xhrglobal @ https://phbidlautdemo.prahu-hub.com/home/masterjadwal1/cWpYWHBKb3RXWGFZb0RsUURoVlp4Zz09:6080
[ 1214806ms] Cannot use import statement outside a module
[ 1214818ms] ReferenceError: Chart is not defined
    at https://phbidlautdemo.prahu-hub.com/_resources/themes/prahutheme/js/scripts-init/charts/chartjs.js:8:13
[ 1215057ms] Unexpected token '<'
[ 1215058ms] Unexpected token '<'
[ 1215099ms] [LOG]  hari ini @ https://phbidlautdemo.prahu-hub.com/home/tambahjadwal/cWpYWHBKb3RXWGFZb0RsUURoVlp4Zz09?f=1:7300
[ 1215102ms] Uncaught TypeError: minDate() Could not parse date parameter: 
    at picker.minDate (https://cdn.rawgit.com/Eonasdan/bootstrap-datetimepicker/e8bddc60e73c1ec2475f827be36e1957af72e2ea/src/js/bootstrap-datetimepicker.js:1667:22)
    at <anonymous> (https://cdn.rawgit.com/Eonasdan/bootstrap-datetimepicker/e8bddc60e73c1ec2475f827be36e1957af72e2ea/src/js/bootstrap-datetimepicker.js:1437:31)
    at each (https://code.jquery.com/jquery-3.7.1.min.js:1:3178)
    at picker.options (https://cdn.rawgit.com/Eonasdan/bootstrap-datetimepicker/e8bddc60e73c1ec2475f827be36e1957af72e2ea/src/js/bootstrap-datetimepicker.js:1435:14)
    at dateTimePicker (https://cdn.rawgit.com/Eonasdan/bootstrap-datetimepicker/e8bddc60e73c1ec2475f827be36e1957af72e2ea/src/js/bootstrap-datetimepicker.js:2275:15)
    at <anonymous> (https://cdn.rawgit.com/Eonasdan/bootstrap-datetimepicker/e8bddc60e73c1ec2475f827be36e1957af72e2ea/src/js/bootstrap-datetimepicker.js:2308:45)
    at each (https://code.jquery.com/jquery-3.7.1.min.js:1:3128)
    at each (https://code.jquery.com/jquery-3.7.1.min.js:1:1593)
    at $.fn.datetimepicker (https://cdn.rawgit.com/Eonasdan/bootstrap-datetimepicker/e8bddc60e73c1ec2475f827be36e1957af72e2ea/src/js/bootstrap-datetimepicker.js:2303:20)
    at <anonymous> (https://phbidlautdemo.prahu-hub.com/home/tambahjadwal/cWpYWHBKb3RXWGFZb0RsUURoVlp4Zz09?f=1:7301:14)
[ 1215113ms] Uncaught TypeError: expect element to be DOM Element, but got null
    at n.init (https://cdnjs.cloudflare.com/ajax/libs/smooth-scrollbar/8.5.2/smooth-scrollbar.js:24:264)
    at <anonymous> (https://phbidlautdemo.prahu-hub.com/home/tambahjadwal/cWpYWHBKb3RXWGFZb0RsUURoVlp4Zz09?f=1:8149:14)
[ 1215142ms] [LOG] Harganamanya @ https://phbidlautdemo.prahu-hub.com/home/tambahjadwal/cWpYWHBKb3RXWGFZb0RsUURoVlp4Zz09?f=1:2023
[ 1215175ms] [LOG]  @ https://phbidlautdemo.prahu-hub.com/home/tambahjadwal/cWpYWHBKb3RXWGFZb0RsUURoVlp4Zz09?f=1:5889
[ 1215176ms] [LOG] undefined @ https://phbidlautdemo.prahu-hub.com/home/tambahjadwal/cWpYWHBKb3RXWGFZb0RsUURoVlp4Zz09?f=1:8502
[ 1215176ms] [LOG] undefined @ https://phbidlautdemo.prahu-hub.com/home/tambahjadwal/cWpYWHBKb3RXWGFZb0RsUURoVlp4Zz09?f=1:8502
[ 1215177ms] [LOG] undefined @ https://phbidlautdemo.prahu-hub.com/home/tambahjadwal/cWpYWHBKb3RXWGFZb0RsUURoVlp4Zz09?f=1:8502
[ 1215177ms] [LOG] Masukkan Nama Kapal @ https://phbidlautdemo.prahu-hub.com/home/tambahjadwal/cWpYWHBKb3RXWGFZb0RsUURoVlp4Zz09?f=1:8502
[ 1215177ms] [LOG] Masukkan Voyage @ https://phbidlautdemo.prahu-hub.com/home/tambahjadwal/cWpYWHBKb3RXWGFZb0RsUURoVlp4Zz09?f=1:8502
[ 1215177ms] [LOG] DD/MM/YYYY @ https://phbidlautdemo.prahu-hub.com/home/tambahjadwal/cWpYWHBKb3RXWGFZb0RsUURoVlp4Zz09?f=1:8502
[ 1215178ms] [LOG] DD/MM/YYYY hh:mm @ https://phbidlautdemo.prahu-hub.com/home/tambahjadwal/cWpYWHBKb3RXWGFZb0RsUURoVlp4Zz09?f=1:8502
[ 1215183ms] [LOG] DD/MM/YYYY @ https://phbidlautdemo.prahu-hub.com/home/tambahjadwal/cWpYWHBKb3RXWGFZb0RsUURoVlp4Zz09?f=1:8502
[ 1215184ms] [LOG] DD/MM/YYYY @ https://phbidlautdemo.prahu-hub.com/home/tambahjadwal/cWpYWHBKb3RXWGFZb0RsUURoVlp4Zz09?f=1:8502
[ 1215184ms] [LOG] Masukkan Nama Kapal @ https://phbidlautdemo.prahu-hub.com/home/tambahjadwal/cWpYWHBKb3RXWGFZb0RsUURoVlp4Zz09?f=1:8502
[ 1215185ms] [LOG] Masukkan Voyage @ https://phbidlautdemo.prahu-hub.com/home/tambahjadwal/cWpYWHBKb3RXWGFZb0RsUURoVlp4Zz09?f=1:8502
[ 1215185ms] [LOG] DD/MM/YYYY @ https://phbidlautdemo.prahu-hub.com/home/tambahjadwal/cWpYWHBKb3RXWGFZb0RsUURoVlp4Zz09?f=1:8502
[ 1215185ms] [LOG] DD/MM/YYYY hh:mm @ https://phbidlautdemo.prahu-hub.com/home/tambahjadwal/cWpYWHBKb3RXWGFZb0RsUURoVlp4Zz09?f=1:8502
[ 1215186ms] [LOG] DD/MM/YYYY @ https://phbidlautdemo.prahu-hub.com/home/tambahjadwal/cWpYWHBKb3RXWGFZb0RsUURoVlp4Zz09?f=1:8502
[ 1215187ms] [LOG] DD/MM/YYYY @ https://phbidlautdemo.prahu-hub.com/home/tambahjadwal/cWpYWHBKb3RXWGFZb0RsUURoVlp4Zz09?f=1:8502
[ 1215188ms] [LOG] Masukkan Nama Kapal @ https://phbidlautdemo.prahu-hub.com/home/tambahjadwal/cWpYWHBKb3RXWGFZb0RsUURoVlp4Zz09?f=1:8502
[ 1215188ms] [LOG] Masukkan Voyage @ https://phbidlautdemo.prahu-hub.com/home/tambahjadwal/cWpYWHBKb3RXWGFZb0RsUURoVlp4Zz09?f=1:8502
[ 1215188ms] [LOG] DD/MM/YYYY @ https://phbidlautdemo.prahu-hub.com/home/tambahjadwal/cWpYWHBKb3RXWGFZb0RsUURoVlp4Zz09?f=1:8502
[ 1215189ms] [LOG] undefined @ https://phbidlautdemo.prahu-hub.com/home/tambahjadwal/cWpYWHBKb3RXWGFZb0RsUURoVlp4Zz09?f=1:8502
[ 1215189ms] [LOG] undefined @ https://phbidlautdemo.prahu-hub.com/home/tambahjadwal/cWpYWHBKb3RXWGFZb0RsUURoVlp4Zz09?f=1:8502
[ 1215189ms] [LOG] undefined @ https://phbidlautdemo.prahu-hub.com/home/tambahjadwal/cWpYWHBKb3RXWGFZb0RsUURoVlp4Zz09?f=1:8502
[ 1215189ms] [LOG] undefined @ https://phbidlautdemo.prahu-hub.com/home/tambahjadwal/cWpYWHBKb3RXWGFZb0RsUURoVlp4Zz09?f=1:8502
[ 1215189ms] [LOG] undefined @ https://phbidlautdemo.prahu-hub.com/home/tambahjadwal/cWpYWHBKb3RXWGFZb0RsUURoVlp4Zz09?f=1:8502
[ 1215190ms] [LOG] No file chosen @ https://phbidlautdemo.prahu-hub.com/home/tambahjadwal/cWpYWHBKb3RXWGFZb0RsUURoVlp4Zz09?f=1:8502
[ 1215190ms] [LOG] Masukkan Gambar  @ https://phbidlautdemo.prahu-hub.com/home/tambahjadwal/cWpYWHBKb3RXWGFZb0RsUURoVlp4Zz09?f=1:8502
[ 1215191ms] [LOG] WebSocket connection @ https://phbidlautdemo.prahu-hub.com/home/tambahjadwal/cWpYWHBKb3RXWGFZb0RsUURoVlp4Zz09?f=1:8545
[ 1215191ms] [LOG] WebSocket connection attempting... @ https://phbidlautdemo.prahu-hub.com/home/tambahjadwal/cWpYWHBKb3RXWGFZb0RsUURoVlp4Zz09?f=1:8623
[ 1216824ms] [LOG] WebSocket connected @ https://phbidlautdemo.prahu-hub.com/home/tambahjadwal/cWpYWHBKb3RXWGFZb0RsUURoVlp4Zz09?f=1:8554
[ 1216826ms] [LOG] update_dashboard_order_laut @ https://phbidlautdemo.prahu-hub.com/home/tambahjadwal/cWpYWHBKb3RXWGFZb0RsUURoVlp4Zz09?f=1:8595
[ 1216854ms] [LOG] Connected @ https://phbidlautdemo.prahu-hub.com/home/tambahjadwal/cWpYWHBKb3RXWGFZb0RsUURoVlp4Zz09?f=1:8595
[ 1216947ms] [LOG] 200 xhrglobal @ https://phbidlautdemo.prahu-hub.com/home/tambahjadwal/cWpYWHBKb3RXWGFZb0RsUURoVlp4Zz09?f=1:8476
[ 1217029ms] [LOG] 200 xhrglobal @ https://phbidlautdemo.prahu-hub.com/home/tambahjadwal/cWpYWHBKb3RXWGFZb0RsUURoVlp4Zz09?f=1:8476
[ 1217156ms] TypeError: $(...).DataTable is not a function
    at https://phbidlautdemo.prahu-hub.com/_resources/themes/prahutheme/js/scripts-init/tables.js:7:23
[ 1218486ms] [LOG] Connected @ https://phbidlautdemo.prahu-hub.com/home/tambahjadwal/cWpYWHBKb3RXWGFZb0RsUURoVlp4Zz09?f=1:8595
[ 1219446ms] [LOG] Connected @ https://phbidlautdemo.prahu-hub.com/home/tambahjadwal/cWpYWHBKb3RXWGFZb0RsUURoVlp4Zz09?f=1:8595
[ 1221387ms] [LOG] Connected @ https://phbidlautdemo.prahu-hub.com/home/tambahjadwal/cWpYWHBKb3RXWGFZb0RsUURoVlp4Zz09?f=1:8595
[ 1221656ms] [LOG] Connected @ https://phbidlautdemo.prahu-hub.com/home/tambahjadwal/cWpYWHBKb3RXWGFZb0RsUURoVlp4Zz09?f=1:8595
[ 1228736ms] [LOG] Connected @ https://phbidlautdemo.prahu-hub.com/home/tambahjadwal/cWpYWHBKb3RXWGFZb0RsUURoVlp4Zz09?f=1:8595
[ 1228887ms] [LOG] Connected @ https://phbidlautdemo.prahu-hub.com/home/tambahjadwal/cWpYWHBKb3RXWGFZb0RsUURoVlp4Zz09?f=1:8595
[ 1229554ms] [LOG] Connected @ https://phbidlautdemo.prahu-hub.com/home/tambahjadwal/cWpYWHBKb3RXWGFZb0RsUURoVlp4Zz09?f=1:8595
[ 1230053ms] [LOG] Connected @ https://phbidlautdemo.prahu-hub.com/home/tambahjadwal/cWpYWHBKb3RXWGFZb0RsUURoVlp4Zz09?f=1:8595
[ 1232985ms] [LOG] Connected @ https://phbidlautdemo.prahu-hub.com/home/tambahjadwal/cWpYWHBKb3RXWGFZb0RsUURoVlp4Zz09?f=1:8595
[ 1234390ms] [LOG] Connected @ https://phbidlautdemo.prahu-hub.com/home/tambahjadwal/cWpYWHBKb3RXWGFZb0RsUURoVlp4Zz09?f=1:8595
[ 1238990ms] [LOG] Connected @ https://phbidlautdemo.prahu-hub.com/home/tambahjadwal/cWpYWHBKb3RXWGFZb0RsUURoVlp4Zz09?f=1:8595
[ 1240613ms] [LOG] Connected @ https://phbidlautdemo.prahu-hub.com/home/tambahjadwal/cWpYWHBKb3RXWGFZb0RsUURoVlp4Zz09?f=1:8595
[ 1241834ms] [LOG] Connected @ https://phbidlautdemo.prahu-hub.com/home/tambahjadwal/cWpYWHBKb3RXWGFZb0RsUURoVlp4Zz09?f=1:8595
[ 1242512ms] [LOG] Connected @ https://phbidlautdemo.prahu-hub.com/home/tambahjadwal/cWpYWHBKb3RXWGFZb0RsUURoVlp4Zz09?f=1:8595
[ 1243990ms] [LOG] Connected @ https://phbidlautdemo.prahu-hub.com/home/tambahjadwal/cWpYWHBKb3RXWGFZb0RsUURoVlp4Zz09?f=1:8595
[ 1245314ms] [LOG] Connected @ https://phbidlautdemo.prahu-hub.com/home/tambahjadwal/cWpYWHBKb3RXWGFZb0RsUURoVlp4Zz09?f=1:8595
[ 1247274ms] [LOG] Connected @ https://phbidlautdemo.prahu-hub.com/home/tambahjadwal/cWpYWHBKb3RXWGFZb0RsUURoVlp4Zz09?f=1:8595
[ 1248417ms] [LOG] Connected @ https://phbidlautdemo.prahu-hub.com/home/tambahjadwal/cWpYWHBKb3RXWGFZb0RsUURoVlp4Zz09?f=1:8595
[ 1249442ms] [LOG] Connected @ https://phbidlautdemo.prahu-hub.com/home/tambahjadwal/cWpYWHBKb3RXWGFZb0RsUURoVlp4Zz09?f=1:8595
[ 1254515ms] [LOG] Connected @ https://phbidlautdemo.prahu-hub.com/home/tambahjadwal/cWpYWHBKb3RXWGFZb0RsUURoVlp4Zz09?f=1:8595
[ 1254952ms] [LOG] Connected @ https://phbidlautdemo.prahu-hub.com/home/tambahjadwal/cWpYWHBKb3RXWGFZb0RsUURoVlp4Zz09?f=1:8595
[ 1257071ms] [LOG] Connected @ https://phbidlautdemo.prahu-hub.com/home/tambahjadwal/cWpYWHBKb3RXWGFZb0RsUURoVlp4Zz09?f=1:8595
[ 1258373ms] [LOG] update_dashboard_order_laut @ https://phbidlautdemo.prahu-hub.com/home/tambahjadwal/cWpYWHBKb3RXWGFZb0RsUURoVlp4Zz09?f=1:8595
[ 1258376ms] [LOG] updateNotif.255-253-231-274-254-224-163-58-65-23 @ https://phbidlautdemo.prahu-hub.com/home/tambahjadwal/cWpYWHBKb3RXWGFZb0RsUURoVlp4Zz09?f=1:8595
[ 1258378ms] [LOG] notif_badge_show.255-253-231-274-254-224-163-58-65-23 @ https://phbidlautdemo.prahu-hub.com/home/tambahjadwal/cWpYWHBKb3RXWGFZb0RsUURoVlp4Zz09?f=1:8595
[ 1259752ms] [LOG] Connected @ https://phbidlautdemo.prahu-hub.com/home/tambahjadwal/cWpYWHBKb3RXWGFZb0RsUURoVlp4Zz09?f=1:8595
[ 1260999ms] [LOG] Connected @ https://phbidlautdemo.prahu-hub.com/home/tambahjadwal/cWpYWHBKb3RXWGFZb0RsUURoVlp4Zz09?f=1:8595
[ 1261516ms] [LOG] Connected @ https://phbidlautdemo.prahu-hub.com/home/tambahjadwal/cWpYWHBKb3RXWGFZb0RsUURoVlp4Zz09?f=1:8595
[ 1263544ms] [LOG] Connected @ https://phbidlautdemo.prahu-hub.com/home/tambahjadwal/cWpYWHBKb3RXWGFZb0RsUURoVlp4Zz09?f=1:8595
[ 1264955ms] [LOG] Connected @ https://phbidlautdemo.prahu-hub.com/home/tambahjadwal/cWpYWHBKb3RXWGFZb0RsUURoVlp4Zz09?f=1:8595
[ 1273932ms] [LOG] Connected @ https://phbidlautdemo.prahu-hub.com/home/tambahjadwal/cWpYWHBKb3RXWGFZb0RsUURoVlp4Zz09?f=1:8595
[ 1279077ms] [LOG] Connected @ https://phbidlautdemo.prahu-hub.com/home/tambahjadwal/cWpYWHBKb3RXWGFZb0RsUURoVlp4Zz09?f=1:8595
